patient_id,ap_image_path,lateral_image_path,has_ap,has_lateral,has_both_views,n_dicom_files,has_clinical,age,gender,ethnicity,height,weight,BMI,Osteoporosis,bmd,bmd_L1-L2,bmd_L1-L3,bmd_L1-L4,bmd_L2-L3,bmd_L2-L4,bmd_L3-L4,t_value,split,ap_preprocessed_path,lateral_preprocessed_path
1,d:\LUMOS\lumos_x\lumos_x_001_280_dcm\lumos_x_001\lumos_x_001_1.Dcm,d:\LUMOS\lumos_x\lumos_x_001_280_dcm\lumos_x_001\lumos_x_001_2.Dcm,True,True,True,4,True,68,Female,Asian,1.64,61.0,22.6799524092802,2,0.741,0.662,0.707,0.741,0.719,0.76,0.809,-3.1083,test,d:\LUMOS\processed\preprocessed_images\patient_001\AP.png,d:\LUMOS\processed\preprocessed_images\patient_001\Lateral.png
2,d:\LUMOS\lumos_x\lumos_x_001_280_dcm\lumos_x_002\lumos_x_002_1.Dcm,d:\LUMOS\lumos_x\lumos_x_001_280_dcm\lumos_x_002\lumos_x_002_2.Dcm,True,True,True,4,True,30,Female,Asian,1.56,45.0,18.49112426035503,1,0.94,0.925,0.961,0.941,0.991,0.953,0.954,-1.45,train,d:\LUMOS\processed\preprocessed_images\patient_002\AP.png,d:\LUMOS\processed\preprocessed_images\patient_002\Lateral.png
3,d:\LUMOS\lumos_x\lumos_x_001_280_dcm\lumos_x_003\lumos_x_003_1.Dcm,d:\LUMOS\lumos_x\lumos_x_001_280_dcm\lumos_x_003\lumos_x_003_2.Dcm,True,True,True,4,True,59,Female,Asian,1.59,66.0,26.106562240417706,0,1.019,0.86,0.955,1.019,1.019,1.076,1.15,-0.7917,train,d:\LUMOS\processed\preprocessed_images\patient_003\AP.png,d:\LUMOS\processed\preprocessed_images\patient_003\Lateral.png
4,d:\LUMOS\lumos_x\lumos_x_001_280_dcm\lumos_x_004\lumos_x_004_1.Dcm,d:\LUMOS\lumos_x\lumos_x_001_280_dcm\lumos_x_004\lumos_x_004_2.Dcm,True,True,True,4,True,58,Female,Asian,1.59,54.0,21.35991456034176,2,0.8,0.774,0.794,0.8,0.8,0.806,0.821,-2.6167,train,d:\LUMOS\processed\preprocessed_images\patient_004\AP.png,d:\LUMOS\processed\preprocessed_images\patient_004\Lateral.png
5,d:\LUMOS\lumos_x\lumos_x_001_280_dcm\lumos_x_005\lumos_x_005_1.Dcm,d:\LUMOS\lumos_x\lumos_x_001_280_dcm\lumos_x_005\lumos_x_005_2.Dcm,True,True,True,4,True,80,Male,Asian,1.65,67.5,24.79338842975207,0,1.187,1.058,1.112,1.187,1.124,1.216,1.297,0.6083,validation,d:\LUMOS\processed\preprocessed_images\patient_005\AP.png,d:\LUMOS\processed\preprocessed_images\patient_005\Lateral.png
6,d:\LUMOS\lumos_x\lumos_x_001_280_dcm\lumos_x_006\lumos_x_006_1.Dcm,d:\LUMOS\lumos_x\lumos_x_001_280_dcm\lumos_x_006\lumos_x_006_2.Dcm,True,True,True,4,True,73,Female,Asian,1.55,42.0,17.48178980228928,2,0.593,0.522,0.549,0.593,0.567,0.62,0.658,-4.3417,train,d:\LUMOS\processed\preprocessed_images\patient_006\AP.png,d:\LUMOS\processed\preprocessed_images\patient_006\Lateral.png
7,d:\LUMOS\lumos_x\lumos_x_001_280_dcm\lumos_x_007\lumos_x_007_1.Dcm,d:\LUMOS\lumos_x\lumos_x_001_280_dcm\lumos_x_007\lumos_x_007_2.Dcm,True,True,True,4,True,55,Male,Asian,1.62,71.0,27.053802773967377,0,1.159,1.182,1.2,1.159,1.203,1.149,1.14,0.375,train,d:\LUMOS\processed\preprocessed_images\patient_007\AP.png,d:\LUMOS\processed\preprocessed_images\patient_007\Lateral.png
8,d:\LUMOS\lumos_x\lumos_x_001_280_dcm\lumos_x_008\lumos_x_008_1.Dcm,,True,False,False,2,True,30,Female,Asian,1.58,47.0,18.82711103989745,2,0.749,0.684,0.72,0.741,0.763,0.774,0.787,-3.0417,unassigned,,
9,d:\LUMOS\lumos_x\lumos_x_001_280_dcm\lumos_x_009\lumos_x_009_1.Dcm,d:\LUMOS\lumos_x\lumos_x_001_280_dcm\lumos_x_009\lumos_x_009_2.Dcm,True,True,True,4,True,83,Male,Asian,1.75,65.0,21.22448979591837,0,1.493,1.318,1.413,1.493,1.499,1.576,1.669,3.1583,validation,d:\LUMOS\processed\preprocessed_images\patient_009\AP.png,d:\LUMOS\processed\preprocessed_images\patient_009\Lateral.png
10,d:\LUMOS\lumos_x\lumos_x_001_280_dcm\lumos_x_010\lumos_x_010_1.Dcm,d:\LUMOS\lumos_x\lumos_x_001_280_dcm\lumos_x_010\lumos_x_010_2.Dcm,True,True,True,4,True,64,Female,Asian,1.545,66.0,27.649480001256794,1,0.907,0.876,0.915,0.907,0.963,0.936,0.931,-1.725,train,d:\LUMOS\processed\preprocessed_images\patient_010\AP.png,d:\LUMOS\processed\preprocessed_images\patient_010\Lateral.png
11,d:\LUMOS\lumos_x\lumos_x_001_280_dcm\lumos_x_011\lumos_x_011_1.Dcm,d:\LUMOS\lumos_x\lumos_x_001_280_dcm\lumos_x_011\lumos_x_011_2.Dcm,True,True,True,4,True,62,Male,Asian,1.8,72.0,22.22222222222222,0,1.114,1.059,1.093,1.114,1.097,1.122,1.16,0.0,train,d:\LUMOS\processed\preprocessed_images\patient_011\AP.png,d:\LUMOS\processed\preprocessed_images\patient_011\Lateral.png
12,d:\LUMOS\lumos_x\lumos_x_001_280_dcm\lumos_x_012\lumos_x_012_1.Dcm,d:\LUMOS\lumos_x\lumos_x_001_280_dcm\lumos_x_012\lumos_x_012_2.Dcm,True,True,True,4,True,65,Female,Asian,1.55,60.0,24.97398543184183,1,0.956,0.875,0.92,0.956,0.956,0.988,1.023,-1.3167,train,d:\LUMOS\processed\preprocessed_images\patient_012\AP.png,d:\LUMOS\processed\preprocessed_images\patient_012\Lateral.png
13,d:\LUMOS\lumos_x\lumos_x_001_280_dcm\lumos_x_013\lumos_x_013_1.Dcm,d:\LUMOS\lumos_x\lumos_x_001_280_dcm\lumos_x_013\lumos_x_013_2.Dcm,True,True,True,4,True,69,Female,Asian,1.52,51.0,22.07409972299169,1,0.983,0.922,0.948,0.983,0.978,1.01,1.028,-1.0917,test,d:\LUMOS\processed\preprocessed_images\patient_013\AP.png,d:\LUMOS\processed\preprocessed_images\patient_013\Lateral.png
14,d:\LUMOS\lumos_x\lumos_x_001_280_dcm\lumos_x_014\lumos_x_014_1.Dcm,d:\LUMOS\lumos_x\lumos_x_001_280_dcm\lumos_x_014\lumos_x_014_2.Dcm,True,True,True,4,True,69,Female,Asian,1.54,52.0,21.92612582222972,2,0.718,0.64,0.658,0.718,0.669,0.742,0.779,-3.3,train,d:\LUMOS\processed\preprocessed_images\patient_014\AP.png,d:\LUMOS\processed\preprocessed_images\patient_014\Lateral.png
15,d:\LUMOS\lumos_x\lumos_x_001_280_dcm\lumos_x_015\lumos_x_015_1.Dcm,d:\LUMOS\lumos_x\lumos_x_001_280_dcm\lumos_x_015\lumos_x_015_2.Dcm,True,True,True,4,True,83,Female,Asian,1.65,66.0,24.24242424242425,0,1.116,0.975,1.07,1.116,1.146,1.182,1.276,0.0167,train,d:\LUMOS\processed\preprocessed_images\patient_015\AP.png,d:\LUMOS\processed\preprocessed_images\patient_015\Lateral.png
16,d:\LUMOS\lumos_x\lumos_x_001_280_dcm\lumos_x_016\lumos_x_016_1.Dcm,d:\LUMOS\lumos_x\lumos_x_001_280_dcm\lumos_x_016\lumos_x_016_2.Dcm,True,True,True,4,True,75,Male,Asian,1.8,65.0,20.061728395061728,1,0.861,0.813,0.843,0.861,0.886,0.896,0.905,-2.1083,train,d:\LUMOS\processed\preprocessed_images\patient_016\AP.png,d:\LUMOS\processed\preprocessed_images\patient_016\Lateral.png
17,d:\LUMOS\lumos_x\lumos_x_001_280_dcm\lumos_x_017\lumos_x_017_1.Dcm,d:\LUMOS\lumos_x\lumos_x_001_280_dcm\lumos_x_017\lumos_x_017_2.Dcm,True,True,True,4,True,53,Female,Asian,1.57,52.0,21.096190514828187,1,0.875,0.836,0.869,0.875,0.906,0.899,0.905,-1.9917,validation,d:\LUMOS\processed\preprocessed_images\patient_017\AP.png,d:\LUMOS\processed\preprocessed_images\patient_017\Lateral.png
18,d:\LUMOS\lumos_x\lumos_x_001_280_dcm\lumos_x_018\lumos_x_018_1.Dcm,d:\LUMOS\lumos_x\lumos_x_001_280_dcm\lumos_x_018\lumos_x_018_2.Dcm,True,True,True,4,True,66,Female,Asian,1.58,62.0,24.83576349943919,0,1.242,1.113,1.198,1.242,1.278,1.307,1.357,1.0667,train,d:\LUMOS\processed\preprocessed_images\patient_018\AP.png,d:\LUMOS\processed\preprocessed_images\patient_018\Lateral.png
19,d:\LUMOS\lumos_x\lumos_x_001_280_dcm\lumos_x_019\lumos_x_019_1.Dcm,d:\LUMOS\lumos_x\lumos_x_001_280_dcm\lumos_x_019\lumos_x_019_2.Dcm,True,True,True,4,True,65,Female,Asian,1.525,53.0,22.789572695511964,2,0.764,0.647,0.701,0.764,0.723,0.796,0.863,-2.9167,test,d:\LUMOS\processed\preprocessed_images\patient_019\AP.png,d:\LUMOS\processed\preprocessed_images\patient_019\Lateral.png
20,d:\LUMOS\lumos_x\lumos_x_001_280_dcm\lumos_x_020\lumos_x_020_1.Dcm,d:\LUMOS\lumos_x\lumos_x_001_280_dcm\lumos_x_020\lumos_x_020_2.Dcm,True,True,True,4,True,30,Male,Asian,1.85,90.0,26.29656683710737,0,1.347,1.287,1.336,1.349,1.371,1.374,1.399,1.9417,validation,d:\LUMOS\processed\preprocessed_images\patient_020\AP.png,d:\LUMOS\processed\preprocessed_images\patient_020\Lateral.png
21,d:\LUMOS\lumos_x\lumos_x_001_280_dcm\lumos_x_021\lumos_x_021_1.Dcm,d:\LUMOS\lumos_x\lumos_x_001_280_dcm\lumos_x_021\lumos_x_021_2.Dcm,True,True,True,4,True,61,Male,Asian,1.69,69.0,24.158817968558527,1,0.942,0.914,0.912,0.942,0.888,0.933,0.965,-1.4333,train,d:\LUMOS\processed\preprocessed_images\patient_021\AP.png,d:\LUMOS\processed\preprocessed_images\patient_021\Lateral.png
22,d:\LUMOS\lumos_x\lumos_x_001_280_dcm\lumos_x_022\lumos_x_022_1.Dcm,d:\LUMOS\lumos_x\lumos_x_001_280_dcm\lumos_x_022\lumos_x_022_2.Dcm,True,True,True,4,True,72,Male,Asian,1.65,59.0,21.6712580348944,0,1.28297303862035,1.145,1.213,1.284,1.255,1.331,1.402,1.4081,test,d:\LUMOS\processed\preprocessed_images\patient_022\AP.png,d:\LUMOS\processed\preprocessed_images\patient_022\Lateral.png
23,d:\LUMOS\lumos_x\lumos_x_001_280_dcm\lumos_x_023\lumos_x_023_1.Dcm,d:\LUMOS\lumos_x\lumos_x_001_280_dcm\lumos_x_023\lumos_x_023_2.Dcm,True,True,True,4,True,69,Female,Asian,1.6,57.0,22.265625,1,0.932694268815011,0.846,0.919,0.933,0.961,0.962,0.999,-1.5109,train,d:\LUMOS\processed\preprocessed_images\patient_023\AP.png,d:\LUMOS\processed\preprocessed_images\patient_023\Lateral.png
24,d:\LUMOS\lumos_x\lumos_x_001_280_dcm\lumos_x_024\lumos_x_024_1.Dcm,d:\LUMOS\lumos_x\lumos_x_001_280_dcm\lumos_x_024\lumos_x_024_2.Dcm,True,True,True,4,True,67,Male,Asian,1.65,60.0,22.03856749311295,0,1.244,1.134,1.175,1.244,1.159,1.254,1.34,1.0833,train,d:\LUMOS\processed\preprocessed_images\patient_024\AP.png,d:\LUMOS\processed\preprocessed_images\patient_024\Lateral.png
25,d:\LUMOS\lumos_x\lumos_x_001_280_dcm\lumos_x_025\lumos_x_025_1.Dcm,d:\LUMOS\lumos_x\lumos_x_001_280_dcm\lumos_x_025\lumos_x_025_2.Dcm,True,True,True,4,True,62,Male,Asian,1.78,71.0,22.408786769347305,1,0.965,0.922,0.949,0.965,0.95,0.97,1.001,-1.2417,train,d:\LUMOS\processed\preprocessed_images\patient_025\AP.png,d:\LUMOS\processed\preprocessed_images\patient_025\Lateral.png
26,d:\LUMOS\lumos_x\lumos_x_001_280_dcm\lumos_x_026\lumos_x_026_1.Dcm,d:\LUMOS\lumos_x\lumos_x_001_280_dcm\lumos_x_026\lumos_x_026_2.Dcm,True,True,True,4,True,53,Female,Asian,1.6,50.0,19.53125,1,0.874368686868687,0.849,0.86,0.875,0.847,0.87,0.893,-1.9969,train,d:\LUMOS\processed\preprocessed_images\patient_026\AP.png,d:\LUMOS\processed\preprocessed_images\patient_026\Lateral.png
27,d:\LUMOS\lumos_x\lumos_x_001_280_dcm\lumos_x_027\lumos_x_027_1.Dcm,d:\LUMOS\lumos_x\lumos_x_001_280_dcm\lumos_x_027\lumos_x_027_2.Dcm,True,True,True,4,True,72,Female,Asian,1.5,55.0,24.444444444444443,2,0.814,0.793,0.797,0.814,0.788,0.814,0.831,-2.5,train,d:\LUMOS\processed\preprocessed_images\patient_027\AP.png,d:\LUMOS\processed\preprocessed_images\patient_027\Lateral.png
28,d:\LUMOS\lumos_x\lumos_x_001_280_dcm\lumos_x_028\lumos_x_028_1.Dcm,d:\LUMOS\lumos_x\lumos_x_001_280_dcm\lumos_x_028\lumos_x_028_2.Dcm,True,True,True,4,True,64,Female,Asian,1.57,54.0,21.907582457706194,0,1.154,1.081,1.126,1.154,1.162,1.184,1.214,0.3333,train,d:\LUMOS\processed\preprocessed_images\patient_028\AP.png,d:\LUMOS\processed\preprocessed_images\patient_028\Lateral.png
29,d:\LUMOS\lumos_x\lumos_x_001_280_dcm\lumos_x_029\lumos_x_029_1.Dcm,d:\LUMOS\lumos_x\lumos_x_001_280_dcm\lumos_x_029\lumos_x_029_2.Dcm,True,True,True,4,True,50,Female,Asian,1.58,44.0,17.625380547989103,0,1.183,1.189,1.192,1.183,1.197,1.184,1.179,0.575,train,d:\LUMOS\processed\preprocessed_images\patient_029\AP.png,d:\LUMOS\processed\preprocessed_images\patient_029\Lateral.png
30,d:\LUMOS\lumos_x\lumos_x_001_280_dcm\lumos_x_030\lumos_x_030_1.Dcm,d:\LUMOS\lumos_x\lumos_x_001_280_dcm\lumos_x_030\lumos_x_030_2.Dcm,True,True,True,4,True,30,Female,Asian,1.62,46.0,17.527815881725342,1,0.945831733,0.926,0.956,0.945,0.977,0.956,0.961,-1.4014,train,d:\LUMOS\processed\preprocessed_images\patient_030\AP.png,d:\LUMOS\processed\preprocessed_images\patient_030\Lateral.png
31,d:\LUMOS\lumos_x\lumos_x_001_280_dcm\lumos_x_031\lumos_x_031_1.Dcm,d:\LUMOS\lumos_x\lumos_x_001_280_dcm\lumos_x_031\lumos_x_031_2.Dcm,True,True,True,4,True,86,Female,Asian,1.48,45.0,20.54419284149014,2,0.648,0.566,0.603,0.648,0.634,0.68,0.719,-3.8833,test,d:\LUMOS\processed\preprocessed_images\patient_031\AP.png,d:\LUMOS\processed\preprocessed_images\patient_031\Lateral.png
32,d:\LUMOS\lumos_x\lumos_x_001_280_dcm\lumos_x_032\lumos_x_032_1.Dcm,d:\LUMOS\lumos_x\lumos_x_001_280_dcm\lumos_x_032\lumos_x_032_2.Dcm,True,True,True,4,True,53,Male,Asian,1.64,82.0,30.487804878048784,0,1.503,1.303,1.4,1.505,1.479,1.591,1.69,3.2417,train,d:\LUMOS\processed\preprocessed_images\patient_032\AP.png,d:\LUMOS\processed\preprocessed_images\patient_032\Lateral.png
33,d:\LUMOS\lumos_x\lumos_x_001_280_dcm\lumos_x_033\lumos_x_033_1.Dcm,d:\LUMOS\lumos_x\lumos_x_001_280_dcm\lumos_x_033\lumos_x_033_2.Dcm,True,True,True,4,True,71,Female,Asian,1.61,56.0,21.60410477990818,0,1.03,0.913,0.981,1.03,1.017,1.069,1.138,-0.7,validation,d:\LUMOS\processed\preprocessed_images\patient_033\AP.png,d:\LUMOS\processed\preprocessed_images\patient_033\Lateral.png
34,d:\LUMOS\lumos_x\lumos_x_001_280_dcm\lumos_x_034\lumos_x_034_1.Dcm,d:\LUMOS\lumos_x\lumos_x_001_280_dcm\lumos_x_034\lumos_x_034_2.Dcm,True,True,True,4,True,30,Female,Asian,1.53,46.0,19.650561749754367,0,1.096,0.987,1.057,1.096,1.113,1.142,1.185,-0.15,test,d:\LUMOS\processed\preprocessed_images\patient_034\AP.png,d:\LUMOS\processed\preprocessed_images\patient_034\Lateral.png
35,d:\LUMOS\lumos_x\lumos_x_001_280_dcm\lumos_x_035\lumos_x_035_1.Dcm,d:\LUMOS\lumos_x\lumos_x_001_280_dcm\lumos_x_035\lumos_x_035_2.Dcm,True,True,True,4,True,75,Male,Asian,1.6,75.0,29.296874999999996,0,1.161,1.107,1.147,1.161,1.184,1.19,1.206,0.3917,train,d:\LUMOS\processed\preprocessed_images\patient_035\AP.png,d:\LUMOS\processed\preprocessed_images\patient_035\Lateral.png
36,d:\LUMOS\lumos_x\lumos_x_001_280_dcm\lumos_x_036\lumos_x_036_1.Dcm,d:\LUMOS\lumos_x\lumos_x_001_280_dcm\lumos_x_036\lumos_x_036_2.Dcm,True,True,True,4,True,59,Female,Asian,1.61,65.0,25.076193048107708,1,0.892,0.796,0.838,0.892,0.862,0.921,0.962,-1.85,train,d:\LUMOS\processed\preprocessed_images\patient_036\AP.png,d:\LUMOS\processed\preprocessed_images\patient_036\Lateral.png
37,d:\LUMOS\lumos_x\lumos_x_001_280_dcm\lumos_x_037\lumos_x_037_1.Dcm,d:\LUMOS\lumos_x\lumos_x_001_280_dcm\lumos_x_037\lumos_x_037_2.Dcm,True,True,True,4,True,80,Male,Asian,1.595,65.0,25.55006338381109,0,1.069,0.995,1.041,1.069,1.09,1.11,1.138,-0.375,train,d:\LUMOS\processed\preprocessed_images\patient_037\AP.png,d:\LUMOS\processed\preprocessed_images\patient_037\Lateral.png
38,d:\LUMOS\lumos_x\lumos_x_001_280_dcm\lumos_x_038\lumos_x_038_1.Dcm,d:\LUMOS\lumos_x\lumos_x_001_280_dcm\lumos_x_038\lumos_x_038_2.Dcm,True,True,True,4,True,65,Female,Asian,1.62,52.0,19.81405273586343,1,0.815,0.777,0.824,0.815,0.863,0.836,0.844,-2.4917,test,d:\LUMOS\processed\preprocessed_images\patient_038\AP.png,d:\LUMOS\processed\preprocessed_images\patient_038\Lateral.png
39,d:\LUMOS\lumos_x\lumos_x_001_280_dcm\lumos_x_039\lumos_x_039_1.Dcm,d:\LUMOS\lumos_x\lumos_x_001_280_dcm\lumos_x_039\lumos_x_039_2.Dcm,True,True,True,4,True,70,Female,Asian,1.5,39.0,17.333333333333332,2,0.699,0.692,0.689,0.699,0.743,0.734,0.704,-3.4583,train,d:\LUMOS\processed\preprocessed_images\patient_039\AP.png,d:\LUMOS\processed\preprocessed_images\patient_039\Lateral.png
40,d:\LUMOS\lumos_x\lumos_x_001_280_dcm\lumos_x_040\lumos_x_040_1.Dcm,d:\LUMOS\lumos_x\lumos_x_001_280_dcm\lumos_x_040\lumos_x_040_2.Dcm,True,True,True,4,True,74,Female,Asian,1.59,61.0,24.128792373719392,2,0.765,0.748,0.749,0.765,0.721,0.751,0.779,-2.9083,validation,d:\LUMOS\processed\preprocessed_images\patient_040\AP.png,d:\LUMOS\processed\preprocessed_images\patient_040\Lateral.png
41,d:\LUMOS\lumos_x\lumos_x_001_280_dcm\lumos_x_041\lumos_x_041_1.Dcm,d:\LUMOS\lumos_x\lumos_x_001_280_dcm\lumos_x_041\lumos_x_041_2.Dcm,True,True,True,4,True,64,Female,Asian,1.58,61.0,24.435186668803077,1,0.931,0.879,0.918,0.931,0.945,0.951,0.971,-1.525,train,d:\LUMOS\processed\preprocessed_images\patient_041\AP.png,d:\LUMOS\processed\preprocessed_images\patient_041\Lateral.png
42,d:\LUMOS\lumos_x\lumos_x_001_280_dcm\lumos_x_042\lumos_x_042_1.Dcm,d:\LUMOS\lumos_x\lumos_x_001_280_dcm\lumos_x_042\lumos_x_042_2.Dcm,True,True,True,4,True,86,Female,Asian,1.62,61.5,23.433927754915405,0,1.38,1.155,1.288,1.38,1.386,1.471,1.581,2.2167,validation,d:\LUMOS\processed\preprocessed_images\patient_042\AP.png,d:\LUMOS\processed\preprocessed_images\patient_042\Lateral.png
43,d:\LUMOS\lumos_x\lumos_x_001_280_dcm\lumos_x_043\lumos_x_043_1.Dcm,d:\LUMOS\lumos_x\lumos_x_001_280_dcm\lumos_x_043\lumos_x_043_2.Dcm,True,True,True,4,True,62,Female,Asian,1.57,66.0,26.77593411497424,0,1.072,0.969,1.037,1.072,1.081,1.111,1.161,-0.35,train,d:\LUMOS\processed\preprocessed_images\patient_043\AP.png,d:\LUMOS\processed\preprocessed_images\patient_043\Lateral.png
44,d:\LUMOS\lumos_x\lumos_x_001_280_dcm\lumos_x_044\lumos_x_044_1.Dcm,d:\LUMOS\lumos_x\lumos_x_001_280_dcm\lumos_x_044\lumos_x_044_2.Dcm,True,True,True,4,True,66,Male,Asian,1.72,79.0,26.703623580313685,0,1.387,1.329,1.361,1.387,1.409,1.425,1.436,2.275,train,d:\LUMOS\processed\preprocessed_images\patient_044\AP.png,d:\LUMOS\processed\preprocessed_images\patient_044\Lateral.png
45,d:\LUMOS\lumos_x\lumos_x_001_280_dcm\lumos_x_045\lumos_x_045_1.Dcm,d:\LUMOS\lumos_x\lumos_x_001_280_dcm\lumos_x_045\lumos_x_045_2.Dcm,True,True,True,4,True,81,Female,Asian,1.5,40.0,17.77777777777778,2,0.653,0.614,0.647,0.653,0.643,0.652,0.691,-3.8417,train,d:\LUMOS\processed\preprocessed_images\patient_045\AP.png,d:\LUMOS\processed\preprocessed_images\patient_045\Lateral.png
46,d:\LUMOS\lumos_x\lumos_x_001_280_dcm\lumos_x_046\lumos_x_046_1.Dcm,d:\LUMOS\lumos_x\lumos_x_001_280_dcm\lumos_x_046\lumos_x_046_2.Dcm,True,True,True,4,True,83,Female,Asian,1.55,60.0,24.97398543184183,1,0.818,0.789,0.812,0.818,0.804,0.815,0.846,-2.4667,train,d:\LUMOS\processed\preprocessed_images\patient_046\AP.png,d:\LUMOS\processed\preprocessed_images\patient_046\Lateral.png
47,d:\LUMOS\lumos_x\lumos_x_001_280_dcm\lumos_x_047\lumos_x_047_1.Dcm,d:\LUMOS\lumos_x\lumos_x_001_280_dcm\lumos_x_047\lumos_x_047_2.Dcm,True,True,True,4,True,72,Female,Asian,1.55,67.0,27.887617065556707,0,1.632,1.578,1.555,1.632,1.525,1.634,1.68,4.3167,validation,d:\LUMOS\processed\preprocessed_images\patient_047\AP.png,d:\LUMOS\processed\preprocessed_images\patient_047\Lateral.png
48,d:\LUMOS\lumos_x\lumos_x_001_280_dcm\lumos_x_048\lumos_x_048_1.Dcm,d:\LUMOS\lumos_x\lumos_x_001_280_dcm\lumos_x_048\lumos_x_048_2.Dcm,True,True,True,4,True,71,Male,Asian,1.66,62.0,22.49963710262738,0,1.033,1.042,1.048,1.033,1.07,1.044,1.026,-0.675,test,d:\LUMOS\processed\preprocessed_images\patient_048\AP.png,d:\LUMOS\processed\preprocessed_images\patient_048\Lateral.png
49,d:\LUMOS\lumos_x\lumos_x_001_280_dcm\lumos_x_049\lumos_x_049_1.Dcm,d:\LUMOS\lumos_x\lumos_x_001_280_dcm\lumos_x_049\lumos_x_049_2.Dcm,True,True,True,4,True,58,Female,Asian,1.6,74.0,28.906249999999996,0,1.057,1.021,1.036,1.057,1.036,1.062,1.089,-0.475,train,d:\LUMOS\processed\preprocessed_images\patient_049\AP.png,d:\LUMOS\processed\preprocessed_images\patient_049\Lateral.png
50,d:\LUMOS\lumos_x\lumos_x_001_280_dcm\lumos_x_050\lumos_x_050_1.Dcm,d:\LUMOS\lumos_x\lumos_x_001_280_dcm\lumos_x_050\lumos_x_050_2.Dcm,True,True,True,4,True,59,Female,Asian,1.53,51.0,21.78649237472767,1,0.909,0.829,0.878,0.909,0.909,0.938,0.976,-1.7083,train,d:\LUMOS\processed\preprocessed_images\patient_050\AP.png,d:\LUMOS\processed\preprocessed_images\patient_050\Lateral.png
51,d:\LUMOS\lumos_x\lumos_x_001_280_dcm\lumos_x_051\lumos_x_051_1.Dcm,d:\LUMOS\lumos_x\lumos_x_001_280_dcm\lumos_x_051\lumos_x_051_2.Dcm,True,True,True,4,True,70,Male,Asian,1.75,60.0,19.59183673469388,2,0.789,0.708,0.754,0.789,0.795,0.825,0.856,-2.7083,train,d:\LUMOS\processed\preprocessed_images\patient_051\AP.png,d:\LUMOS\processed\preprocessed_images\patient_051\Lateral.png
52,d:\LUMOS\lumos_x\lumos_x_001_280_dcm\lumos_x_052\lumos_x_052_1.Dcm,d:\LUMOS\lumos_x\lumos_x_001_280_dcm\lumos_x_052\lumos_x_052_2.Dcm,True,True,True,4,True,72,Female,Asian,1.48,60.0,27.39225712198685,0,1.042,0.915,1.008,1.042,1.104,1.113,1.154,-0.6,test,d:\LUMOS\processed\preprocessed_images\patient_052\AP.png,d:\LUMOS\processed\preprocessed_images\patient_052\Lateral.png
53,d:\LUMOS\lumos_x\lumos_x_001_280_dcm\lumos_x_053\lumos_x_053_1.Dcm,d:\LUMOS\lumos_x\lumos_x_001_280_dcm\lumos_x_053\lumos_x_053_2.Dcm,True,True,True,4,True,45,Female,Asian,1.6,51.0,19.921875,0,1.113,1.126,1.126,1.113,1.124,1.109,1.103,-0.0083,train,d:\LUMOS\processed\preprocessed_images\patient_053\AP.png,d:\LUMOS\processed\preprocessed_images\patient_053\Lateral.png
54,d:\LUMOS\lumos_x\lumos_x_001_280_dcm\lumos_x_054\lumos_x_054_1.Dcm,d:\LUMOS\lumos_x\lumos_x_001_280_dcm\lumos_x_054\lumos_x_054_2.Dcm,True,True,True,4,True,50,Female,Asian,1.58,59.0,23.63403300753084,0,1.106,1.104,1.105,1.106,1.086,1.095,1.108,-0.0667,train,d:\LUMOS\processed\preprocessed_images\patient_054\AP.png,d:\LUMOS\processed\preprocessed_images\patient_054\Lateral.png
55,d:\LUMOS\lumos_x\lumos_x_001_280_dcm\lumos_x_055\lumos_x_055_1.Dcm,d:\LUMOS\lumos_x\lumos_x_001_280_dcm\lumos_x_055\lumos_x_055_2.Dcm,True,True,True,4,True,30,Female,Asian,1.57,62.0,25.153150229218223,0,1.043,1.012,1.039,1.04,1.059,1.053,1.063,-0.5917,train,d:\LUMOS\processed\preprocessed_images\patient_055\AP.png,d:\LUMOS\processed\preprocessed_images\patient_055\Lateral.png
56,d:\LUMOS\lumos_x\lumos_x_001_280_dcm\lumos_x_056\lumos_x_056_1.Dcm,d:\LUMOS\lumos_x\lumos_x_001_280_dcm\lumos_x_056\lumos_x_056_2.Dcm,True,True,True,4,True,30,Male,Asian,1.72,78.0,26.365603028664147,2,0.643,0.713,0.725,0.734,0.742,0.747,0.752,-3.925,train,d:\LUMOS\processed\preprocessed_images\patient_056\AP.png,d:\LUMOS\processed\preprocessed_images\patient_056\Lateral.png
57,d:\LUMOS\lumos_x\lumos_x_001_280_dcm\lumos_x_057\lumos_x_057_1.Dcm,d:\LUMOS\lumos_x\lumos_x_001_280_dcm\lumos_x_057\lumos_x_057_2.Dcm,True,True,True,4,True,67,Male,Asian,1.57,51.0,20.690494543389185,1,0.902,0.897,0.91,0.902,0.94,0.919,0.906,-1.7667,test,d:\LUMOS\processed\preprocessed_images\patient_057\AP.png,d:\LUMOS\processed\preprocessed_images\patient_057\Lateral.png
58,d:\LUMOS\lumos_x\lumos_x_001_280_dcm\lumos_x_058\lumos_x_058_1.Dcm,d:\LUMOS\lumos_x\lumos_x_001_280_dcm\lumos_x_058\lumos_x_058_2.Dcm,True,True,True,4,True,58,Female,Asian,1.52,53.0,22.93975069252077,0,1.305,1.215,1.274,1.305,1.318,1.345,1.387,1.5917,train,d:\LUMOS\processed\preprocessed_images\patient_058\AP.png,d:\LUMOS\processed\preprocessed_images\patient_058\Lateral.png
59,d:\LUMOS\lumos_x\lumos_x_001_280_dcm\lumos_x_059\lumos_x_059_1.Dcm,d:\LUMOS\lumos_x\lumos_x_001_280_dcm\lumos_x_059\lumos_x_059_2.Dcm,True,True,True,4,True,70,Female,Asian,1.5,57.0,25.33333333333333,0,1.08002701333784,1.011,1.044,1.08,1.095,1.123,1.137,-0.2831,train,d:\LUMOS\processed\preprocessed_images\patient_059\AP.png,d:\LUMOS\processed\preprocessed_images\patient_059\Lateral.png
60,d:\LUMOS\lumos_x\lumos_x_001_280_dcm\lumos_x_060\lumos_x_060_1.Dcm,d:\LUMOS\lumos_x\lumos_x_001_280_dcm\lumos_x_060\lumos_x_060_2.Dcm,True,True,True,4,True,56,Female,Asian,1.56,54.0,22.189349112426036,1,0.865,0.827,0.868,0.865,0.879,0.87,0.895,-2.075,validation,d:\LUMOS\processed\preprocessed_images\patient_060\AP.png,d:\LUMOS\processed\preprocessed_images\patient_060\Lateral.png
61,d:\LUMOS\lumos_x\lumos_x_001_280_dcm\lumos_x_061\lumos_x_061_1.Dcm,d:\LUMOS\lumos_x\lumos_x_001_280_dcm\lumos_x_061\lumos_x_061_2.Dcm,True,True,True,4,True,48,Female,Asian,1.54,47.0,19.81784449316917,0,1.094,1.073,1.106,1.094,1.145,1.115,1.111,-0.1667,train,d:\LUMOS\processed\preprocessed_images\patient_061\AP.png,d:\LUMOS\processed\preprocessed_images\patient_061\Lateral.png
62,d:\LUMOS\lumos_x\lumos_x_001_280_dcm\lumos_x_062\lumos_x_062_1.Dcm,d:\LUMOS\lumos_x\lumos_x_001_280_dcm\lumos_x_062\lumos_x_062_2.Dcm,True,True,True,4,True,74,Male,Asian,1.66,70.0,25.402816083611555,0,1.256,1.181,1.207,1.256,1.214,1.278,1.33,1.1833,train,d:\LUMOS\processed\preprocessed_images\patient_062\AP.png,d:\LUMOS\processed\preprocessed_images\patient_062\Lateral.png
63,d:\LUMOS\lumos_x\lumos_x_001_280_dcm\lumos_x_063\lumos_x_063_1.Dcm,d:\LUMOS\lumos_x\lumos_x_001_280_dcm\lumos_x_063\lumos_x_063_2.Dcm,True,True,True,4,True,72,Female,Asian,1.65,70.0,25.71166207529844,1,0.985,0.984,0.984,0.985,0.996,0.993,0.985,-1.075,train,d:\LUMOS\processed\preprocessed_images\patient_063\AP.png,d:\LUMOS\processed\preprocessed_images\patient_063\Lateral.png
64,d:\LUMOS\lumos_x\lumos_x_001_280_dcm\lumos_x_064\lumos_x_064_1.Dcm,d:\LUMOS\lumos_x\lumos_x_001_280_dcm\lumos_x_064\lumos_x_064_2.Dcm,True,True,True,4,True,80,Female,Asian,1.46,53.0,24.86395196096829,2,0.748,0.792,0.755,0.748,0.731,0.732,0.716,-3.05,train,d:\LUMOS\processed\preprocessed_images\patient_064\AP.png,d:\LUMOS\processed\preprocessed_images\patient_064\Lateral.png
65,d:\LUMOS\lumos_x\lumos_x_001_280_dcm\lumos_x_065\lumos_x_065_1.Dcm,d:\LUMOS\lumos_x\lumos_x_001_280_dcm\lumos_x_065\lumos_x_065_2.Dcm,True,True,True,4,True,56,Female,Asian,1.55,67.0,27.887617065556707,0,1.066,0.996,1.04,1.066,1.05,1.078,1.118,-0.4,train,d:\LUMOS\processed\preprocessed_images\patient_065\AP.png,d:\LUMOS\processed\preprocessed_images\patient_065\Lateral.png
66,d:\LUMOS\lumos_x\lumos_x_001_280_dcm\lumos_x_066\lumos_x_066_1.Dcm,d:\LUMOS\lumos_x\lumos_x_001_280_dcm\lumos_x_066\lumos_x_066_2.Dcm,True,True,True,4,True,67,Male,Asian,1.65,72.0,26.44628099173554,0,1.419,1.476,1.47,1.419,1.493,1.42,1.37,2.5417,train,d:\LUMOS\processed\preprocessed_images\patient_066\AP.png,d:\LUMOS\processed\preprocessed_images\patient_066\Lateral.png
67,d:\LUMOS\lumos_x\lumos_x_001_280_dcm\lumos_x_067\lumos_x_067_1.Dcm,d:\LUMOS\lumos_x\lumos_x_001_280_dcm\lumos_x_067\lumos_x_067_2.Dcm,True,True,True,4,True,71,Female,Asian,1.52,56.0,24.238227146814403,1,0.883,0.874,0.865,0.883,0.859,0.884,0.89,-1.925,test,d:\LUMOS\processed\preprocessed_images\patient_067\AP.png,d:\LUMOS\processed\preprocessed_images\patient_067\Lateral.png
68,d:\LUMOS\lumos_x\lumos_x_001_280_dcm\lumos_x_068\lumos_x_068_1.Dcm,d:\LUMOS\lumos_x\lumos_x_001_280_dcm\lumos_x_068\lumos_x_068_2.Dcm,True,True,True,4,True,83,Female,Asian,1.6,73.0,28.515624999999996,0,1.09352355072464,1.088,1.115,1.094,1.096,1.074,1.101,-0.1706,train,d:\LUMOS\processed\preprocessed_images\patient_068\AP.png,d:\LUMOS\processed\preprocessed_images\patient_068\Lateral.png
69,d:\LUMOS\lumos_x\lumos_x_001_280_dcm\lumos_x_069\lumos_x_069_1.Dcm,d:\LUMOS\lumos_x\lumos_x_001_280_dcm\lumos_x_069\lumos_x_069_2.Dcm,True,True,True,4,True,81,Female,Asian,1.63,60.0,22.582709172343712,2,0.793,0.757,0.799,0.793,0.816,0.803,0.823,-2.675,train,d:\LUMOS\processed\preprocessed_images\patient_069\AP.png,d:\LUMOS\processed\preprocessed_images\patient_069\Lateral.png
70,d:\LUMOS\lumos_x\lumos_x_001_280_dcm\lumos_x_070\lumos_x_070_1.Dcm,d:\LUMOS\lumos_x\lumos_x_001_280_dcm\lumos_x_070\lumos_x_070_2.Dcm,True,True,True,4,True,73,Female,Asian,1.5,48.0,21.33333333333333,2,0.627,0.519,0.563,0.627,0.582,0.66,0.732,-4.0583,train,d:\LUMOS\processed\preprocessed_images\patient_070\AP.png,d:\LUMOS\processed\preprocessed_images\patient_070\Lateral.png
71,d:\LUMOS\lumos_x\lumos_x_001_280_dcm\lumos_x_071\lumos_x_071_1.Dcm,d:\LUMOS\lumos_x\lumos_x_001_280_dcm\lumos_x_071\lumos_x_071_2.Dcm,True,True,True,4,True,58,Female,Asian,1.51,43.0,18.85882198149204,2,0.714321926489227,0.684,0.723,0.714,0.749,0.728,0.739,-3.3307,train,d:\LUMOS\processed\preprocessed_images\patient_071\AP.png,d:\LUMOS\processed\preprocessed_images\patient_071\Lateral.png
72,d:\LUMOS\lumos_x\lumos_x_001_280_dcm\lumos_x_072\lumos_x_072_1.Dcm,d:\LUMOS\lumos_x\lumos_x_001_280_dcm\lumos_x_072\lumos_x_072_2.Dcm,True,True,True,4,True,57,Female,Asian,1.5,49.0,21.77777777777778,0,1.035,0.982,1.028,1.035,1.067,1.062,1.078,-0.6583,test,d:\LUMOS\processed\preprocessed_images\patient_072\AP.png,d:\LUMOS\processed\preprocessed_images\patient_072\Lateral.png
73,d:\LUMOS\lumos_x\lumos_x_001_280_dcm\lumos_x_073\lumos_x_073_1.Dcm,d:\LUMOS\lumos_x\lumos_x_001_280_dcm\lumos_x_073\lumos_x_073_2.Dcm,True,True,True,4,True,72,Female,Asian,1.49,52.0,23.422368361785505,1,0.826,0.712,0.763,0.826,0.803,0.873,0.941,-2.4,train,d:\LUMOS\processed\preprocessed_images\patient_073\AP.png,d:\LUMOS\processed\preprocessed_images\patient_073\Lateral.png
74,d:\LUMOS\lumos_x\lumos_x_001_280_dcm\lumos_x_074\lumos_x_074_1.Dcm,d:\LUMOS\lumos_x\lumos_x_001_280_dcm\lumos_x_074\lumos_x_074_2.Dcm,True,True,True,4,True,30,Female,Asian,1.56,55.0,22.600262984878366,2,0.627,0.764,0.769,0.773,0.796,0.792,0.782,-4.0583,train,d:\LUMOS\processed\preprocessed_images\patient_074\AP.png,d:\LUMOS\processed\preprocessed_images\patient_074\Lateral.png
75,d:\LUMOS\lumos_x\lumos_x_001_280_dcm\lumos_x_075\lumos_x_075_1.Dcm,d:\LUMOS\lumos_x\lumos_x_001_280_dcm\lumos_x_075\lumos_x_075_2.Dcm,True,True,True,4,True,57,Female,Asian,1.53,49.0,20.932120124738347,0,0.998,0.885,0.93,0.998,0.97,1.039,1.08,-0.9667,train,d:\LUMOS\processed\preprocessed_images\patient_075\AP.png,d:\LUMOS\processed\preprocessed_images\patient_075\Lateral.png
76,d:\LUMOS\lumos_x\lumos_x_001_280_dcm\lumos_x_076\lumos_x_076_1.Dcm,d:\LUMOS\lumos_x\lumos_x_001_280_dcm\lumos_x_076\lumos_x_076_2.Dcm,True,True,True,4,True,60,Female,Asian,1.62,60.0,22.86236854138088,0,1.0,0.966,0.991,1.0,0.975,0.993,1.026,-0.95,train,d:\LUMOS\processed\preprocessed_images\patient_076\AP.png,d:\LUMOS\processed\preprocessed_images\patient_076\Lateral.png
77,d:\LUMOS\lumos_x\lumos_x_001_280_dcm\lumos_x_077\lumos_x_077_1.Dcm,d:\LUMOS\lumos_x\lumos_x_001_280_dcm\lumos_x_077\lumos_x_077_2.Dcm,True,True,True,4,True,79,Female,Asian,1.55,50.0,20.811654526534856,2,0.777,0.663,0.704,0.776,0.711,0.803,0.876,-2.8083,train,d:\LUMOS\processed\preprocessed_images\patient_077\AP.png,d:\LUMOS\processed\preprocessed_images\patient_077\Lateral.png
78,d:\LUMOS\lumos_x\lumos_x_001_280_dcm\lumos_x_078\lumos_x_078_1.Dcm,d:\LUMOS\lumos_x\lumos_x_001_280_dcm\lumos_x_078\lumos_x_078_2.Dcm,True,True,True,4,True,68,Female,Asian,1.56,52.0,21.36752136752137,2,0.683,0.615,0.641,0.683,0.661,0.707,0.735,-3.5917,test,d:\LUMOS\processed\preprocessed_images\patient_078\AP.png,d:\LUMOS\processed\preprocessed_images\patient_078\Lateral.png
79,d:\LUMOS\lumos_x\lumos_x_001_280_dcm\lumos_x_079\lumos_x_079_1.Dcm,d:\LUMOS\lumos_x\lumos_x_001_280_dcm\lumos_x_079\lumos_x_079_2.Dcm,True,True,True,4,True,51,Male,Asian,1.72,77.0,26.027582477014604,0,1.612,1.462,1.555,1.612,1.645,1.685,1.741,4.15,train,d:\LUMOS\processed\preprocessed_images\patient_079\AP.png,d:\LUMOS\processed\preprocessed_images\patient_079\Lateral.png
80,d:\LUMOS\lumos_x\lumos_x_001_280_dcm\lumos_x_080\lumos_x_080_1.Dcm,d:\LUMOS\lumos_x\lumos_x_001_280_dcm\lumos_x_080\lumos_x_080_2.Dcm,True,True,True,4,True,80,Female,Asian,1.61,51.0,19.675166853130666,1,0.837,0.779,0.798,0.837,0.808,0.854,0.883,-2.3083,test,d:\LUMOS\processed\preprocessed_images\patient_080\AP.png,d:\LUMOS\processed\preprocessed_images\patient_080\Lateral.png
81,d:\LUMOS\lumos_x\lumos_x_001_280_dcm\lumos_x_081\lumos_x_081_1.Dcm,d:\LUMOS\lumos_x\lumos_x_001_280_dcm\lumos_x_081\lumos_x_081_2.Dcm,True,True,True,4,True,77,Female,Asian,1.58,70.0,28.04037814452812,1,0.85,0.836,0.824,0.85,0.8,0.842,0.862,-2.2,train,d:\LUMOS\processed\preprocessed_images\patient_081\AP.png,d:\LUMOS\processed\preprocessed_images\patient_081\Lateral.png
82,d:\LUMOS\lumos_x\lumos_x_001_280_dcm\lumos_x_082\lumos_x_082_1.Dcm,d:\LUMOS\lumos_x\lumos_x_001_280_dcm\lumos_x_082\lumos_x_082_2.Dcm,True,True,True,8,True,72,Female,Asian,1.5,56.0,24.88888888888889,2,0.813,0.808,0.809,0.813,0.814,0.817,0.816,-2.5083,train,d:\LUMOS\processed\preprocessed_images\patient_082\AP.png,d:\LUMOS\processed\preprocessed_images\patient_082\Lateral.png
83,d:\LUMOS\lumos_x\lumos_x_001_280_dcm\lumos_x_083\lumos_x_083_1.Dcm,d:\LUMOS\lumos_x\lumos_x_001_280_dcm\lumos_x_083\lumos_x_083_2.Dcm,True,True,True,4,True,78,Male,Asian,1.7,62.0,21.45328719723184,1,0.974,0.962,0.967,0.974,0.983,0.987,0.985,-1.1667,test,d:\LUMOS\processed\preprocessed_images\patient_083\AP.png,d:\LUMOS\processed\preprocessed_images\patient_083\Lateral.png
84,d:\LUMOS\lumos_x\lumos_x_001_280_dcm\lumos_x_084\lumos_x_084_1.Dcm,d:\LUMOS\lumos_x\lumos_x_001_280_dcm\lumos_x_084\lumos_x_084_2.Dcm,True,True,True,4,True,68,Female,Asian,1.66,65.0,23.588329220496444,0,1.066,1.039,1.065,1.066,1.067,1.067,1.088,-0.4,train,d:\LUMOS\processed\preprocessed_images\patient_084\AP.png,d:\LUMOS\processed\preprocessed_images\patient_084\Lateral.png
85,d:\LUMOS\lumos_x\lumos_x_001_280_dcm\lumos_x_085\lumos_x_085_1.Dcm,d:\LUMOS\lumos_x\lumos_x_001_280_dcm\lumos_x_085\lumos_x_085_2.Dcm,True,True,True,4,True,61,Female,Asian,1.56,74.0,30.407626561472718,1,0.939,0.857,0.897,0.939,0.922,0.967,1.015,-1.4583,validation,d:\LUMOS\processed\preprocessed_images\patient_085\AP.png,d:\LUMOS\processed\preprocessed_images\patient_085\Lateral.png
86,d:\LUMOS\lumos_x\lumos_x_001_280_dcm\lumos_x_086\lumos_x_086_1.Dcm,d:\LUMOS\lumos_x\lumos_x_001_280_dcm\lumos_x_086\lumos_x_086_2.Dcm,True,True,True,4,True,64,Female,Asian,1.58,58.0,23.233456176894723,0,1.029,0.955,1.04,1.029,1.119,1.077,1.09,-0.7083,validation,d:\LUMOS\processed\preprocessed_images\patient_086\AP.png,d:\LUMOS\processed\preprocessed_images\patient_086\Lateral.png
87,d:\LUMOS\lumos_x\lumos_x_001_280_dcm\lumos_x_087\lumos_x_087_1.Dcm,d:\LUMOS\lumos_x\lumos_x_001_280_dcm\lumos_x_087\lumos_x_087_2.Dcm,True,True,True,4,True,68,Female,Asian,1.55,65.0,27.055150884495315,1,0.837,0.717,0.776,0.837,0.84,0.898,0.946,-2.3083,test,d:\LUMOS\processed\preprocessed_images\patient_087\AP.png,d:\LUMOS\processed\preprocessed_images\patient_087\Lateral.png
88,d:\LUMOS\lumos_x\lumos_x_001_280_dcm\lumos_x_088\lumos_x_088_1.Dcm,d:\LUMOS\lumos_x\lumos_x_001_280_dcm\lumos_x_088\lumos_x_088_2.Dcm,True,True,True,4,True,61,Male,Asian,1.59,57.0,22.54657648036074,2,0.806,0.739,0.798,0.806,0.836,0.832,0.862,-2.5667,train,d:\LUMOS\processed\preprocessed_images\patient_088\AP.png,d:\LUMOS\processed\preprocessed_images\patient_088\Lateral.png
89,d:\LUMOS\lumos_x\lumos_x_001_280_dcm\lumos_x_089\lumos_x_089_1.Dcm,d:\LUMOS\lumos_x\lumos_x_001_280_dcm\lumos_x_089\lumos_x_089_2.Dcm,True,True,True,4,True,62,Male,Asian,1.67,80.0,28.685144680698485,0,1.559,1.5,1.534,1.559,1.583,1.598,1.613,3.7083,train,d:\LUMOS\processed\preprocessed_images\patient_089\AP.png,d:\LUMOS\processed\preprocessed_images\patient_089\Lateral.png
90,d:\LUMOS\lumos_x\lumos_x_001_280_dcm\lumos_x_090\lumos_x_090_1.Dcm,d:\LUMOS\lumos_x\lumos_x_001_280_dcm\lumos_x_090\lumos_x_090_2.Dcm,True,True,True,4,True,30,Male,Asian,1.69,90.0,31.51150169811982,2,0.624,0.83,0.884,0.892,0.913,0.912,0.943,-4.0833,train,d:\LUMOS\processed\preprocessed_images\patient_090\AP.png,d:\LUMOS\processed\preprocessed_images\patient_090\Lateral.png
91,d:\LUMOS\lumos_x\lumos_x_001_280_dcm\lumos_x_091\lumos_x_091_1.Dcm,d:\LUMOS\lumos_x\lumos_x_001_280_dcm\lumos_x_091\lumos_x_091_2.Dcm,True,True,True,8,True,55,Female,Asian,1.6,62.0,24.21875,0,1.232,1.148,1.189,1.232,1.236,1.275,1.304,0.9833,train,d:\LUMOS\processed\preprocessed_images\patient_091\AP.png,d:\LUMOS\processed\preprocessed_images\patient_091\Lateral.png
92,d:\LUMOS\lumos_x\lumos_x_001_280_dcm\lumos_x_092\lumos_x_092_1.Dcm,d:\LUMOS\lumos_x\lumos_x_001_280_dcm\lumos_x_092\lumos_x_092_2.Dcm,True,True,True,4,True,68,Male,Asian,1.62,64.0,24.38652644413961,0,1.079,1.126,1.121,1.079,1.145,1.084,1.036,-0.2917,train,d:\LUMOS\processed\preprocessed_images\patient_092\AP.png,d:\LUMOS\processed\preprocessed_images\patient_092\Lateral.png
93,d:\LUMOS\lumos_x\lumos_x_001_280_dcm\lumos_x_093\lumos_x_093_1.Dcm,d:\LUMOS\lumos_x\lumos_x_001_280_dcm\lumos_x_093\lumos_x_093_2.Dcm,True,True,True,4,True,49,Female,Asian,1.6,55.0,21.484375,0,1.288,1.216,1.249,1.288,1.287,1.322,1.342,1.45,test,d:\LUMOS\processed\preprocessed_images\patient_093\AP.png,d:\LUMOS\processed\preprocessed_images\patient_093\Lateral.png
94,d:\LUMOS\lumos_x\lumos_x_001_280_dcm\lumos_x_094\lumos_x_094_1.Dcm,d:\LUMOS\lumos_x\lumos_x_001_280_dcm\lumos_x_094\lumos_x_094_2.Dcm,True,True,True,4,True,79,Female,Asian,1.61,53.0,20.446742023841672,0,1.13571299148396,1.059,1.115,1.132,1.133,1.147,1.191,0.1809,train,d:\LUMOS\processed\preprocessed_images\patient_094\AP.png,d:\LUMOS\processed\preprocessed_images\patient_094\Lateral.png
95,d:\LUMOS\lumos_x\lumos_x_001_280_dcm\lumos_x_095\lumos_x_095_1.Dcm,d:\LUMOS\lumos_x\lumos_x_001_280_dcm\lumos_x_095\lumos_x_095_2.Dcm,True,True,True,4,True,79,Female,Asian,1.49,59.0,26.57537948741048,1,0.916,0.859,0.929,0.916,0.934,0.916,0.956,-1.65,validation,d:\LUMOS\processed\preprocessed_images\patient_095\AP.png,d:\LUMOS\processed\preprocessed_images\patient_095\Lateral.png
96,d:\LUMOS\lumos_x\lumos_x_001_280_dcm\lumos_x_096\lumos_x_096_1.Dcm,d:\LUMOS\lumos_x\lumos_x_001_280_dcm\lumos_x_096\lumos_x_096_2.Dcm,True,True,True,4,True,76,Female,Asian,1.64,55.0,20.449137418203453,2,0.75,0.742,0.76,0.75,0.766,0.751,0.758,-3.0333,train,d:\LUMOS\processed\preprocessed_images\patient_096\AP.png,d:\LUMOS\processed\preprocessed_images\patient_096\Lateral.png
97,d:\LUMOS\lumos_x\lumos_x_001_280_dcm\lumos_x_097\lumos_x_097_1.Dcm,d:\LUMOS\lumos_x\lumos_x_001_280_dcm\lumos_x_097\lumos_x_097_2.Dcm,True,True,True,4,True,57,Female,Asian,1.5,55.0,24.444444444444443,2,0.768,0.712,0.743,0.768,0.754,0.782,0.812,-2.8833,train,d:\LUMOS\processed\preprocessed_images\patient_097\AP.png,d:\LUMOS\processed\preprocessed_images\patient_097\Lateral.png
98,d:\LUMOS\lumos_x\lumos_x_001_280_dcm\lumos_x_098\lumos_x_098_1.Dcm,d:\LUMOS\lumos_x\lumos_x_001_280_dcm\lumos_x_098\lumos_x_098_2.Dcm,True,True,True,4,True,69,Female,Asian,1.57,66.0,26.77593411497424,0,1.034,0.912,0.949,1.034,0.989,1.086,1.149,-0.6667,train,d:\LUMOS\processed\preprocessed_images\patient_098\AP.png,d:\LUMOS\processed\preprocessed_images\patient_098\Lateral.png
99,d:\LUMOS\lumos_x\lumos_x_001_280_dcm\lumos_x_099\lumos_x_099_1.Dcm,d:\LUMOS\lumos_x\lumos_x_001_280_dcm\lumos_x_099\lumos_x_099_2.Dcm,True,True,True,4,True,75,Female,Asian,1.5,55.0,24.444444444444443,2,0.767,0.803,0.797,0.767,0.837,0.785,0.733,-2.8917,train,d:\LUMOS\processed\preprocessed_images\patient_099\AP.png,d:\LUMOS\processed\preprocessed_images\patient_099\Lateral.png
100,d:\LUMOS\lumos_x\lumos_x_001_280_dcm\lumos_x_100\lumos_x_100_1.Dcm,d:\LUMOS\lumos_x\lumos_x_001_280_dcm\lumos_x_100\lumos_x_100_2.Dcm,True,True,True,4,True,67,Female,Asian,1.55,67.0,27.887617065556707,0,1.099,1.031,1.065,1.099,1.076,1.115,1.155,-0.125,train,d:\LUMOS\processed\preprocessed_images\patient_100\AP.png,d:\LUMOS\processed\preprocessed_images\patient_100\Lateral.png
101,d:\LUMOS\lumos_x\lumos_x_001_280_dcm\lumos_x_101\lumos_x_101_1.Dcm,d:\LUMOS\lumos_x\lumos_x_001_280_dcm\lumos_x_101\lumos_x_101_2.Dcm,True,True,True,4,True,73,Female,Asian,1.55,65.0,27.055150884495315,0,1.023,1.03,1.055,1.023,1.027,0.997,1.017,-0.7583,test,d:\LUMOS\processed\preprocessed_images\patient_101\AP.png,d:\LUMOS\processed\preprocessed_images\patient_101\Lateral.png
102,d:\LUMOS\lumos_x\lumos_x_001_280_dcm\lumos_x_102\lumos_x_102_1.Dcm,d:\LUMOS\lumos_x\lumos_x_001_280_dcm\lumos_x_102\lumos_x_102_2.Dcm,True,True,True,4,True,58,Female,Asian,1.55,70.0,29.1363163371488,0,1.177,1.117,1.135,1.177,1.154,1.201,1.228,0.525,test,d:\LUMOS\processed\preprocessed_images\patient_102\AP.png,d:\LUMOS\processed\preprocessed_images\patient_102\Lateral.png
103,d:\LUMOS\lumos_x\lumos_x_001_280_dcm\lumos_x_103\lumos_x_103_1.Dcm,d:\LUMOS\lumos_x\lumos_x_001_280_dcm\lumos_x_103\lumos_x_103_2.Dcm,True,True,True,4,True,72,Male,Asian,1.54,67.0,28.25096980941137,0,1.548,1.353,1.469,1.548,1.556,1.627,1.726,3.6167,validation,d:\LUMOS\processed\preprocessed_images\patient_103\AP.png,d:\LUMOS\processed\preprocessed_images\patient_103\Lateral.png
104,d:\LUMOS\lumos_x\lumos_x_001_280_dcm\lumos_x_104\lumos_x_104_1.Dcm,d:\LUMOS\lumos_x\lumos_x_001_280_dcm\lumos_x_104\lumos_x_104_2.Dcm,True,True,True,4,True,78,Female,Asian,1.53,67.0,28.621470374642232,1,0.888969917958068,0.809,0.849,0.888,0.895,0.928,0.955,-1.8753,train,d:\LUMOS\processed\preprocessed_images\patient_104\AP.png,d:\LUMOS\processed\preprocessed_images\patient_104\Lateral.png
105,d:\LUMOS\lumos_x\lumos_x_001_280_dcm\lumos_x_105\lumos_x_105_1.Dcm,d:\LUMOS\lumos_x\lumos_x_001_280_dcm\lumos_x_105\lumos_x_105_2.Dcm,True,True,True,4,True,65,Female,Asian,1.6,50.0,19.53125,2,0.774,0.709,0.763,0.774,0.771,0.782,0.832,-2.8333,train,d:\LUMOS\processed\preprocessed_images\patient_105\AP.png,d:\LUMOS\processed\preprocessed_images\patient_105\Lateral.png
106,d:\LUMOS\lumos_x\lumos_x_001_280_dcm\lumos_x_106\lumos_x_106_1.Dcm,d:\LUMOS\lumos_x\lumos_x_001_280_dcm\lumos_x_106\lumos_x_106_2.Dcm,True,True,True,4,True,62,Male,Asian,1.55,67.0,27.887617065556707,0,1.096,0.997,1.052,1.096,1.091,1.134,1.183,-0.15,test,d:\LUMOS\processed\preprocessed_images\patient_106\AP.png,d:\LUMOS\processed\preprocessed_images\patient_106\Lateral.png
107,d:\LUMOS\lumos_x\lumos_x_001_280_dcm\lumos_x_107\lumos_x_107_1.Dcm,d:\LUMOS\lumos_x\lumos_x_001_280_dcm\lumos_x_107\lumos_x_107_2.Dcm,True,True,True,4,True,72,Female,Asian,1.55,64.0,26.638917793964616,0,1.15232240437158,1.04,1.095,1.153,1.157,1.211,1.259,0.3194,train,d:\LUMOS\processed\preprocessed_images\patient_107\AP.png,d:\LUMOS\processed\preprocessed_images\patient_107\Lateral.png
108,d:\LUMOS\lumos_x\lumos_x_001_280_dcm\lumos_x_108\lumos_x_108_1.Dcm,d:\LUMOS\lumos_x\lumos_x_001_280_dcm\lumos_x_108\lumos_x_108_2.Dcm,True,True,True,4,True,77,Male,Asian,1.65,58.0,21.30394857667585,0,1.449,1.218,1.317,1.449,1.365,1.516,1.652,2.7917,validation,d:\LUMOS\processed\preprocessed_images\patient_108\AP.png,d:\LUMOS\processed\preprocessed_images\patient_108\Lateral.png
109,d:\LUMOS\lumos_x\lumos_x_001_280_dcm\lumos_x_109\lumos_x_109_1.Dcm,d:\LUMOS\lumos_x\lumos_x_001_280_dcm\lumos_x_109\lumos_x_109_2.Dcm,True,True,True,4,True,78,Female,Asian,1.58,49.0,19.62826470116968,0,1.055,0.941,0.976,1.055,0.985,1.082,1.151,-0.4917,validation,d:\LUMOS\processed\preprocessed_images\patient_109\AP.png,d:\LUMOS\processed\preprocessed_images\patient_109\Lateral.png
110,d:\LUMOS\lumos_x\lumos_x_001_280_dcm\lumos_x_110\lumos_x_110_1.Dcm,d:\LUMOS\lumos_x\lumos_x_001_280_dcm\lumos_x_110\lumos_x_110_2.Dcm,True,True,True,4,True,59,Female,Asian,1.62,57.0,21.71925011431184,0,1.004,0.921,0.963,1.004,0.994,1.034,1.071,-0.9167,validation,d:\LUMOS\processed\preprocessed_images\patient_110\AP.png,d:\LUMOS\processed\preprocessed_images\patient_110\Lateral.png
111,d:\LUMOS\lumos_x\lumos_x_001_280_dcm\lumos_x_111\lumos_x_111_1.Dcm,d:\LUMOS\lumos_x\lumos_x_001_280_dcm\lumos_x_111\lumos_x_111_2.Dcm,True,True,True,4,True,30,Female,Asian,1.53,40.0,17.087444999786406,2,0.807,0.86,0.891,0.909,0.914,0.928,0.946,-2.5583,validation,d:\LUMOS\processed\preprocessed_images\patient_111\AP.png,d:\LUMOS\processed\preprocessed_images\patient_111\Lateral.png
112,d:\LUMOS\lumos_x\lumos_x_001_280_dcm\lumos_x_112\lumos_x_112_1.Dcm,d:\LUMOS\lumos_x\lumos_x_001_280_dcm\lumos_x_112\lumos_x_112_2.Dcm,True,True,True,4,True,72,Male,Asian,1.68,68.0,24.092970521541957,0,1.198,1.166,1.184,1.198,1.217,1.223,1.225,0.7,train,d:\LUMOS\processed\preprocessed_images\patient_112\AP.png,d:\LUMOS\processed\preprocessed_images\patient_112\Lateral.png
113,d:\LUMOS\lumos_x\lumos_x_001_280_dcm\lumos_x_113\lumos_x_113_1.Dcm,d:\LUMOS\lumos_x\lumos_x_001_280_dcm\lumos_x_113\lumos_x_113_2.Dcm,True,True,True,4,True,79,Female,Asian,1.53,50.0,21.35930624973301,1,0.955,0.915,0.939,0.955,0.938,0.957,0.983,-1.325,train,d:\LUMOS\processed\preprocessed_images\patient_113\AP.png,d:\LUMOS\processed\preprocessed_images\patient_113\Lateral.png
114,d:\LUMOS\lumos_x\lumos_x_001_280_dcm\lumos_x_114\lumos_x_114_1.Dcm,d:\LUMOS\lumos_x\lumos_x_001_280_dcm\lumos_x_114\lumos_x_114_2.Dcm,True,True,True,4,True,72,Female,Asian,1.47,52.0,24.06404738766255,1,0.863,0.784,0.814,0.863,0.803,0.873,0.952,-2.0917,train,d:\LUMOS\processed\preprocessed_images\patient_114\AP.png,d:\LUMOS\processed\preprocessed_images\patient_114\Lateral.png
115,d:\LUMOS\lumos_x\lumos_x_001_280_dcm\lumos_x_115\lumos_x_115_1.Dcm,d:\LUMOS\lumos_x\lumos_x_001_280_dcm\lumos_x_115\lumos_x_115_2.Dcm,True,True,True,4,True,55,Female,Asian,1.58,48.0,19.227687870533565,2,0.586,0.6,0.595,0.586,0.567,0.564,0.573,-4.4,train,d:\LUMOS\processed\preprocessed_images\patient_115\AP.png,d:\LUMOS\processed\preprocessed_images\patient_115\Lateral.png
116,d:\LUMOS\lumos_x\lumos_x_001_280_dcm\lumos_x_116\lumos_x_116_1.Dcm,d:\LUMOS\lumos_x\lumos_x_001_280_dcm\lumos_x_116\lumos_x_116_2.Dcm,True,True,True,4,True,77,Female,Asian,1.55,70.0,29.1363163371488,2,0.814,0.731,0.787,0.814,0.797,0.828,0.885,-2.5,test,d:\LUMOS\processed\preprocessed_images\patient_116\AP.png,d:\LUMOS\processed\preprocessed_images\patient_116\Lateral.png
117,d:\LUMOS\lumos_x\lumos_x_001_280_dcm\lumos_x_117\lumos_x_117_1.Dcm,d:\LUMOS\lumos_x\lumos_x_001_280_dcm\lumos_x_117\lumos_x_117_2.Dcm,True,True,True,4,True,72,Female,Asian,1.53,62.0,26.48553974966893,0,1.22,1.061,1.157,1.22,1.205,1.269,1.356,0.8833,train,d:\LUMOS\processed\preprocessed_images\patient_117\AP.png,d:\LUMOS\processed\preprocessed_images\patient_117\Lateral.png
118,d:\LUMOS\lumos_x\lumos_x_001_280_dcm\lumos_x_118\lumos_x_118_1.Dcm,d:\LUMOS\lumos_x\lumos_x_001_280_dcm\lumos_x_118\lumos_x_118_2.Dcm,True,True,True,4,True,72,Female,Asian,1.6,51.0,19.921875,1,0.967,0.967,0.992,0.967,0.998,0.964,0.966,-1.225,train,d:\LUMOS\processed\preprocessed_images\patient_118\AP.png,d:\LUMOS\processed\preprocessed_images\patient_118\Lateral.png
119,d:\LUMOS\lumos_x\lumos_x_001_280_dcm\lumos_x_119\lumos_x_119_1.Dcm,d:\LUMOS\lumos_x\lumos_x_001_280_dcm\lumos_x_119\lumos_x_119_2.Dcm,True,True,True,4,True,59,Female,Asian,1.6,75.0,29.296874999999996,1,0.974,0.929,0.928,0.974,0.945,0.997,1.011,-1.1667,validation,d:\LUMOS\processed\preprocessed_images\patient_119\AP.png,d:\LUMOS\processed\preprocessed_images\patient_119\Lateral.png
120,d:\LUMOS\lumos_x\lumos_x_001_280_dcm\lumos_x_120\lumos_x_120_1.Dcm,d:\LUMOS\lumos_x\lumos_x_001_280_dcm\lumos_x_120\lumos_x_120_2.Dcm,True,True,True,4,True,64,Female,Asian,1.49,54.0,24.32322868339264,1,0.925,0.916,0.906,0.925,0.872,0.909,0.932,-1.575,test,d:\LUMOS\processed\preprocessed_images\patient_120\AP.png,d:\LUMOS\processed\preprocessed_images\patient_120\Lateral.png
121,d:\LUMOS\lumos_x\lumos_x_001_280_dcm\lumos_x_121\lumos_x_121_1.Dcm,d:\LUMOS\lumos_x\lumos_x_001_280_dcm\lumos_x_121\lumos_x_121_2.Dcm,True,True,True,4,True,73,Female,Asian,1.68,69.0,24.44727891156463,1,0.922,0.836,0.852,0.922,0.838,0.932,0.993,-1.6,train,d:\LUMOS\processed\preprocessed_images\patient_121\AP.png,d:\LUMOS\processed\preprocessed_images\patient_121\Lateral.png
122,d:\LUMOS\lumos_x\lumos_x_001_280_dcm\lumos_x_122\lumos_x_122_1.Dcm,d:\LUMOS\lumos_x\lumos_x_001_280_dcm\lumos_x_122\lumos_x_122_2.Dcm,True,True,True,4,True,45,Female,Asian,1.61,45.0,17.360441340997646,1,0.993,0.996,0.992,0.993,0.974,0.982,0.99,-1.0083,validation,d:\LUMOS\processed\preprocessed_images\patient_122\AP.png,d:\LUMOS\processed\preprocessed_images\patient_122\Lateral.png
123,d:\LUMOS\lumos_x\lumos_x_001_280_dcm\lumos_x_123\lumos_x_123_1.Dcm,d:\LUMOS\lumos_x\lumos_x_001_280_dcm\lumos_x_123\lumos_x_123_2.Dcm,True,True,True,4,True,57,Female,Asian,1.61,65.0,25.076193048107708,1,0.978,0.975,0.979,0.978,0.991,0.985,0.981,-1.1333,test,d:\LUMOS\processed\preprocessed_images\patient_123\AP.png,d:\LUMOS\processed\preprocessed_images\patient_123\Lateral.png
124,d:\LUMOS\lumos_x\lumos_x_001_280_dcm\lumos_x_124\lumos_x_124_1.Dcm,d:\LUMOS\lumos_x\lumos_x_001_280_dcm\lumos_x_124\lumos_x_124_2.Dcm,True,True,True,4,True,74,Female,Asian,1.59,66.0,26.106562240417706,0,1.035,0.959,0.99,1.035,1.028,1.076,1.107,-0.6583,train,d:\LUMOS\processed\preprocessed_images\patient_124\AP.png,d:\LUMOS\processed\preprocessed_images\patient_124\Lateral.png
125,d:\LUMOS\lumos_x\lumos_x_001_280_dcm\lumos_x_125\lumos_x_125_1.Dcm,d:\LUMOS\lumos_x\lumos_x_001_280_dcm\lumos_x_125\lumos_x_125_2.Dcm,True,True,True,4,True,70,Female,Asian,1.53,46.0,19.650561749754367,1,0.834,0.846,0.849,0.834,0.863,0.839,0.825,-2.3333,validation,d:\LUMOS\processed\preprocessed_images\patient_125\AP.png,d:\LUMOS\processed\preprocessed_images\patient_125\Lateral.png
126,d:\LUMOS\lumos_x\lumos_x_001_280_dcm\lumos_x_126\lumos_x_126_1.Dcm,d:\LUMOS\lumos_x\lumos_x_001_280_dcm\lumos_x_126\lumos_x_126_2.Dcm,True,True,True,4,True,61,Female,Asian,1.54,48.0,20.23950075898128,2,0.675,0.754,0.721,0.675,0.688,0.643,0.617,-3.6583,train,d:\LUMOS\processed\preprocessed_images\patient_126\AP.png,d:\LUMOS\processed\preprocessed_images\patient_126\Lateral.png
127,d:\LUMOS\lumos_x\lumos_x_001_280_dcm\lumos_x_127\lumos_x_127_1.Dcm,d:\LUMOS\lumos_x\lumos_x_001_280_dcm\lumos_x_127\lumos_x_127_2.Dcm,True,True,True,4,True,65,Female,Asian,1.63,60.0,22.582709172343712,1,0.864,0.792,0.824,0.864,0.822,0.874,0.924,-2.0833,validation,d:\LUMOS\processed\preprocessed_images\patient_127\AP.png,d:\LUMOS\processed\preprocessed_images\patient_127\Lateral.png
128,d:\LUMOS\lumos_x\lumos_x_001_280_dcm\lumos_x_128\lumos_x_128_1.Dcm,d:\LUMOS\lumos_x\lumos_x_001_280_dcm\lumos_x_128\lumos_x_128_2.Dcm,True,True,True,4,True,61,Female,Asian,1.61,61.0,23.53304270668569,1,0.878,0.843,0.84,0.878,0.839,0.887,0.907,-1.9667,validation,d:\LUMOS\processed\preprocessed_images\patient_128\AP.png,d:\LUMOS\processed\preprocessed_images\patient_128\Lateral.png
129,d:\LUMOS\lumos_x\lumos_x_001_280_dcm\lumos_x_129\lumos_x_129_1.Dcm,d:\LUMOS\lumos_x\lumos_x_001_280_dcm\lumos_x_129\lumos_x_129_2.Dcm,True,True,True,4,True,70,Male,Asian,1.71,77.0,26.332888752094664,0,1.257,1.176,1.228,1.257,1.261,1.285,1.324,1.1917,validation,d:\LUMOS\processed\preprocessed_images\patient_129\AP.png,d:\LUMOS\processed\preprocessed_images\patient_129\Lateral.png
130,d:\LUMOS\lumos_x\lumos_x_001_280_dcm\lumos_x_130\lumos_x_130_1.Dcm,d:\LUMOS\lumos_x\lumos_x_001_280_dcm\lumos_x_130\lumos_x_130_2.Dcm,True,True,True,4,True,74,Female,Asian,1.49,62.0,27.92666996982118,2,0.787,0.711,0.747,0.787,0.759,0.804,0.843,-2.725,train,d:\LUMOS\processed\preprocessed_images\patient_130\AP.png,d:\LUMOS\processed\preprocessed_images\patient_130\Lateral.png
131,d:\LUMOS\lumos_x\lumos_x_001_280_dcm\lumos_x_131\lumos_x_131_1.Dcm,d:\LUMOS\lumos_x\lumos_x_001_280_dcm\lumos_x_131\lumos_x_131_2.Dcm,True,True,True,8,True,55,Female,Asian,1.5,57.0,25.33333333333333,1,0.956,0.888,0.911,0.956,0.92,0.975,1.015,-1.3167,train,d:\LUMOS\processed\preprocessed_images\patient_131\AP.png,d:\LUMOS\processed\preprocessed_images\patient_131\Lateral.png
132,d:\LUMOS\lumos_x\lumos_x_001_280_dcm\lumos_x_132\lumos_x_132_1.Dcm,d:\LUMOS\lumos_x\lumos_x_001_280_dcm\lumos_x_132\lumos_x_132_2.Dcm,True,True,True,4,True,51,Female,Asian,1.51,61.0,26.753212578395683,1,0.831,0.843,0.861,0.831,0.851,0.816,0.822,-2.3583,train,d:\LUMOS\processed\preprocessed_images\patient_132\AP.png,d:\LUMOS\processed\preprocessed_images\patient_132\Lateral.png
133,d:\LUMOS\lumos_x\lumos_x_001_280_dcm\lumos_x_133\lumos_x_133_1.Dcm,d:\LUMOS\lumos_x\lumos_x_001_280_dcm\lumos_x_133\lumos_x_133_2.Dcm,True,True,True,4,True,62,Female,Asian,1.53,58.0,24.77679524969029,0,1.11,1.014,1.083,1.11,1.144,1.157,1.196,-0.0333,test,d:\LUMOS\processed\preprocessed_images\patient_133\AP.png,d:\LUMOS\processed\preprocessed_images\patient_133\Lateral.png
134,d:\LUMOS\lumos_x\lumos_x_001_280_dcm\lumos_x_134\lumos_x_134_1.Dcm,d:\LUMOS\lumos_x\lumos_x_001_280_dcm\lumos_x_134\lumos_x_134_2.Dcm,True,True,True,4,True,59,Female,Asian,1.57,57.0,23.124670372023203,0,1.058,0.918,0.991,1.058,1.031,1.1,1.167,-0.4667,train,d:\LUMOS\processed\preprocessed_images\patient_134\AP.png,d:\LUMOS\processed\preprocessed_images\patient_134\Lateral.png
135,d:\LUMOS\lumos_x\lumos_x_001_280_dcm\lumos_x_135\lumos_x_135_1.Dcm,d:\LUMOS\lumos_x\lumos_x_001_280_dcm\lumos_x_135\lumos_x_135_2.Dcm,True,True,True,4,True,30,Female,Asian,1.58,53.0,21.230572023714146,0,1.056,1.088,1.057,1.056,1.049,1.051,1.029,-0.4833,train,d:\LUMOS\processed\preprocessed_images\patient_135\AP.png,d:\LUMOS\processed\preprocessed_images\patient_135\Lateral.png
136,d:\LUMOS\lumos_x\lumos_x_001_280_dcm\lumos_x_136\lumos_x_136_1.Dcm,d:\LUMOS\lumos_x\lumos_x_001_280_dcm\lumos_x_136\lumos_x_136_2.Dcm,True,True,True,4,True,64,Female,Asian,1.56,54.0,22.189349112426036,1,0.947,0.945,0.966,0.947,0.992,0.959,0.948,-1.3917,train,d:\LUMOS\processed\preprocessed_images\patient_136\AP.png,d:\LUMOS\processed\preprocessed_images\patient_136\Lateral.png
137,d:\LUMOS\lumos_x\lumos_x_001_280_dcm\lumos_x_137\lumos_x_137_1.Dcm,d:\LUMOS\lumos_x\lumos_x_001_280_dcm\lumos_x_137\lumos_x_137_2.Dcm,True,True,True,4,True,68,Male,Asian,1.7,60.0,20.761245674740486,0,1.118,1.093,1.105,1.118,1.109,1.124,1.139,0.0333,train,d:\LUMOS\processed\preprocessed_images\patient_137\AP.png,d:\LUMOS\processed\preprocessed_images\patient_137\Lateral.png
138,d:\LUMOS\lumos_x\lumos_x_001_280_dcm\lumos_x_138\lumos_x_138_1.Dcm,d:\LUMOS\lumos_x\lumos_x_001_280_dcm\lumos_x_138\lumos_x_138_2.Dcm,True,True,True,4,True,65,Female,Asian,1.38,52.0,27.305187985717293,2,0.804,0.931,0.839,0.804,0.805,0.77,0.677,-2.5833,train,d:\LUMOS\processed\preprocessed_images\patient_138\AP.png,d:\LUMOS\processed\preprocessed_images\patient_138\Lateral.png
139,d:\LUMOS\lumos_x\lumos_x_001_280_dcm\lumos_x_139\lumos_x_139_1.Dcm,d:\LUMOS\lumos_x\lumos_x_001_280_dcm\lumos_x_139\lumos_x_139_2.Dcm,True,True,True,4,True,69,Male,Asian,1.69,61.0,21.35779559539232,0,1.103,0.964,1.026,1.103,1.078,1.157,1.211,-0.0917,train,d:\LUMOS\processed\preprocessed_images\patient_139\AP.png,d:\LUMOS\processed\preprocessed_images\patient_139\Lateral.png
140,d:\LUMOS\lumos_x\lumos_x_001_280_dcm\lumos_x_140\lumos_x_140_1.Dcm,d:\LUMOS\lumos_x\lumos_x_001_280_dcm\lumos_x_140\lumos_x_140_2.Dcm,True,True,True,4,True,61,Female,Asian,1.62,61.0,23.243408017070564,2,0.786,0.702,0.753,0.786,0.77,0.805,0.85,-2.7333,train,d:\LUMOS\processed\preprocessed_images\patient_140\AP.png,d:\LUMOS\processed\preprocessed_images\patient_140\Lateral.png
141,d:\LUMOS\lumos_x\lumos_x_001_280_dcm\lumos_x_141\lumos_x_141_1.Dcm,d:\LUMOS\lumos_x\lumos_x_001_280_dcm\lumos_x_141\lumos_x_141_2.Dcm,True,True,True,4,True,71,Male,Asian,1.7,82.0,28.37370242214533,2,0.781,0.746,0.773,0.781,0.8,0.799,0.81,-2.775,train,d:\LUMOS\processed\preprocessed_images\patient_141\AP.png,d:\LUMOS\processed\preprocessed_images\patient_141\Lateral.png
142,d:\LUMOS\lumos_x\lumos_x_001_280_dcm\lumos_x_142\lumos_x_142_1.Dcm,d:\LUMOS\lumos_x\lumos_x_001_280_dcm\lumos_x_142\lumos_x_142_2.Dcm,True,True,True,4,True,67,Male,Asian,1.7,70.0,24.221453287197235,2,0.663,0.642,0.644,0.663,0.684,0.695,0.68,-3.7583,train,d:\LUMOS\processed\preprocessed_images\patient_142\AP.png,d:\LUMOS\processed\preprocessed_images\patient_142\Lateral.png
143,d:\LUMOS\lumos_x\lumos_x_001_280_dcm\lumos_x_143\lumos_x_143_1.Dcm,d:\LUMOS\lumos_x\lumos_x_001_280_dcm\lumos_x_143\lumos_x_143_2.Dcm,True,True,True,4,True,71,Male,Asian,1.72,67.0,22.647376960519203,1,0.906,0.827,0.86,0.906,0.883,0.933,0.969,-1.7333,validation,d:\LUMOS\processed\preprocessed_images\patient_143\AP.png,d:\LUMOS\processed\preprocessed_images\patient_143\Lateral.png
144,d:\LUMOS\lumos_x\lumos_x_001_280_dcm\lumos_x_144\lumos_x_144_1.Dcm,d:\LUMOS\lumos_x\lumos_x_001_280_dcm\lumos_x_144\lumos_x_144_2.Dcm,True,True,True,4,True,74,Female,Asian,1.5,50.0,22.22222222222222,2,0.682638456751711,0.672,0.671,0.682,0.666,0.682,0.69,-3.5947,test,d:\LUMOS\processed\preprocessed_images\patient_144\AP.png,d:\LUMOS\processed\preprocessed_images\patient_144\Lateral.png
145,d:\LUMOS\lumos_x\lumos_x_001_280_dcm\lumos_x_145\lumos_x_145_1.Dcm,d:\LUMOS\lumos_x\lumos_x_001_280_dcm\lumos_x_145\lumos_x_145_2.Dcm,True,True,True,4,True,65,Female,Asian,1.59,70.0,27.688778133776356,0,1.169,1.061,1.115,1.169,1.144,1.204,1.263,0.4583,train,d:\LUMOS\processed\preprocessed_images\patient_145\AP.png,d:\LUMOS\processed\preprocessed_images\patient_145\Lateral.png
146,d:\LUMOS\lumos_x\lumos_x_001_280_dcm\lumos_x_146\lumos_x_146_1.Dcm,d:\LUMOS\lumos_x\lumos_x_001_280_dcm\lumos_x_146\lumos_x_146_2.Dcm,True,True,True,4,True,30,Female,Asian,1.48,40.0,18.26150474799124,0,1.06,1.042,1.061,1.059,1.085,1.073,1.072,-0.45,train,d:\LUMOS\processed\preprocessed_images\patient_146\AP.png,d:\LUMOS\processed\preprocessed_images\patient_146\Lateral.png
147,d:\LUMOS\lumos_x\lumos_x_001_280_dcm\lumos_x_147\lumos_x_147_1.Dcm,d:\LUMOS\lumos_x\lumos_x_001_280_dcm\lumos_x_147\lumos_x_147_2.Dcm,True,True,True,4,True,59,Female,Asian,1.57,51.0,20.690494543389185,0,1.17052860246198,1.102,1.156,1.171,1.19,1.196,1.225,0.4711,train,d:\LUMOS\processed\preprocessed_images\patient_147\AP.png,d:\LUMOS\processed\preprocessed_images\patient_147\Lateral.png
148,d:\LUMOS\lumos_x\lumos_x_001_280_dcm\lumos_x_148\lumos_x_148_1.Dcm,d:\LUMOS\lumos_x\lumos_x_001_280_dcm\lumos_x_148\lumos_x_148_2.Dcm,True,True,True,4,True,78,Female,Asian,1.6,70.0,27.34375,0,1.144,0.899,0.972,1.144,1.029,1.226,1.335,0.25,train,d:\LUMOS\processed\preprocessed_images\patient_148\AP.png,d:\LUMOS\processed\preprocessed_images\patient_148\Lateral.png
149,d:\LUMOS\lumos_x\lumos_x_001_280_dcm\lumos_x_149\lumos_x_149_1.Dcm,d:\LUMOS\lumos_x\lumos_x_001_280_dcm\lumos_x_149\lumos_x_149_2.Dcm,True,True,True,4,True,70,Female,Asian,1.47,59.0,27.303438382155587,1,0.844618907425581,0.745,0.8,0.845,0.821,0.87,0.925,-2.2448,train,d:\LUMOS\processed\preprocessed_images\patient_149\AP.png,d:\LUMOS\processed\preprocessed_images\patient_149\Lateral.png
150,d:\LUMOS\lumos_x\lumos_x_001_280_dcm\lumos_x_150\lumos_x_150_1.Dcm,d:\LUMOS\lumos_x\lumos_x_001_280_dcm\lumos_x_150\lumos_x_150_2.Dcm,True,True,True,4,True,74,Female,Asian,1.62,68.0,25.91068434689833,2,0.72,0.742,0.705,0.72,0.665,0.7,0.701,-3.2833,train,d:\LUMOS\processed\preprocessed_images\patient_150\AP.png,d:\LUMOS\processed\preprocessed_images\patient_150\Lateral.png
151,d:\LUMOS\lumos_x\lumos_x_001_280_dcm\lumos_x_151\lumos_x_151_1.Dcm,d:\LUMOS\lumos_x\lumos_x_001_280_dcm\lumos_x_151\lumos_x_151_2.Dcm,True,True,True,4,True,70,Female,Asian,1.63,67.0,25.21735857578381,0,0.998,0.89,0.936,0.998,0.971,1.036,1.084,-0.9667,train,d:\LUMOS\processed\preprocessed_images\patient_151\AP.png,d:\LUMOS\processed\preprocessed_images\patient_151\Lateral.png
152,d:\LUMOS\lumos_x\lumos_x_001_280_dcm\lumos_x_152\lumos_x_152_1.Dcm,d:\LUMOS\lumos_x\lumos_x_001_280_dcm\lumos_x_152\lumos_x_152_2.Dcm,True,True,True,4,True,64,Female,Asian,1.62,67.0,25.529644871208653,0,1.127,1.086,1.09,1.127,1.111,1.15,1.162,0.1083,train,d:\LUMOS\processed\preprocessed_images\patient_152\AP.png,d:\LUMOS\processed\preprocessed_images\patient_152\Lateral.png
153,d:\LUMOS\lumos_x\lumos_x_001_280_dcm\lumos_x_153\lumos_x_153_1.Dcm,d:\LUMOS\lumos_x\lumos_x_001_280_dcm\lumos_x_153\lumos_x_153_2.Dcm,True,True,True,4,True,30,Female,Asian,1.62,47.0,17.908855357415025,0,1.00996828273675,0.938,0.983,1.01,1.019,1.039,1.066,-0.8669,train,d:\LUMOS\processed\preprocessed_images\patient_153\AP.png,d:\LUMOS\processed\preprocessed_images\patient_153\Lateral.png
154,d:\LUMOS\lumos_x\lumos_x_001_280_dcm\lumos_x_154\lumos_x_154_1.Dcm,d:\LUMOS\lumos_x\lumos_x_001_280_dcm\lumos_x_154\lumos_x_154_2.Dcm,True,True,True,4,True,80,Female,Asian,1.52,58.0,25.10387811634349,1,0.951,0.855,0.9,0.951,0.942,0.992,1.031,-1.3583,train,d:\LUMOS\processed\preprocessed_images\patient_154\AP.png,d:\LUMOS\processed\preprocessed_images\patient_154\Lateral.png
155,d:\LUMOS\lumos_x\lumos_x_001_280_dcm\lumos_x_155\lumos_x_155_1.Dcm,d:\LUMOS\lumos_x\lumos_x_001_280_dcm\lumos_x_155\lumos_x_155_2.Dcm,True,True,True,4,True,56,Female,Asian,1.63,56.5,21.265384470623665,2,0.809,0.786,0.82,0.809,0.831,0.814,0.826,-2.5417,train,d:\LUMOS\processed\preprocessed_images\patient_155\AP.png,d:\LUMOS\processed\preprocessed_images\patient_155\Lateral.png
156,d:\LUMOS\lumos_x\lumos_x_001_280_dcm\lumos_x_156\lumos_x_156_1.Dcm,d:\LUMOS\lumos_x\lumos_x_001_280_dcm\lumos_x_156\lumos_x_156_2.Dcm,True,True,True,4,True,57,Female,Asian,1.57,64.0,25.96454217209623,0,1.058,0.971,1.032,1.058,1.074,1.091,1.126,-0.4667,test,d:\LUMOS\processed\preprocessed_images\patient_156\AP.png,d:\LUMOS\processed\preprocessed_images\patient_156\Lateral.png
157,d:\LUMOS\lumos_x\lumos_x_001_280_dcm\lumos_x_157\lumos_x_157_1.Dcm,d:\LUMOS\lumos_x\lumos_x_001_280_dcm\lumos_x_157\lumos_x_157_2.Dcm,True,True,True,4,True,64,Female,Asian,1.54,65.0,27.40765727778715,2,0.75,0.811,0.768,0.75,0.763,0.743,0.702,-3.0333,validation,d:\LUMOS\processed\preprocessed_images\patient_157\AP.png,d:\LUMOS\processed\preprocessed_images\patient_157\Lateral.png
158,d:\LUMOS\lumos_x\lumos_x_001_280_dcm\lumos_x_158\lumos_x_158_1.Dcm,d:\LUMOS\lumos_x\lumos_x_001_280_dcm\lumos_x_158\lumos_x_158_2.Dcm,True,True,True,4,True,60,Female,Asian,1.61,54.0,20.832529609197174,1,0.95,0.914,0.938,0.95,0.965,0.97,0.978,-1.3667,test,d:\LUMOS\processed\preprocessed_images\patient_158\AP.png,d:\LUMOS\processed\preprocessed_images\patient_158\Lateral.png
159,d:\LUMOS\lumos_x\lumos_x_001_280_dcm\lumos_x_159\lumos_x_159_1.Dcm,d:\LUMOS\lumos_x\lumos_x_001_280_dcm\lumos_x_159\lumos_x_159_2.Dcm,True,True,True,4,True,77,Female,Asian,1.65,64.0,23.507805325987142,1,0.875,0.81,0.871,0.875,0.873,0.878,0.932,-1.9917,train,d:\LUMOS\processed\preprocessed_images\patient_159\AP.png,d:\LUMOS\processed\preprocessed_images\patient_159\Lateral.png
160,d:\LUMOS\lumos_x\lumos_x_001_280_dcm\lumos_x_160\lumos_x_160_1.Dcm,d:\LUMOS\lumos_x\lumos_x_001_280_dcm\lumos_x_160\lumos_x_160_2.Dcm,True,True,True,4,True,64,Female,Asian,1.54,52.5,22.136953955135773,2,0.623,0.577,0.587,0.623,0.598,0.64,0.663,-4.0917,train,d:\LUMOS\processed\preprocessed_images\patient_160\AP.png,d:\LUMOS\processed\preprocessed_images\patient_160\Lateral.png
161,d:\LUMOS\lumos_x\lumos_x_001_280_dcm\lumos_x_161\lumos_x_161_1.Dcm,d:\LUMOS\lumos_x\lumos_x_001_280_dcm\lumos_x_161\lumos_x_161_2.Dcm,True,True,True,4,True,49,Female,Asian,1.56,49.0,20.134779750164363,1,0.919091847,0.879,0.916,0.919,0.935,0.931,0.949,-1.6242,train,d:\LUMOS\processed\preprocessed_images\patient_161\AP.png,d:\LUMOS\processed\preprocessed_images\patient_161\Lateral.png
162,d:\LUMOS\lumos_x\lumos_x_001_280_dcm\lumos_x_162\lumos_x_162_1.Dcm,d:\LUMOS\lumos_x\lumos_x_001_280_dcm\lumos_x_162\lumos_x_162_2.Dcm,True,True,True,4,True,78,Female,Asian,1.6,88.0,34.37499999999999,0,1.558,1.458,1.51,1.558,1.575,1.614,1.636,3.7,test,d:\LUMOS\processed\preprocessed_images\patient_162\AP.png,d:\LUMOS\processed\preprocessed_images\patient_162\Lateral.png
163,d:\LUMOS\lumos_x\lumos_x_001_280_dcm\lumos_x_163\lumos_x_163_1.Dcm,d:\LUMOS\lumos_x\lumos_x_001_280_dcm\lumos_x_163\lumos_x_163_2.Dcm,True,True,True,4,True,67,Female,Asian,1.52,66.0,28.566481994459835,2,0.81,0.737,0.766,0.81,0.757,0.818,0.874,-2.5333,train,d:\LUMOS\processed\preprocessed_images\patient_163\AP.png,d:\LUMOS\processed\preprocessed_images\patient_163\Lateral.png
164,d:\LUMOS\lumos_x\lumos_x_001_280_dcm\lumos_x_164\lumos_x_164_1.Dcm,d:\LUMOS\lumos_x\lumos_x_001_280_dcm\lumos_x_164\lumos_x_164_2.Dcm,True,True,True,4,True,54,Female,Asian,1.54,48.0,20.23950075898128,1,0.904,0.876,0.892,0.904,0.922,0.927,0.928,-1.75,validation,d:\LUMOS\processed\preprocessed_images\patient_164\AP.png,d:\LUMOS\processed\preprocessed_images\patient_164\Lateral.png
165,d:\LUMOS\lumos_x\lumos_x_001_280_dcm\lumos_x_165\lumos_x_165_1.Dcm,d:\LUMOS\lumos_x\lumos_x_001_280_dcm\lumos_x_165\lumos_x_165_2.Dcm,True,True,True,4,True,60,Female,Asian,1.56,65.0,26.709401709401707,2,0.680791677239279,0.619,0.656,0.68,0.669,0.694,0.727,-3.6101,validation,d:\LUMOS\processed\preprocessed_images\patient_165\AP.png,d:\LUMOS\processed\preprocessed_images\patient_165\Lateral.png
166,d:\LUMOS\lumos_x\lumos_x_001_280_dcm\lumos_x_166\lumos_x_166_1.Dcm,d:\LUMOS\lumos_x\lumos_x_001_280_dcm\lumos_x_166\lumos_x_166_2.Dcm,True,True,True,4,True,64,Male,Asian,1.6,54.0,21.09375,1,0.887,0.831,0.863,0.887,0.872,0.899,0.935,-1.8917,validation,d:\LUMOS\processed\preprocessed_images\patient_166\AP.png,d:\LUMOS\processed\preprocessed_images\patient_166\Lateral.png
167,d:\LUMOS\lumos_x\lumos_x_001_280_dcm\lumos_x_167\lumos_x_167_1.Dcm,d:\LUMOS\lumos_x\lumos_x_001_280_dcm\lumos_x_167\lumos_x_167_2.Dcm,True,True,True,4,True,60,Male,Asian,1.73,93.0,31.07354071302081,0,1.516,1.271,1.4,1.516,1.504,1.616,1.733,3.35,train,d:\LUMOS\processed\preprocessed_images\patient_167\AP.png,d:\LUMOS\processed\preprocessed_images\patient_167\Lateral.png
168,d:\LUMOS\lumos_x\lumos_x_001_280_dcm\lumos_x_168\lumos_x_168_1.Dcm,d:\LUMOS\lumos_x\lumos_x_001_280_dcm\lumos_x_168\lumos_x_168_2.Dcm,True,True,True,4,True,77,Male,Asian,1.7,55.0,19.031141868512112,1,0.829,0.77,0.795,0.829,0.807,0.846,0.88,-2.375,test,d:\LUMOS\processed\preprocessed_images\patient_168\AP.png,d:\LUMOS\processed\preprocessed_images\patient_168\Lateral.png
169,d:\LUMOS\lumos_x\lumos_x_001_280_dcm\lumos_x_169\lumos_x_169_1.Dcm,d:\LUMOS\lumos_x\lumos_x_001_280_dcm\lumos_x_169\lumos_x_169_2.Dcm,True,True,True,4,True,16,Female,Asian,1.46,46.0,21.58003377744417,0,1.055,0.973,1.02,1.055,1.046,1.082,1.122,-0.4917,train,d:\LUMOS\processed\preprocessed_images\patient_169\AP.png,d:\LUMOS\processed\preprocessed_images\patient_169\Lateral.png
170,d:\LUMOS\lumos_x\lumos_x_001_280_dcm\lumos_x_170\lumos_x_170_1.Dcm,d:\LUMOS\lumos_x\lumos_x_001_280_dcm\lumos_x_170\lumos_x_170_2.Dcm,True,True,True,4,True,69,Female,Asian,1.56,61.0,25.06574621959237,1,0.981894990947496,0.92,0.962,0.982,1.008,1.019,1.04,-1.1009,train,d:\LUMOS\processed\preprocessed_images\patient_170\AP.png,d:\LUMOS\processed\preprocessed_images\patient_170\Lateral.png
171,d:\LUMOS\lumos_x\lumos_x_001_280_dcm\lumos_x_171\lumos_x_171_1.Dcm,d:\LUMOS\lumos_x\lumos_x_001_280_dcm\lumos_x_171\lumos_x_171_2.Dcm,True,True,True,4,True,63,Female,Asian,1.505,38.0,16.77685676758535,1,0.885,0.865,0.869,0.885,0.876,0.894,0.901,-1.9083,train,d:\LUMOS\processed\preprocessed_images\patient_171\AP.png,d:\LUMOS\processed\preprocessed_images\patient_171\Lateral.png
172,d:\LUMOS\lumos_x\lumos_x_001_280_dcm\lumos_x_172\lumos_x_172_1.Dcm,d:\LUMOS\lumos_x\lumos_x_001_280_dcm\lumos_x_172\lumos_x_172_2.Dcm,True,True,True,4,True,14,Female,Asian,1.6,47.0,18.359375,0,1.05,1.022,1.059,1.05,1.086,1.064,1.073,-0.5333,train,d:\LUMOS\processed\preprocessed_images\patient_172\AP.png,d:\LUMOS\processed\preprocessed_images\patient_172\Lateral.png
173,d:\LUMOS\lumos_x\lumos_x_001_280_dcm\lumos_x_173\lumos_x_173_1.Dcm,d:\LUMOS\lumos_x\lumos_x_001_280_dcm\lumos_x_173\lumos_x_173_2.Dcm,True,True,True,4,True,54,Male,Asian,1.69,70.0,24.508945765204302,0,1.131,1.129,1.135,1.131,1.149,1.139,1.132,0.1417,train,d:\LUMOS\processed\preprocessed_images\patient_173\AP.png,d:\LUMOS\processed\preprocessed_images\patient_173\Lateral.png
174,d:\LUMOS\lumos_x\lumos_x_001_280_dcm\lumos_x_174\lumos_x_174_1.Dcm,d:\LUMOS\lumos_x\lumos_x_001_280_dcm\lumos_x_174\lumos_x_174_2.Dcm,True,True,True,4,True,57,Female,Asian,1.57,61.0,24.747454257779214,1,0.865,0.767,0.826,0.865,0.865,0.901,0.949,-2.075,test,d:\LUMOS\processed\preprocessed_images\patient_174\AP.png,d:\LUMOS\processed\preprocessed_images\patient_174\Lateral.png
175,d:\LUMOS\lumos_x\lumos_x_001_280_dcm\lumos_x_175\lumos_x_175_1.Dcm,d:\LUMOS\lumos_x\lumos_x_001_280_dcm\lumos_x_175\lumos_x_175_2.Dcm,True,True,True,4,True,53,Female,Asian,1.65,58.0,21.30394857667585,0,1.282,1.263,1.286,1.282,1.311,1.296,1.297,1.4,train,d:\LUMOS\processed\preprocessed_images\patient_175\AP.png,d:\LUMOS\processed\preprocessed_images\patient_175\Lateral.png
176,d:\LUMOS\lumos_x\lumos_x_001_280_dcm\lumos_x_176\lumos_x_176_1.Dcm,d:\LUMOS\lumos_x\lumos_x_001_280_dcm\lumos_x_176\lumos_x_176_2.Dcm,True,True,True,4,True,65,Female,Asian,1.5,50.0,22.22222222222222,1,0.934,0.851,0.881,0.934,0.919,0.973,1.003,-1.5,train,d:\LUMOS\processed\preprocessed_images\patient_176\AP.png,d:\LUMOS\processed\preprocessed_images\patient_176\Lateral.png
177,d:\LUMOS\lumos_x\lumos_x_001_280_dcm\lumos_x_177\lumos_x_177_1.Dcm,d:\LUMOS\lumos_x\lumos_x_001_280_dcm\lumos_x_177\lumos_x_177_2.Dcm,True,True,True,4,True,64,Female,Asian,1.5,50.0,22.22222222222222,2,0.762553001562151,0.755,0.768,0.763,0.813,0.789,0.77,-2.9287,train,d:\LUMOS\processed\preprocessed_images\patient_177\AP.png,d:\LUMOS\processed\preprocessed_images\patient_177\Lateral.png
178,d:\LUMOS\lumos_x\lumos_x_001_280_dcm\lumos_x_178\lumos_x_178_1.Dcm,d:\LUMOS\lumos_x\lumos_x_001_280_dcm\lumos_x_178\lumos_x_178_2.Dcm,True,True,True,4,True,78,Male,Asian,1.71,69.0,23.59700420642249,0,1.253,1.177,1.209,1.253,1.242,1.287,1.318,1.1583,train,d:\LUMOS\processed\preprocessed_images\patient_178\AP.png,d:\LUMOS\processed\preprocessed_images\patient_178\Lateral.png
179,d:\LUMOS\lumos_x\lumos_x_001_280_dcm\lumos_x_179\lumos_x_179_1.Dcm,d:\LUMOS\lumos_x\lumos_x_001_280_dcm\lumos_x_179\lumos_x_179_2.Dcm,True,True,True,4,True,73,Female,Asian,1.54,89.0,37.52740765727779,1,0.897,0.903,0.918,0.897,0.955,0.915,0.891,-1.8083,train,d:\LUMOS\processed\preprocessed_images\patient_179\AP.png,d:\LUMOS\processed\preprocessed_images\patient_179\Lateral.png
180,d:\LUMOS\lumos_x\lumos_x_001_280_dcm\lumos_x_180\lumos_x_180_1.Dcm,d:\LUMOS\lumos_x\lumos_x_001_280_dcm\lumos_x_180\lumos_x_180_2.Dcm,True,True,True,4,True,58,Female,Asian,1.7,59.0,20.41522491349481,1,0.835369774919614,0.812,0.831,0.836,0.856,0.853,0.856,-2.3219,test,d:\LUMOS\processed\preprocessed_images\patient_180\AP.png,d:\LUMOS\processed\preprocessed_images\patient_180\Lateral.png
181,d:\LUMOS\lumos_x\lumos_x_001_280_dcm\lumos_x_181\lumos_x_181_1.Dcm,d:\LUMOS\lumos_x\lumos_x_001_280_dcm\lumos_x_181\lumos_x_181_2.Dcm,True,True,True,4,True,58,Female,Asian,1.55,64.0,26.638917793964616,1,0.844,0.809,0.815,0.844,0.803,0.845,0.873,-2.25,test,d:\LUMOS\processed\preprocessed_images\patient_181\AP.png,d:\LUMOS\processed\preprocessed_images\patient_181\Lateral.png
182,d:\LUMOS\lumos_x\lumos_x_001_280_dcm\lumos_x_182\lumos_x_182_1.Dcm,d:\LUMOS\lumos_x\lumos_x_001_280_dcm\lumos_x_182\lumos_x_182_2.Dcm,True,True,True,4,True,75,Female,Asian,1.47,54.0,24.989587671803417,2,0.687,0.659,0.688,0.687,0.719,0.707,0.712,-3.5583,train,d:\LUMOS\processed\preprocessed_images\patient_182\AP.png,d:\LUMOS\processed\preprocessed_images\patient_182\Lateral.png
183,d:\LUMOS\lumos_x\lumos_x_001_280_dcm\lumos_x_183\lumos_x_183_1.Dcm,d:\LUMOS\lumos_x\lumos_x_001_280_dcm\lumos_x_183\lumos_x_183_2.Dcm,True,True,True,4,True,82,Female,Asian,1.5,44.0,19.55555555555556,2,0.704,0.69,0.695,0.704,0.674,0.693,0.715,-3.4167,test,d:\LUMOS\processed\preprocessed_images\patient_183\AP.png,d:\LUMOS\processed\preprocessed_images\patient_183\Lateral.png
184,d:\LUMOS\lumos_x\lumos_x_001_280_dcm\lumos_x_184\lumos_x_184_1.Dcm,d:\LUMOS\lumos_x\lumos_x_001_280_dcm\lumos_x_184\lumos_x_184_2.Dcm,True,True,True,4,True,46,Male,Asian,1.72,75.0,25.351541373715524,0,1.10105757931845,1.036,1.066,1.101,1.09,1.127,1.157,-0.1079,train,d:\LUMOS\processed\preprocessed_images\patient_184\AP.png,d:\LUMOS\processed\preprocessed_images\patient_184\Lateral.png
185,d:\LUMOS\lumos_x\lumos_x_001_280_dcm\lumos_x_185\lumos_x_185_1.Dcm,d:\LUMOS\lumos_x\lumos_x_001_280_dcm\lumos_x_185\lumos_x_185_2.Dcm,True,True,True,4,True,51,Male,Asian,1.6,60.0,23.4375,1,0.897,0.822,0.848,0.897,0.871,0.926,0.962,-1.8083,train,d:\LUMOS\processed\preprocessed_images\patient_185\AP.png,d:\LUMOS\processed\preprocessed_images\patient_185\Lateral.png
186,d:\LUMOS\lumos_x\lumos_x_001_280_dcm\lumos_x_186\lumos_x_186_1.Dcm,d:\LUMOS\lumos_x\lumos_x_001_280_dcm\lumos_x_186\lumos_x_186_2.Dcm,True,True,True,4,True,65,Female,Asian,1.55,49.0,20.39542143600416,0,1.11686390532544,1.032,1.085,1.117,1.121,1.149,1.189,0.0239,validation,d:\LUMOS\processed\preprocessed_images\patient_186\AP.png,d:\LUMOS\processed\preprocessed_images\patient_186\Lateral.png
187,d:\LUMOS\lumos_x\lumos_x_001_280_dcm\lumos_x_187\lumos_x_187_1.Dcm,d:\LUMOS\lumos_x\lumos_x_001_280_dcm\lumos_x_187\lumos_x_187_2.Dcm,True,True,True,4,True,70,Male,Asian,1.68,65.0,23.030045351473927,1,0.89,0.781,0.827,0.89,0.821,0.904,0.973,-1.8667,test,d:\LUMOS\processed\preprocessed_images\patient_187\AP.png,d:\LUMOS\processed\preprocessed_images\patient_187\Lateral.png
188,d:\LUMOS\lumos_x\lumos_x_001_280_dcm\lumos_x_188\lumos_x_188_1.Dcm,d:\LUMOS\lumos_x\lumos_x_001_280_dcm\lumos_x_188\lumos_x_188_2.Dcm,True,True,True,4,True,30,Female,Asian,1.7,58.0,20.06920415224914,1,0.835250536166894,0.913,0.918,0.915,0.92,0.916,0.917,-2.3229,train,d:\LUMOS\processed\preprocessed_images\patient_188\AP.png,d:\LUMOS\processed\preprocessed_images\patient_188\Lateral.png
189,d:\LUMOS\lumos_x\lumos_x_001_280_dcm\lumos_x_189\lumos_x_189_1.Dcm,d:\LUMOS\lumos_x\lumos_x_001_280_dcm\lumos_x_189\lumos_x_189_2.Dcm,True,True,True,4,True,30,Male,Asian,1.7,71.0,24.56747404844291,2,0.759,0.908,0.934,0.936,0.971,0.959,0.958,-2.9583,train,d:\LUMOS\processed\preprocessed_images\patient_189\AP.png,d:\LUMOS\processed\preprocessed_images\patient_189\Lateral.png
190,d:\LUMOS\lumos_x\lumos_x_001_280_dcm\lumos_x_190\lumos_x_190_1.Dcm,d:\LUMOS\lumos_x\lumos_x_001_280_dcm\lumos_x_190\lumos_x_190_2.Dcm,True,True,True,4,True,76,Female,Asian,1.6,55.0,21.484375,0,1.144,1.082,1.082,1.144,1.089,1.165,1.193,0.25,test,d:\LUMOS\processed\preprocessed_images\patient_190\AP.png,d:\LUMOS\processed\preprocessed_images\patient_190\Lateral.png
191,d:\LUMOS\lumos_x\lumos_x_001_280_dcm\lumos_x_191\lumos_x_191_1.Dcm,d:\LUMOS\lumos_x\lumos_x_001_280_dcm\lumos_x_191\lumos_x_191_2.Dcm,True,True,True,4,True,67,Male,Asian,1.63,48.0,18.06616733787497,2,0.652,0.699,0.673,0.652,0.606,0.605,0.616,-3.85,train,d:\LUMOS\processed\preprocessed_images\patient_191\AP.png,d:\LUMOS\processed\preprocessed_images\patient_191\Lateral.png
192,d:\LUMOS\lumos_x\lumos_x_001_280_dcm\lumos_x_192\lumos_x_192_1.Dcm,d:\LUMOS\lumos_x\lumos_x_001_280_dcm\lumos_x_192\lumos_x_192_2.Dcm,True,True,True,4,True,54,Female,Asian,1.6,52.0,20.3125,2,0.803318105313777,0.77,0.767,0.803,0.77,0.815,0.83,-2.589,train,d:\LUMOS\processed\preprocessed_images\patient_192\AP.png,d:\LUMOS\processed\preprocessed_images\patient_192\Lateral.png
193,d:\LUMOS\lumos_x\lumos_x_001_280_dcm\lumos_x_193\lumos_x_193_1.Dcm,d:\LUMOS\lumos_x\lumos_x_001_280_dcm\lumos_x_193\lumos_x_193_2.Dcm,True,True,True,4,True,66,Female,Asian,1.46,65.0,30.49352598986677,1,0.9569222432945,0.88,0.95,0.957,0.976,0.976,1.023,-1.309,train,d:\LUMOS\processed\preprocessed_images\patient_193\AP.png,d:\LUMOS\processed\preprocessed_images\patient_193\Lateral.png
194,d:\LUMOS\lumos_x\lumos_x_001_280_dcm\lumos_x_194\lumos_x_194_1.Dcm,d:\LUMOS\lumos_x\lumos_x_001_280_dcm\lumos_x_194\lumos_x_194_2.Dcm,True,True,True,4,True,64,Male,Asian,1.72,88.0,29.745808545159548,0,1.433,1.424,1.428,1.433,1.477,1.465,1.44,2.6583,train,d:\LUMOS\processed\preprocessed_images\patient_194\AP.png,d:\LUMOS\processed\preprocessed_images\patient_194\Lateral.png
195,d:\LUMOS\lumos_x\lumos_x_001_280_dcm\lumos_x_195\lumos_x_195_1.Dcm,d:\LUMOS\lumos_x\lumos_x_001_280_dcm\lumos_x_195\lumos_x_195_2.Dcm,True,True,True,4,True,70,Female,Asian,1.62,57.0,21.71925011431184,2,0.681,0.647,0.644,0.681,0.635,0.687,0.71,-3.6083,train,d:\LUMOS\processed\preprocessed_images\patient_195\AP.png,d:\LUMOS\processed\preprocessed_images\patient_195\Lateral.png
196,d:\LUMOS\lumos_x\lumos_x_001_280_dcm\lumos_x_196\lumos_x_196_1.Dcm,d:\LUMOS\lumos_x\lumos_x_001_280_dcm\lumos_x_196\lumos_x_196_2.Dcm,True,True,True,4,True,75,Female,Asian,1.56,59.0,24.243918474687703,0,1.08285573931554,1.08,1.09,1.083,1.124,1.103,1.085,-0.2595,test,d:\LUMOS\processed\preprocessed_images\patient_196\AP.png,d:\LUMOS\processed\preprocessed_images\patient_196\Lateral.png
197,d:\LUMOS\lumos_x\lumos_x_001_280_dcm\lumos_x_197\lumos_x_197_1.Dcm,d:\LUMOS\lumos_x\lumos_x_001_280_dcm\lumos_x_197\lumos_x_197_2.Dcm,True,True,True,4,True,67,Female,Asian,1.61,71.0,27.390918560240728,0,1.062,0.981,1.015,1.062,1.016,1.076,1.128,-0.4333,train,d:\LUMOS\processed\preprocessed_images\patient_197\AP.png,d:\LUMOS\processed\preprocessed_images\patient_197\Lateral.png
198,d:\LUMOS\lumos_x\lumos_x_001_280_dcm\lumos_x_198\lumos_x_198_1.Dcm,d:\LUMOS\lumos_x\lumos_x_001_280_dcm\lumos_x_198\lumos_x_198_2.Dcm,True,True,True,4,True,80,Female,Asian,1.57,69.0,27.993022029291247,1,0.918,0.865,0.898,0.924,0.902,0.934,0.969,-1.6333,train,d:\LUMOS\processed\preprocessed_images\patient_198\AP.png,d:\LUMOS\processed\preprocessed_images\patient_198\Lateral.png
199,d:\LUMOS\lumos_x\lumos_x_001_280_dcm\lumos_x_199\lumos_x_199_1.Dcm,d:\LUMOS\lumos_x\lumos_x_001_280_dcm\lumos_x_199\lumos_x_199_2.Dcm,True,True,True,4,True,76,Female,Asian,1.62,67.0,25.529644871208653,1,0.972847446,0.899,0.973,0.971,1.064,1.031,1.044,-1.1763,train,d:\LUMOS\processed\preprocessed_images\patient_199\AP.png,d:\LUMOS\processed\preprocessed_images\patient_199\Lateral.png
200,d:\LUMOS\lumos_x\lumos_x_001_280_dcm\lumos_x_200\lumos_x_200_1.Dcm,d:\LUMOS\lumos_x\lumos_x_001_280_dcm\lumos_x_200\lumos_x_200_2.Dcm,True,True,True,4,True,60,Female,Asian,1.65,75.0,27.548209366391188,0,1.056,0.949,1.003,1.056,1.039,1.096,1.155,-0.4833,train,d:\LUMOS\processed\preprocessed_images\patient_200\AP.png,d:\LUMOS\processed\preprocessed_images\patient_200\Lateral.png
201,d:\LUMOS\lumos_x\lumos_x_001_280_dcm\lumos_x_201\lumos_x_201_1.Dcm,d:\LUMOS\lumos_x\lumos_x_001_280_dcm\lumos_x_201\lumos_x_201_2.Dcm,True,True,True,4,True,64,Female,Asian,1.65,61.5,22.58953168044077,0,1.116,1.114,1.104,1.116,1.065,1.096,1.117,0.0167,train,d:\LUMOS\processed\preprocessed_images\patient_201\AP.png,d:\LUMOS\processed\preprocessed_images\patient_201\Lateral.png
202,d:\LUMOS\lumos_x\lumos_x_001_280_dcm\lumos_x_202\lumos_x_202_1.Dcm,d:\LUMOS\lumos_x\lumos_x_001_280_dcm\lumos_x_202\lumos_x_202_2.Dcm,True,True,True,4,True,66,Female,Asian,1.55,50.0,20.811654526534856,2,0.81,0.751,0.796,0.81,0.812,0.823,0.857,-2.5333,train,d:\LUMOS\processed\preprocessed_images\patient_202\AP.png,d:\LUMOS\processed\preprocessed_images\patient_202\Lateral.png
203,d:\LUMOS\lumos_x\lumos_x_001_280_dcm\lumos_x_203\lumos_x_203_1.Dcm,d:\LUMOS\lumos_x\lumos_x_001_280_dcm\lumos_x_203\lumos_x_203_2.Dcm,True,True,True,4,True,30,Female,Asian,1.53,42.0,17.941817249775728,0,1.066,1.01,1.067,1.069,1.121,1.103,1.118,-0.4,test,d:\LUMOS\processed\preprocessed_images\patient_203\AP.png,d:\LUMOS\processed\preprocessed_images\patient_203\Lateral.png
204,d:\LUMOS\lumos_x\lumos_x_001_280_dcm\lumos_x_204\lumos_x_204_1.Dcm,d:\LUMOS\lumos_x\lumos_x_001_280_dcm\lumos_x_204\lumos_x_204_2.Dcm,True,True,True,4,True,74,Female,Asian,1.65,61.0,22.4058769513315,0,1.019,0.982,1.001,1.019,1.035,1.046,1.048,-0.7917,test,d:\LUMOS\processed\preprocessed_images\patient_204\AP.png,d:\LUMOS\processed\preprocessed_images\patient_204\Lateral.png
205,d:\LUMOS\lumos_x\lumos_x_001_280_dcm\lumos_x_205\lumos_x_205_1.Dcm,d:\LUMOS\lumos_x\lumos_x_001_280_dcm\lumos_x_205\lumos_x_205_2.Dcm,True,True,True,4,True,86,Female,Asian,1.6,65.0,25.390625,2,0.797,0.727,0.743,0.797,0.768,0.83,0.865,-2.6417,train,d:\LUMOS\processed\preprocessed_images\patient_205\AP.png,d:\LUMOS\processed\preprocessed_images\patient_205\Lateral.png
206,d:\LUMOS\lumos_x\lumos_x_001_280_dcm\lumos_x_206\lumos_x_206_1.Dcm,d:\LUMOS\lumos_x\lumos_x_001_280_dcm\lumos_x_206\lumos_x_206_2.Dcm,True,True,True,4,True,70,Male,Asian,1.65,81.0,29.752066115702483,0,1.228,1.238,1.225,1.229,1.227,1.232,1.222,0.95,test,d:\LUMOS\processed\preprocessed_images\patient_206\AP.png,d:\LUMOS\processed\preprocessed_images\patient_206\Lateral.png
207,d:\LUMOS\lumos_x\lumos_x_001_280_dcm\lumos_x_207\lumos_x_207_1.Dcm,d:\LUMOS\lumos_x\lumos_x_001_280_dcm\lumos_x_207\lumos_x_207_2.Dcm,True,True,True,4,True,70,Female,Asian,1.51,51.0,22.367440024560327,1,0.816012725344645,0.808,0.806,0.816,0.793,0.81,0.822,-2.4832,validation,d:\LUMOS\processed\preprocessed_images\patient_207\AP.png,d:\LUMOS\processed\preprocessed_images\patient_207\Lateral.png
208,d:\LUMOS\lumos_x\lumos_x_001_280_dcm\lumos_x_208\lumos_x_208_1.Dcm,d:\LUMOS\lumos_x\lumos_x_001_280_dcm\lumos_x_208\lumos_x_208_2.Dcm,True,True,True,4,True,74,Male,Asian,1.68,78.0,27.636054421768712,0,1.454,1.389,1.409,1.454,1.415,1.472,1.511,2.8333,train,d:\LUMOS\processed\preprocessed_images\patient_208\AP.png,d:\LUMOS\processed\preprocessed_images\patient_208\Lateral.png
209,d:\LUMOS\lumos_x\lumos_x_001_280_dcm\lumos_x_209\lumos_x_209_1.Dcm,d:\LUMOS\lumos_x\lumos_x_001_280_dcm\lumos_x_209\lumos_x_209_2.Dcm,True,True,True,4,True,59,Female,Asian,1.59,60.0,23.73323840037973,2,0.763,0.731,0.755,0.763,0.771,0.777,0.793,-2.925,train,d:\LUMOS\processed\preprocessed_images\patient_209\AP.png,d:\LUMOS\processed\preprocessed_images\patient_209\Lateral.png
210,d:\LUMOS\lumos_x\lumos_x_001_280_dcm\lumos_x_210\lumos_x_210_1.Dcm,d:\LUMOS\lumos_x\lumos_x_001_280_dcm\lumos_x_210\lumos_x_210_2.Dcm,True,True,True,4,True,69,Female,Asian,1.64,58.0,21.564544913741823,2,0.758,0.68,0.705,0.758,0.719,0.78,0.822,-2.9667,validation,d:\LUMOS\processed\preprocessed_images\patient_210\AP.png,d:\LUMOS\processed\preprocessed_images\patient_210\Lateral.png
211,d:\LUMOS\lumos_x\lumos_x_001_280_dcm\lumos_x_211\lumos_x_211_1.Dcm,d:\LUMOS\lumos_x\lumos_x_001_280_dcm\lumos_x_211\lumos_x_211_2.Dcm,True,True,True,4,True,70,Female,Asian,1.51,63.0,27.63036708916276,0,1.068,1.016,1.041,1.068,1.033,1.071,1.114,-0.3833,validation,d:\LUMOS\processed\preprocessed_images\patient_211\AP.png,d:\LUMOS\processed\preprocessed_images\patient_211\Lateral.png
212,d:\LUMOS\lumos_x\lumos_x_001_280_dcm\lumos_x_212\lumos_x_212_1.Dcm,d:\LUMOS\lumos_x\lumos_x_001_280_dcm\lumos_x_212\lumos_x_212_2.Dcm,True,True,True,4,True,71,Female,Asian,1.5,51.0,22.666666666666668,2,0.741,0.743,0.714,0.741,0.695,0.737,0.738,-3.1083,train,d:\LUMOS\processed\preprocessed_images\patient_212\AP.png,d:\LUMOS\processed\preprocessed_images\patient_212\Lateral.png
213,d:\LUMOS\lumos_x\lumos_x_001_280_dcm\lumos_x_213\lumos_x_213_1.Dcm,d:\LUMOS\lumos_x\lumos_x_001_280_dcm\lumos_x_213\lumos_x_213_2.Dcm,True,True,True,4,True,71,Male,Asian,1.76,73.0,23.56663223140496,0,1.113,1.074,1.09,1.113,1.115,1.134,1.144,-0.0083,train,d:\LUMOS\processed\preprocessed_images\patient_213\AP.png,d:\LUMOS\processed\preprocessed_images\patient_213\Lateral.png
214,d:\LUMOS\lumos_x\lumos_x_001_280_dcm\lumos_x_214\lumos_x_214_1.Dcm,d:\LUMOS\lumos_x\lumos_x_001_280_dcm\lumos_x_214\lumos_x_214_2.Dcm,True,True,True,4,True,75,Male,Asian,1.61,66.0,25.461980633463213,0,1.636,1.465,1.573,1.636,1.698,1.735,1.793,4.35,train,d:\LUMOS\processed\preprocessed_images\patient_214\AP.png,d:\LUMOS\processed\preprocessed_images\patient_214\Lateral.png
215,d:\LUMOS\lumos_x\lumos_x_001_280_dcm\lumos_x_215\lumos_x_215_1.Dcm,d:\LUMOS\lumos_x\lumos_x_001_280_dcm\lumos_x_215\lumos_x_215_2.Dcm,True,True,True,4,True,62,Female,Asian,1.56,61.0,25.06574621959237,1,0.844,0.768,0.803,0.844,0.823,0.866,0.9,-2.25,train,d:\LUMOS\processed\preprocessed_images\patient_215\AP.png,d:\LUMOS\processed\preprocessed_images\patient_215\Lateral.png
216,d:\LUMOS\lumos_x\lumos_x_001_280_dcm\lumos_x_216\lumos_x_216_1.Dcm,d:\LUMOS\lumos_x\lumos_x_001_280_dcm\lumos_x_216\lumos_x_216_2.Dcm,True,True,True,4,True,74,Male,Asian,1.74,104.0,34.35064077156824,0,1.54951345163137,1.501,1.524,1.563,1.566,1.602,1.621,3.6293,test,d:\LUMOS\processed\preprocessed_images\patient_216\AP.png,d:\LUMOS\processed\preprocessed_images\patient_216\Lateral.png
217,d:\LUMOS\lumos_x\lumos_x_001_280_dcm\lumos_x_217\lumos_x_217_1.Dcm,d:\LUMOS\lumos_x\lumos_x_001_280_dcm\lumos_x_217\lumos_x_217_2.Dcm,True,True,True,4,True,59,Female,Asian,1.56,60.0,24.65483234714004,0,1.06032575909914,0.999,1.043,1.06,1.061,1.076,1.112,-0.4473,train,d:\LUMOS\processed\preprocessed_images\patient_217\AP.png,d:\LUMOS\processed\preprocessed_images\patient_217\Lateral.png
218,d:\LUMOS\lumos_x\lumos_x_001_280_dcm\lumos_x_218\lumos_x_218_1.Dcm,d:\LUMOS\lumos_x\lumos_x_001_280_dcm\lumos_x_218\lumos_x_218_2.Dcm,True,True,True,4,True,70,Female,Asian,1.52,58.0,25.10387811634349,0,1.122,0.964,1.044,1.122,1.11,1.181,1.242,0.0667,train,d:\LUMOS\processed\preprocessed_images\patient_218\AP.png,d:\LUMOS\processed\preprocessed_images\patient_218\Lateral.png
219,d:\LUMOS\lumos_x\lumos_x_001_280_dcm\lumos_x_219\lumos_x_219_1.Dcm,d:\LUMOS\lumos_x\lumos_x_001_280_dcm\lumos_x_219\lumos_x_219_2.Dcm,True,True,True,4,True,71,Male,Asian,1.64,72.0,26.769779892920884,0,1.535,1.432,1.473,1.557,1.506,1.602,1.663,3.5083,train,d:\LUMOS\processed\preprocessed_images\patient_219\AP.png,d:\LUMOS\processed\preprocessed_images\patient_219\Lateral.png
220,d:\LUMOS\lumos_x\lumos_x_001_280_dcm\lumos_x_220\lumos_x_220_1.Dcm,d:\LUMOS\lumos_x\lumos_x_001_280_dcm\lumos_x_220\lumos_x_220_2.Dcm,True,True,True,4,True,67,Female,Asian,1.64,67.0,24.91076740035693,0,1.145,1.075,1.1,1.145,1.128,1.174,1.203,0.2583,train,d:\LUMOS\processed\preprocessed_images\patient_220\AP.png,d:\LUMOS\processed\preprocessed_images\patient_220\Lateral.png
221,d:\LUMOS\lumos_x\lumos_x_001_280_dcm\lumos_x_221\lumos_x_221_1.Dcm,d:\LUMOS\lumos_x\lumos_x_001_280_dcm\lumos_x_221\lumos_x_221_2.Dcm,True,True,True,4,True,78,Female,Asian,1.5,60.0,26.666666666666668,0,1.067,0.986,1.022,1.067,1.045,1.097,1.141,-0.3917,validation,d:\LUMOS\processed\preprocessed_images\patient_221\AP.png,d:\LUMOS\processed\preprocessed_images\patient_221\Lateral.png
222,d:\LUMOS\lumos_x\lumos_x_001_280_dcm\lumos_x_222\lumos_x_222_1.Dcm,d:\LUMOS\lumos_x\lumos_x_001_280_dcm\lumos_x_222\lumos_x_222_2.Dcm,True,True,True,4,True,67,Female,Asian,1.53,56.0,23.92242299970097,2,0.758,0.707,0.737,0.758,0.748,0.77,0.799,-2.9667,train,d:\LUMOS\processed\preprocessed_images\patient_222\AP.png,d:\LUMOS\processed\preprocessed_images\patient_222\Lateral.png
223,d:\LUMOS\lumos_x\lumos_x_001_280_dcm\lumos_x_223\lumos_x_223_1.Dcm,d:\LUMOS\lumos_x\lumos_x_001_280_dcm\lumos_x_223\lumos_x_223_2.Dcm,True,True,True,4,True,72,Female,Asian,1.48,72.0,32.87070854638422,0,1.206,1.059,1.114,1.206,1.159,1.26,1.328,0.7667,train,d:\LUMOS\processed\preprocessed_images\patient_223\AP.png,d:\LUMOS\processed\preprocessed_images\patient_223\Lateral.png
224,d:\LUMOS\lumos_x\lumos_x_001_280_dcm\lumos_x_224\lumos_x_224_1.Dcm,d:\LUMOS\lumos_x\lumos_x_001_280_dcm\lumos_x_224\lumos_x_224_2.Dcm,True,True,True,4,True,69,Female,Asian,1.49,61.0,27.476239809017613,0,1.315,0.875,1.02,1.316,1.098,1.436,1.631,1.675,train,d:\LUMOS\processed\preprocessed_images\patient_224\AP.png,d:\LUMOS\processed\preprocessed_images\patient_224\Lateral.png
225,d:\LUMOS\lumos_x\lumos_x_001_280_dcm\lumos_x_225\lumos_x_225_1.Dcm,d:\LUMOS\lumos_x\lumos_x_001_280_dcm\lumos_x_225\lumos_x_225_2.Dcm,True,True,True,4,True,57,Male,Asian,1.77,73.0,23.301094832264035,0,1.327,1.078,1.178,1.327,1.243,1.413,1.548,1.775,validation,d:\LUMOS\processed\preprocessed_images\patient_225\AP.png,d:\LUMOS\processed\preprocessed_images\patient_225\Lateral.png
226,d:\LUMOS\lumos_x\lumos_x_001_280_dcm\lumos_x_226\lumos_x_226_1.Dcm,d:\LUMOS\lumos_x\lumos_x_001_280_dcm\lumos_x_226\lumos_x_226_2.Dcm,True,True,True,4,True,66,Female,Asian,1.58,71.0,28.44095497516423,0,1.015,0.898,0.968,1.016,1.013,1.055,1.104,-0.825,validation,d:\LUMOS\processed\preprocessed_images\patient_226\AP.png,d:\LUMOS\processed\preprocessed_images\patient_226\Lateral.png
227,d:\LUMOS\lumos_x\lumos_x_001_280_dcm\lumos_x_227\lumos_x_227_1.Dcm,d:\LUMOS\lumos_x\lumos_x_001_280_dcm\lumos_x_227\lumos_x_227_2.Dcm,True,True,True,4,True,77,Female,Asian,1.67,46.0,16.493958191401628,2,0.601,0.537,0.565,0.593,0.582,0.611,0.638,-4.275,train,d:\LUMOS\processed\preprocessed_images\patient_227\AP.png,d:\LUMOS\processed\preprocessed_images\patient_227\Lateral.png
228,d:\LUMOS\lumos_x\lumos_x_001_280_dcm\lumos_x_228\lumos_x_228_1.Dcm,d:\LUMOS\lumos_x\lumos_x_001_280_dcm\lumos_x_228\lumos_x_228_2.Dcm,True,True,True,4,True,59,Female,Asian,1.62,67.0,25.529644871208653,1,0.872,0.856,0.847,0.872,0.854,0.884,0.885,-2.0167,validation,d:\LUMOS\processed\preprocessed_images\patient_228\AP.png,d:\LUMOS\processed\preprocessed_images\patient_228\Lateral.png
229,d:\LUMOS\lumos_x\lumos_x_001_280_dcm\lumos_x_229\lumos_x_229_1.Dcm,d:\LUMOS\lumos_x\lumos_x_001_280_dcm\lumos_x_229\lumos_x_229_2.Dcm,True,True,True,8,True,60,Female,Asian,1.6,61.0,23.828125,1,0.962,0.886,0.935,0.962,0.991,1.005,1.026,-1.2667,test,d:\LUMOS\processed\preprocessed_images\patient_229\AP.png,d:\LUMOS\processed\preprocessed_images\patient_229\Lateral.png
230,d:\LUMOS\lumos_x\lumos_x_001_280_dcm\lumos_x_230\lumos_x_230_1.Dcm,d:\LUMOS\lumos_x\lumos_x_001_280_dcm\lumos_x_230\lumos_x_230_2.Dcm,True,True,True,4,True,58,Male,Asian,1.6,65.0,25.390625,1,0.912979351032448,0.926,0.931,0.913,0.953,0.921,0.902,-1.6752,train,d:\LUMOS\processed\preprocessed_images\patient_230\AP.png,d:\LUMOS\processed\preprocessed_images\patient_230\Lateral.png
231,d:\LUMOS\lumos_x\lumos_x_001_280_dcm\lumos_x_231\lumos_x_231_1.Dcm,d:\LUMOS\lumos_x\lumos_x_001_280_dcm\lumos_x_231\lumos_x_231_2.Dcm,True,True,True,4,True,72,Female,Asian,1.6,70.0,27.34375,2,0.792,0.841,0.823,0.792,0.814,0.776,0.746,-2.6833,test,d:\LUMOS\processed\preprocessed_images\patient_231\AP.png,d:\LUMOS\processed\preprocessed_images\patient_231\Lateral.png
232,d:\LUMOS\lumos_x\lumos_x_001_280_dcm\lumos_x_232\lumos_x_232_1.Dcm,d:\LUMOS\lumos_x\lumos_x_001_280_dcm\lumos_x_232\lumos_x_232_2.Dcm,True,True,True,4,True,74,Female,Asian,1.5,44.0,19.55555555555556,0,1.023,0.705,0.913,1.023,1.039,1.147,1.35,-0.7583,train,d:\LUMOS\processed\preprocessed_images\patient_232\AP.png,d:\LUMOS\processed\preprocessed_images\patient_232\Lateral.png
233,d:\LUMOS\lumos_x\lumos_x_001_280_dcm\lumos_x_233\lumos_x_233_1.Dcm,d:\LUMOS\lumos_x\lumos_x_001_280_dcm\lumos_x_233\lumos_x_233_2.Dcm,True,True,True,4,True,68,Female,Asian,1.53,57.0,24.34960912469563,2,0.65,0.692,0.687,0.65,0.706,0.65,0.62,-3.8667,validation,d:\LUMOS\processed\preprocessed_images\patient_233\AP.png,d:\LUMOS\processed\preprocessed_images\patient_233\Lateral.png
234,d:\LUMOS\lumos_x\lumos_x_001_280_dcm\lumos_x_234\lumos_x_234_1.Dcm,d:\LUMOS\lumos_x\lumos_x_001_280_dcm\lumos_x_234\lumos_x_234_2.Dcm,True,True,True,4,True,68,Male,Asian,1.54,55.0,23.19109461966605,1,0.84,0.889,0.863,0.84,0.841,0.82,0.802,-2.2833,train,d:\LUMOS\processed\preprocessed_images\patient_234\AP.png,d:\LUMOS\processed\preprocessed_images\patient_234\Lateral.png
235,d:\LUMOS\lumos_x\lumos_x_001_280_dcm\lumos_x_235\lumos_x_235_1.Dcm,d:\LUMOS\lumos_x\lumos_x_001_280_dcm\lumos_x_235\lumos_x_235_2.Dcm,True,True,True,4,True,58,Female,Asian,1.62,56.0,21.33821063862216,2,0.807,0.796,0.805,0.807,0.811,0.811,0.816,-2.5583,train,d:\LUMOS\processed\preprocessed_images\patient_235\AP.png,d:\LUMOS\processed\preprocessed_images\patient_235\Lateral.png
236,d:\LUMOS\lumos_x\lumos_x_001_280_dcm\lumos_x_236\lumos_x_236_1.Dcm,d:\LUMOS\lumos_x\lumos_x_001_280_dcm\lumos_x_236\lumos_x_236_2.Dcm,True,True,True,4,True,60,Female,Asian,1.56,61.0,25.06574621959237,1,0.904,0.863,0.898,0.904,0.92,0.92,0.94,-1.75,train,d:\LUMOS\processed\preprocessed_images\patient_236\AP.png,d:\LUMOS\processed\preprocessed_images\patient_236\Lateral.png
237,d:\LUMOS\lumos_x\lumos_x_001_280_dcm\lumos_x_237\lumos_x_237_1.Dcm,d:\LUMOS\lumos_x\lumos_x_001_280_dcm\lumos_x_237\lumos_x_237_2.Dcm,True,True,True,4,True,74,Male,Asian,1.51,69.0,30.26183062146397,1,0.891,0.868,0.889,0.891,0.88,0.886,0.911,-1.8583,train,d:\LUMOS\processed\preprocessed_images\patient_237\AP.png,d:\LUMOS\processed\preprocessed_images\patient_237\Lateral.png
238,d:\LUMOS\lumos_x\lumos_x_001_280_dcm\lumos_x_238\lumos_x_238_1.Dcm,d:\LUMOS\lumos_x\lumos_x_001_280_dcm\lumos_x_238\lumos_x_238_2.Dcm,True,True,True,4,True,65,Male,Asian,1.7,70.0,24.221453287197235,0,1.211,1.154,1.176,1.211,1.18,1.224,1.261,0.8083,validation,d:\LUMOS\processed\preprocessed_images\patient_238\AP.png,d:\LUMOS\processed\preprocessed_images\patient_238\Lateral.png
239,d:\LUMOS\lumos_x\lumos_x_001_280_dcm\lumos_x_239\lumos_x_239_1.Dcm,d:\LUMOS\lumos_x\lumos_x_001_280_dcm\lumos_x_239\lumos_x_239_2.Dcm,True,True,True,4,True,67,Female,Asian,1.63,53.0,19.94805976890361,2,0.736,0.731,0.758,0.735,0.768,0.735,0.738,-3.15,train,d:\LUMOS\processed\preprocessed_images\patient_239\AP.png,d:\LUMOS\processed\preprocessed_images\patient_239\Lateral.png
240,d:\LUMOS\lumos_x\lumos_x_001_280_dcm\lumos_x_240\lumos_x_240_1.Dcm,d:\LUMOS\lumos_x\lumos_x_001_280_dcm\lumos_x_240\lumos_x_240_2.Dcm,True,True,True,4,True,59,Male,Asian,1.63,60.0,22.582709172343712,1,0.852,0.852,0.86,0.852,0.841,0.838,0.852,-2.1833,train,d:\LUMOS\processed\preprocessed_images\patient_240\AP.png,d:\LUMOS\processed\preprocessed_images\patient_240\Lateral.png
241,d:\LUMOS\lumos_x\lumos_x_001_280_dcm\lumos_x_241\lumos_x_241_1.Dcm,d:\LUMOS\lumos_x\lumos_x_001_280_dcm\lumos_x_241\lumos_x_241_2.Dcm,True,True,True,4,True,69,Female,Asian,1.62,52.0,19.81405273586343,2,0.784,0.761,0.759,0.784,0.755,0.788,0.803,-2.75,test,d:\LUMOS\processed\preprocessed_images\patient_241\AP.png,d:\LUMOS\processed\preprocessed_images\patient_241\Lateral.png
242,d:\LUMOS\lumos_x\lumos_x_001_280_dcm\lumos_x_242\lumos_x_242_1.Dcm,d:\LUMOS\lumos_x\lumos_x_001_280_dcm\lumos_x_242\lumos_x_242_2.Dcm,True,True,True,4,True,30,Female,Asian,1.63,45.0,16.937031879257784,1,0.915,0.898,0.936,0.943,0.979,0.972,0.978,-1.6583,train,d:\LUMOS\processed\preprocessed_images\patient_242\AP.png,d:\LUMOS\processed\preprocessed_images\patient_242\Lateral.png
243,d:\LUMOS\lumos_x\lumos_x_001_280_dcm\lumos_x_243\lumos_x_243_1.Dcm,d:\LUMOS\lumos_x\lumos_x_001_280_dcm\lumos_x_243\lumos_x_243_2.Dcm,True,True,True,4,True,75,Female,Asian,1.45,69.0,32.81807372175981,0,1.032,0.993,1.019,1.033,1.047,1.057,1.071,-0.6833,test,d:\LUMOS\processed\preprocessed_images\patient_243\AP.png,d:\LUMOS\processed\preprocessed_images\patient_243\Lateral.png
244,d:\LUMOS\lumos_x\lumos_x_001_280_dcm\lumos_x_244\lumos_x_244_1.Dcm,d:\LUMOS\lumos_x\lumos_x_001_280_dcm\lumos_x_244\lumos_x_244_2.Dcm,True,True,True,4,True,55,Male,Asian,1.78,71.0,22.408786769347305,0,1.474,1.334,1.436,1.474,1.531,1.545,1.591,3.0,train,d:\LUMOS\processed\preprocessed_images\patient_244\AP.png,d:\LUMOS\processed\preprocessed_images\patient_244\Lateral.png
245,d:\LUMOS\lumos_x\lumos_x_001_280_dcm\lumos_x_245\lumos_x_245_1.Dcm,d:\LUMOS\lumos_x\lumos_x_001_280_dcm\lumos_x_245\lumos_x_245_2.Dcm,True,True,True,4,True,81,Female,Asian,1.52,57.0,24.67105263157895,2,0.714117647058824,0.599,0.688,0.713,0.75,0.76,0.813,-3.3324,train,d:\LUMOS\processed\preprocessed_images\patient_245\AP.png,d:\LUMOS\processed\preprocessed_images\patient_245\Lateral.png
246,d:\LUMOS\lumos_x\lumos_x_001_280_dcm\lumos_x_246\lumos_x_246_1.Dcm,d:\LUMOS\lumos_x\lumos_x_001_280_dcm\lumos_x_246\lumos_x_246_2.Dcm,True,True,True,4,True,65,Female,Asian,1.44,48.0,23.14814814814815,2,0.732265910012161,0.768,0.728,0.732,0.684,0.703,0.696,-3.1811,train,d:\LUMOS\processed\preprocessed_images\patient_246\AP.png,d:\LUMOS\processed\preprocessed_images\patient_246\Lateral.png
247,d:\LUMOS\lumos_x\lumos_x_001_280_dcm\lumos_x_247\lumos_x_247_1.Dcm,d:\LUMOS\lumos_x\lumos_x_001_280_dcm\lumos_x_247\lumos_x_247_2.Dcm,True,True,True,4,True,69,Female,Asian,1.58,63.0,25.236340330075304,0,1.09606481481481,0.991,1.053,1.096,1.093,1.131,1.175,-0.1495,train,d:\LUMOS\processed\preprocessed_images\patient_247\AP.png,d:\LUMOS\processed\preprocessed_images\patient_247\Lateral.png
248,d:\LUMOS\lumos_x\lumos_x_001_280_dcm\lumos_x_248\lumos_x_248_1.Dcm,d:\LUMOS\lumos_x\lumos_x_001_280_dcm\lumos_x_248\lumos_x_248_2.Dcm,True,True,True,4,True,54,Female,Asian,1.49,56.0,25.224089004999776,1,0.985,0.903,0.934,0.985,0.972,1.022,1.052,-1.075,train,d:\LUMOS\processed\preprocessed_images\patient_248\AP.png,d:\LUMOS\processed\preprocessed_images\patient_248\Lateral.png
249,d:\LUMOS\lumos_x\lumos_x_001_280_dcm\lumos_x_249\lumos_x_249_1.Dcm,d:\LUMOS\lumos_x\lumos_x_001_280_dcm\lumos_x_249\lumos_x_249_2.Dcm,True,True,True,4,True,76,Female,Asian,1.55,62.0,25.806451612903224,0,1.06,1.076,1.075,1.06,1.109,1.079,1.044,-0.45,train,d:\LUMOS\processed\preprocessed_images\patient_249\AP.png,d:\LUMOS\processed\preprocessed_images\patient_249\Lateral.png
250,d:\LUMOS\lumos_x\lumos_x_001_280_dcm\lumos_x_250\lumos_x_250_1.Dcm,d:\LUMOS\lumos_x\lumos_x_001_280_dcm\lumos_x_250\lumos_x_250_2.Dcm,True,True,True,4,True,67,Male,Asian,1.6,66.0,25.78125,0,1.06,0.965,1.032,1.06,1.09,1.105,1.144,-0.45,test,d:\LUMOS\processed\preprocessed_images\patient_250\AP.png,d:\LUMOS\processed\preprocessed_images\patient_250\Lateral.png
251,d:\LUMOS\lumos_x\lumos_x_001_280_dcm\lumos_x_251\lumos_x_251_1.Dcm,d:\LUMOS\lumos_x\lumos_x_001_280_dcm\lumos_x_251\lumos_x_251_2.Dcm,True,True,True,4,True,71,Female,Asian,1.68,64.0,22.67573696145125,0,1.061,0.962,1.026,1.061,1.062,1.093,1.145,-0.4417,train,d:\LUMOS\processed\preprocessed_images\patient_251\AP.png,d:\LUMOS\processed\preprocessed_images\patient_251\Lateral.png
252,d:\LUMOS\lumos_x\lumos_x_001_280_dcm\lumos_x_252\lumos_x_252_1.Dcm,d:\LUMOS\lumos_x\lumos_x_001_280_dcm\lumos_x_252\lumos_x_252_2.Dcm,True,True,True,4,True,58,Female,Asian,1.61,79.0,30.477219243084757,0,1.196,1.123,1.163,1.196,1.174,1.213,1.259,0.6833,train,d:\LUMOS\processed\preprocessed_images\patient_252\AP.png,d:\LUMOS\processed\preprocessed_images\patient_252\Lateral.png
253,d:\LUMOS\lumos_x\lumos_x_001_280_dcm\lumos_x_253\lumos_x_253_1.Dcm,d:\LUMOS\lumos_x\lumos_x_001_280_dcm\lumos_x_253\lumos_x_253_2.Dcm,True,True,True,4,True,68,Male,Asian,1.65,50.0,18.36547291092746,2,0.745,0.665,0.723,0.745,0.775,0.783,0.811,-3.075,train,d:\LUMOS\processed\preprocessed_images\patient_253\AP.png,d:\LUMOS\processed\preprocessed_images\patient_253\Lateral.png
254,d:\LUMOS\lumos_x\lumos_x_001_280_dcm\lumos_x_254\lumos_x_254_1.Dcm,d:\LUMOS\lumos_x\lumos_x_001_280_dcm\lumos_x_254\lumos_x_254_2.Dcm,True,True,True,4,True,51,Female,Asian,1.67,75.0,26.89232313815483,1,0.84,0.844,0.849,0.84,0.845,0.836,0.837,-2.2833,train,d:\LUMOS\processed\preprocessed_images\patient_254\AP.png,d:\LUMOS\processed\preprocessed_images\patient_254\Lateral.png
255,d:\LUMOS\lumos_x\lumos_x_001_280_dcm\lumos_x_255\lumos_x_255_1.Dcm,d:\LUMOS\lumos_x\lumos_x_001_280_dcm\lumos_x_255\lumos_x_255_2.Dcm,True,True,True,4,True,54,Male,Asian,1.65,55.0,20.202020202020204,0,1.085,1.03,1.06,1.085,1.098,1.115,1.131,-0.2417,train,d:\LUMOS\processed\preprocessed_images\patient_255\AP.png,d:\LUMOS\processed\preprocessed_images\patient_255\Lateral.png
256,d:\LUMOS\lumos_x\lumos_x_001_280_dcm\lumos_x_256\lumos_x_256_1.Dcm,d:\LUMOS\lumos_x\lumos_x_001_280_dcm\lumos_x_256\lumos_x_256_2.Dcm,True,True,True,4,True,67,Female,Asian,1.5,50.0,22.22222222222222,2,0.504,0.501,0.527,0.504,0.524,0.496,0.507,-5.0833,validation,d:\LUMOS\processed\preprocessed_images\patient_256\AP.png,d:\LUMOS\processed\preprocessed_images\patient_256\Lateral.png
257,d:\LUMOS\lumos_x\lumos_x_001_280_dcm\lumos_x_257\lumos_x_257_1.Dcm,d:\LUMOS\lumos_x\lumos_x_001_280_dcm\lumos_x_257\lumos_x_257_2.Dcm,True,True,True,4,True,72,Male,Asian,1.67,75.0,26.89232313815483,0,1.26901628373857,1.109,1.196,1.273,1.275,1.346,1.419,1.2918,train,d:\LUMOS\processed\preprocessed_images\patient_257\AP.png,d:\LUMOS\processed\preprocessed_images\patient_257\Lateral.png
258,d:\LUMOS\lumos_x\lumos_x_001_280_dcm\lumos_x_258\lumos_x_258_1.Dcm,d:\LUMOS\lumos_x\lumos_x_001_280_dcm\lumos_x_258\lumos_x_258_2.Dcm,True,True,True,4,True,61,Female,Asian,1.61,51.0,19.675166853130666,0,1.30515423662632,1.231,1.306,1.305,1.34,1.327,1.365,1.593,train,d:\LUMOS\processed\preprocessed_images\patient_258\AP.png,d:\LUMOS\processed\preprocessed_images\patient_258\Lateral.png
259,d:\LUMOS\lumos_x\lumos_x_001_280_dcm\lumos_x_259\lumos_x_259_1.Dcm,d:\LUMOS\lumos_x\lumos_x_001_280_dcm\lumos_x_259\lumos_x_259_2.Dcm,True,True,True,4,True,78,Female,Asian,1.51,46.0,20.174553747642648,2,0.59,0.549,0.562,0.59,0.568,0.6,0.623,-4.3667,train,d:\LUMOS\processed\preprocessed_images\patient_259\AP.png,d:\LUMOS\processed\preprocessed_images\patient_259\Lateral.png
260,d:\LUMOS\lumos_x\lumos_x_001_280_dcm\lumos_x_260\lumos_x_260_1.Dcm,d:\LUMOS\lumos_x\lumos_x_001_280_dcm\lumos_x_260\lumos_x_260_2.Dcm,True,True,True,4,True,44,Female,Asian,1.57,50.0,20.28479857195018,0,1.055,1.027,1.03,1.055,1.025,1.059,1.08,-0.4917,train,d:\LUMOS\processed\preprocessed_images\patient_260\AP.png,d:\LUMOS\processed\preprocessed_images\patient_260\Lateral.png
261,d:\LUMOS\lumos_x\lumos_x_001_280_dcm\lumos_x_261\lumos_x_261_1.Dcm,d:\LUMOS\lumos_x\lumos_x_001_280_dcm\lumos_x_261\lumos_x_261_2.Dcm,True,True,True,4,True,52,Female,Asian,1.645,46.0,16.999103851590434,2,0.761797752808989,0.677,0.719,0.759,0.772,0.801,0.821,-2.935,train,d:\LUMOS\processed\preprocessed_images\patient_261\AP.png,d:\LUMOS\processed\preprocessed_images\patient_261\Lateral.png
262,d:\LUMOS\lumos_x\lumos_x_001_280_dcm\lumos_x_262\lumos_x_262_1.Dcm,d:\LUMOS\lumos_x\lumos_x_001_280_dcm\lumos_x_262\lumos_x_262_2.Dcm,True,True,True,4,True,59,Female,Asian,1.55,67.5,28.09573361082205,0,1.212,1.11,1.149,1.212,1.199,1.262,1.301,0.8167,train,d:\LUMOS\processed\preprocessed_images\patient_262\AP.png,d:\LUMOS\processed\preprocessed_images\patient_262\Lateral.png
263,d:\LUMOS\lumos_x\lumos_x_001_280_dcm\lumos_x_263\lumos_x_263_1.Dcm,d:\LUMOS\lumos_x\lumos_x_001_280_dcm\lumos_x_263\lumos_x_263_2.Dcm,True,True,True,4,True,63,Female,Asian,1.46,54.0,25.333083130043164,1,0.851,0.766,0.8,0.851,0.853,0.9,0.927,-2.1917,train,d:\LUMOS\processed\preprocessed_images\patient_263\AP.png,d:\LUMOS\processed\preprocessed_images\patient_263\Lateral.png
264,d:\LUMOS\lumos_x\lumos_x_001_280_dcm\lumos_x_264\lumos_x_264_1.Dcm,d:\LUMOS\lumos_x\lumos_x_001_280_dcm\lumos_x_264\lumos_x_264_2.Dcm,True,True,True,4,True,86,Female,Asian,1.52,49.0,21.208448753462605,2,0.739,0.727,0.748,0.739,0.755,0.741,0.749,-3.125,train,d:\LUMOS\processed\preprocessed_images\patient_264\AP.png,d:\LUMOS\processed\preprocessed_images\patient_264\Lateral.png
265,d:\LUMOS\lumos_x\lumos_x_001_280_dcm\lumos_x_265\lumos_x_265_1.Dcm,d:\LUMOS\lumos_x\lumos_x_001_280_dcm\lumos_x_265\lumos_x_265_2.Dcm,True,True,True,4,True,70,Male,Asian,1.66,60.0,21.773842357381334,0,1.342,1.222,1.3,1.342,1.361,1.393,1.447,1.9,train,d:\LUMOS\processed\preprocessed_images\patient_265\AP.png,d:\LUMOS\processed\preprocessed_images\patient_265\Lateral.png
266,d:\LUMOS\lumos_x\lumos_x_001_280_dcm\lumos_x_266\lumos_x_266_1.Dcm,d:\LUMOS\lumos_x\lumos_x_001_280_dcm\lumos_x_266\lumos_x_266_2.Dcm,True,True,True,4,True,59,Male,Asian,1.7,68.0,23.529411764705884,0,1.075,0.977,1.019,1.075,1.049,1.114,1.17,-0.325,train,d:\LUMOS\processed\preprocessed_images\patient_266\AP.png,d:\LUMOS\processed\preprocessed_images\patient_266\Lateral.png
267,d:\LUMOS\lumos_x\lumos_x_001_280_dcm\lumos_x_267\lumos_x_267_1.Dcm,d:\LUMOS\lumos_x\lumos_x_001_280_dcm\lumos_x_267\lumos_x_267_2.Dcm,True,True,True,4,True,72,Female,Asian,1.53,45.0,19.223375624759708,1,0.863,0.78,0.815,0.863,0.844,0.893,0.923,-2.0917,train,d:\LUMOS\processed\preprocessed_images\patient_267\AP.png,d:\LUMOS\processed\preprocessed_images\patient_267\Lateral.png
268,d:\LUMOS\lumos_x\lumos_x_001_280_dcm\lumos_x_268\lumos_x_268_1.Dcm,d:\LUMOS\lumos_x\lumos_x_001_280_dcm\lumos_x_268\lumos_x_268_2.Dcm,True,True,True,4,True,51,Female,Asian,1.58,70.0,28.04037814452812,2,0.777,0.8,0.785,0.777,0.774,0.769,0.759,-2.8083,train,d:\LUMOS\processed\preprocessed_images\patient_268\AP.png,d:\LUMOS\processed\preprocessed_images\patient_268\Lateral.png
269,d:\LUMOS\lumos_x\lumos_x_001_280_dcm\lumos_x_269\lumos_x_269_1.Dcm,d:\LUMOS\lumos_x\lumos_x_001_280_dcm\lumos_x_269\lumos_x_269_2.Dcm,True,True,True,4,True,55,Female,Asian,1.55,65.0,27.055150884495315,0,1.281,1.241,1.276,1.281,1.333,1.319,1.317,1.3917,train,d:\LUMOS\processed\preprocessed_images\patient_269\AP.png,d:\LUMOS\processed\preprocessed_images\patient_269\Lateral.png
270,d:\LUMOS\lumos_x\lumos_x_001_280_dcm\lumos_x_270\lumos_x_270_1.Dcm,d:\LUMOS\lumos_x\lumos_x_001_280_dcm\lumos_x_270\lumos_x_270_2.Dcm,True,True,True,4,True,74,Female,Asian,1.5,45.0,20.0,2,0.676,0.622,0.652,0.676,0.669,0.694,0.723,-3.65,test,d:\LUMOS\processed\preprocessed_images\patient_270\AP.png,d:\LUMOS\processed\preprocessed_images\patient_270\Lateral.png
271,d:\LUMOS\lumos_x\lumos_x_001_280_dcm\lumos_x_271\lumos_x_271_1.Dcm,d:\LUMOS\lumos_x\lumos_x_001_280_dcm\lumos_x_271\lumos_x_271_2.Dcm,True,True,True,4,True,52,Male,Asian,1.61,60.0,23.147255121330197,0,1.013,1.045,1.049,1.013,1.069,1.016,0.987,-0.8417,test,d:\LUMOS\processed\preprocessed_images\patient_271\AP.png,d:\LUMOS\processed\preprocessed_images\patient_271\Lateral.png
272,d:\LUMOS\lumos_x\lumos_x_001_280_dcm\lumos_x_272\lumos_x_272_1.Dcm,d:\LUMOS\lumos_x\lumos_x_001_280_dcm\lumos_x_272\lumos_x_272_2.Dcm,True,True,True,4,True,57,Male,Asian,1.66,62.0,22.49963710262738,0,0.995,1.0,1.016,0.995,1.041,1.004,0.99,-0.9917,train,d:\LUMOS\processed\preprocessed_images\patient_272\AP.png,d:\LUMOS\processed\preprocessed_images\patient_272\Lateral.png
273,d:\LUMOS\lumos_x\lumos_x_001_280_dcm\lumos_x_273\lumos_x_273_1.Dcm,d:\LUMOS\lumos_x\lumos_x_001_280_dcm\lumos_x_273\lumos_x_273_2.Dcm,True,True,True,4,True,73,Female,Asian,1.72,68.0,22.985397512168745,1,0.964,0.925,0.942,0.964,0.934,0.965,0.998,-1.25,train,d:\LUMOS\processed\preprocessed_images\patient_273\AP.png,d:\LUMOS\processed\preprocessed_images\patient_273\Lateral.png
274,d:\LUMOS\lumos_x\lumos_x_001_280_dcm\lumos_x_274\lumos_x_274_1.Dcm,d:\LUMOS\lumos_x\lumos_x_001_280_dcm\lumos_x_274\lumos_x_274_2.Dcm,True,True,True,4,True,73,Male,Asian,1.57,44.0,17.85062274331616,2,0.621,0.548,0.568,0.621,0.604,0.658,0.674,-4.1083,validation,d:\LUMOS\processed\preprocessed_images\patient_274\AP.png,d:\LUMOS\processed\preprocessed_images\patient_274\Lateral.png
275,d:\LUMOS\lumos_x\lumos_x_001_280_dcm\lumos_x_275\lumos_x_275_1.Dcm,d:\LUMOS\lumos_x\lumos_x_001_280_dcm\lumos_x_275\lumos_x_275_2.Dcm,True,True,True,4,True,87,Female,Asian,1.52,40.0,17.31301939058172,2,0.619,0.607,0.607,0.619,0.591,0.611,0.627,-4.125,train,d:\LUMOS\processed\preprocessed_images\patient_275\AP.png,d:\LUMOS\processed\preprocessed_images\patient_275\Lateral.png
276,d:\LUMOS\lumos_x\lumos_x_001_280_dcm\lumos_x_276\lumos_x_276_1.Dcm,d:\LUMOS\lumos_x\lumos_x_001_280_dcm\lumos_x_276\lumos_x_276_2.Dcm,True,True,True,4,True,63,Female,Asian,1.55,56.0,23.30905306971904,2,0.655,0.666,0.656,0.655,0.644,0.647,0.644,-3.825,train,d:\LUMOS\processed\preprocessed_images\patient_276\AP.png,d:\LUMOS\processed\preprocessed_images\patient_276\Lateral.png
277,d:\LUMOS\lumos_x\lumos_x_001_280_dcm\lumos_x_277\lumos_x_277_1.Dcm,d:\LUMOS\lumos_x\lumos_x_001_280_dcm\lumos_x_277\lumos_x_277_2.Dcm,True,True,True,4,True,30,Female,Asian,1.64,62.0,23.051754907792983,0,1.2276882890727,1.206,1.227,1.229,1.25,1.244,1.248,0.9474,train,d:\LUMOS\processed\preprocessed_images\patient_277\AP.png,d:\LUMOS\processed\preprocessed_images\patient_277\Lateral.png
278,d:\LUMOS\lumos_x\lumos_x_001_280_dcm\lumos_x_278\lumos_x_278_1.Dcm,d:\LUMOS\lumos_x\lumos_x_001_280_dcm\lumos_x_278\lumos_x_278_2.Dcm,True,True,True,4,True,71,Male,Asian,1.73,67.0,22.386314277122523,0,1.142,0.996,1.07,1.142,1.131,1.199,1.242,0.2333,train,d:\LUMOS\processed\preprocessed_images\patient_278\AP.png,d:\LUMOS\processed\preprocessed_images\patient_278\Lateral.png
279,d:\LUMOS\lumos_x\lumos_x_001_280_dcm\lumos_x_279\lumos_x_279_1.Dcm,d:\LUMOS\lumos_x\lumos_x_001_280_dcm\lumos_x_279\lumos_x_279_2.Dcm,True,True,True,4,True,60,Female,Asian,1.58,52.0,20.82999519307803,0,1.046,0.989,1.016,1.046,1.03,1.064,1.095,-0.5667,train,d:\LUMOS\processed\preprocessed_images\patient_279\AP.png,d:\LUMOS\processed\preprocessed_images\patient_279\Lateral.png
280,d:\LUMOS\lumos_x\lumos_x_001_280_dcm\lumos_x_280\lumos_x_280_1.Dcm,d:\LUMOS\lumos_x\lumos_x_001_280_dcm\lumos_x_280\lumos_x_280_2.Dcm,True,True,True,4,True,45,Male,Asian,1.75,75.0,24.489795918367346,1,0.97,0.99,0.996,0.97,1.015,0.974,0.954,-1.2,train,d:\LUMOS\processed\preprocessed_images\patient_280\AP.png,d:\LUMOS\processed\preprocessed_images\patient_280\Lateral.png
281,d:\LUMOS\lumos_x\lumos_x_281_540_dcm\lumos_x_281\lumos_x_281_1.Dcm,d:\LUMOS\lumos_x\lumos_x_281_540_dcm\lumos_x_281\lumos_x_281_2.Dcm,True,True,True,4,True,70,Male,Asian,1.58,38.0,15.221919564172406,1,0.886,0.853,0.865,0.886,0.88,0.902,0.917,-1.9,train,d:\LUMOS\processed\preprocessed_images\patient_281\AP.png,d:\LUMOS\processed\preprocessed_images\patient_281\Lateral.png
282,d:\LUMOS\lumos_x\lumos_x_281_540_dcm\lumos_x_282\lumos_x_282_1.Dcm,d:\LUMOS\lumos_x\lumos_x_281_540_dcm\lumos_x_282\lumos_x_282_2.Dcm,True,True,True,4,True,61,Female,Asian,1.51,43.0,18.85882198149204,1,0.91,0.869,0.89,0.91,0.908,0.927,0.942,-1.7,train,d:\LUMOS\processed\preprocessed_images\patient_282\AP.png,d:\LUMOS\processed\preprocessed_images\patient_282\Lateral.png
283,d:\LUMOS\lumos_x\lumos_x_281_540_dcm\lumos_x_283\lumos_x_283_1.Dcm,d:\LUMOS\lumos_x\lumos_x_281_540_dcm\lumos_x_283\lumos_x_283_2.Dcm,True,True,True,4,True,35,Female,Asian,1.65,54.0,19.83471074380165,0,1.029,0.999,1.036,1.029,1.073,1.051,1.054,-0.7083,train,d:\LUMOS\processed\preprocessed_images\patient_283\AP.png,d:\LUMOS\processed\preprocessed_images\patient_283\Lateral.png
284,d:\LUMOS\lumos_x\lumos_x_281_540_dcm\lumos_x_284\lumos_x_284_1.Dcm,d:\LUMOS\lumos_x\lumos_x_281_540_dcm\lumos_x_284\lumos_x_284_2.Dcm,True,True,True,4,True,80,Female,Asian,1.49,67.0,30.178820773839018,2,0.687485958211638,0.687,0.69,0.694,0.686,0.693,0.699,-3.5543,validation,d:\LUMOS\processed\preprocessed_images\patient_284\AP.png,d:\LUMOS\processed\preprocessed_images\patient_284\Lateral.png
285,d:\LUMOS\lumos_x\lumos_x_281_540_dcm\lumos_x_285\lumos_x_285_1.Dcm,d:\LUMOS\lumos_x\lumos_x_281_540_dcm\lumos_x_285\lumos_x_285_2.Dcm,True,True,True,4,True,75,Female,Asian,1.51,53.0,23.2445945353274,2,0.641,0.572,0.601,0.641,0.634,0.672,0.694,-3.9417,test,d:\LUMOS\processed\preprocessed_images\patient_285\AP.png,d:\LUMOS\processed\preprocessed_images\patient_285\Lateral.png
286,d:\LUMOS\lumos_x\lumos_x_281_540_dcm\lumos_x_286\lumos_x_286_1.Dcm,d:\LUMOS\lumos_x\lumos_x_281_540_dcm\lumos_x_286\lumos_x_286_2.Dcm,True,True,True,4,True,69,Male,Asian,1.63,55.0,20.70081674131507,0,1.46388542963885,1.234,1.319,1.466,1.361,1.537,1.681,2.9157,train,d:\LUMOS\processed\preprocessed_images\patient_286\AP.png,d:\LUMOS\processed\preprocessed_images\patient_286\Lateral.png
287,d:\LUMOS\lumos_x\lumos_x_281_540_dcm\lumos_x_287\lumos_x_287_1.Dcm,d:\LUMOS\lumos_x\lumos_x_281_540_dcm\lumos_x_287\lumos_x_287_2.Dcm,True,True,True,4,True,55,Female,Asian,1.58,48.0,19.227687870533565,0,1.206,1.167,1.204,1.206,1.229,1.222,1.238,0.7667,train,d:\LUMOS\processed\preprocessed_images\patient_287\AP.png,d:\LUMOS\processed\preprocessed_images\patient_287\Lateral.png
288,d:\LUMOS\lumos_x\lumos_x_281_540_dcm\lumos_x_288\lumos_x_288_1.Dcm,d:\LUMOS\lumos_x\lumos_x_281_540_dcm\lumos_x_288\lumos_x_288_2.Dcm,True,True,True,4,True,64,Female,Asian,1.515,61.0,26.576915117254305,1,0.954,0.828,0.901,0.954,0.922,0.98,1.055,-1.3333,train,d:\LUMOS\processed\preprocessed_images\patient_288\AP.png,d:\LUMOS\processed\preprocessed_images\patient_288\Lateral.png
289,d:\LUMOS\lumos_x\lumos_x_281_540_dcm\lumos_x_289\lumos_x_289_1.Dcm,d:\LUMOS\lumos_x\lumos_x_281_540_dcm\lumos_x_289\lumos_x_289_2.Dcm,True,True,True,4,True,84,Male,Asian,1.73,66.0,22.052190183434128,0,1.225,1.054,1.155,1.225,1.237,1.3,1.378,0.925,test,d:\LUMOS\processed\preprocessed_images\patient_289\AP.png,d:\LUMOS\processed\preprocessed_images\patient_289\Lateral.png
290,d:\LUMOS\lumos_x\lumos_x_281_540_dcm\lumos_x_290\lumos_x_290_1.Dcm,d:\LUMOS\lumos_x\lumos_x_281_540_dcm\lumos_x_290\lumos_x_290_2.Dcm,True,True,True,4,True,31,Male,Asian,1.72,62.0,20.9572742022715,0,1.127,1.053,1.12,1.127,1.144,1.145,1.192,0.1083,validation,d:\LUMOS\processed\preprocessed_images\patient_290\AP.png,d:\LUMOS\processed\preprocessed_images\patient_290\Lateral.png
291,d:\LUMOS\lumos_x\lumos_x_281_540_dcm\lumos_x_291\lumos_x_291_1.Dcm,d:\LUMOS\lumos_x\lumos_x_281_540_dcm\lumos_x_291\lumos_x_291_2.Dcm,True,True,True,4,True,73,Female,Asian,1.46,56.0,26.27134546819291,0,1.063,0.952,1.0,1.063,1.033,1.102,1.154,-0.425,test,d:\LUMOS\processed\preprocessed_images\patient_291\AP.png,d:\LUMOS\processed\preprocessed_images\patient_291\Lateral.png
292,d:\LUMOS\lumos_x\lumos_x_281_540_dcm\lumos_x_292\lumos_x_292_1.Dcm,d:\LUMOS\lumos_x\lumos_x_281_540_dcm\lumos_x_292\lumos_x_292_2.Dcm,True,True,True,4,True,58,Female,Asian,1.59,48.0,18.986590720303784,2,0.721,0.721,0.721,0.721,0.708,0.713,0.721,-3.275,test,d:\LUMOS\processed\preprocessed_images\patient_292\AP.png,d:\LUMOS\processed\preprocessed_images\patient_292\Lateral.png
293,d:\LUMOS\lumos_x\lumos_x_281_540_dcm\lumos_x_293\lumos_x_293_1.Dcm,d:\LUMOS\lumos_x\lumos_x_281_540_dcm\lumos_x_293\lumos_x_293_2.Dcm,True,True,True,4,True,63,Female,Asian,1.6,78.0,30.468749999999996,2,0.8,0.757,0.79,0.8,0.804,0.811,0.834,-2.6167,train,d:\LUMOS\processed\preprocessed_images\patient_293\AP.png,d:\LUMOS\processed\preprocessed_images\patient_293\Lateral.png
294,d:\LUMOS\lumos_x\lumos_x_281_540_dcm\lumos_x_294\lumos_x_294_1.Dcm,d:\LUMOS\lumos_x\lumos_x_281_540_dcm\lumos_x_294\lumos_x_294_2.Dcm,True,True,True,4,True,52,Female,Asian,1.58,56.0,22.43230251562249,0,1.26,1.218,1.262,1.26,1.294,1.28,1.297,1.2167,train,d:\LUMOS\processed\preprocessed_images\patient_294\AP.png,d:\LUMOS\processed\preprocessed_images\patient_294\Lateral.png
295,d:\LUMOS\lumos_x\lumos_x_281_540_dcm\lumos_x_295\lumos_x_295_1.Dcm,d:\LUMOS\lumos_x\lumos_x_281_540_dcm\lumos_x_295\lumos_x_295_2.Dcm,True,True,True,4,True,51,Female,Asian,1.58,50.0,20.0288415318058,1,0.963,0.931,0.96,0.963,0.979,0.975,0.989,-1.2583,train,d:\LUMOS\processed\preprocessed_images\patient_295\AP.png,d:\LUMOS\processed\preprocessed_images\patient_295\Lateral.png
296,d:\LUMOS\lumos_x\lumos_x_281_540_dcm\lumos_x_296\lumos_x_296_1.Dcm,d:\LUMOS\lumos_x\lumos_x_281_540_dcm\lumos_x_296\lumos_x_296_2.Dcm,True,True,True,4,True,67,Female,Asian,1.57,62.0,25.153150229218223,1,0.824,0.762,0.797,0.824,0.825,0.85,0.877,-2.4167,train,d:\LUMOS\processed\preprocessed_images\patient_296\AP.png,d:\LUMOS\processed\preprocessed_images\patient_296\Lateral.png
297,d:\LUMOS\lumos_x\lumos_x_281_540_dcm\lumos_x_297\lumos_x_297_1.Dcm,d:\LUMOS\lumos_x\lumos_x_281_540_dcm\lumos_x_297\lumos_x_297_2.Dcm,True,True,True,4,True,56,Female,Asian,1.61,48.0,18.517804097064158,2,0.739,0.728,0.746,0.739,0.757,0.743,0.747,-3.125,train,d:\LUMOS\processed\preprocessed_images\patient_297\AP.png,d:\LUMOS\processed\preprocessed_images\patient_297\Lateral.png
298,d:\LUMOS\lumos_x\lumos_x_281_540_dcm\lumos_x_298\lumos_x_298_1.Dcm,d:\LUMOS\lumos_x\lumos_x_281_540_dcm\lumos_x_298\lumos_x_298_2.Dcm,True,True,True,4,True,83,Female,Asian,1.59,58.0,22.942130453700404,1,0.973,0.894,0.928,0.973,0.937,0.991,1.036,-1.175,test,d:\LUMOS\processed\preprocessed_images\patient_298\AP.png,d:\LUMOS\processed\preprocessed_images\patient_298\Lateral.png
299,d:\LUMOS\lumos_x\lumos_x_281_540_dcm\lumos_x_299\lumos_x_299_1.Dcm,d:\LUMOS\lumos_x\lumos_x_281_540_dcm\lumos_x_299\lumos_x_299_2.Dcm,True,True,True,4,True,68,Male,Asian,1.65,58.0,21.30394857667585,1,0.834,0.833,0.837,0.834,0.851,0.841,0.834,-2.3333,train,d:\LUMOS\processed\preprocessed_images\patient_299\AP.png,d:\LUMOS\processed\preprocessed_images\patient_299\Lateral.png
300,d:\LUMOS\lumos_x\lumos_x_281_540_dcm\lumos_x_300\lumos_x_300_1.Dcm,d:\LUMOS\lumos_x\lumos_x_281_540_dcm\lumos_x_300\lumos_x_300_2.Dcm,True,True,True,4,True,73,Female,Asian,1.55,54.0,22.476586888657646,1,0.903,0.827,0.891,0.903,0.943,0.94,0.979,-1.7583,train,d:\LUMOS\processed\preprocessed_images\patient_300\AP.png,d:\LUMOS\processed\preprocessed_images\patient_300\Lateral.png
301,d:\LUMOS\lumos_x\lumos_x_281_540_dcm\lumos_x_301\lumos_x_301_1.Dcm,d:\LUMOS\lumos_x\lumos_x_281_540_dcm\lumos_x_301\lumos_x_301_2.Dcm,True,True,True,4,True,82,Male,Asian,1.5,60.0,26.666666666666668,0,1.138,1.104,1.111,1.138,1.129,1.158,1.168,0.2,validation,d:\LUMOS\processed\preprocessed_images\patient_301\AP.png,d:\LUMOS\processed\preprocessed_images\patient_301\Lateral.png
302,d:\LUMOS\lumos_x\lumos_x_281_540_dcm\lumos_x_302\lumos_x_302_1.Dcm,d:\LUMOS\lumos_x\lumos_x_281_540_dcm\lumos_x_302\lumos_x_302_2.Dcm,True,True,True,4,True,56,Female,Asian,1.49,41.0,18.467636592946263,1,0.876,0.793,0.836,0.876,0.873,0.911,0.945,-1.9833,train,d:\LUMOS\processed\preprocessed_images\patient_302\AP.png,d:\LUMOS\processed\preprocessed_images\patient_302\Lateral.png
303,d:\LUMOS\lumos_x\lumos_x_281_540_dcm\lumos_x_303\lumos_x_303_1.Dcm,d:\LUMOS\lumos_x\lumos_x_281_540_dcm\lumos_x_303\lumos_x_303_2.Dcm,True,True,True,4,True,64,Female,Asian,1.57,55.0,22.3132784291452,2,0.729,0.683,0.718,0.729,0.719,0.733,0.767,-3.2083,train,d:\LUMOS\processed\preprocessed_images\patient_303\AP.png,d:\LUMOS\processed\preprocessed_images\patient_303\Lateral.png
304,d:\LUMOS\lumos_x\lumos_x_281_540_dcm\lumos_x_304\lumos_x_304_1.Dcm,d:\LUMOS\lumos_x\lumos_x_281_540_dcm\lumos_x_304\lumos_x_304_2.Dcm,True,True,True,4,True,62,Female,Asian,1.5,47.0,20.88888888888889,2,0.698,0.715,0.717,0.703,0.7,0.688,0.693,-3.4667,train,d:\LUMOS\processed\preprocessed_images\patient_304\AP.png,d:\LUMOS\processed\preprocessed_images\patient_304\Lateral.png
305,d:\LUMOS\lumos_x\lumos_x_281_540_dcm\lumos_x_305\lumos_x_305_1.Dcm,d:\LUMOS\lumos_x\lumos_x_281_540_dcm\lumos_x_305\lumos_x_305_2.Dcm,True,True,True,4,True,71,Female,Asian,1.56,75.0,30.818540433925047,1,0.968910891,0.843,0.895,0.969,0.939,1.018,1.081,-1.2091,train,d:\LUMOS\processed\preprocessed_images\patient_305\AP.png,d:\LUMOS\processed\preprocessed_images\patient_305\Lateral.png
306,d:\LUMOS\lumos_x\lumos_x_281_540_dcm\lumos_x_306\lumos_x_306_1.Dcm,d:\LUMOS\lumos_x\lumos_x_281_540_dcm\lumos_x_306\lumos_x_306_2.Dcm,True,True,True,4,True,80,Female,Asian,1.6,69.0,26.953125,0,1.001,0.943,0.972,1.001,0.992,1.021,1.051,-0.9417,validation,d:\LUMOS\processed\preprocessed_images\patient_306\AP.png,d:\LUMOS\processed\preprocessed_images\patient_306\Lateral.png
307,d:\LUMOS\lumos_x\lumos_x_281_540_dcm\lumos_x_307\lumos_x_307_1.Dcm,d:\LUMOS\lumos_x\lumos_x_281_540_dcm\lumos_x_307\lumos_x_307_2.Dcm,True,True,True,4,True,69,Female,Asian,1.52,56.0,24.238227146814403,2,0.749,0.868,0.786,0.749,0.678,0.672,0.651,-3.0417,train,d:\LUMOS\processed\preprocessed_images\patient_307\AP.png,d:\LUMOS\processed\preprocessed_images\patient_307\Lateral.png
308,d:\LUMOS\lumos_x\lumos_x_281_540_dcm\lumos_x_308\lumos_x_308_1.Dcm,d:\LUMOS\lumos_x\lumos_x_281_540_dcm\lumos_x_308\lumos_x_308_2.Dcm,True,True,True,4,True,71,Female,Asian,1.5,56.0,24.88888888888889,1,0.938,0.903,0.926,0.938,0.93,0.945,0.974,-1.4667,train,d:\LUMOS\processed\preprocessed_images\patient_308\AP.png,d:\LUMOS\processed\preprocessed_images\patient_308\Lateral.png
309,d:\LUMOS\lumos_x\lumos_x_281_540_dcm\lumos_x_309\lumos_x_309_1.Dcm,d:\LUMOS\lumos_x\lumos_x_281_540_dcm\lumos_x_309\lumos_x_309_2.Dcm,True,True,True,4,True,60,Male,Asian,1.66,59.0,21.410944984758316,0,1.202,1.07,1.165,1.202,1.237,1.258,1.31,0.7333,train,d:\LUMOS\processed\preprocessed_images\patient_309\AP.png,d:\LUMOS\processed\preprocessed_images\patient_309\Lateral.png
310,d:\LUMOS\lumos_x\lumos_x_281_540_dcm\lumos_x_310\lumos_x_310_1.Dcm,d:\LUMOS\lumos_x\lumos_x_281_540_dcm\lumos_x_310\lumos_x_310_2.Dcm,True,True,True,4,True,73,Female,Asian,1.51,72.0,31.577562387614577,0,1.261,1.169,1.224,1.261,1.244,1.284,1.332,1.225,train,d:\LUMOS\processed\preprocessed_images\patient_310\AP.png,d:\LUMOS\processed\preprocessed_images\patient_310\Lateral.png
311,d:\LUMOS\lumos_x\lumos_x_281_540_dcm\lumos_x_311\lumos_x_311_1.Dcm,d:\LUMOS\lumos_x\lumos_x_281_540_dcm\lumos_x_311\lumos_x_311_2.Dcm,True,True,True,4,True,67,Female,Asian,1.49,45.0,20.26935723616053,2,0.796,0.762,0.78,0.796,0.789,0.806,0.823,-2.65,train,d:\LUMOS\processed\preprocessed_images\patient_311\AP.png,d:\LUMOS\processed\preprocessed_images\patient_311\Lateral.png
312,d:\LUMOS\lumos_x\lumos_x_281_540_dcm\lumos_x_312\lumos_x_312_1.Dcm,d:\LUMOS\lumos_x\lumos_x_281_540_dcm\lumos_x_312\lumos_x_312_2.Dcm,True,True,True,8,True,79,Female,Asian,1.63,56.0,21.0771952275208,1,0.815126050420168,0.775,0.819,0.816,0.859,0.841,0.847,-2.4906,train,d:\LUMOS\processed\preprocessed_images\patient_312\AP.png,d:\LUMOS\processed\preprocessed_images\patient_312\Lateral.png
313,d:\LUMOS\lumos_x\lumos_x_281_540_dcm\lumos_x_313\lumos_x_313_1.Dcm,d:\LUMOS\lumos_x\lumos_x_281_540_dcm\lumos_x_313\lumos_x_313_2.Dcm,True,True,True,4,True,49,Female,Asian,1.57,42.0,17.03923080043815,0,1.123,0.985,1.075,1.123,1.164,1.193,1.233,0.075,train,d:\LUMOS\processed\preprocessed_images\patient_313\AP.png,d:\LUMOS\processed\preprocessed_images\patient_313\Lateral.png
314,d:\LUMOS\lumos_x\lumos_x_281_540_dcm\lumos_x_314\lumos_x_314_1.Dcm,d:\LUMOS\lumos_x\lumos_x_281_540_dcm\lumos_x_314\lumos_x_314_2.Dcm,True,True,True,4,True,52,Female,Asian,1.52,58.0,25.10387811634349,1,0.979,0.913,0.938,0.979,0.968,1.01,1.036,-1.125,train,d:\LUMOS\processed\preprocessed_images\patient_314\AP.png,d:\LUMOS\processed\preprocessed_images\patient_314\Lateral.png
315,d:\LUMOS\lumos_x\lumos_x_281_540_dcm\lumos_x_315\lumos_x_315_1.Dcm,d:\LUMOS\lumos_x\lumos_x_281_540_dcm\lumos_x_315\lumos_x_315_2.Dcm,True,True,True,4,True,63,Female,Asian,1.48,49.0,22.37034331628926,2,0.702,0.684,0.69,0.702,0.707,0.717,0.718,-3.4333,validation,d:\LUMOS\processed\preprocessed_images\patient_315\AP.png,d:\LUMOS\processed\preprocessed_images\patient_315\Lateral.png
316,d:\LUMOS\lumos_x\lumos_x_281_540_dcm\lumos_x_316\lumos_x_316_1.Dcm,d:\LUMOS\lumos_x\lumos_x_281_540_dcm\lumos_x_316\lumos_x_316_2.Dcm,True,True,True,4,True,62,Female,Asian,1.53,57.0,24.34960912469563,0,1.017,0.946,0.985,1.017,1.016,1.047,1.08,-0.8083,train,d:\LUMOS\processed\preprocessed_images\patient_316\AP.png,d:\LUMOS\processed\preprocessed_images\patient_316\Lateral.png
317,d:\LUMOS\lumos_x\lumos_x_281_540_dcm\lumos_x_317\lumos_x_317_1.Dcm,d:\LUMOS\lumos_x\lumos_x_281_540_dcm\lumos_x_317\lumos_x_317_2.Dcm,True,True,True,4,True,65,Female,Asian,1.6,68.0,26.5625,0,1.019,0.95,0.978,1.019,1.007,1.049,1.074,-0.7917,train,d:\LUMOS\processed\preprocessed_images\patient_317\AP.png,d:\LUMOS\processed\preprocessed_images\patient_317\Lateral.png
318,d:\LUMOS\lumos_x\lumos_x_281_540_dcm\lumos_x_318\lumos_x_318_1.Dcm,d:\LUMOS\lumos_x\lumos_x_281_540_dcm\lumos_x_318\lumos_x_318_2.Dcm,True,True,True,4,True,76,Female,Asian,1.6,62.0,24.21875,0,1.045,0.987,1.011,1.045,1.004,1.052,1.1,-0.575,train,d:\LUMOS\processed\preprocessed_images\patient_318\AP.png,d:\LUMOS\processed\preprocessed_images\patient_318\Lateral.png
319,d:\LUMOS\lumos_x\lumos_x_281_540_dcm\lumos_x_319\lumos_x_319_1.Dcm,d:\LUMOS\lumos_x\lumos_x_281_540_dcm\lumos_x_319\lumos_x_319_2.Dcm,True,True,True,4,True,58,Male,Asian,1.76,65.0,20.983987603305785,1,0.931,0.926,0.938,0.931,0.954,0.938,0.934,-1.525,train,d:\LUMOS\processed\preprocessed_images\patient_319\AP.png,d:\LUMOS\processed\preprocessed_images\patient_319\Lateral.png
320,d:\LUMOS\lumos_x\lumos_x_281_540_dcm\lumos_x_320\lumos_x_320_1.Dcm,d:\LUMOS\lumos_x\lumos_x_281_540_dcm\lumos_x_320\lumos_x_320_2.Dcm,True,True,True,4,True,73,Female,Asian,1.53,60.0,25.63116749967961,0,1.668,1.59,1.612,1.668,1.639,1.7,1.727,4.6167,train,d:\LUMOS\processed\preprocessed_images\patient_320\AP.png,d:\LUMOS\processed\preprocessed_images\patient_320\Lateral.png
321,d:\LUMOS\lumos_x\lumos_x_281_540_dcm\lumos_x_321\lumos_x_321_1.Dcm,d:\LUMOS\lumos_x\lumos_x_281_540_dcm\lumos_x_321\lumos_x_321_2.Dcm,True,True,True,4,True,70,Female,Asian,1.495,49.0,21.92369212872339,2,0.77,0.712,0.746,0.77,0.779,0.798,0.819,-2.8667,train,d:\LUMOS\processed\preprocessed_images\patient_321\AP.png,d:\LUMOS\processed\preprocessed_images\patient_321\Lateral.png
322,d:\LUMOS\lumos_x\lumos_x_281_540_dcm\lumos_x_322\lumos_x_322_1.Dcm,d:\LUMOS\lumos_x\lumos_x_281_540_dcm\lumos_x_322\lumos_x_322_2.Dcm,True,True,True,4,True,60,Female,Asian,1.53,51.0,21.78649237472767,0,0.998804542737597,0.935,0.969,0.999,1.013,1.034,1.049,-0.96,train,d:\LUMOS\processed\preprocessed_images\patient_322\AP.png,d:\LUMOS\processed\preprocessed_images\patient_322\Lateral.png
323,d:\LUMOS\lumos_x\lumos_x_281_540_dcm\lumos_x_323\lumos_x_323_1.Dcm,d:\LUMOS\lumos_x\lumos_x_281_540_dcm\lumos_x_323\lumos_x_323_2.Dcm,True,True,True,4,True,57,Female,Asian,1.56,58.0,23.83300460223537,1,0.905,0.802,0.86,0.904,0.9,0.942,0.995,-1.7417,validation,d:\LUMOS\processed\preprocessed_images\patient_323\AP.png,d:\LUMOS\processed\preprocessed_images\patient_323\Lateral.png
324,d:\LUMOS\lumos_x\lumos_x_281_540_dcm\lumos_x_324\lumos_x_324_1.Dcm,d:\LUMOS\lumos_x\lumos_x_281_540_dcm\lumos_x_324\lumos_x_324_2.Dcm,True,True,True,4,True,56,Female,Asian,1.56,65.0,26.709401709401707,0,1.158,1.046,1.128,1.158,1.186,1.204,1.252,0.3667,train,d:\LUMOS\processed\preprocessed_images\patient_324\AP.png,d:\LUMOS\processed\preprocessed_images\patient_324\Lateral.png
325,d:\LUMOS\lumos_x\lumos_x_281_540_dcm\lumos_x_325\lumos_x_325_1.Dcm,d:\LUMOS\lumos_x\lumos_x_281_540_dcm\lumos_x_325\lumos_x_325_2.Dcm,True,True,True,4,True,49,Male,Asian,1.68,42.0,14.880952380952383,0,1.077,1.018,1.042,1.076,1.047,1.089,1.124,-0.3083,train,d:\LUMOS\processed\preprocessed_images\patient_325\AP.png,d:\LUMOS\processed\preprocessed_images\patient_325\Lateral.png
326,d:\LUMOS\lumos_x\lumos_x_281_540_dcm\lumos_x_326\lumos_x_326_1.Dcm,d:\LUMOS\lumos_x\lumos_x_281_540_dcm\lumos_x_326\lumos_x_326_2.Dcm,True,True,True,4,True,48,Male,Asian,1.7,69.0,23.87543252595156,0,1.217,1.203,1.204,1.217,1.233,1.239,1.227,0.8583,test,d:\LUMOS\processed\preprocessed_images\patient_326\AP.png,d:\LUMOS\processed\preprocessed_images\patient_326\Lateral.png
327,d:\LUMOS\lumos_x\lumos_x_281_540_dcm\lumos_x_327\lumos_x_327_1.Dcm,d:\LUMOS\lumos_x\lumos_x_281_540_dcm\lumos_x_327\lumos_x_327_2.Dcm,True,True,True,4,True,65,Female,Asian,1.5,52.0,23.11111111111111,1,0.85,0.802,0.814,0.85,0.821,0.864,0.885,-2.2,train,d:\LUMOS\processed\preprocessed_images\patient_327\AP.png,d:\LUMOS\processed\preprocessed_images\patient_327\Lateral.png
328,d:\LUMOS\lumos_x\lumos_x_281_540_dcm\lumos_x_328\lumos_x_328_1.Dcm,d:\LUMOS\lumos_x\lumos_x_281_540_dcm\lumos_x_328\lumos_x_328_2.Dcm,True,True,True,4,True,49,Female,Asian,1.59,48.0,18.986590720303784,0,1.098,1.026,1.079,1.098,1.122,1.129,1.157,-0.1333,train,d:\LUMOS\processed\preprocessed_images\patient_328\AP.png,d:\LUMOS\processed\preprocessed_images\patient_328\Lateral.png
329,d:\LUMOS\lumos_x\lumos_x_281_540_dcm\lumos_x_329\lumos_x_329_1.Dcm,d:\LUMOS\lumos_x\lumos_x_281_540_dcm\lumos_x_329\lumos_x_329_2.Dcm,True,True,True,4,True,27,Male,Asian,1.65,70.0,25.71166207529844,0,1.046,1.016,1.052,1.046,1.087,1.066,1.071,-0.5667,train,d:\LUMOS\processed\preprocessed_images\patient_329\AP.png,d:\LUMOS\processed\preprocessed_images\patient_329\Lateral.png
330,d:\LUMOS\lumos_x\lumos_x_281_540_dcm\lumos_x_330\lumos_x_330_1.Dcm,d:\LUMOS\lumos_x\lumos_x_281_540_dcm\lumos_x_330\lumos_x_330_2.Dcm,True,True,True,4,True,64,Female,Asian,1.58,59.0,23.63403300753084,2,0.729,0.682,0.703,0.729,0.715,0.743,0.766,-3.2083,train,d:\LUMOS\processed\preprocessed_images\patient_330\AP.png,d:\LUMOS\processed\preprocessed_images\patient_330\Lateral.png
331,d:\LUMOS\lumos_x\lumos_x_281_540_dcm\lumos_x_331\lumos_x_331_1.Dcm,d:\LUMOS\lumos_x\lumos_x_281_540_dcm\lumos_x_331\lumos_x_331_2.Dcm,True,True,True,4,True,55,Female,Asian,1.63,65.0,24.46460160337235,0,0.997,0.935,0.97,0.997,1.011,1.029,1.044,-0.975,train,d:\LUMOS\processed\preprocessed_images\patient_331\AP.png,d:\LUMOS\processed\preprocessed_images\patient_331\Lateral.png
332,d:\LUMOS\lumos_x\lumos_x_281_540_dcm\lumos_x_332\lumos_x_332_1.Dcm,d:\LUMOS\lumos_x\lumos_x_281_540_dcm\lumos_x_332\lumos_x_332_2.Dcm,True,True,True,4,True,66,Female,Asian,1.6,54.0,21.09375,0,1.337,1.235,1.294,1.337,1.36,1.389,1.418,1.8583,validation,d:\LUMOS\processed\preprocessed_images\patient_332\AP.png,d:\LUMOS\processed\preprocessed_images\patient_332\Lateral.png
333,d:\LUMOS\lumos_x\lumos_x_281_540_dcm\lumos_x_333\lumos_x_333_1.Dcm,d:\LUMOS\lumos_x\lumos_x_281_540_dcm\lumos_x_333\lumos_x_333_2.Dcm,True,True,True,4,True,56,Male,Asian,1.79,85.0,26.528510346119035,0,1.29,1.297,1.284,1.29,1.212,1.246,1.285,1.4667,train,d:\LUMOS\processed\preprocessed_images\patient_333\AP.png,d:\LUMOS\processed\preprocessed_images\patient_333\Lateral.png
334,d:\LUMOS\lumos_x\lumos_x_281_540_dcm\lumos_x_334\lumos_x_334_1.Dcm,d:\LUMOS\lumos_x\lumos_x_281_540_dcm\lumos_x_334\lumos_x_334_2.Dcm,True,True,True,4,True,67,Female,Asian,1.6,65.0,25.390625,1,0.893,0.812,0.847,0.893,0.89,0.934,0.964,-1.8417,test,d:\LUMOS\processed\preprocessed_images\patient_334\AP.png,d:\LUMOS\processed\preprocessed_images\patient_334\Lateral.png
335,d:\LUMOS\lumos_x\lumos_x_281_540_dcm\lumos_x_335\lumos_x_335_1.Dcm,d:\LUMOS\lumos_x\lumos_x_281_540_dcm\lumos_x_335\lumos_x_335_2.Dcm,True,True,True,4,True,61,Female,Asian,1.49,62.0,27.92666996982118,1,0.925,0.811,0.879,0.925,0.947,0.979,1.011,-1.575,train,d:\LUMOS\processed\preprocessed_images\patient_335\AP.png,d:\LUMOS\processed\preprocessed_images\patient_335\Lateral.png
336,d:\LUMOS\lumos_x\lumos_x_281_540_dcm\lumos_x_336\lumos_x_336_1.Dcm,d:\LUMOS\lumos_x\lumos_x_281_540_dcm\lumos_x_336\lumos_x_336_2.Dcm,True,True,True,4,True,56,Female,Asian,1.58,62.0,24.83576349943919,0,1.113,1.014,1.078,1.113,1.118,1.147,1.193,-0.0083,test,d:\LUMOS\processed\preprocessed_images\patient_336\AP.png,d:\LUMOS\processed\preprocessed_images\patient_336\Lateral.png
337,d:\LUMOS\lumos_x\lumos_x_281_540_dcm\lumos_x_337\lumos_x_337_1.Dcm,d:\LUMOS\lumos_x\lumos_x_281_540_dcm\lumos_x_337\lumos_x_337_2.Dcm,True,True,True,4,True,60,Male,Asian,1.63,54.0,20.32443825510934,0,1.012,0.981,1.019,1.012,1.046,1.027,1.037,-0.85,train,d:\LUMOS\processed\preprocessed_images\patient_337\AP.png,d:\LUMOS\processed\preprocessed_images\patient_337\Lateral.png
338,d:\LUMOS\lumos_x\lumos_x_281_540_dcm\lumos_x_338\lumos_x_338_1.Dcm,d:\LUMOS\lumos_x\lumos_x_281_540_dcm\lumos_x_338\lumos_x_338_2.Dcm,True,True,True,4,True,64,Female,Asian,1.64,59.0,21.936347412254616,1,0.906,0.887,0.919,0.906,0.967,0.932,0.921,-1.7333,validation,d:\LUMOS\processed\preprocessed_images\patient_338\AP.png,d:\LUMOS\processed\preprocessed_images\patient_338\Lateral.png
339,d:\LUMOS\lumos_x\lumos_x_281_540_dcm\lumos_x_339\lumos_x_339_1.Dcm,d:\LUMOS\lumos_x\lumos_x_281_540_dcm\lumos_x_339\lumos_x_339_2.Dcm,True,True,True,4,True,71,Female,Asian,1.53,59.0,25.20398137468495,1,0.957,0.865,0.918,0.957,0.945,0.985,1.029,-1.3083,train,d:\LUMOS\processed\preprocessed_images\patient_339\AP.png,d:\LUMOS\processed\preprocessed_images\patient_339\Lateral.png
340,d:\LUMOS\lumos_x\lumos_x_281_540_dcm\lumos_x_340\lumos_x_340_1.Dcm,d:\LUMOS\lumos_x\lumos_x_281_540_dcm\lumos_x_340\lumos_x_340_2.Dcm,True,True,True,4,True,75,Female,Asian,1.49,59.0,26.57537948741048,1,0.961,0.864,0.91,0.961,0.908,0.974,1.032,-1.275,train,d:\LUMOS\processed\preprocessed_images\patient_340\AP.png,d:\LUMOS\processed\preprocessed_images\patient_340\Lateral.png
341,d:\LUMOS\lumos_x\lumos_x_281_540_dcm\lumos_x_341\lumos_x_341_1.Dcm,d:\LUMOS\lumos_x\lumos_x_281_540_dcm\lumos_x_341\lumos_x_341_2.Dcm,True,True,True,4,True,69,Female,Asian,1.55,44.0,18.314255983350677,1,0.883,0.853,0.881,0.883,0.904,0.898,0.908,-1.925,train,d:\LUMOS\processed\preprocessed_images\patient_341\AP.png,d:\LUMOS\processed\preprocessed_images\patient_341\Lateral.png
342,d:\LUMOS\lumos_x\lumos_x_281_540_dcm\lumos_x_342\lumos_x_342_1.Dcm,d:\LUMOS\lumos_x\lumos_x_281_540_dcm\lumos_x_342\lumos_x_342_2.Dcm,True,True,True,4,True,67,Female,Asian,1.55,52.0,21.64412070759625,1,0.839,0.796,0.833,0.839,0.881,0.871,0.873,-2.2917,train,d:\LUMOS\processed\preprocessed_images\patient_342\AP.png,d:\LUMOS\processed\preprocessed_images\patient_342\Lateral.png
343,d:\LUMOS\lumos_x\lumos_x_281_540_dcm\lumos_x_343\lumos_x_343_1.Dcm,d:\LUMOS\lumos_x\lumos_x_281_540_dcm\lumos_x_343\lumos_x_343_2.Dcm,True,True,True,4,True,56,Female,Asian,1.55,51.0,21.227887617065555,2,0.757,0.725,0.742,0.757,0.743,0.762,0.782,-2.975,validation,d:\LUMOS\processed\preprocessed_images\patient_343\AP.png,d:\LUMOS\processed\preprocessed_images\patient_343\Lateral.png
344,d:\LUMOS\lumos_x\lumos_x_281_540_dcm\lumos_x_344\lumos_x_344_1.Dcm,d:\LUMOS\lumos_x\lumos_x_281_540_dcm\lumos_x_344\lumos_x_344_2.Dcm,True,True,True,4,True,55,Male,Asian,1.68,78.0,27.636054421768712,1,0.966,0.939,0.94,0.966,0.935,0.97,0.986,-1.2333,validation,d:\LUMOS\processed\preprocessed_images\patient_344\AP.png,d:\LUMOS\processed\preprocessed_images\patient_344\Lateral.png
345,d:\LUMOS\lumos_x\lumos_x_281_540_dcm\lumos_x_345\lumos_x_345_1.Dcm,d:\LUMOS\lumos_x\lumos_x_281_540_dcm\lumos_x_345\lumos_x_345_2.Dcm,True,True,True,4,True,77,Female,Asian,1.52,53.0,22.93975069252077,1,0.885,0.807,0.851,0.885,0.87,0.906,0.95,-1.9083,train,d:\LUMOS\processed\preprocessed_images\patient_345\AP.png,d:\LUMOS\processed\preprocessed_images\patient_345\Lateral.png
346,d:\LUMOS\lumos_x\lumos_x_281_540_dcm\lumos_x_346\lumos_x_346_1.Dcm,d:\LUMOS\lumos_x\lumos_x_281_540_dcm\lumos_x_346\lumos_x_346_2.Dcm,True,True,True,4,True,74,Female,Asian,1.57,64.0,25.96454217209623,1,0.821,0.791,0.791,0.822,0.78,0.823,0.845,-2.4417,train,d:\LUMOS\processed\preprocessed_images\patient_346\AP.png,d:\LUMOS\processed\preprocessed_images\patient_346\Lateral.png
347,d:\LUMOS\lumos_x\lumos_x_281_540_dcm\lumos_x_347\lumos_x_347_1.Dcm,d:\LUMOS\lumos_x\lumos_x_281_540_dcm\lumos_x_347\lumos_x_347_2.Dcm,True,True,True,4,True,84,Female,Asian,1.48,60.0,27.39225712198685,0,1.08,1.087,1.102,1.08,1.108,1.078,1.074,-0.2833,validation,d:\LUMOS\processed\preprocessed_images\patient_347\AP.png,d:\LUMOS\processed\preprocessed_images\patient_347\Lateral.png
348,d:\LUMOS\lumos_x\lumos_x_281_540_dcm\lumos_x_348\lumos_x_348_1.Dcm,d:\LUMOS\lumos_x\lumos_x_281_540_dcm\lumos_x_348\lumos_x_348_2.Dcm,True,True,True,4,True,69,Female,Asian,1.53,61.0,26.05835362467427,1,0.82506175611947,0.775,0.801,0.826,0.825,0.848,0.871,-2.4078,train,d:\LUMOS\processed\preprocessed_images\patient_348\AP.png,d:\LUMOS\processed\preprocessed_images\patient_348\Lateral.png
349,d:\LUMOS\lumos_x\lumos_x_281_540_dcm\lumos_x_349\lumos_x_349_1.Dcm,d:\LUMOS\lumos_x\lumos_x_281_540_dcm\lumos_x_349\lumos_x_349_2.Dcm,True,True,True,8,True,78,Female,Asian,1.54,52.0,21.92612582222972,2,0.814,0.768,0.79,0.814,0.807,0.831,0.853,-2.5,train,d:\LUMOS\processed\preprocessed_images\patient_349\AP.png,d:\LUMOS\processed\preprocessed_images\patient_349\Lateral.png
350,d:\LUMOS\lumos_x\lumos_x_281_540_dcm\lumos_x_350\lumos_x_350_1.Dcm,d:\LUMOS\lumos_x\lumos_x_281_540_dcm\lumos_x_350\lumos_x_350_2.Dcm,True,True,True,4,True,60,Female,Asian,1.52,89.0,38.52146814404432,0,1.381,1.342,1.36,1.381,1.398,1.412,1.417,2.225,train,d:\LUMOS\processed\preprocessed_images\patient_350\AP.png,d:\LUMOS\processed\preprocessed_images\patient_350\Lateral.png
351,d:\LUMOS\lumos_x\lumos_x_281_540_dcm\lumos_x_351\lumos_x_351_1.Dcm,d:\LUMOS\lumos_x\lumos_x_281_540_dcm\lumos_x_351\lumos_x_351_2.Dcm,True,True,True,4,True,70,Female,Asian,1.41,53.0,26.658618781751425,2,0.73,0.662,0.703,0.73,0.718,0.746,0.784,-3.2,train,d:\LUMOS\processed\preprocessed_images\patient_351\AP.png,d:\LUMOS\processed\preprocessed_images\patient_351\Lateral.png
352,d:\LUMOS\lumos_x\lumos_x_281_540_dcm\lumos_x_352\lumos_x_352_1.Dcm,d:\LUMOS\lumos_x\lumos_x_281_540_dcm\lumos_x_352\lumos_x_352_2.Dcm,True,True,True,4,True,67,Male,Asian,1.67,73.0,26.175194521137367,2,0.786,0.769,0.79,0.786,0.795,0.788,0.799,-2.7333,train,d:\LUMOS\processed\preprocessed_images\patient_352\AP.png,d:\LUMOS\processed\preprocessed_images\patient_352\Lateral.png
353,d:\LUMOS\lumos_x\lumos_x_281_540_dcm\lumos_x_353\lumos_x_353_1.Dcm,d:\LUMOS\lumos_x\lumos_x_281_540_dcm\lumos_x_353\lumos_x_353_2.Dcm,True,True,True,4,True,69,Female,Asian,1.5,55.0,24.444444444444443,1,0.817,0.75,0.805,0.817,0.831,0.837,0.867,-2.475,train,d:\LUMOS\processed\preprocessed_images\patient_353\AP.png,d:\LUMOS\processed\preprocessed_images\patient_353\Lateral.png
354,d:\LUMOS\lumos_x\lumos_x_281_540_dcm\lumos_x_354\lumos_x_354_1.Dcm,d:\LUMOS\lumos_x\lumos_x_281_540_dcm\lumos_x_354\lumos_x_354_2.Dcm,True,True,True,4,True,66,Male,Asian,1.62,55.0,20.957171162932475,1,0.924,0.871,0.892,0.924,0.899,0.939,0.968,-1.5833,train,d:\LUMOS\processed\preprocessed_images\patient_354\AP.png,d:\LUMOS\processed\preprocessed_images\patient_354\Lateral.png
355,d:\LUMOS\lumos_x\lumos_x_281_540_dcm\lumos_x_355\lumos_x_355_1.Dcm,d:\LUMOS\lumos_x\lumos_x_281_540_dcm\lumos_x_355\lumos_x_355_2.Dcm,True,True,True,4,True,55,Male,Asian,1.72,55.0,18.59113034072472,2,0.762,0.7,0.727,0.762,0.738,0.777,0.809,-2.9333,validation,d:\LUMOS\processed\preprocessed_images\patient_355\AP.png,d:\LUMOS\processed\preprocessed_images\patient_355\Lateral.png
356,d:\LUMOS\lumos_x\lumos_x_281_540_dcm\lumos_x_356\lumos_x_356_1.Dcm,d:\LUMOS\lumos_x\lumos_x_281_540_dcm\lumos_x_356\lumos_x_356_2.Dcm,True,True,True,4,True,59,Female,Asian,1.64,55.0,20.449137418203453,0,1.002,0.994,1.015,1.002,1.053,1.021,1.008,-0.9333,train,d:\LUMOS\processed\preprocessed_images\patient_356\AP.png,d:\LUMOS\processed\preprocessed_images\patient_356\Lateral.png
357,d:\LUMOS\lumos_x\lumos_x_281_540_dcm\lumos_x_357\lumos_x_357_1.Dcm,d:\LUMOS\lumos_x\lumos_x_281_540_dcm\lumos_x_357\lumos_x_357_2.Dcm,True,True,True,4,True,64,Male,Asian,1.78,90.0,28.40550435551067,0,1.146,1.027,1.089,1.146,1.154,1.204,1.249,0.2667,train,d:\LUMOS\processed\preprocessed_images\patient_357\AP.png,d:\LUMOS\processed\preprocessed_images\patient_357\Lateral.png
358,d:\LUMOS\lumos_x\lumos_x_281_540_dcm\lumos_x_358\lumos_x_358_1.Dcm,d:\LUMOS\lumos_x\lumos_x_281_540_dcm\lumos_x_358\lumos_x_358_2.Dcm,True,True,True,4,True,74,Male,Asian,1.75,76.0,24.816326530612244,0,1.08153946510111,0.941,1.011,1.082,1.028,1.117,1.223,-0.2705,train,d:\LUMOS\processed\preprocessed_images\patient_358\AP.png,d:\LUMOS\processed\preprocessed_images\patient_358\Lateral.png
359,d:\LUMOS\lumos_x\lumos_x_281_540_dcm\lumos_x_359\lumos_x_359_1.Dcm,d:\LUMOS\lumos_x\lumos_x_281_540_dcm\lumos_x_359\lumos_x_359_2.Dcm,True,True,True,4,True,68,Female,Asian,1.52,61.0,26.40235457063712,2,0.796,0.735,0.794,0.796,0.814,0.809,0.843,-2.65,test,d:\LUMOS\processed\preprocessed_images\patient_359\AP.png,d:\LUMOS\processed\preprocessed_images\patient_359\Lateral.png
360,d:\LUMOS\lumos_x\lumos_x_281_540_dcm\lumos_x_360\lumos_x_360_1.Dcm,d:\LUMOS\lumos_x\lumos_x_281_540_dcm\lumos_x_360\lumos_x_360_2.Dcm,True,True,True,4,True,51,Male,Asian,1.7,70.0,24.221453287197235,0,1.01138014527845,0.932,0.984,1.011,1.026,1.046,1.078,-0.8552,train,d:\LUMOS\processed\preprocessed_images\patient_360\AP.png,d:\LUMOS\processed\preprocessed_images\patient_360\Lateral.png
361,d:\LUMOS\lumos_x\lumos_x_281_540_dcm\lumos_x_361\lumos_x_361_1.Dcm,d:\LUMOS\lumos_x\lumos_x_281_540_dcm\lumos_x_361\lumos_x_361_2.Dcm,True,True,True,4,True,63,Male,Asian,1.62,47.0,17.908855357415025,1,0.839,0.795,0.82,0.839,0.855,0.865,0.875,-2.2917,train,d:\LUMOS\processed\preprocessed_images\patient_361\AP.png,d:\LUMOS\processed\preprocessed_images\patient_361\Lateral.png
362,d:\LUMOS\lumos_x\lumos_x_281_540_dcm\lumos_x_362\lumos_x_362_1.Dcm,d:\LUMOS\lumos_x\lumos_x_281_540_dcm\lumos_x_362\lumos_x_362_2.Dcm,True,True,True,4,True,57,Female,Asian,1.645,54.0,19.955469738823552,0,1.136,1.033,1.098,1.136,1.136,1.171,1.224,0.1833,train,d:\LUMOS\processed\preprocessed_images\patient_362\AP.png,d:\LUMOS\processed\preprocessed_images\patient_362\Lateral.png
363,d:\LUMOS\lumos_x\lumos_x_281_540_dcm\lumos_x_363\lumos_x_363_1.Dcm,d:\LUMOS\lumos_x\lumos_x_281_540_dcm\lumos_x_363\lumos_x_363_2.Dcm,True,True,True,4,True,63,Female,Asian,1.465,50.0,23.29671865717713,2,0.772,0.727,0.76,0.772,0.802,0.801,0.808,-2.85,validation,d:\LUMOS\processed\preprocessed_images\patient_363\AP.png,d:\LUMOS\processed\preprocessed_images\patient_363\Lateral.png
364,d:\LUMOS\lumos_x\lumos_x_281_540_dcm\lumos_x_364\lumos_x_364_1.Dcm,d:\LUMOS\lumos_x\lumos_x_281_540_dcm\lumos_x_364\lumos_x_364_2.Dcm,True,True,True,4,True,61,Female,Asian,1.63,71.0,26.722872520606725,0,1.086,1.054,1.087,1.086,1.116,1.103,1.113,-0.2333,validation,d:\LUMOS\processed\preprocessed_images\patient_364\AP.png,d:\LUMOS\processed\preprocessed_images\patient_364\Lateral.png
365,d:\LUMOS\lumos_x\lumos_x_281_540_dcm\lumos_x_365\lumos_x_365_1.Dcm,d:\LUMOS\lumos_x\lumos_x_281_540_dcm\lumos_x_365\lumos_x_365_2.Dcm,True,True,True,4,True,63,Female,Asian,1.55,65.0,27.055150884495315,1,0.821,0.63,0.782,0.821,0.888,0.9,0.985,-2.4417,train,d:\LUMOS\processed\preprocessed_images\patient_365\AP.png,d:\LUMOS\processed\preprocessed_images\patient_365\Lateral.png
366,d:\LUMOS\lumos_x\lumos_x_281_540_dcm\lumos_x_366\lumos_x_366_1.Dcm,d:\LUMOS\lumos_x\lumos_x_281_540_dcm\lumos_x_366\lumos_x_366_2.Dcm,True,True,True,4,True,68,Female,Asian,1.6,65.0,25.390625,1,0.926,0.917,0.924,0.926,0.943,0.939,0.934,-1.5667,train,d:\LUMOS\processed\preprocessed_images\patient_366\AP.png,d:\LUMOS\processed\preprocessed_images\patient_366\Lateral.png
367,d:\LUMOS\lumos_x\lumos_x_281_540_dcm\lumos_x_367\lumos_x_367_1.Dcm,d:\LUMOS\lumos_x\lumos_x_281_540_dcm\lumos_x_367\lumos_x_367_2.Dcm,True,True,True,4,True,71,Female,Asian,1.64,48.0,17.846519928613922,2,0.805,0.743,0.799,0.805,0.825,0.823,0.853,-2.575,train,d:\LUMOS\processed\preprocessed_images\patient_367\AP.png,d:\LUMOS\processed\preprocessed_images\patient_367\Lateral.png
368,d:\LUMOS\lumos_x\lumos_x_281_540_dcm\lumos_x_368\lumos_x_368_1.Dcm,d:\LUMOS\lumos_x\lumos_x_281_540_dcm\lumos_x_368\lumos_x_368_2.Dcm,True,True,True,4,True,58,Female,Asian,1.48,53.0,24.196493791088383,1,0.855,0.726,0.806,0.855,0.868,0.907,0.958,-2.1583,train,d:\LUMOS\processed\preprocessed_images\patient_368\AP.png,d:\LUMOS\processed\preprocessed_images\patient_368\Lateral.png
369,d:\LUMOS\lumos_x\lumos_x_281_540_dcm\lumos_x_369\lumos_x_369_1.Dcm,d:\LUMOS\lumos_x\lumos_x_281_540_dcm\lumos_x_369\lumos_x_369_2.Dcm,True,True,True,4,True,67,Female,Asian,1.4,43.0,21.938775510204085,1,0.861,0.956,0.974,0.861,0.967,0.823,0.781,-2.1083,validation,d:\LUMOS\processed\preprocessed_images\patient_369\AP.png,d:\LUMOS\processed\preprocessed_images\patient_369\Lateral.png
370,d:\LUMOS\lumos_x\lumos_x_281_540_dcm\lumos_x_370\lumos_x_370_1.Dcm,d:\LUMOS\lumos_x\lumos_x_281_540_dcm\lumos_x_370\lumos_x_370_2.Dcm,True,True,True,4,True,66,Female,Asian,1.56,68.0,27.94214332675871,1,0.866,0.739,0.779,0.866,0.808,0.906,0.97,-2.0667,train,d:\LUMOS\processed\preprocessed_images\patient_370\AP.png,d:\LUMOS\processed\preprocessed_images\patient_370\Lateral.png
371,d:\LUMOS\lumos_x\lumos_x_281_540_dcm\lumos_x_371\lumos_x_371_1.Dcm,d:\LUMOS\lumos_x\lumos_x_281_540_dcm\lumos_x_371\lumos_x_371_2.Dcm,True,True,True,4,True,54,Female,Asian,1.49,48.0,21.620647718571234,2,0.733,0.681,0.702,0.729,0.747,0.767,0.77,-3.175,train,d:\LUMOS\processed\preprocessed_images\patient_371\AP.png,d:\LUMOS\processed\preprocessed_images\patient_371\Lateral.png
372,d:\LUMOS\lumos_x\lumos_x_281_540_dcm\lumos_x_372\lumos_x_372_1.Dcm,d:\LUMOS\lumos_x\lumos_x_281_540_dcm\lumos_x_372\lumos_x_372_2.Dcm,True,True,True,4,True,88,Female,Asian,1.49,54.0,24.32322868339264,1,0.943,0.849,0.865,0.943,0.88,0.978,1.019,-1.425,test,d:\LUMOS\processed\preprocessed_images\patient_372\AP.png,d:\LUMOS\processed\preprocessed_images\patient_372\Lateral.png
373,d:\LUMOS\lumos_x\lumos_x_281_540_dcm\lumos_x_373\lumos_x_373_1.Dcm,d:\LUMOS\lumos_x\lumos_x_281_540_dcm\lumos_x_373\lumos_x_373_2.Dcm,True,True,True,4,True,76,Female,Asian,1.51,57.0,24.998903556861546,1,0.949,0.963,0.935,0.949,0.926,0.947,0.936,-1.375,train,d:\LUMOS\processed\preprocessed_images\patient_373\AP.png,d:\LUMOS\processed\preprocessed_images\patient_373\Lateral.png
374,d:\LUMOS\lumos_x\lumos_x_281_540_dcm\lumos_x_374\lumos_x_374_1.Dcm,d:\LUMOS\lumos_x\lumos_x_281_540_dcm\lumos_x_374\lumos_x_374_2.Dcm,True,True,True,4,True,57,Female,Asian,1.59,62.0,24.52434634705905,1,0.88,0.815,0.851,0.88,0.883,0.907,0.932,-1.95,train,d:\LUMOS\processed\preprocessed_images\patient_374\AP.png,d:\LUMOS\processed\preprocessed_images\patient_374\Lateral.png
375,d:\LUMOS\lumos_x\lumos_x_281_540_dcm\lumos_x_375\lumos_x_375_1.Dcm,d:\LUMOS\lumos_x\lumos_x_281_540_dcm\lumos_x_375\lumos_x_375_2.Dcm,True,True,True,4,True,66,Female,Asian,1.65,54.0,19.83471074380165,2,0.48,0.447,0.47,0.48,0.49,0.496,0.508,-5.2833,train,d:\LUMOS\processed\preprocessed_images\patient_375\AP.png,d:\LUMOS\processed\preprocessed_images\patient_375\Lateral.png
376,d:\LUMOS\lumos_x\lumos_x_281_540_dcm\lumos_x_376\lumos_x_376_1.Dcm,d:\LUMOS\lumos_x\lumos_x_281_540_dcm\lumos_x_376\lumos_x_376_2.Dcm,True,True,True,4,True,74,Male,Asian,1.55,58.0,24.141519250780437,2,0.742,0.721,0.721,0.742,0.732,0.755,0.761,-3.1,train,d:\LUMOS\processed\preprocessed_images\patient_376\AP.png,d:\LUMOS\processed\preprocessed_images\patient_376\Lateral.png
377,d:\LUMOS\lumos_x\lumos_x_281_540_dcm\lumos_x_377\lumos_x_377_1.Dcm,d:\LUMOS\lumos_x\lumos_x_281_540_dcm\lumos_x_377\lumos_x_377_2.Dcm,True,True,True,4,True,64,Female,Asian,1.66,85.0,30.84627667295689,0,1.38,1.325,1.359,1.38,1.414,1.423,1.431,2.2167,validation,d:\LUMOS\processed\preprocessed_images\patient_377\AP.png,d:\LUMOS\processed\preprocessed_images\patient_377\Lateral.png
378,d:\LUMOS\lumos_x\lumos_x_281_540_dcm\lumos_x_378\lumos_x_378_1.Dcm,d:\LUMOS\lumos_x\lumos_x_281_540_dcm\lumos_x_378\lumos_x_378_2.Dcm,True,True,True,4,True,60,Female,Asian,1.6,66.0,25.78125,0,1.16,1.123,1.162,1.16,1.209,1.189,1.19,0.3833,train,d:\LUMOS\processed\preprocessed_images\patient_378\AP.png,d:\LUMOS\processed\preprocessed_images\patient_378\Lateral.png
379,d:\LUMOS\lumos_x\lumos_x_281_540_dcm\lumos_x_379\lumos_x_379_1.Dcm,d:\LUMOS\lumos_x\lumos_x_281_540_dcm\lumos_x_379\lumos_x_379_2.Dcm,True,True,True,4,True,65,Female,Asian,1.55,60.0,24.97398543184183,1,0.864,0.777,0.826,0.864,0.848,0.889,0.937,-2.0833,train,d:\LUMOS\processed\preprocessed_images\patient_379\AP.png,d:\LUMOS\processed\preprocessed_images\patient_379\Lateral.png
380,d:\LUMOS\lumos_x\lumos_x_281_540_dcm\lumos_x_380\lumos_x_380_1.Dcm,d:\LUMOS\lumos_x\lumos_x_281_540_dcm\lumos_x_380\lumos_x_380_2.Dcm,True,True,True,4,True,43,Female,Asian,1.58,57.0,22.832879346258608,0,1.226,1.174,1.217,1.226,1.271,1.264,1.274,0.9333,validation,d:\LUMOS\processed\preprocessed_images\patient_380\AP.png,d:\LUMOS\processed\preprocessed_images\patient_380\Lateral.png
381,d:\LUMOS\lumos_x\lumos_x_281_540_dcm\lumos_x_381\lumos_x_381_1.Dcm,d:\LUMOS\lumos_x\lumos_x_281_540_dcm\lumos_x_381\lumos_x_381_2.Dcm,True,True,True,4,True,71,Female,Asian,1.49,46.0,20.7197873969641,2,0.638,0.577,0.586,0.638,0.592,0.658,0.686,-3.9667,train,d:\LUMOS\processed\preprocessed_images\patient_381\AP.png,d:\LUMOS\processed\preprocessed_images\patient_381\Lateral.png
382,d:\LUMOS\lumos_x\lumos_x_281_540_dcm\lumos_x_382\lumos_x_382_1.Dcm,d:\LUMOS\lumos_x\lumos_x_281_540_dcm\lumos_x_382\lumos_x_382_2.Dcm,True,True,True,4,True,56,Female,Asian,1.53,52.0,22.21367849972233,2,0.755,0.67,0.727,0.755,0.769,0.79,0.826,-2.9917,train,d:\LUMOS\processed\preprocessed_images\patient_382\AP.png,d:\LUMOS\processed\preprocessed_images\patient_382\Lateral.png
383,d:\LUMOS\lumos_x\lumos_x_281_540_dcm\lumos_x_383\lumos_x_383_1.Dcm,d:\LUMOS\lumos_x\lumos_x_281_540_dcm\lumos_x_383\lumos_x_383_2.Dcm,True,True,True,4,True,27,Female,Asian,1.65,66.0,24.24242424242425,0,1.473,1.487,1.496,1.473,1.491,1.465,1.463,2.9917,train,d:\LUMOS\processed\preprocessed_images\patient_383\AP.png,d:\LUMOS\processed\preprocessed_images\patient_383\Lateral.png
384,d:\LUMOS\lumos_x\lumos_x_281_540_dcm\lumos_x_384\lumos_x_384_1.Dcm,d:\LUMOS\lumos_x\lumos_x_281_540_dcm\lumos_x_384\lumos_x_384_2.Dcm,True,True,True,4,True,60,Female,Asian,1.58,45.0,18.02595737862522,2,0.752,0.709,0.741,0.752,0.771,0.773,0.785,-3.0167,train,d:\LUMOS\processed\preprocessed_images\patient_384\AP.png,d:\LUMOS\processed\preprocessed_images\patient_384\Lateral.png
385,d:\LUMOS\lumos_x\lumos_x_281_540_dcm\lumos_x_385\lumos_x_385_1.Dcm,d:\LUMOS\lumos_x\lumos_x_281_540_dcm\lumos_x_385\lumos_x_385_2.Dcm,True,True,True,4,True,76,Female,Asian,1.52,45.0,19.47714681440443,2,0.662432966412645,0.59,0.622,0.662,0.617,0.67,0.721,-3.7631,train,d:\LUMOS\processed\preprocessed_images\patient_385\AP.png,d:\LUMOS\processed\preprocessed_images\patient_385\Lateral.png
386,d:\LUMOS\lumos_x\lumos_x_281_540_dcm\lumos_x_386\lumos_x_386_1.Dcm,d:\LUMOS\lumos_x\lumos_x_281_540_dcm\lumos_x_386\lumos_x_386_2.Dcm,True,True,True,4,True,66,Female,Asian,1.46,57.0,26.740476637267783,1,0.983,0.973,0.966,0.983,0.98,0.997,0.992,-1.0917,train,d:\LUMOS\processed\preprocessed_images\patient_386\AP.png,d:\LUMOS\processed\preprocessed_images\patient_386\Lateral.png
387,d:\LUMOS\lumos_x\lumos_x_281_540_dcm\lumos_x_387\lumos_x_387_1.Dcm,d:\LUMOS\lumos_x\lumos_x_281_540_dcm\lumos_x_387\lumos_x_387_2.Dcm,True,True,True,4,True,57,Female,Asian,1.51,46.0,20.174553747642648,1,0.893,0.851,0.88,0.893,0.897,0.907,0.926,-1.8417,train,d:\LUMOS\processed\preprocessed_images\patient_387\AP.png,d:\LUMOS\processed\preprocessed_images\patient_387\Lateral.png
388,d:\LUMOS\lumos_x\lumos_x_281_540_dcm\lumos_x_388\lumos_x_388_1.Dcm,d:\LUMOS\lumos_x\lumos_x_281_540_dcm\lumos_x_388\lumos_x_388_2.Dcm,True,True,True,4,True,73,Female,Asian,1.55,64.0,26.638917793964616,2,0.814,0.805,0.796,0.814,0.792,0.817,0.821,-2.5,train,d:\LUMOS\processed\preprocessed_images\patient_388\AP.png,d:\LUMOS\processed\preprocessed_images\patient_388\Lateral.png
389,d:\LUMOS\lumos_x\lumos_x_281_540_dcm\lumos_x_389\lumos_x_389_1.Dcm,d:\LUMOS\lumos_x\lumos_x_281_540_dcm\lumos_x_389\lumos_x_389_2.Dcm,True,True,True,4,True,65,Female,Asian,1.55,52.0,21.64412070759625,2,0.763,0.718,0.747,0.763,0.779,0.789,0.8,-2.925,train,d:\LUMOS\processed\preprocessed_images\patient_389\AP.png,d:\LUMOS\processed\preprocessed_images\patient_389\Lateral.png
390,d:\LUMOS\lumos_x\lumos_x_281_540_dcm\lumos_x_390\lumos_x_390_1.Dcm,d:\LUMOS\lumos_x\lumos_x_281_540_dcm\lumos_x_390\lumos_x_390_2.Dcm,True,True,True,4,True,55,Female,Asian,1.57,62.0,25.153150229218223,1,0.897,0.888,0.91,0.897,0.911,0.895,0.904,-1.8083,train,d:\LUMOS\processed\preprocessed_images\patient_390\AP.png,d:\LUMOS\processed\preprocessed_images\patient_390\Lateral.png
391,d:\LUMOS\lumos_x\lumos_x_281_540_dcm\lumos_x_391\lumos_x_391_1.Dcm,d:\LUMOS\lumos_x\lumos_x_281_540_dcm\lumos_x_391\lumos_x_391_2.Dcm,True,True,True,4,True,62,Male,Asian,1.63,58.0,21.82995219993225,0,1.052,0.979,1.026,1.052,1.039,1.068,1.114,-0.5167,train,d:\LUMOS\processed\preprocessed_images\patient_391\AP.png,d:\LUMOS\processed\preprocessed_images\patient_391\Lateral.png
392,d:\LUMOS\lumos_x\lumos_x_281_540_dcm\lumos_x_392\lumos_x_392_1.Dcm,d:\LUMOS\lumos_x\lumos_x_281_540_dcm\lumos_x_392\lumos_x_392_2.Dcm,True,True,True,4,True,65,Female,Asian,1.56,50.0,20.5456936226167,1,0.861,1.034,0.931,0.861,0.872,0.8,0.708,-2.1083,train,d:\LUMOS\processed\preprocessed_images\patient_392\AP.png,d:\LUMOS\processed\preprocessed_images\patient_392\Lateral.png
393,d:\LUMOS\lumos_x\lumos_x_281_540_dcm\lumos_x_393\lumos_x_393_1.Dcm,d:\LUMOS\lumos_x\lumos_x_281_540_dcm\lumos_x_393\lumos_x_393_2.Dcm,True,True,True,4,True,60,Female,Asian,1.59,54.0,21.35991456034176,1,0.837,0.802,0.812,0.837,0.808,0.842,0.867,-2.3083,train,d:\LUMOS\processed\preprocessed_images\patient_393\AP.png,d:\LUMOS\processed\preprocessed_images\patient_393\Lateral.png
394,d:\LUMOS\lumos_x\lumos_x_281_540_dcm\lumos_x_394\lumos_x_394_1.Dcm,d:\LUMOS\lumos_x\lumos_x_281_540_dcm\lumos_x_394\lumos_x_394_2.Dcm,True,True,True,4,True,71,Male,Asian,1.62,72.0,27.43484224965706,0,1.128,1.005,1.085,1.128,1.156,1.185,1.231,0.1167,validation,d:\LUMOS\processed\preprocessed_images\patient_394\AP.png,d:\LUMOS\processed\preprocessed_images\patient_394\Lateral.png
395,d:\LUMOS\lumos_x\lumos_x_281_540_dcm\lumos_x_395\lumos_x_395_1.Dcm,d:\LUMOS\lumos_x\lumos_x_281_540_dcm\lumos_x_395\lumos_x_395_2.Dcm,True,True,True,4,True,71,Female,Asian,1.53,60.0,25.63116749967961,1,0.99,0.987,1.011,0.99,0.995,0.975,0.993,-1.0333,train,d:\LUMOS\processed\preprocessed_images\patient_395\AP.png,d:\LUMOS\processed\preprocessed_images\patient_395\Lateral.png
396,d:\LUMOS\lumos_x\lumos_x_281_540_dcm\lumos_x_396\lumos_x_396_1.Dcm,d:\LUMOS\lumos_x\lumos_x_281_540_dcm\lumos_x_396\lumos_x_396_2.Dcm,True,True,True,4,True,64,Female,Asian,1.58,52.0,20.82999519307803,1,0.864,0.771,0.836,0.864,0.858,0.886,0.941,-2.0833,train,d:\LUMOS\processed\preprocessed_images\patient_396\AP.png,d:\LUMOS\processed\preprocessed_images\patient_396\Lateral.png
397,d:\LUMOS\lumos_x\lumos_x_281_540_dcm\lumos_x_397\lumos_x_397_1.Dcm,d:\LUMOS\lumos_x\lumos_x_281_540_dcm\lumos_x_397\lumos_x_397_2.Dcm,True,True,True,4,True,62,Female,Asian,1.53,55.0,23.49523687470631,2,0.712,0.663,0.7,0.712,0.733,0.736,0.759,-3.35,train,d:\LUMOS\processed\preprocessed_images\patient_397\AP.png,d:\LUMOS\processed\preprocessed_images\patient_397\Lateral.png
398,d:\LUMOS\lumos_x\lumos_x_281_540_dcm\lumos_x_398\lumos_x_398_1.Dcm,d:\LUMOS\lumos_x\lumos_x_281_540_dcm\lumos_x_398\lumos_x_398_2.Dcm,True,True,True,4,True,80,Female,Asian,1.45,48.0,22.829964328180736,2,0.76,0.722,0.715,0.76,0.716,0.772,0.79,-2.95,train,d:\LUMOS\processed\preprocessed_images\patient_398\AP.png,d:\LUMOS\processed\preprocessed_images\patient_398\Lateral.png
399,d:\LUMOS\lumos_x\lumos_x_281_540_dcm\lumos_x_399\lumos_x_399_1.Dcm,d:\LUMOS\lumos_x\lumos_x_281_540_dcm\lumos_x_399\lumos_x_399_2.Dcm,True,True,True,4,True,69,Female,Asian,1.55,55.0,22.892819979188346,2,0.663,0.632,0.641,0.663,0.641,0.669,0.69,-3.7583,test,d:\LUMOS\processed\preprocessed_images\patient_399\AP.png,d:\LUMOS\processed\preprocessed_images\patient_399\Lateral.png
400,d:\LUMOS\lumos_x\lumos_x_281_540_dcm\lumos_x_400\lumos_x_400_1.Dcm,d:\LUMOS\lumos_x\lumos_x_281_540_dcm\lumos_x_400\lumos_x_400_2.Dcm,True,True,True,4,True,67,Female,Asian,1.5,49.0,21.77777777777778,2,0.747,0.683,0.704,0.747,0.706,0.759,0.796,-3.0583,train,d:\LUMOS\processed\preprocessed_images\patient_400\AP.png,d:\LUMOS\processed\preprocessed_images\patient_400\Lateral.png
401,d:\LUMOS\lumos_x\lumos_x_281_540_dcm\lumos_x_401\lumos_x_401_1.Dcm,d:\LUMOS\lumos_x\lumos_x_281_540_dcm\lumos_x_401\lumos_x_401_2.Dcm,True,True,True,4,True,61,Female,Asian,1.57,48.0,19.473406629072173,1,0.855,0.803,0.826,0.855,0.848,0.876,0.897,-2.1583,test,d:\LUMOS\processed\preprocessed_images\patient_401\AP.png,d:\LUMOS\processed\preprocessed_images\patient_401\Lateral.png
402,d:\LUMOS\lumos_x\lumos_x_281_540_dcm\lumos_x_402\lumos_x_402_1.Dcm,d:\LUMOS\lumos_x\lumos_x_281_540_dcm\lumos_x_402\lumos_x_402_2.Dcm,True,True,True,4,True,79,Female,Asian,1.45,45.0,21.40309155766944,0,1.243,1.01,1.266,1.243,1.42,1.332,1.436,1.075,train,d:\LUMOS\processed\preprocessed_images\patient_402\AP.png,d:\LUMOS\processed\preprocessed_images\patient_402\Lateral.png
403,d:\LUMOS\lumos_x\lumos_x_281_540_dcm\lumos_x_403\lumos_x_403_1.Dcm,d:\LUMOS\lumos_x\lumos_x_281_540_dcm\lumos_x_403\lumos_x_403_2.Dcm,True,True,True,4,True,78,Female,Asian,1.5,60.0,26.666666666666668,2,0.797,0.884,0.846,0.797,0.787,0.747,0.723,-2.6417,train,d:\LUMOS\processed\preprocessed_images\patient_403\AP.png,d:\LUMOS\processed\preprocessed_images\patient_403\Lateral.png
404,d:\LUMOS\lumos_x\lumos_x_281_540_dcm\lumos_x_404\lumos_x_404_1.Dcm,d:\LUMOS\lumos_x\lumos_x_281_540_dcm\lumos_x_404\lumos_x_404_2.Dcm,True,True,True,4,True,66,Female,Asian,1.53,48.0,20.504933999743688,0,1.02854446803491,0.914,0.991,1.029,1.032,1.066,1.121,-0.7121,train,d:\LUMOS\processed\preprocessed_images\patient_404\AP.png,d:\LUMOS\processed\preprocessed_images\patient_404\Lateral.png
405,d:\LUMOS\lumos_x\lumos_x_281_540_dcm\lumos_x_405\lumos_x_405_1.Dcm,d:\LUMOS\lumos_x\lumos_x_281_540_dcm\lumos_x_405\lumos_x_405_2.Dcm,True,True,True,4,True,65,Female,Asian,1.45,57.0,27.110582639714625,2,0.759,0.719,0.741,0.759,0.747,0.768,0.79,-2.9583,test,d:\LUMOS\processed\preprocessed_images\patient_405\AP.png,d:\LUMOS\processed\preprocessed_images\patient_405\Lateral.png
406,d:\LUMOS\lumos_x\lumos_x_281_540_dcm\lumos_x_406\lumos_x_406_1.Dcm,d:\LUMOS\lumos_x\lumos_x_281_540_dcm\lumos_x_406\lumos_x_406_2.Dcm,True,True,True,4,True,58,Female,Asian,1.55,42.0,17.48178980228928,2,0.64,0.608,0.631,0.64,0.639,0.647,0.665,-3.95,test,d:\LUMOS\processed\preprocessed_images\patient_406\AP.png,d:\LUMOS\processed\preprocessed_images\patient_406\Lateral.png
407,d:\LUMOS\lumos_x\lumos_x_281_540_dcm\lumos_x_407\lumos_x_407_1.Dcm,d:\LUMOS\lumos_x\lumos_x_281_540_dcm\lumos_x_407\lumos_x_407_2.Dcm,True,True,True,4,True,82,Female,Asian,1.53,56.0,23.92242299970097,1,0.947731982500576,0.747,0.854,0.947,0.921,1.018,1.122,-1.3856,validation,d:\LUMOS\processed\preprocessed_images\patient_407\AP.png,d:\LUMOS\processed\preprocessed_images\patient_407\Lateral.png
408,d:\LUMOS\lumos_x\lumos_x_281_540_dcm\lumos_x_408\lumos_x_408_1.Dcm,d:\LUMOS\lumos_x\lumos_x_281_540_dcm\lumos_x_408\lumos_x_408_2.Dcm,True,True,True,4,True,59,Male,Asian,1.71,78.0,26.674874320303687,0,1.056,0.954,1.03,1.056,1.13,1.13,1.149,-0.4833,test,d:\LUMOS\processed\preprocessed_images\patient_408\AP.png,d:\LUMOS\processed\preprocessed_images\patient_408\Lateral.png
409,d:\LUMOS\lumos_x\lumos_x_281_540_dcm\lumos_x_409\lumos_x_409_1.Dcm,d:\LUMOS\lumos_x\lumos_x_281_540_dcm\lumos_x_409\lumos_x_409_2.Dcm,True,True,True,4,True,83,Female,Asian,1.6,55.0,21.484375,0,1.059,0.969,1.029,1.059,1.091,1.107,1.137,-0.4583,train,d:\LUMOS\processed\preprocessed_images\patient_409\AP.png,d:\LUMOS\processed\preprocessed_images\patient_409\Lateral.png
410,d:\LUMOS\lumos_x\lumos_x_281_540_dcm\lumos_x_410\lumos_x_410_1.Dcm,d:\LUMOS\lumos_x\lumos_x_281_540_dcm\lumos_x_410\lumos_x_410_2.Dcm,True,True,True,4,True,63,Female,Asian,1.6,56.0,21.875,1,0.960635359,0.871,0.929,0.961,0.973,0.999,1.038,-1.278,train,d:\LUMOS\processed\preprocessed_images\patient_410\AP.png,d:\LUMOS\processed\preprocessed_images\patient_410\Lateral.png
411,d:\LUMOS\lumos_x\lumos_x_281_540_dcm\lumos_x_411\lumos_x_411_1.Dcm,d:\LUMOS\lumos_x\lumos_x_281_540_dcm\lumos_x_411\lumos_x_411_2.Dcm,True,True,True,4,True,73,Female,Asian,1.51,58.0,25.43748081224508,1,0.918,0.908,0.904,0.918,0.91,0.926,0.926,-1.6333,test,d:\LUMOS\processed\preprocessed_images\patient_411\AP.png,d:\LUMOS\processed\preprocessed_images\patient_411\Lateral.png
412,d:\LUMOS\lumos_x\lumos_x_281_540_dcm\lumos_x_412\lumos_x_412_1.Dcm,d:\LUMOS\lumos_x\lumos_x_281_540_dcm\lumos_x_412\lumos_x_412_2.Dcm,True,True,True,4,True,64,Female,Asian,1.63,53.0,19.94805976890361,2,0.745,0.657,0.706,0.745,0.755,0.788,0.82,-3.075,train,d:\LUMOS\processed\preprocessed_images\patient_412\AP.png,d:\LUMOS\processed\preprocessed_images\patient_412\Lateral.png
413,d:\LUMOS\lumos_x\lumos_x_281_540_dcm\lumos_x_413\lumos_x_413_1.Dcm,d:\LUMOS\lumos_x\lumos_x_281_540_dcm\lumos_x_413\lumos_x_413_2.Dcm,True,True,True,4,True,69,Female,Asian,1.53,48.0,20.504933999743688,2,0.76420581655481,0.754,0.75,0.764,0.74,0.762,0.771,-2.915,train,d:\LUMOS\processed\preprocessed_images\patient_413\AP.png,d:\LUMOS\processed\preprocessed_images\patient_413\Lateral.png
414,d:\LUMOS\lumos_x\lumos_x_281_540_dcm\lumos_x_414\lumos_x_414_1.Dcm,d:\LUMOS\lumos_x\lumos_x_281_540_dcm\lumos_x_414\lumos_x_414_2.Dcm,True,True,True,4,True,49,Female,Asian,1.565,52.0,21.231205789586504,1,0.853,0.81,0.825,0.853,0.82,0.858,0.891,-2.175,train,d:\LUMOS\processed\preprocessed_images\patient_414\AP.png,d:\LUMOS\processed\preprocessed_images\patient_414\Lateral.png
415,d:\LUMOS\lumos_x\lumos_x_281_540_dcm\lumos_x_415\lumos_x_415_1.Dcm,d:\LUMOS\lumos_x\lumos_x_281_540_dcm\lumos_x_415\lumos_x_415_2.Dcm,True,True,True,4,True,55,Female,Asian,1.67,59.0,21.15529420201513,1,0.987,0.945,0.979,0.987,1.009,1.008,1.021,-1.0583,train,d:\LUMOS\processed\preprocessed_images\patient_415\AP.png,d:\LUMOS\processed\preprocessed_images\patient_415\Lateral.png
416,d:\LUMOS\lumos_x\lumos_x_281_540_dcm\lumos_x_416\lumos_x_416_1.Dcm,d:\LUMOS\lumos_x\lumos_x_281_540_dcm\lumos_x_416\lumos_x_416_2.Dcm,True,True,True,4,True,39,Female,Asian,1.62,51.0,19.43301326017375,1,0.943,0.917,0.942,0.943,0.959,0.954,0.965,-1.425,train,d:\LUMOS\processed\preprocessed_images\patient_416\AP.png,d:\LUMOS\processed\preprocessed_images\patient_416\Lateral.png
417,d:\LUMOS\lumos_x\lumos_x_281_540_dcm\lumos_x_417\lumos_x_417_1.Dcm,d:\LUMOS\lumos_x\lumos_x_281_540_dcm\lumos_x_417\lumos_x_417_2.Dcm,True,True,True,4,True,44,Male,Asian,1.65,60.0,22.03856749311295,2,0.778,0.728,0.756,0.778,0.771,0.794,0.821,-2.8,train,d:\LUMOS\processed\preprocessed_images\patient_417\AP.png,d:\LUMOS\processed\preprocessed_images\patient_417\Lateral.png
418,d:\LUMOS\lumos_x\lumos_x_281_540_dcm\lumos_x_418\lumos_x_418_1.Dcm,d:\LUMOS\lumos_x\lumos_x_281_540_dcm\lumos_x_418\lumos_x_418_2.Dcm,True,True,True,4,True,63,Female,Asian,1.56,56.0,23.011176857330703,0,1.359,1.282,1.329,1.359,1.351,1.381,1.418,2.0417,validation,d:\LUMOS\processed\preprocessed_images\patient_418\AP.png,d:\LUMOS\processed\preprocessed_images\patient_418\Lateral.png
419,d:\LUMOS\lumos_x\lumos_x_281_540_dcm\lumos_x_419\lumos_x_419_1.Dcm,d:\LUMOS\lumos_x\lumos_x_281_540_dcm\lumos_x_419\lumos_x_419_2.Dcm,True,True,True,4,True,68,Female,Asian,1.56,60.0,24.65483234714004,0,1.031,0.901,0.992,1.031,1.036,1.07,1.141,-0.6917,train,d:\LUMOS\processed\preprocessed_images\patient_419\AP.png,d:\LUMOS\processed\preprocessed_images\patient_419\Lateral.png
420,d:\LUMOS\lumos_x\lumos_x_281_540_dcm\lumos_x_420\lumos_x_420_1.Dcm,d:\LUMOS\lumos_x\lumos_x_281_540_dcm\lumos_x_420\lumos_x_420_2.Dcm,True,True,True,4,True,30,Female,Asian,1.57,45.0,18.25631871475516,0,1.016,0.974,1.0,1.015,1.012,1.026,1.047,-0.8167,train,d:\LUMOS\processed\preprocessed_images\patient_420\AP.png,d:\LUMOS\processed\preprocessed_images\patient_420\Lateral.png
421,d:\LUMOS\lumos_x\lumos_x_281_540_dcm\lumos_x_421\lumos_x_421_1.Dcm,d:\LUMOS\lumos_x\lumos_x_281_540_dcm\lumos_x_421\lumos_x_421_2.Dcm,True,True,True,4,True,66,Female,Asian,1.54,96.0,40.47900151796256,1,0.861271676,0.85,0.837,0.861,0.825,0.861,0.871,-2.1061,train,d:\LUMOS\processed\preprocessed_images\patient_421\AP.png,d:\LUMOS\processed\preprocessed_images\patient_421\Lateral.png
422,d:\LUMOS\lumos_x\lumos_x_281_540_dcm\lumos_x_422\lumos_x_422_1.Dcm,d:\LUMOS\lumos_x\lumos_x_281_540_dcm\lumos_x_422\lumos_x_422_2.Dcm,True,True,True,4,True,57,Female,Asian,1.65,82.5,30.303030303030308,0,1.447,1.292,1.398,1.447,1.469,1.506,1.576,2.775,test,d:\LUMOS\processed\preprocessed_images\patient_422\AP.png,d:\LUMOS\processed\preprocessed_images\patient_422\Lateral.png
423,d:\LUMOS\lumos_x\lumos_x_281_540_dcm\lumos_x_423\lumos_x_423_1.Dcm,d:\LUMOS\lumos_x\lumos_x_281_540_dcm\lumos_x_423\lumos_x_423_2.Dcm,True,True,True,4,True,41,Male,Asian,1.7,85.0,29.411764705882355,0,1.178,1.1,1.147,1.178,1.224,1.237,1.248,0.5333,train,d:\LUMOS\processed\preprocessed_images\patient_423\AP.png,d:\LUMOS\processed\preprocessed_images\patient_423\Lateral.png
424,d:\LUMOS\lumos_x\lumos_x_281_540_dcm\lumos_x_424\lumos_x_424_1.Dcm,d:\LUMOS\lumos_x\lumos_x_281_540_dcm\lumos_x_424\lumos_x_424_2.Dcm,True,True,True,4,True,58,Female,Asian,1.6,52.0,20.3125,1,0.907,0.702,0.836,0.907,0.908,0.97,1.064,-1.725,test,d:\LUMOS\processed\preprocessed_images\patient_424\AP.png,d:\LUMOS\processed\preprocessed_images\patient_424\Lateral.png
425,d:\LUMOS\lumos_x\lumos_x_281_540_dcm\lumos_x_425\lumos_x_425_1.Dcm,d:\LUMOS\lumos_x\lumos_x_281_540_dcm\lumos_x_425\lumos_x_425_2.Dcm,True,True,True,4,True,63,Female,Asian,1.55,75.0,31.217481789802285,1,0.935,0.97,0.946,0.935,0.919,0.916,0.909,-1.4917,train,d:\LUMOS\processed\preprocessed_images\patient_425\AP.png,d:\LUMOS\processed\preprocessed_images\patient_425\Lateral.png
426,d:\LUMOS\lumos_x\lumos_x_281_540_dcm\lumos_x_426\lumos_x_426_1.Dcm,d:\LUMOS\lumos_x\lumos_x_281_540_dcm\lumos_x_426\lumos_x_426_2.Dcm,True,True,True,4,True,66,Female,Asian,1.55,59.0,24.55775234131113,1,0.815,0.741,0.788,0.815,0.806,0.833,0.871,-2.4917,test,d:\LUMOS\processed\preprocessed_images\patient_426\AP.png,d:\LUMOS\processed\preprocessed_images\patient_426\Lateral.png
427,d:\LUMOS\lumos_x\lumos_x_281_540_dcm\lumos_x_427\lumos_x_427_1.Dcm,d:\LUMOS\lumos_x\lumos_x_281_540_dcm\lumos_x_427\lumos_x_427_2.Dcm,True,True,True,4,True,62,Female,Asian,1.6,56.0,21.875,0,1.102,1.036,1.063,1.102,1.091,1.131,1.156,-0.1,train,d:\LUMOS\processed\preprocessed_images\patient_427\AP.png,d:\LUMOS\processed\preprocessed_images\patient_427\Lateral.png
428,d:\LUMOS\lumos_x\lumos_x_281_540_dcm\lumos_x_428\lumos_x_428_1.Dcm,d:\LUMOS\lumos_x\lumos_x_281_540_dcm\lumos_x_428\lumos_x_428_2.Dcm,True,True,True,4,True,60,Female,Asian,1.63,48.0,18.06616733787497,2,0.782,0.74,0.772,0.782,0.793,0.798,0.816,-2.7667,test,d:\LUMOS\processed\preprocessed_images\patient_428\AP.png,d:\LUMOS\processed\preprocessed_images\patient_428\Lateral.png
429,d:\LUMOS\lumos_x\lumos_x_281_540_dcm\lumos_x_429\lumos_x_429_1.Dcm,d:\LUMOS\lumos_x\lumos_x_281_540_dcm\lumos_x_429\lumos_x_429_2.Dcm,True,True,True,4,True,64,Female,Asian,1.6,65.0,25.390625,1,0.932,0.888,0.906,0.932,0.917,0.945,0.967,-1.5167,train,d:\LUMOS\processed\preprocessed_images\patient_429\AP.png,d:\LUMOS\processed\preprocessed_images\patient_429\Lateral.png
430,d:\LUMOS\lumos_x\lumos_x_281_540_dcm\lumos_x_430\lumos_x_430_1.Dcm,d:\LUMOS\lumos_x\lumos_x_281_540_dcm\lumos_x_430\lumos_x_430_2.Dcm,True,True,True,4,True,63,Female,Asian,1.52,55.0,23.80540166204986,1,0.976,0.928,0.957,0.976,0.975,0.992,1.017,-1.15,train,d:\LUMOS\processed\preprocessed_images\patient_430\AP.png,d:\LUMOS\processed\preprocessed_images\patient_430\Lateral.png
431,d:\LUMOS\lumos_x\lumos_x_281_540_dcm\lumos_x_431\lumos_x_431_1.Dcm,d:\LUMOS\lumos_x\lumos_x_281_540_dcm\lumos_x_431\lumos_x_431_2.Dcm,True,True,True,4,True,52,Male,Asian,1.56,64.0,26.298487836949374,0,1.176,1.133,1.154,1.176,1.192,1.206,1.211,0.5167,train,d:\LUMOS\processed\preprocessed_images\patient_431\AP.png,d:\LUMOS\processed\preprocessed_images\patient_431\Lateral.png
432,d:\LUMOS\lumos_x\lumos_x_281_540_dcm\lumos_x_432\lumos_x_432_1.Dcm,d:\LUMOS\lumos_x\lumos_x_281_540_dcm\lumos_x_432\lumos_x_432_2.Dcm,True,True,True,4,True,74,Female,Asian,1.58,55.0,22.031725684986377,2,0.791,0.726,0.776,0.791,0.809,0.818,0.854,-2.6917,train,d:\LUMOS\processed\preprocessed_images\patient_432\AP.png,d:\LUMOS\processed\preprocessed_images\patient_432\Lateral.png
433,d:\LUMOS\lumos_x\lumos_x_281_540_dcm\lumos_x_433\lumos_x_433_1.Dcm,d:\LUMOS\lumos_x\lumos_x_281_540_dcm\lumos_x_433\lumos_x_433_2.Dcm,True,True,True,4,True,79,Female,Asian,1.52,55.0,23.80540166204986,0,1.027,0.952,0.967,1.027,1.019,1.076,1.089,-0.725,train,d:\LUMOS\processed\preprocessed_images\patient_433\AP.png,d:\LUMOS\processed\preprocessed_images\patient_433\Lateral.png
434,d:\LUMOS\lumos_x\lumos_x_281_540_dcm\lumos_x_434\lumos_x_434_1.Dcm,d:\LUMOS\lumos_x\lumos_x_281_540_dcm\lumos_x_434\lumos_x_434_2.Dcm,True,True,True,4,True,30,Female,Asian,1.66,54.0,19.5964581216432,2,0.811,0.895,0.942,0.957,0.974,0.982,1.012,-2.525,train,d:\LUMOS\processed\preprocessed_images\patient_434\AP.png,d:\LUMOS\processed\preprocessed_images\patient_434\Lateral.png
435,d:\LUMOS\lumos_x\lumos_x_281_540_dcm\lumos_x_435\lumos_x_435_1.Dcm,d:\LUMOS\lumos_x\lumos_x_281_540_dcm\lumos_x_435\lumos_x_435_2.Dcm,True,True,True,4,True,78,Female,Asian,1.61,58.0,22.375679950619187,2,0.651,0.625,0.636,0.651,0.639,0.656,0.671,-3.8583,train,d:\LUMOS\processed\preprocessed_images\patient_435\AP.png,d:\LUMOS\processed\preprocessed_images\patient_435\Lateral.png
436,d:\LUMOS\lumos_x\lumos_x_281_540_dcm\lumos_x_436\lumos_x_436_1.Dcm,d:\LUMOS\lumos_x\lumos_x_281_540_dcm\lumos_x_436\lumos_x_436_2.Dcm,True,True,True,4,True,75,Female,Asian,1.51,54.0,23.683171790710933,1,0.909,0.82,0.869,0.909,0.909,0.945,0.982,-1.7083,train,d:\LUMOS\processed\preprocessed_images\patient_436\AP.png,d:\LUMOS\processed\preprocessed_images\patient_436\Lateral.png
437,d:\LUMOS\lumos_x\lumos_x_281_540_dcm\lumos_x_437\lumos_x_437_1.Dcm,d:\LUMOS\lumos_x\lumos_x_281_540_dcm\lumos_x_437\lumos_x_437_2.Dcm,True,True,True,4,True,60,Female,Asian,1.55,60.0,24.97398543184183,1,0.822,0.723,0.764,0.822,0.767,0.839,0.901,-2.4333,train,d:\LUMOS\processed\preprocessed_images\patient_437\AP.png,d:\LUMOS\processed\preprocessed_images\patient_437\Lateral.png
438,d:\LUMOS\lumos_x\lumos_x_281_540_dcm\lumos_x_438\lumos_x_438_1.Dcm,d:\LUMOS\lumos_x\lumos_x_281_540_dcm\lumos_x_438\lumos_x_438_2.Dcm,True,True,True,4,True,65,Female,Asian,1.5,47.0,20.88888888888889,2,0.602,0.584,0.625,0.602,0.612,0.587,0.616,-4.2667,train,d:\LUMOS\processed\preprocessed_images\patient_438\AP.png,d:\LUMOS\processed\preprocessed_images\patient_438\Lateral.png
439,d:\LUMOS\lumos_x\lumos_x_281_540_dcm\lumos_x_439\lumos_x_439_1.Dcm,d:\LUMOS\lumos_x\lumos_x_281_540_dcm\lumos_x_439\lumos_x_439_2.Dcm,True,True,True,4,True,69,Male,Asian,1.68,55.0,19.48696145124717,0,1.279,1.22,1.271,1.276,1.323,1.312,1.323,1.375,train,d:\LUMOS\processed\preprocessed_images\patient_439\AP.png,d:\LUMOS\processed\preprocessed_images\patient_439\Lateral.png
440,d:\LUMOS\lumos_x\lumos_x_281_540_dcm\lumos_x_440\lumos_x_440_1.Dcm,d:\LUMOS\lumos_x\lumos_x_281_540_dcm\lumos_x_440\lumos_x_440_2.Dcm,True,True,True,4,True,67,Female,Asian,1.66,71.0,25.76571345623458,1,0.99,0.947,0.974,0.99,0.987,1.003,1.025,-1.0333,train,d:\LUMOS\processed\preprocessed_images\patient_440\AP.png,d:\LUMOS\processed\preprocessed_images\patient_440\Lateral.png
441,d:\LUMOS\lumos_x\lumos_x_281_540_dcm\lumos_x_441\lumos_x_441_1.Dcm,d:\LUMOS\lumos_x\lumos_x_281_540_dcm\lumos_x_441\lumos_x_441_2.Dcm,True,True,True,4,True,73,Female,Asian,1.52,50.0,21.641274238227147,1,0.823,0.771,0.759,0.823,0.767,0.843,0.86,-2.425,train,d:\LUMOS\processed\preprocessed_images\patient_441\AP.png,d:\LUMOS\processed\preprocessed_images\patient_441\Lateral.png
443,d:\LUMOS\lumos_x\lumos_x_281_540_dcm\lumos_x_443\lumos_x_443_1.Dcm,d:\LUMOS\lumos_x\lumos_x_281_540_dcm\lumos_x_443\lumos_x_443_2.Dcm,True,True,True,4,True,73,Female,Asian,1.55,65.0,27.055150884495315,1,0.879,0.772,0.833,0.879,0.862,0.91,0.967,-1.9583,train,d:\LUMOS\processed\preprocessed_images\patient_443\AP.png,d:\LUMOS\processed\preprocessed_images\patient_443\Lateral.png
444,d:\LUMOS\lumos_x\lumos_x_281_540_dcm\lumos_x_444\lumos_x_444_1.Dcm,d:\LUMOS\lumos_x\lumos_x_281_540_dcm\lumos_x_444\lumos_x_444_2.Dcm,True,True,True,4,True,55,Male,Asian,1.74,61.0,20.147971991015982,0,1.507,1.396,1.446,1.516,1.509,1.573,1.609,3.275,train,d:\LUMOS\processed\preprocessed_images\patient_444\AP.png,d:\LUMOS\processed\preprocessed_images\patient_444\Lateral.png
445,d:\LUMOS\lumos_x\lumos_x_281_540_dcm\lumos_x_445\lumos_x_445_1.Dcm,d:\LUMOS\lumos_x\lumos_x_281_540_dcm\lumos_x_445\lumos_x_445_2.Dcm,True,True,True,4,True,70,Female,Asian,1.52,53.0,22.93975069252077,1,0.86,0.822,0.838,0.86,0.863,0.882,0.891,-2.1167,train,d:\LUMOS\processed\preprocessed_images\patient_445\AP.png,d:\LUMOS\processed\preprocessed_images\patient_445\Lateral.png
446,d:\LUMOS\lumos_x\lumos_x_281_540_dcm\lumos_x_446\lumos_x_446_1.Dcm,d:\LUMOS\lumos_x\lumos_x_281_540_dcm\lumos_x_446\lumos_x_446_2.Dcm,True,True,True,4,True,73,Female,Asian,1.6,60.0,23.4375,1,0.941,0.834,0.892,0.941,0.945,0.987,1.029,-1.4417,train,d:\LUMOS\processed\preprocessed_images\patient_446\AP.png,d:\LUMOS\processed\preprocessed_images\patient_446\Lateral.png
447,d:\LUMOS\lumos_x\lumos_x_281_540_dcm\lumos_x_447\lumos_x_447_1.Dcm,d:\LUMOS\lumos_x\lumos_x_281_540_dcm\lumos_x_447\lumos_x_447_2.Dcm,True,True,True,4,True,28,Female,Asian,1.68,69.0,24.44727891156463,0,1.206,1.158,1.202,1.206,1.241,1.232,1.247,0.7667,train,d:\LUMOS\processed\preprocessed_images\patient_447\AP.png,d:\LUMOS\processed\preprocessed_images\patient_447\Lateral.png
448,d:\LUMOS\lumos_x\lumos_x_281_540_dcm\lumos_x_448\lumos_x_448_1.Dcm,d:\LUMOS\lumos_x\lumos_x_281_540_dcm\lumos_x_448\lumos_x_448_2.Dcm,True,True,True,4,True,71,Male,Asian,1.73,64.0,21.38394199605733,0,1.03,0.829,0.952,1.03,1.01,1.093,1.219,-0.7,train,d:\LUMOS\processed\preprocessed_images\patient_448\AP.png,d:\LUMOS\processed\preprocessed_images\patient_448\Lateral.png
449,d:\LUMOS\lumos_x\lumos_x_281_540_dcm\lumos_x_449\lumos_x_449_1.Dcm,d:\LUMOS\lumos_x\lumos_x_281_540_dcm\lumos_x_449\lumos_x_449_2.Dcm,True,True,True,4,True,68,Female,Asian,1.57,62.0,25.153150229218223,0,1.009,0.892,0.962,1.009,0.975,1.029,1.105,-0.875,train,d:\LUMOS\processed\preprocessed_images\patient_449\AP.png,d:\LUMOS\processed\preprocessed_images\patient_449\Lateral.png
450,d:\LUMOS\lumos_x\lumos_x_281_540_dcm\lumos_x_450\lumos_x_450_1.Dcm,d:\LUMOS\lumos_x\lumos_x_281_540_dcm\lumos_x_450\lumos_x_450_2.Dcm,True,True,True,4,True,61,Female,Asian,1.56,48.0,19.72386587771203,1,0.878,0.858,0.871,0.878,0.873,0.882,0.894,-1.9667,validation,d:\LUMOS\processed\preprocessed_images\patient_450\AP.png,d:\LUMOS\processed\preprocessed_images\patient_450\Lateral.png
451,d:\LUMOS\lumos_x\lumos_x_281_540_dcm\lumos_x_451\lumos_x_451_1.Dcm,d:\LUMOS\lumos_x\lumos_x_281_540_dcm\lumos_x_451\lumos_x_451_2.Dcm,True,True,True,4,True,93,Female,Asian,1.52,70.0,30.297783933518005,1,0.991,0.919,0.956,0.991,0.993,1.022,1.047,-1.025,train,d:\LUMOS\processed\preprocessed_images\patient_451\AP.png,d:\LUMOS\processed\preprocessed_images\patient_451\Lateral.png
452,d:\LUMOS\lumos_x\lumos_x_281_540_dcm\lumos_x_452\lumos_x_452_1.Dcm,d:\LUMOS\lumos_x\lumos_x_281_540_dcm\lumos_x_452\lumos_x_452_2.Dcm,True,True,True,4,True,68,Male,Asian,1.7,57.0,19.723183391003463,0,1.047,0.974,1.013,1.047,1.045,1.079,1.115,-0.5583,train,d:\LUMOS\processed\preprocessed_images\patient_452\AP.png,d:\LUMOS\processed\preprocessed_images\patient_452\Lateral.png
453,d:\LUMOS\lumos_x\lumos_x_281_540_dcm\lumos_x_453\lumos_x_453_1.Dcm,d:\LUMOS\lumos_x\lumos_x_281_540_dcm\lumos_x_453\lumos_x_453_2.Dcm,True,True,True,4,True,30,Female,Asian,1.65,82.0,30.119375573921037,1,0.89,0.915,0.947,0.959,0.986,0.989,0.999,-1.8667,train,d:\LUMOS\processed\preprocessed_images\patient_453\AP.png,d:\LUMOS\processed\preprocessed_images\patient_453\Lateral.png
454,d:\LUMOS\lumos_x\lumos_x_281_540_dcm\lumos_x_454\lumos_x_454_1.Dcm,d:\LUMOS\lumos_x\lumos_x_281_540_dcm\lumos_x_454\lumos_x_454_2.Dcm,True,True,True,4,True,63,Female,Asian,1.47,53.5,24.7582026007682,2,0.737,0.685,0.718,0.737,0.737,0.754,0.778,-3.1417,train,d:\LUMOS\processed\preprocessed_images\patient_454\AP.png,d:\LUMOS\processed\preprocessed_images\patient_454\Lateral.png
455,d:\LUMOS\lumos_x\lumos_x_281_540_dcm\lumos_x_455\lumos_x_455_1.Dcm,d:\LUMOS\lumos_x\lumos_x_281_540_dcm\lumos_x_455\lumos_x_455_2.Dcm,True,True,True,4,True,40,Female,Asian,1.42,40.0,19.837333862328904,0,1.456,1.354,1.419,1.456,1.468,1.498,1.541,2.85,train,d:\LUMOS\processed\preprocessed_images\patient_455\AP.png,d:\LUMOS\processed\preprocessed_images\patient_455\Lateral.png
456,d:\LUMOS\lumos_x\lumos_x_281_540_dcm\lumos_x_456\lumos_x_456_1.Dcm,d:\LUMOS\lumos_x\lumos_x_281_540_dcm\lumos_x_456\lumos_x_456_2.Dcm,True,True,True,4,True,65,Female,Asian,1.54,120.0,50.5987518974532,1,0.842,0.772,0.808,0.842,0.827,0.864,0.905,-2.2667,train,d:\LUMOS\processed\preprocessed_images\patient_456\AP.png,d:\LUMOS\processed\preprocessed_images\patient_456\Lateral.png
457,d:\LUMOS\lumos_x\lumos_x_281_540_dcm\lumos_x_457\lumos_x_457_1.Dcm,d:\LUMOS\lumos_x\lumos_x_281_540_dcm\lumos_x_457\lumos_x_457_2.Dcm,True,True,True,4,True,63,Female,Asian,1.565,62.0,25.3141299798916,1,0.9,0.842,0.873,0.9,0.906,0.928,0.951,-1.7833,test,d:\LUMOS\processed\preprocessed_images\patient_457\AP.png,d:\LUMOS\processed\preprocessed_images\patient_457\Lateral.png
458,d:\LUMOS\lumos_x\lumos_x_281_540_dcm\lumos_x_458\lumos_x_458_1.Dcm,d:\LUMOS\lumos_x\lumos_x_281_540_dcm\lumos_x_458\lumos_x_458_2.Dcm,True,True,True,4,True,81,Female,Asian,1.52,57.0,24.67105263157895,1,0.982,0.995,1.02,0.976,1.095,1.011,0.958,-1.1,validation,d:\LUMOS\processed\preprocessed_images\patient_458\AP.png,d:\LUMOS\processed\preprocessed_images\patient_458\Lateral.png
459,d:\LUMOS\lumos_x\lumos_x_281_540_dcm\lumos_x_459\lumos_x_459_1.Dcm,d:\LUMOS\lumos_x\lumos_x_281_540_dcm\lumos_x_459\lumos_x_459_2.Dcm,True,True,True,4,True,59,Male,Asian,1.68,89.0,31.533446712018144,0,1.399,1.414,1.397,1.399,1.41,1.408,1.387,2.375,train,d:\LUMOS\processed\preprocessed_images\patient_459\AP.png,d:\LUMOS\processed\preprocessed_images\patient_459\Lateral.png
460,d:\LUMOS\lumos_x\lumos_x_281_540_dcm\lumos_x_460\lumos_x_460_1.Dcm,d:\LUMOS\lumos_x\lumos_x_281_540_dcm\lumos_x_460\lumos_x_460_2.Dcm,True,True,True,4,True,65,Female,Asian,1.53,55.0,23.49523687470631,1,0.845,0.773,0.815,0.845,0.836,0.864,0.9,-2.2417,test,d:\LUMOS\processed\preprocessed_images\patient_460\AP.png,d:\LUMOS\processed\preprocessed_images\patient_460\Lateral.png
461,d:\LUMOS\lumos_x\lumos_x_281_540_dcm\lumos_x_461\lumos_x_461_1.Dcm,d:\LUMOS\lumos_x\lumos_x_281_540_dcm\lumos_x_461\lumos_x_461_2.Dcm,True,True,True,4,True,71,Female,Asian,1.58,43.0,17.224803717352987,2,0.795,0.723,0.755,0.795,0.788,0.827,0.853,-2.6583,train,d:\LUMOS\processed\preprocessed_images\patient_461\AP.png,d:\LUMOS\processed\preprocessed_images\patient_461\Lateral.png
462,d:\LUMOS\lumos_x\lumos_x_281_540_dcm\lumos_x_462\lumos_x_462_1.Dcm,d:\LUMOS\lumos_x\lumos_x_281_540_dcm\lumos_x_462\lumos_x_462_2.Dcm,True,True,True,4,True,76,Female,Asian,1.57,67.0,27.18163008641324,0,1.169,1.107,1.137,1.169,1.184,1.206,1.217,0.4583,test,d:\LUMOS\processed\preprocessed_images\patient_462\AP.png,d:\LUMOS\processed\preprocessed_images\patient_462\Lateral.png
463,d:\LUMOS\lumos_x\lumos_x_281_540_dcm\lumos_x_463\lumos_x_463_1.Dcm,d:\LUMOS\lumos_x\lumos_x_281_540_dcm\lumos_x_463\lumos_x_463_2.Dcm,True,True,True,4,True,67,Male,Asian,1.69,72.0,25.209201358495854,1,0.853773584905661,0.857,0.866,0.853,0.866,0.849,0.849,-2.1686,train,d:\LUMOS\processed\preprocessed_images\patient_463\AP.png,d:\LUMOS\processed\preprocessed_images\patient_463\Lateral.png
464,d:\LUMOS\lumos_x\lumos_x_281_540_dcm\lumos_x_464\lumos_x_464_1.Dcm,d:\LUMOS\lumos_x\lumos_x_281_540_dcm\lumos_x_464\lumos_x_464_2.Dcm,True,True,True,4,True,70,Female,Asian,1.56,60.0,24.65483234714004,2,0.626,0.584,0.582,0.626,0.576,0.632,0.656,-4.0667,train,d:\LUMOS\processed\preprocessed_images\patient_464\AP.png,d:\LUMOS\processed\preprocessed_images\patient_464\Lateral.png
465,d:\LUMOS\lumos_x\lumos_x_281_540_dcm\lumos_x_465\lumos_x_465_1.Dcm,d:\LUMOS\lumos_x\lumos_x_281_540_dcm\lumos_x_465\lumos_x_465_2.Dcm,True,True,True,4,True,66,Female,Asian,1.61,52.0,20.060954438486167,1,0.9,0.828,0.871,0.9,0.9,0.928,0.963,-1.7833,test,d:\LUMOS\processed\preprocessed_images\patient_465\AP.png,d:\LUMOS\processed\preprocessed_images\patient_465\Lateral.png
466,d:\LUMOS\lumos_x\lumos_x_281_540_dcm\lumos_x_466\lumos_x_466_1.Dcm,d:\LUMOS\lumos_x\lumos_x_281_540_dcm\lumos_x_466\lumos_x_466_2.Dcm,True,True,True,4,True,62,Female,Asian,1.59,60.0,23.73323840037973,1,0.975,0.88,0.94,0.975,0.988,1.015,1.054,-1.1583,train,d:\LUMOS\processed\preprocessed_images\patient_466\AP.png,d:\LUMOS\processed\preprocessed_images\patient_466\Lateral.png
467,d:\LUMOS\lumos_x\lumos_x_281_540_dcm\lumos_x_467\lumos_x_467_1.Dcm,d:\LUMOS\lumos_x\lumos_x_281_540_dcm\lumos_x_467\lumos_x_467_2.Dcm,True,True,True,4,True,76,Female,Asian,1.51,56.0,24.560326301478007,1,0.978,0.978,0.99,0.978,0.98,0.967,0.977,-1.1333,train,d:\LUMOS\processed\preprocessed_images\patient_467\AP.png,d:\LUMOS\processed\preprocessed_images\patient_467\Lateral.png
468,d:\LUMOS\lumos_x\lumos_x_281_540_dcm\lumos_x_468\lumos_x_468_1.Dcm,d:\LUMOS\lumos_x\lumos_x_281_540_dcm\lumos_x_468\lumos_x_468_2.Dcm,True,True,True,4,True,75,Female,Asian,1.58,59.0,23.63403300753084,0,0.997,0.904,0.932,0.997,0.939,1.016,1.077,-0.975,validation,d:\LUMOS\processed\preprocessed_images\patient_468\AP.png,d:\LUMOS\processed\preprocessed_images\patient_468\Lateral.png
469,d:\LUMOS\lumos_x\lumos_x_281_540_dcm\lumos_x_469\lumos_x_469_1.Dcm,d:\LUMOS\lumos_x\lumos_x_281_540_dcm\lumos_x_469\lumos_x_469_2.Dcm,True,True,True,4,True,30,Female,Asian,1.62,46.0,17.527815881725342,2,0.652,0.944,0.969,0.961,0.997,0.975,0.974,-3.85,train,d:\LUMOS\processed\preprocessed_images\patient_469\AP.png,d:\LUMOS\processed\preprocessed_images\patient_469\Lateral.png
470,d:\LUMOS\lumos_x\lumos_x_281_540_dcm\lumos_x_470\lumos_x_470_1.Dcm,d:\LUMOS\lumos_x\lumos_x_281_540_dcm\lumos_x_470\lumos_x_470_2.Dcm,True,True,True,4,True,71,Male,Asian,1.76,71.0,22.92097107438017,0,1.37248701152022,1.308,1.366,1.369,1.407,1.396,1.428,2.1541,test,d:\LUMOS\processed\preprocessed_images\patient_470\AP.png,d:\LUMOS\processed\preprocessed_images\patient_470\Lateral.png
471,d:\LUMOS\lumos_x\lumos_x_281_540_dcm\lumos_x_471\lumos_x_471_1.Dcm,d:\LUMOS\lumos_x\lumos_x_281_540_dcm\lumos_x_471\lumos_x_471_2.Dcm,True,True,True,4,True,86,Female,Asian,1.56,70.0,28.763971071663377,0,1.186,1.023,1.115,1.186,1.182,1.248,1.324,0.6,validation,d:\LUMOS\processed\preprocessed_images\patient_471\AP.png,d:\LUMOS\processed\preprocessed_images\patient_471\Lateral.png
472,d:\LUMOS\lumos_x\lumos_x_281_540_dcm\lumos_x_472\lumos_x_472_1.Dcm,d:\LUMOS\lumos_x\lumos_x_281_540_dcm\lumos_x_472\lumos_x_472_2.Dcm,True,True,True,4,True,68,Female,Asian,1.44,47.0,22.6658950617284,2,0.799,0.723,0.77,0.799,0.802,0.826,0.857,-2.625,validation,d:\LUMOS\processed\preprocessed_images\patient_472\AP.png,d:\LUMOS\processed\preprocessed_images\patient_472\Lateral.png
473,d:\LUMOS\lumos_x\lumos_x_281_540_dcm\lumos_x_473\lumos_x_473_1.Dcm,d:\LUMOS\lumos_x\lumos_x_281_540_dcm\lumos_x_473\lumos_x_473_2.Dcm,True,True,True,4,True,79,Female,Asian,1.56,45.0,18.49112426035503,2,0.797,0.761,0.798,0.797,0.815,0.808,0.827,-2.6417,validation,d:\LUMOS\processed\preprocessed_images\patient_473\AP.png,d:\LUMOS\processed\preprocessed_images\patient_473\Lateral.png
474,d:\LUMOS\lumos_x\lumos_x_281_540_dcm\lumos_x_474\lumos_x_474_1.Dcm,d:\LUMOS\lumos_x\lumos_x_281_540_dcm\lumos_x_474\lumos_x_474_2.Dcm,True,True,True,4,True,64,Female,Asian,1.57,53.0,21.50188648626719,0,1.093,1.072,1.095,1.093,1.12,1.109,1.112,-0.175,validation,d:\LUMOS\processed\preprocessed_images\patient_474\AP.png,d:\LUMOS\processed\preprocessed_images\patient_474\Lateral.png
475,d:\LUMOS\lumos_x\lumos_x_281_540_dcm\lumos_x_475\lumos_x_475_1.Dcm,d:\LUMOS\lumos_x\lumos_x_281_540_dcm\lumos_x_475\lumos_x_475_2.Dcm,True,True,True,4,True,65,Female,Asian,1.49,62.0,27.92666996982118,1,0.928,0.947,0.943,0.928,0.978,0.945,0.916,-1.55,validation,d:\LUMOS\processed\preprocessed_images\patient_475\AP.png,d:\LUMOS\processed\preprocessed_images\patient_475\Lateral.png
476,d:\LUMOS\lumos_x\lumos_x_281_540_dcm\lumos_x_476\lumos_x_476_1.Dcm,d:\LUMOS\lumos_x\lumos_x_281_540_dcm\lumos_x_476\lumos_x_476_2.Dcm,True,True,True,4,True,77,Female,Asian,1.5,60.0,26.666666666666668,1,0.879,0.753,0.828,0.879,0.873,0.919,0.976,-1.9583,train,d:\LUMOS\processed\preprocessed_images\patient_476\AP.png,d:\LUMOS\processed\preprocessed_images\patient_476\Lateral.png
477,d:\LUMOS\lumos_x\lumos_x_281_540_dcm\lumos_x_477\lumos_x_477_1.Dcm,d:\LUMOS\lumos_x\lumos_x_281_540_dcm\lumos_x_477\lumos_x_477_2.Dcm,True,True,True,4,True,72,Female,Asian,1.56,47.0,19.312952005259696,2,0.701,0.617,0.659,0.701,0.67,0.72,0.771,-3.4417,train,d:\LUMOS\processed\preprocessed_images\patient_477\AP.png,d:\LUMOS\processed\preprocessed_images\patient_477\Lateral.png
478,d:\LUMOS\lumos_x\lumos_x_281_540_dcm\lumos_x_478\lumos_x_478_1.Dcm,d:\LUMOS\lumos_x\lumos_x_281_540_dcm\lumos_x_478\lumos_x_478_2.Dcm,True,True,True,4,True,53,Female,Asian,1.62,82.0,31.24523700655387,0,1.491,1.39,1.465,1.491,1.515,1.531,1.572,3.1417,train,d:\LUMOS\processed\preprocessed_images\patient_478\AP.png,d:\LUMOS\processed\preprocessed_images\patient_478\Lateral.png
479,d:\LUMOS\lumos_x\lumos_x_281_540_dcm\lumos_x_479\lumos_x_479_1.Dcm,d:\LUMOS\lumos_x\lumos_x_281_540_dcm\lumos_x_479\lumos_x_479_2.Dcm,True,True,True,4,True,86,Female,Asian,1.5,42.0,18.666666666666668,1,0.88,0.813,0.847,0.88,0.904,0.925,0.939,-1.95,test,d:\LUMOS\processed\preprocessed_images\patient_479\AP.png,d:\LUMOS\processed\preprocessed_images\patient_479\Lateral.png
480,d:\LUMOS\lumos_x\lumos_x_281_540_dcm\lumos_x_480\lumos_x_480_1.Dcm,d:\LUMOS\lumos_x\lumos_x_281_540_dcm\lumos_x_480\lumos_x_480_2.Dcm,True,True,True,4,True,77,Female,Asian,1.42,48.0,23.804800634794685,1,0.845,0.781,0.839,0.845,0.868,0.864,0.894,-2.2417,validation,d:\LUMOS\processed\preprocessed_images\patient_480\AP.png,d:\LUMOS\processed\preprocessed_images\patient_480\Lateral.png
481,d:\LUMOS\lumos_x\lumos_x_281_540_dcm\lumos_x_481\lumos_x_481_1.Dcm,d:\LUMOS\lumos_x\lumos_x_281_540_dcm\lumos_x_481\lumos_x_481_2.Dcm,True,True,True,4,True,61,Male,Asian,1.72,78.0,26.365603028664147,0,1.087,1.024,1.067,1.087,1.13,1.134,1.144,-0.225,train,d:\LUMOS\processed\preprocessed_images\patient_481\AP.png,d:\LUMOS\processed\preprocessed_images\patient_481\Lateral.png
482,d:\LUMOS\lumos_x\lumos_x_281_540_dcm\lumos_x_482\lumos_x_482_1.Dcm,d:\LUMOS\lumos_x\lumos_x_281_540_dcm\lumos_x_482\lumos_x_482_2.Dcm,True,True,True,4,True,58,Female,Asian,1.58,52.0,20.82999519307803,1,0.916,0.805,0.845,0.916,0.839,0.931,1.006,-1.65,train,d:\LUMOS\processed\preprocessed_images\patient_482\AP.png,d:\LUMOS\processed\preprocessed_images\patient_482\Lateral.png
483,d:\LUMOS\lumos_x\lumos_x_281_540_dcm\lumos_x_483\lumos_x_483_1.Dcm,d:\LUMOS\lumos_x\lumos_x_281_540_dcm\lumos_x_483\lumos_x_483_2.Dcm,True,True,True,4,True,68,Female,Asian,1.59,63.0,24.91990032039872,0,1.038,0.901,0.972,1.038,1.021,1.088,1.148,-0.6333,train,d:\LUMOS\processed\preprocessed_images\patient_483\AP.png,d:\LUMOS\processed\preprocessed_images\patient_483\Lateral.png
484,d:\LUMOS\lumos_x\lumos_x_281_540_dcm\lumos_x_484\lumos_x_484_1.Dcm,d:\LUMOS\lumos_x\lumos_x_281_540_dcm\lumos_x_484\lumos_x_484_2.Dcm,True,True,True,4,True,58,Female,Asian,1.51,61.0,26.753212578395683,2,0.587,0.552,0.572,0.587,0.625,0.626,0.618,-4.3917,train,d:\LUMOS\processed\preprocessed_images\patient_484\AP.png,d:\LUMOS\processed\preprocessed_images\patient_484\Lateral.png
485,d:\LUMOS\lumos_x\lumos_x_281_540_dcm\lumos_x_485\lumos_x_485_1.Dcm,d:\LUMOS\lumos_x\lumos_x_281_540_dcm\lumos_x_485\lumos_x_485_2.Dcm,True,True,True,4,True,71,Female,Asian,1.58,61.0,24.435186668803077,2,0.669,0.586,0.629,0.669,0.631,0.68,0.735,-3.7083,test,d:\LUMOS\processed\preprocessed_images\patient_485\AP.png,d:\LUMOS\processed\preprocessed_images\patient_485\Lateral.png
486,d:\LUMOS\lumos_x\lumos_x_281_540_dcm\lumos_x_486\lumos_x_486_1.Dcm,d:\LUMOS\lumos_x\lumos_x_281_540_dcm\lumos_x_486\lumos_x_486_2.Dcm,True,True,True,4,True,66,Female,Asian,1.53,58.0,24.77679524969029,1,0.868,0.854,0.87,0.868,0.881,0.875,0.88,-2.05,train,d:\LUMOS\processed\preprocessed_images\patient_486\AP.png,d:\LUMOS\processed\preprocessed_images\patient_486\Lateral.png
487,d:\LUMOS\lumos_x\lumos_x_281_540_dcm\lumos_x_487\lumos_x_487_1.Dcm,d:\LUMOS\lumos_x\lumos_x_281_540_dcm\lumos_x_487\lumos_x_487_2.Dcm,True,True,True,4,True,61,Female,Asian,1.6,70.0,27.34375,0,1.16770990718757,1.13,1.136,1.167,1.119,1.164,1.195,0.4476,train,d:\LUMOS\processed\preprocessed_images\patient_487\AP.png,d:\LUMOS\processed\preprocessed_images\patient_487\Lateral.png
488,d:\LUMOS\lumos_x\lumos_x_281_540_dcm\lumos_x_488\lumos_x_488_1.Dcm,d:\LUMOS\lumos_x\lumos_x_281_540_dcm\lumos_x_488\lumos_x_488_2.Dcm,True,True,True,4,True,75,Female,Asian,1.5,55.0,24.444444444444443,1,0.881,0.746,0.818,0.881,0.858,0.925,1.003,-1.9417,train,d:\LUMOS\processed\preprocessed_images\patient_488\AP.png,d:\LUMOS\processed\preprocessed_images\patient_488\Lateral.png
489,d:\LUMOS\lumos_x\lumos_x_281_540_dcm\lumos_x_489\lumos_x_489_1.Dcm,d:\LUMOS\lumos_x\lumos_x_281_540_dcm\lumos_x_489\lumos_x_489_2.Dcm,True,True,True,4,True,70,Female,Asian,1.61,72.0,27.776706145596236,1,0.819082672706682,0.723,0.765,0.819,0.793,0.853,0.906,-2.4576,train,d:\LUMOS\processed\preprocessed_images\patient_489\AP.png,d:\LUMOS\processed\preprocessed_images\patient_489\Lateral.png
490,d:\LUMOS\lumos_x\lumos_x_281_540_dcm\lumos_x_490\lumos_x_490_1.Dcm,d:\LUMOS\lumos_x\lumos_x_281_540_dcm\lumos_x_490\lumos_x_490_2.Dcm,True,True,True,4,True,64,Male,Asian,1.57,70.0,28.39871800073025,1,0.961,0.911,0.941,0.961,1.001,1.004,1.004,-1.275,train,d:\LUMOS\processed\preprocessed_images\patient_490\AP.png,d:\LUMOS\processed\preprocessed_images\patient_490\Lateral.png
491,d:\LUMOS\lumos_x\lumos_x_281_540_dcm\lumos_x_491\lumos_x_491_1.Dcm,d:\LUMOS\lumos_x\lumos_x_281_540_dcm\lumos_x_491\lumos_x_491_2.Dcm,True,True,True,4,True,50,Female,Asian,1.58,56.0,22.43230251562249,0,1.22,1.111,1.174,1.22,1.231,1.268,1.313,0.8833,train,d:\LUMOS\processed\preprocessed_images\patient_491\AP.png,d:\LUMOS\processed\preprocessed_images\patient_491\Lateral.png
492,d:\LUMOS\lumos_x\lumos_x_281_540_dcm\lumos_x_492\lumos_x_492_1.Dcm,d:\LUMOS\lumos_x\lumos_x_281_540_dcm\lumos_x_492\lumos_x_492_2.Dcm,True,True,True,4,True,65,Female,Asian,1.5,55.0,24.444444444444443,2,0.681029952706253,0.634,0.659,0.681,0.687,0.706,0.72,-3.6081,validation,d:\LUMOS\processed\preprocessed_images\patient_492\AP.png,d:\LUMOS\processed\preprocessed_images\patient_492\Lateral.png
493,d:\LUMOS\lumos_x\lumos_x_281_540_dcm\lumos_x_493\lumos_x_493_1.Dcm,d:\LUMOS\lumos_x\lumos_x_281_540_dcm\lumos_x_493\lumos_x_493_2.Dcm,True,True,True,4,True,67,Female,Asian,1.62,46.0,17.527815881725342,1,0.977,0.922,0.948,0.977,0.959,0.991,1.019,-1.1417,train,d:\LUMOS\processed\preprocessed_images\patient_493\AP.png,d:\LUMOS\processed\preprocessed_images\patient_493\Lateral.png
494,d:\LUMOS\lumos_x\lumos_x_281_540_dcm\lumos_x_494\lumos_x_494_1.Dcm,d:\LUMOS\lumos_x\lumos_x_281_540_dcm\lumos_x_494\lumos_x_494_2.Dcm,True,True,True,4,True,59,Female,Asian,1.47,53.0,24.526817529732984,2,0.737,0.666,0.703,0.737,0.703,0.746,0.8,-3.1417,train,d:\LUMOS\processed\preprocessed_images\patient_494\AP.png,d:\LUMOS\processed\preprocessed_images\patient_494\Lateral.png
495,d:\LUMOS\lumos_x\lumos_x_281_540_dcm\lumos_x_495\lumos_x_495_1.Dcm,d:\LUMOS\lumos_x\lumos_x_281_540_dcm\lumos_x_495\lumos_x_495_2.Dcm,True,True,True,4,True,56,Female,Asian,1.5,48.0,21.33333333333333,2,0.705,0.695,0.718,0.705,0.739,0.715,0.714,-3.4083,train,d:\LUMOS\processed\preprocessed_images\patient_495\AP.png,d:\LUMOS\processed\preprocessed_images\patient_495\Lateral.png
496,d:\LUMOS\lumos_x\lumos_x_281_540_dcm\lumos_x_496\lumos_x_496_1.Dcm,d:\LUMOS\lumos_x\lumos_x_281_540_dcm\lumos_x_496\lumos_x_496_2.Dcm,True,True,True,4,True,52,Female,Asian,1.56,73.0,29.996712689020377,0,1.233,1.119,1.19,1.233,1.265,1.292,1.33,0.9917,train,d:\LUMOS\processed\preprocessed_images\patient_496\AP.png,d:\LUMOS\processed\preprocessed_images\patient_496\Lateral.png
497,d:\LUMOS\lumos_x\lumos_x_281_540_dcm\lumos_x_497\lumos_x_497_1.Dcm,d:\LUMOS\lumos_x\lumos_x_281_540_dcm\lumos_x_497\lumos_x_497_2.Dcm,True,True,True,4,True,78,Female,Asian,1.48,52.5,23.968224981738494,1,0.933,0.922,0.95,0.933,0.947,0.926,0.943,-1.5083,train,d:\LUMOS\processed\preprocessed_images\patient_497\AP.png,d:\LUMOS\processed\preprocessed_images\patient_497\Lateral.png
498,d:\LUMOS\lumos_x\lumos_x_281_540_dcm\lumos_x_498\lumos_x_498_1.Dcm,d:\LUMOS\lumos_x\lumos_x_281_540_dcm\lumos_x_498\lumos_x_498_2.Dcm,True,True,True,4,True,72,Male,Asian,1.68,73.0,25.86451247165533,0,1.96475607493971,1.652,1.763,1.925,1.858,2.035,2.191,7.0896,test,d:\LUMOS\processed\preprocessed_images\patient_498\AP.png,d:\LUMOS\processed\preprocessed_images\patient_498\Lateral.png
499,d:\LUMOS\lumos_x\lumos_x_281_540_dcm\lumos_x_499\lumos_x_499_1.Dcm,d:\LUMOS\lumos_x\lumos_x_281_540_dcm\lumos_x_499\lumos_x_499_2.Dcm,True,True,True,4,True,66,Female,Asian,1.5,50.0,22.22222222222222,2,0.671,0.614,0.66,0.671,0.69,0.694,0.718,-3.6917,train,d:\LUMOS\processed\preprocessed_images\patient_499\AP.png,d:\LUMOS\processed\preprocessed_images\patient_499\Lateral.png
500,d:\LUMOS\lumos_x\lumos_x_281_540_dcm\lumos_x_500\lumos_x_500_1.Dcm,d:\LUMOS\lumos_x\lumos_x_281_540_dcm\lumos_x_500\lumos_x_500_2.Dcm,True,True,True,4,True,76,Female,Asian,1.42,49.0,24.300733981352906,2,0.617,0.65,0.628,0.617,0.609,0.602,0.59,-4.1417,test,d:\LUMOS\processed\preprocessed_images\patient_500\AP.png,d:\LUMOS\processed\preprocessed_images\patient_500\Lateral.png
501,d:\LUMOS\lumos_x\lumos_x_281_540_dcm\lumos_x_501\lumos_x_501_1.Dcm,d:\LUMOS\lumos_x\lumos_x_281_540_dcm\lumos_x_501\lumos_x_501_2.Dcm,True,True,True,4,True,65,Female,Asian,1.6,52.0,20.3125,1,0.859,0.788,0.832,0.859,0.855,0.881,0.916,-2.125,validation,d:\LUMOS\processed\preprocessed_images\patient_501\AP.png,d:\LUMOS\processed\preprocessed_images\patient_501\Lateral.png
502,d:\LUMOS\lumos_x\lumos_x_281_540_dcm\lumos_x_502\lumos_x_502_1.Dcm,d:\LUMOS\lumos_x\lumos_x_281_540_dcm\lumos_x_502\lumos_x_502_2.Dcm,True,True,True,4,True,70,Female,Asian,1.53,59.0,25.20398137468495,1,0.9,0.915,0.879,0.9,0.809,0.86,0.888,-1.7833,test,d:\LUMOS\processed\preprocessed_images\patient_502\AP.png,d:\LUMOS\processed\preprocessed_images\patient_502\Lateral.png
503,d:\LUMOS\lumos_x\lumos_x_281_540_dcm\lumos_x_503\lumos_x_503_1.Dcm,d:\LUMOS\lumos_x\lumos_x_281_540_dcm\lumos_x_503\lumos_x_503_2.Dcm,True,True,True,4,True,66,Female,Asian,1.46,30.0,14.073935072246202,2,0.741,0.699,0.699,0.741,0.725,0.77,0.778,-3.1083,test,d:\LUMOS\processed\preprocessed_images\patient_503\AP.png,d:\LUMOS\processed\preprocessed_images\patient_503\Lateral.png
504,d:\LUMOS\lumos_x\lumos_x_281_540_dcm\lumos_x_504\lumos_x_504_1.Dcm,d:\LUMOS\lumos_x\lumos_x_281_540_dcm\lumos_x_504\lumos_x_504_2.Dcm,True,True,True,4,True,63,Female,Asian,1.64,67.0,24.91076740035693,1,0.905,0.85,0.873,0.905,0.889,0.925,0.952,-1.7417,train,d:\LUMOS\processed\preprocessed_images\patient_504\AP.png,d:\LUMOS\processed\preprocessed_images\patient_504\Lateral.png
505,d:\LUMOS\lumos_x\lumos_x_281_540_dcm\lumos_x_505\lumos_x_505_1.Dcm,d:\LUMOS\lumos_x\lumos_x_281_540_dcm\lumos_x_505\lumos_x_505_2.Dcm,True,True,True,4,True,56,Female,Asian,1.56,56.0,23.011176857330703,0,0.994,0.924,0.962,0.994,0.968,1.005,1.047,-1.0,validation,d:\LUMOS\processed\preprocessed_images\patient_505\AP.png,d:\LUMOS\processed\preprocessed_images\patient_505\Lateral.png
506,d:\LUMOS\lumos_x\lumos_x_281_540_dcm\lumos_x_506\lumos_x_506_1.Dcm,d:\LUMOS\lumos_x\lumos_x_281_540_dcm\lumos_x_506\lumos_x_506_2.Dcm,True,True,True,4,True,68,Female,Asian,1.56,47.0,19.312952005259696,1,0.845,0.748,0.791,0.845,0.82,0.88,0.931,-2.2417,test,d:\LUMOS\processed\preprocessed_images\patient_506\AP.png,d:\LUMOS\processed\preprocessed_images\patient_506\Lateral.png
507,d:\LUMOS\lumos_x\lumos_x_281_540_dcm\lumos_x_507\lumos_x_507_1.Dcm,d:\LUMOS\lumos_x\lumos_x_281_540_dcm\lumos_x_507\lumos_x_507_2.Dcm,True,True,True,4,True,51,Female,Asian,1.47,62.0,28.691748808366885,0,1.178,1.143,1.198,1.178,1.242,1.2,1.207,0.5333,train,d:\LUMOS\processed\preprocessed_images\patient_507\AP.png,d:\LUMOS\processed\preprocessed_images\patient_507\Lateral.png
508,d:\LUMOS\lumos_x\lumos_x_281_540_dcm\lumos_x_508\lumos_x_508_1.Dcm,d:\LUMOS\lumos_x\lumos_x_281_540_dcm\lumos_x_508\lumos_x_508_2.Dcm,True,True,True,4,True,48,Female,Asian,1.58,51.0,20.429418362441915,1,0.984,0.937,0.978,0.984,0.994,0.996,1.021,-1.0833,validation,d:\LUMOS\processed\preprocessed_images\patient_508\AP.png,d:\LUMOS\processed\preprocessed_images\patient_508\Lateral.png
509,d:\LUMOS\lumos_x\lumos_x_281_540_dcm\lumos_x_509\lumos_x_509_1.Dcm,d:\LUMOS\lumos_x\lumos_x_281_540_dcm\lumos_x_509\lumos_x_509_2.Dcm,True,True,True,4,True,59,Male,Asian,1.7,60.0,20.761245674740486,0,1.01,0.981,1.02,1.01,1.053,1.026,1.031,-0.8667,validation,d:\LUMOS\processed\preprocessed_images\patient_509\AP.png,d:\LUMOS\processed\preprocessed_images\patient_509\Lateral.png
510,d:\LUMOS\lumos_x\lumos_x_281_540_dcm\lumos_x_510\lumos_x_510_1.Dcm,d:\LUMOS\lumos_x\lumos_x_281_540_dcm\lumos_x_510\lumos_x_510_2.Dcm,True,True,True,4,True,58,Female,Asian,1.655,64.0,23.36597876981773,0,0.994,0.867,0.941,0.994,0.979,1.035,1.112,-1.0,train,d:\LUMOS\processed\preprocessed_images\patient_510\AP.png,d:\LUMOS\processed\preprocessed_images\patient_510\Lateral.png
511,d:\LUMOS\lumos_x\lumos_x_281_540_dcm\lumos_x_511\lumos_x_511_1.Dcm,d:\LUMOS\lumos_x\lumos_x_281_540_dcm\lumos_x_511\lumos_x_511_2.Dcm,True,True,True,4,True,85,Female,Asian,1.4,29.0,14.79591836734694,2,0.499,0.469,0.526,0.548,0.555,0.572,0.61,-5.125,validation,d:\LUMOS\processed\preprocessed_images\patient_511\AP.png,d:\LUMOS\processed\preprocessed_images\patient_511\Lateral.png
512,d:\LUMOS\lumos_x\lumos_x_281_540_dcm\lumos_x_512\lumos_x_512_1.Dcm,d:\LUMOS\lumos_x\lumos_x_281_540_dcm\lumos_x_512\lumos_x_512_2.Dcm,True,True,True,4,True,50,Female,Asian,1.63,57.0,21.453573713726524,1,0.9,0.844,0.904,0.9,0.945,0.924,0.947,-1.7833,test,d:\LUMOS\processed\preprocessed_images\patient_512\AP.png,d:\LUMOS\processed\preprocessed_images\patient_512\Lateral.png
513,d:\LUMOS\lumos_x\lumos_x_281_540_dcm\lumos_x_513\lumos_x_513_1.Dcm,d:\LUMOS\lumos_x\lumos_x_281_540_dcm\lumos_x_513\lumos_x_513_2.Dcm,True,True,True,4,True,60,Female,Asian,1.58,58.0,23.233456176894723,0,1.046,0.92,0.966,1.046,1.013,1.098,1.155,-0.5667,train,d:\LUMOS\processed\preprocessed_images\patient_513\AP.png,d:\LUMOS\processed\preprocessed_images\patient_513\Lateral.png
514,d:\LUMOS\lumos_x\lumos_x_281_540_dcm\lumos_x_514\lumos_x_514_1.Dcm,d:\LUMOS\lumos_x\lumos_x_281_540_dcm\lumos_x_514\lumos_x_514_2.Dcm,True,True,True,4,True,70,Female,Asian,1.54,60.0,25.2993759487266,2,0.778,0.754,0.785,0.778,0.807,0.791,0.797,-2.8,train,d:\LUMOS\processed\preprocessed_images\patient_514\AP.png,d:\LUMOS\processed\preprocessed_images\patient_514\Lateral.png
515,d:\LUMOS\lumos_x\lumos_x_281_540_dcm\lumos_x_515\lumos_x_515_1.Dcm,d:\LUMOS\lumos_x\lumos_x_281_540_dcm\lumos_x_515\lumos_x_515_2.Dcm,True,True,True,4,True,30,Male,Asian,1.63,58.0,21.82995219993225,0,1.002,0.912,0.954,1.002,0.978,1.032,1.086,-0.9333,train,d:\LUMOS\processed\preprocessed_images\patient_515\AP.png,d:\LUMOS\processed\preprocessed_images\patient_515\Lateral.png
516,d:\LUMOS\lumos_x\lumos_x_281_540_dcm\lumos_x_516\lumos_x_516_1.Dcm,d:\LUMOS\lumos_x\lumos_x_281_540_dcm\lumos_x_516\lumos_x_516_2.Dcm,True,True,True,4,True,58,Female,Asian,1.52,53.0,22.93975069252077,2,0.764,0.737,0.766,0.764,0.795,0.781,0.79,-2.9167,train,d:\LUMOS\processed\preprocessed_images\patient_516\AP.png,d:\LUMOS\processed\preprocessed_images\patient_516\Lateral.png
517,d:\LUMOS\lumos_x\lumos_x_281_540_dcm\lumos_x_517\lumos_x_517_1.Dcm,d:\LUMOS\lumos_x\lumos_x_281_540_dcm\lumos_x_517\lumos_x_517_2.Dcm,True,True,True,4,True,64,Male,Asian,1.69,65.0,22.758306781975424,0,1.062,1.056,1.035,1.062,0.957,1.025,1.066,-0.4333,validation,d:\LUMOS\processed\preprocessed_images\patient_517\AP.png,d:\LUMOS\processed\preprocessed_images\patient_517\Lateral.png
518,d:\LUMOS\lumos_x\lumos_x_281_540_dcm\lumos_x_518\lumos_x_518_1.Dcm,d:\LUMOS\lumos_x\lumos_x_281_540_dcm\lumos_x_518\lumos_x_518_2.Dcm,True,True,True,4,True,61,Female,Asian,1.56,60.0,24.65483234714004,2,0.783,0.719,0.763,0.783,0.78,0.8,0.838,-2.7583,validation,d:\LUMOS\processed\preprocessed_images\patient_518\AP.png,d:\LUMOS\processed\preprocessed_images\patient_518\Lateral.png
519,d:\LUMOS\lumos_x\lumos_x_281_540_dcm\lumos_x_519\lumos_x_519_1.Dcm,d:\LUMOS\lumos_x\lumos_x_281_540_dcm\lumos_x_519\lumos_x_519_2.Dcm,True,True,True,4,True,66,Female,Asian,1.565,59.0,24.089252722800072,1,0.959,0.865,0.925,0.959,0.959,0.99,1.032,-1.2917,validation,d:\LUMOS\processed\preprocessed_images\patient_519\AP.png,d:\LUMOS\processed\preprocessed_images\patient_519\Lateral.png
520,d:\LUMOS\lumos_x\lumos_x_281_540_dcm\lumos_x_520\lumos_x_520_1.Dcm,d:\LUMOS\lumos_x\lumos_x_281_540_dcm\lumos_x_520\lumos_x_520_2.Dcm,True,True,True,4,True,69,Female,Asian,1.53,64.0,27.33991199965825,1,0.969,0.892,0.914,0.969,0.946,1.002,1.024,-1.2083,validation,d:\LUMOS\processed\preprocessed_images\patient_520\AP.png,d:\LUMOS\processed\preprocessed_images\patient_520\Lateral.png
521,d:\LUMOS\lumos_x\lumos_x_281_540_dcm\lumos_x_521\lumos_x_521_1.Dcm,d:\LUMOS\lumos_x\lumos_x_281_540_dcm\lumos_x_521\lumos_x_521_2.Dcm,True,True,True,4,True,56,Female,Asian,1.62,58.0,22.10028959000152,1,0.965,0.877,0.911,0.965,0.957,1.009,1.029,-1.2417,train,d:\LUMOS\processed\preprocessed_images\patient_521\AP.png,d:\LUMOS\processed\preprocessed_images\patient_521\Lateral.png
522,d:\LUMOS\lumos_x\lumos_x_281_540_dcm\lumos_x_522\lumos_x_522_1.Dcm,d:\LUMOS\lumos_x\lumos_x_281_540_dcm\lumos_x_522\lumos_x_522_2.Dcm,True,True,True,4,True,70,Male,Asian,1.54,51.0,21.504469556417607,0,1.154,1.097,1.116,1.154,1.152,1.19,1.206,0.3333,train,d:\LUMOS\processed\preprocessed_images\patient_522\AP.png,d:\LUMOS\processed\preprocessed_images\patient_522\Lateral.png
523,d:\LUMOS\lumos_x\lumos_x_281_540_dcm\lumos_x_523\lumos_x_523_1.Dcm,d:\LUMOS\lumos_x\lumos_x_281_540_dcm\lumos_x_523\lumos_x_523_2.Dcm,True,True,True,4,True,76,Male,Asian,1.64,72.0,26.769779892920884,0,1.371,1.326,1.347,1.371,1.363,1.389,1.415,2.1417,train,d:\LUMOS\processed\preprocessed_images\patient_523\AP.png,d:\LUMOS\processed\preprocessed_images\patient_523\Lateral.png
524,d:\LUMOS\lumos_x\lumos_x_281_540_dcm\lumos_x_524\lumos_x_524_1.Dcm,d:\LUMOS\lumos_x\lumos_x_281_540_dcm\lumos_x_524\lumos_x_524_2.Dcm,True,True,True,4,True,79,Male,Asian,1.72,63.0,21.29529475392104,1,0.844,0.814,0.827,0.844,0.846,0.863,0.875,-2.25,train,d:\LUMOS\processed\preprocessed_images\patient_524\AP.png,d:\LUMOS\processed\preprocessed_images\patient_524\Lateral.png
525,d:\LUMOS\lumos_x\lumos_x_281_540_dcm\lumos_x_525\lumos_x_525_1.Dcm,d:\LUMOS\lumos_x\lumos_x_281_540_dcm\lumos_x_525\lumos_x_525_2.Dcm,True,True,True,4,True,56,Female,Asian,1.58,60.0,24.03460983816696,1,0.982,0.944,0.977,0.982,1.015,1.009,1.017,-1.1,train,d:\LUMOS\processed\preprocessed_images\patient_525\AP.png,d:\LUMOS\processed\preprocessed_images\patient_525\Lateral.png
526,d:\LUMOS\lumos_x\lumos_x_281_540_dcm\lumos_x_526\lumos_x_526_1.Dcm,d:\LUMOS\lumos_x\lumos_x_281_540_dcm\lumos_x_526\lumos_x_526_2.Dcm,True,True,True,4,True,74,Female,Asian,1.58,63.0,25.236340330075304,1,0.82427258805513,0.732,0.804,0.824,0.853,0.861,0.9,-2.4144,train,d:\LUMOS\processed\preprocessed_images\patient_526\AP.png,d:\LUMOS\processed\preprocessed_images\patient_526\Lateral.png
527,d:\LUMOS\lumos_x\lumos_x_281_540_dcm\lumos_x_527\lumos_x_527_1.Dcm,d:\LUMOS\lumos_x\lumos_x_281_540_dcm\lumos_x_527\lumos_x_527_2.Dcm,True,True,True,4,True,61,Female,Asian,1.65,71.0,26.07897153351699,0,1.15,1.033,1.111,1.15,1.192,1.213,1.249,0.3,train,d:\LUMOS\processed\preprocessed_images\patient_527\AP.png,d:\LUMOS\processed\preprocessed_images\patient_527\Lateral.png
528,d:\LUMOS\lumos_x\lumos_x_281_540_dcm\lumos_x_528\lumos_x_528_1.Dcm,d:\LUMOS\lumos_x\lumos_x_281_540_dcm\lumos_x_528\lumos_x_528_2.Dcm,True,True,True,4,True,26,Female,Asian,1.76,90.0,29.054752066115704,0,1.068,0.954,1.024,1.068,1.093,1.122,1.161,-0.3833,train,d:\LUMOS\processed\preprocessed_images\patient_528\AP.png,d:\LUMOS\processed\preprocessed_images\patient_528\Lateral.png
529,d:\LUMOS\lumos_x\lumos_x_281_540_dcm\lumos_x_529\lumos_x_529_1.Dcm,d:\LUMOS\lumos_x\lumos_x_281_540_dcm\lumos_x_529\lumos_x_529_2.Dcm,True,True,True,4,True,74,Male,Asian,1.61,56.0,21.60410477990818,1,0.874,0.941,0.923,0.874,0.891,0.841,0.813,-2.0,test,d:\LUMOS\processed\preprocessed_images\patient_529\AP.png,d:\LUMOS\processed\preprocessed_images\patient_529\Lateral.png
530,d:\LUMOS\lumos_x\lumos_x_281_540_dcm\lumos_x_530\lumos_x_530_1.Dcm,d:\LUMOS\lumos_x\lumos_x_281_540_dcm\lumos_x_530\lumos_x_530_2.Dcm,True,True,True,4,True,72,Female,Asian,1.46,45.0,21.110902608369305,0,1.113,0.961,1.046,1.113,1.107,1.167,1.221,-0.0083,train,d:\LUMOS\processed\preprocessed_images\patient_530\AP.png,d:\LUMOS\processed\preprocessed_images\patient_530\Lateral.png
531,d:\LUMOS\lumos_x\lumos_x_281_540_dcm\lumos_x_531\lumos_x_531_1.Dcm,d:\LUMOS\lumos_x\lumos_x_281_540_dcm\lumos_x_531\lumos_x_531_2.Dcm,True,True,True,4,True,62,Female,Asian,1.57,62.0,25.153150229218223,1,0.912,0.859,0.886,0.912,0.921,0.94,0.954,-1.6833,train,d:\LUMOS\processed\preprocessed_images\patient_531\AP.png,d:\LUMOS\processed\preprocessed_images\patient_531\Lateral.png
532,d:\LUMOS\lumos_x\lumos_x_281_540_dcm\lumos_x_532\lumos_x_532_1.Dcm,d:\LUMOS\lumos_x\lumos_x_281_540_dcm\lumos_x_532\lumos_x_532_2.Dcm,True,True,True,4,True,82,Female,Asian,1.54,49.0,20.66115702479339,1,0.844,0.746,0.809,0.844,0.847,0.879,0.927,-2.25,train,d:\LUMOS\processed\preprocessed_images\patient_532\AP.png,d:\LUMOS\processed\preprocessed_images\patient_532\Lateral.png
533,d:\LUMOS\lumos_x\lumos_x_281_540_dcm\lumos_x_533\lumos_x_533_1.Dcm,d:\LUMOS\lumos_x\lumos_x_281_540_dcm\lumos_x_533\lumos_x_533_2.Dcm,True,True,True,4,True,55,Female,Asian,1.51,49.0,21.490285513793253,2,0.778,0.738,0.743,0.778,0.732,0.78,0.813,-2.8,validation,d:\LUMOS\processed\preprocessed_images\patient_533\AP.png,d:\LUMOS\processed\preprocessed_images\patient_533\Lateral.png
534,d:\LUMOS\lumos_x\lumos_x_281_540_dcm\lumos_x_534\lumos_x_534_1.Dcm,d:\LUMOS\lumos_x\lumos_x_281_540_dcm\lumos_x_534\lumos_x_534_2.Dcm,True,True,True,4,True,66,Female,Asian,1.57,53.0,21.50188648626719,1,0.932,0.908,0.928,0.932,0.945,0.944,0.95,-1.5167,train,d:\LUMOS\processed\preprocessed_images\patient_534\AP.png,d:\LUMOS\processed\preprocessed_images\patient_534\Lateral.png
535,d:\LUMOS\lumos_x\lumos_x_281_540_dcm\lumos_x_535\lumos_x_535_1.Dcm,d:\LUMOS\lumos_x\lumos_x_281_540_dcm\lumos_x_535\lumos_x_535_2.Dcm,True,True,True,4,True,87,Male,Asian,1.66,56.0,20.322252866889244,0,1.48,1.304,1.435,1.48,1.593,1.593,1.626,3.05,train,d:\LUMOS\processed\preprocessed_images\patient_535\AP.png,d:\LUMOS\processed\preprocessed_images\patient_535\Lateral.png
536,d:\LUMOS\lumos_x\lumos_x_281_540_dcm\lumos_x_536\lumos_x_536_1.Dcm,d:\LUMOS\lumos_x\lumos_x_281_540_dcm\lumos_x_536\lumos_x_536_2.Dcm,True,True,True,4,True,64,Female,Asian,1.55,60.0,24.97398543184183,2,0.637,0.607,0.61,0.637,0.619,0.65,0.661,-3.975,train,d:\LUMOS\processed\preprocessed_images\patient_536\AP.png,d:\LUMOS\processed\preprocessed_images\patient_536\Lateral.png
537,d:\LUMOS\lumos_x\lumos_x_281_540_dcm\lumos_x_537\lumos_x_537_1.Dcm,d:\LUMOS\lumos_x\lumos_x_281_540_dcm\lumos_x_537\lumos_x_537_2.Dcm,True,True,True,4,True,73,Female,Asian,1.5,60.0,26.666666666666668,0,1.022,0.931,0.979,1.022,1.031,1.068,1.09,-0.7667,train,d:\LUMOS\processed\preprocessed_images\patient_537\AP.png,d:\LUMOS\processed\preprocessed_images\patient_537\Lateral.png
538,d:\LUMOS\lumos_x\lumos_x_281_540_dcm\lumos_x_538\lumos_x_538_1.Dcm,d:\LUMOS\lumos_x\lumos_x_281_540_dcm\lumos_x_538\lumos_x_538_2.Dcm,True,True,True,4,True,67,Male,Asian,1.73,65.0,21.71806608974573,1,0.972,0.905,0.948,0.972,0.977,0.996,1.021,-1.1833,train,d:\LUMOS\processed\preprocessed_images\patient_538\AP.png,d:\LUMOS\processed\preprocessed_images\patient_538\Lateral.png
539,d:\LUMOS\lumos_x\lumos_x_281_540_dcm\lumos_x_539\lumos_x_539_1.Dcm,d:\LUMOS\lumos_x\lumos_x_281_540_dcm\lumos_x_539\lumos_x_539_2.Dcm,True,True,True,4,True,67,Female,Asian,1.59,65.0,25.71100826707804,2,0.784,0.767,0.769,0.784,0.783,0.796,0.796,-2.75,train,d:\LUMOS\processed\preprocessed_images\patient_539\AP.png,d:\LUMOS\processed\preprocessed_images\patient_539\Lateral.png
540,d:\LUMOS\lumos_x\lumos_x_281_540_dcm\lumos_x_540\lumos_x_540_1.Dcm,d:\LUMOS\lumos_x\lumos_x_281_540_dcm\lumos_x_540\lumos_x_540_2.Dcm,True,True,True,4,True,65,Female,Asian,1.62,56.0,21.33821063862216,1,0.889,0.843,0.866,0.889,0.883,0.908,0.934,-1.875,train,d:\LUMOS\processed\preprocessed_images\patient_540\AP.png,d:\LUMOS\processed\preprocessed_images\patient_540\Lateral.png
541,d:\LUMOS\lumos_x\lumos_x_541_670_dcm\lumos_x_541\lumos_x_541_1.Dcm,d:\LUMOS\lumos_x\lumos_x_541_670_dcm\lumos_x_541\lumos_x_541_2.Dcm,True,True,True,4,True,76,Female,Asian,1.52,53.0,22.93975069252077,0,1.376,1.313,1.323,1.376,1.376,1.426,1.433,2.1833,train,d:\LUMOS\processed\preprocessed_images\patient_541\AP.png,d:\LUMOS\processed\preprocessed_images\patient_541\Lateral.png
542,d:\LUMOS\lumos_x\lumos_x_541_670_dcm\lumos_x_542\lumos_x_542_1.Dcm,d:\LUMOS\lumos_x\lumos_x_541_670_dcm\lumos_x_542\lumos_x_542_2.Dcm,True,True,True,4,True,59,Female,Asian,1.54,45.0,18.974531961544947,1,0.831,0.77,0.791,0.831,0.813,0.855,0.878,-2.3583,train,d:\LUMOS\processed\preprocessed_images\patient_542\AP.png,d:\LUMOS\processed\preprocessed_images\patient_542\Lateral.png
543,d:\LUMOS\lumos_x\lumos_x_541_670_dcm\lumos_x_543\lumos_x_543_1.Dcm,d:\LUMOS\lumos_x\lumos_x_541_670_dcm\lumos_x_543\lumos_x_543_2.Dcm,True,True,True,4,True,59,Male,Asian,1.68,80.0,28.344671201814062,0,1.011,0.989,0.982,1.011,0.961,1.005,1.03,-0.8583,test,d:\LUMOS\processed\preprocessed_images\patient_543\AP.png,d:\LUMOS\processed\preprocessed_images\patient_543\Lateral.png
544,d:\LUMOS\lumos_x\lumos_x_541_670_dcm\lumos_x_544\lumos_x_544_1.Dcm,d:\LUMOS\lumos_x\lumos_x_541_670_dcm\lumos_x_544\lumos_x_544_2.Dcm,True,True,True,4,True,51,Female,Asian,1.605,60.0,23.291699420618976,0,1.218,1.193,1.186,1.218,1.206,1.239,1.239,0.8667,test,d:\LUMOS\processed\preprocessed_images\patient_544\AP.png,d:\LUMOS\processed\preprocessed_images\patient_544\Lateral.png
545,d:\LUMOS\lumos_x\lumos_x_541_670_dcm\lumos_x_545\lumos_x_545_1.Dcm,d:\LUMOS\lumos_x\lumos_x_541_670_dcm\lumos_x_545\lumos_x_545_2.Dcm,True,True,True,4,True,56,Female,Asian,1.59,57.0,22.54657648036074,2,0.805,0.743,0.793,0.806,0.845,0.841,0.855,-2.575,train,d:\LUMOS\processed\preprocessed_images\patient_545\AP.png,d:\LUMOS\processed\preprocessed_images\patient_545\Lateral.png
546,d:\LUMOS\lumos_x\lumos_x_541_670_dcm\lumos_x_546\lumos_x_546_1.Dcm,d:\LUMOS\lumos_x\lumos_x_541_670_dcm\lumos_x_546\lumos_x_546_2.Dcm,True,True,True,4,True,53,Female,Asian,1.63,56.0,21.0771952275208,1,0.901,0.811,0.861,0.901,0.912,0.945,0.976,-1.775,validation,d:\LUMOS\processed\preprocessed_images\patient_546\AP.png,d:\LUMOS\processed\preprocessed_images\patient_546\Lateral.png
547,d:\LUMOS\lumos_x\lumos_x_541_670_dcm\lumos_x_547\lumos_x_547_1.Dcm,d:\LUMOS\lumos_x\lumos_x_541_670_dcm\lumos_x_547\lumos_x_547_2.Dcm,True,True,True,4,True,70,Female,Asian,1.53,65.0,27.76709812465291,1,0.833,0.843,0.843,0.833,0.855,0.839,0.824,-2.3417,train,d:\LUMOS\processed\preprocessed_images\patient_547\AP.png,d:\LUMOS\processed\preprocessed_images\patient_547\Lateral.png
548,d:\LUMOS\lumos_x\lumos_x_541_670_dcm\lumos_x_548\lumos_x_548_1.Dcm,d:\LUMOS\lumos_x\lumos_x_541_670_dcm\lumos_x_548\lumos_x_548_2.Dcm,True,True,True,4,True,84,Female,Asian,1.47,67.0,31.005599518719052,0,1.142,1.147,1.154,1.142,1.128,1.122,1.137,0.2333,train,d:\LUMOS\processed\preprocessed_images\patient_548\AP.png,d:\LUMOS\processed\preprocessed_images\patient_548\Lateral.png
549,d:\LUMOS\lumos_x\lumos_x_541_670_dcm\lumos_x_549\lumos_x_549_1.Dcm,d:\LUMOS\lumos_x\lumos_x_541_670_dcm\lumos_x_549\lumos_x_549_2.Dcm,True,True,True,4,True,74,Female,Asian,1.45,49.0,23.30558858501784,2,0.779,0.761,0.791,0.779,0.815,0.789,0.794,-2.7917,validation,d:\LUMOS\processed\preprocessed_images\patient_549\AP.png,d:\LUMOS\processed\preprocessed_images\patient_549\Lateral.png
550,d:\LUMOS\lumos_x\lumos_x_541_670_dcm\lumos_x_550\lumos_x_550_1.Dcm,d:\LUMOS\lumos_x\lumos_x_541_670_dcm\lumos_x_550\lumos_x_550_2.Dcm,True,True,True,4,True,63,Female,Asian,1.52,36.0,15.581717451523543,2,0.735,0.7,0.72,0.735,0.737,0.749,0.762,-3.1583,test,d:\LUMOS\processed\preprocessed_images\patient_550\AP.png,d:\LUMOS\processed\preprocessed_images\patient_550\Lateral.png
551,d:\LUMOS\lumos_x\lumos_x_541_670_dcm\lumos_x_551\lumos_x_551_1.Dcm,d:\LUMOS\lumos_x\lumos_x_541_670_dcm\lumos_x_551\lumos_x_551_2.Dcm,True,True,True,4,True,66,Male,Asian,1.65,54.0,19.83471074380165,1,0.964817320703654,0.928,0.974,0.965,0.999,0.978,0.995,-1.2432,train,d:\LUMOS\processed\preprocessed_images\patient_551\AP.png,d:\LUMOS\processed\preprocessed_images\patient_551\Lateral.png
552,d:\LUMOS\lumos_x\lumos_x_541_670_dcm\lumos_x_552\lumos_x_552_1.Dcm,d:\LUMOS\lumos_x\lumos_x_541_670_dcm\lumos_x_552\lumos_x_552_2.Dcm,True,True,True,4,True,42,Male,Asian,1.76,67.0,21.62964876033058,0,1.123,1.071,1.112,1.123,1.139,1.142,1.163,0.075,validation,d:\LUMOS\processed\preprocessed_images\patient_552\AP.png,d:\LUMOS\processed\preprocessed_images\patient_552\Lateral.png
553,d:\LUMOS\lumos_x\lumos_x_541_670_dcm\lumos_x_553\lumos_x_553_1.Dcm,d:\LUMOS\lumos_x\lumos_x_541_670_dcm\lumos_x_553\lumos_x_553_2.Dcm,True,True,True,4,True,73,Female,Asian,1.47,54.0,24.989587671803417,1,0.881,0.854,0.84,0.881,0.8,0.869,0.904,-1.9417,validation,d:\LUMOS\processed\preprocessed_images\patient_553\AP.png,d:\LUMOS\processed\preprocessed_images\patient_553\Lateral.png
554,d:\LUMOS\lumos_x\lumos_x_541_670_dcm\lumos_x_554\lumos_x_554_1.Dcm,d:\LUMOS\lumos_x\lumos_x_541_670_dcm\lumos_x_554\lumos_x_554_2.Dcm,True,True,True,4,True,80,Female,Asian,1.4,45.0,22.95918367346939,2,0.74,0.704,0.723,0.741,0.717,0.741,0.773,-3.1167,train,d:\LUMOS\processed\preprocessed_images\patient_554\AP.png,d:\LUMOS\processed\preprocessed_images\patient_554\Lateral.png
555,d:\LUMOS\lumos_x\lumos_x_541_670_dcm\lumos_x_555\lumos_x_555_1.Dcm,d:\LUMOS\lumos_x\lumos_x_541_670_dcm\lumos_x_555\lumos_x_555_2.Dcm,True,True,True,4,True,69,Female,Asian,1.57,52.0,21.096190514828187,1,0.897,0.847,0.872,0.897,0.906,0.925,0.938,-1.8083,test,d:\LUMOS\processed\preprocessed_images\patient_555\AP.png,d:\LUMOS\processed\preprocessed_images\patient_555\Lateral.png
556,d:\LUMOS\lumos_x\lumos_x_541_670_dcm\lumos_x_556\lumos_x_556_1.Dcm,d:\LUMOS\lumos_x\lumos_x_541_670_dcm\lumos_x_556\lumos_x_556_2.Dcm,True,True,True,4,True,90,Female,Asian,1.42,48.0,23.804800634794685,0,1.21,1.089,1.146,1.21,1.159,1.237,1.31,0.8,train,d:\LUMOS\processed\preprocessed_images\patient_556\AP.png,d:\LUMOS\processed\preprocessed_images\patient_556\Lateral.png
557,d:\LUMOS\lumos_x\lumos_x_541_670_dcm\lumos_x_557\lumos_x_557_1.Dcm,d:\LUMOS\lumos_x\lumos_x_541_670_dcm\lumos_x_557\lumos_x_557_2.Dcm,True,True,True,4,True,60,Female,Asian,1.5,68.0,30.22222222222222,0,1.159,1.096,1.156,1.159,1.252,1.222,1.218,0.375,train,d:\LUMOS\processed\preprocessed_images\patient_557\AP.png,d:\LUMOS\processed\preprocessed_images\patient_557\Lateral.png
558,d:\LUMOS\lumos_x\lumos_x_541_670_dcm\lumos_x_558\lumos_x_558_1.Dcm,d:\LUMOS\lumos_x\lumos_x_541_670_dcm\lumos_x_558\lumos_x_558_2.Dcm,True,True,True,4,True,70,Female,Asian,1.445,55.0,26.34068078686797,1,0.815,0.742,0.787,0.815,0.838,0.854,0.871,-2.4917,train,d:\LUMOS\processed\preprocessed_images\patient_558\AP.png,d:\LUMOS\processed\preprocessed_images\patient_558\Lateral.png
559,d:\LUMOS\lumos_x\lumos_x_541_670_dcm\lumos_x_559\lumos_x_559_1.Dcm,d:\LUMOS\lumos_x\lumos_x_541_670_dcm\lumos_x_559\lumos_x_559_2.Dcm,True,True,True,4,True,62,Female,Asian,1.57,39.0,15.82214288612114,2,0.76,0.684,0.745,0.76,0.79,0.793,0.819,-2.95,validation,d:\LUMOS\processed\preprocessed_images\patient_559\AP.png,d:\LUMOS\processed\preprocessed_images\patient_559\Lateral.png
560,d:\LUMOS\lumos_x\lumos_x_541_670_dcm\lumos_x_560\lumos_x_560_1.Dcm,d:\LUMOS\lumos_x\lumos_x_541_670_dcm\lumos_x_560\lumos_x_560_2.Dcm,True,True,True,4,True,88,Female,Asian,1.48,40.0,18.26150474799124,2,0.597,0.568,0.563,0.597,0.529,0.584,0.619,-4.3083,validation,d:\LUMOS\processed\preprocessed_images\patient_560\AP.png,d:\LUMOS\processed\preprocessed_images\patient_560\Lateral.png
561,d:\LUMOS\lumos_x\lumos_x_541_670_dcm\lumos_x_561\lumos_x_561_1.Dcm,d:\LUMOS\lumos_x\lumos_x_541_670_dcm\lumos_x_561\lumos_x_561_2.Dcm,True,True,True,4,True,69,Female,Asian,1.63,54.0,20.32443825510934,1,0.921,0.662,0.817,0.921,0.88,0.987,1.121,-1.6083,test,d:\LUMOS\processed\preprocessed_images\patient_561\AP.png,d:\LUMOS\processed\preprocessed_images\patient_561\Lateral.png
562,d:\LUMOS\lumos_x\lumos_x_541_670_dcm\lumos_x_562\lumos_x_562_1.Dcm,d:\LUMOS\lumos_x\lumos_x_541_670_dcm\lumos_x_562\lumos_x_562_2.Dcm,True,True,True,4,True,56,Female,Asian,1.5,55.0,24.444444444444443,2,0.752,0.648,0.713,0.752,0.747,0.783,0.832,-3.0167,test,d:\LUMOS\processed\preprocessed_images\patient_562\AP.png,d:\LUMOS\processed\preprocessed_images\patient_562\Lateral.png
563,d:\LUMOS\lumos_x\lumos_x_541_670_dcm\lumos_x_563\lumos_x_563_1.Dcm,d:\LUMOS\lumos_x\lumos_x_541_670_dcm\lumos_x_563\lumos_x_563_2.Dcm,True,True,True,4,True,78,Female,Asian,1.55,52.0,21.64412070759625,2,0.795,0.672,0.725,0.795,0.758,0.835,0.9,-2.6583,train,d:\LUMOS\processed\preprocessed_images\patient_563\AP.png,d:\LUMOS\processed\preprocessed_images\patient_563\Lateral.png
564,d:\LUMOS\lumos_x\lumos_x_541_670_dcm\lumos_x_564\lumos_x_564_1.Dcm,d:\LUMOS\lumos_x\lumos_x_541_670_dcm\lumos_x_564\lumos_x_564_2.Dcm,True,True,True,4,True,85,Female,Asian,1.6,58.0,22.65625,0,1.168,1.128,1.122,1.168,1.112,1.172,1.198,0.45,test,d:\LUMOS\processed\preprocessed_images\patient_564\AP.png,d:\LUMOS\processed\preprocessed_images\patient_564\Lateral.png
565,d:\LUMOS\lumos_x\lumos_x_541_670_dcm\lumos_x_565\lumos_x_565_1.Dcm,d:\LUMOS\lumos_x\lumos_x_541_670_dcm\lumos_x_565\lumos_x_565_2.Dcm,True,True,True,4,True,83,Female,Asian,1.5,56.0,24.88888888888889,1,0.849,0.723,0.758,0.849,0.791,0.892,0.945,-2.2083,test,d:\LUMOS\processed\preprocessed_images\patient_565\AP.png,d:\LUMOS\processed\preprocessed_images\patient_565\Lateral.png
566,d:\LUMOS\lumos_x\lumos_x_541_670_dcm\lumos_x_566\lumos_x_566_1.Dcm,d:\LUMOS\lumos_x\lumos_x_541_670_dcm\lumos_x_566\lumos_x_566_2.Dcm,True,True,True,4,True,87,Male,Asian,1.65,50.0,18.36547291092746,0,1.178,1.176,1.202,1.181,1.21,1.178,1.186,0.5333,train,d:\LUMOS\processed\preprocessed_images\patient_566\AP.png,d:\LUMOS\processed\preprocessed_images\patient_566\Lateral.png
567,d:\LUMOS\lumos_x\lumos_x_541_670_dcm\lumos_x_567\lumos_x_567_1.Dcm,d:\LUMOS\lumos_x\lumos_x_541_670_dcm\lumos_x_567\lumos_x_567_2.Dcm,True,True,True,4,True,67,Male,Asian,1.58,60.0,24.03460983816696,0,1.277,1.103,1.184,1.278,1.214,1.325,1.435,1.3583,train,d:\LUMOS\processed\preprocessed_images\patient_567\AP.png,d:\LUMOS\processed\preprocessed_images\patient_567\Lateral.png
568,d:\LUMOS\lumos_x\lumos_x_541_670_dcm\lumos_x_568\lumos_x_568_1.Dcm,d:\LUMOS\lumos_x\lumos_x_541_670_dcm\lumos_x_568\lumos_x_568_2.Dcm,True,True,True,4,True,69,Female,Asian,1.48,46.0,21.00073046018992,2,0.788,0.73,0.755,0.788,0.777,0.811,0.835,-2.7167,validation,d:\LUMOS\processed\preprocessed_images\patient_568\AP.png,d:\LUMOS\processed\preprocessed_images\patient_568\Lateral.png
569,d:\LUMOS\lumos_x\lumos_x_541_670_dcm\lumos_x_569\lumos_x_569_1.Dcm,d:\LUMOS\lumos_x\lumos_x_541_670_dcm\lumos_x_569\lumos_x_569_2.Dcm,True,True,True,4,True,79,Male,Asian,1.63,33.0,12.42049004478904,1,0.852728468113083,0.829,0.843,0.854,0.861,0.868,0.871,-2.1773,train,d:\LUMOS\processed\preprocessed_images\patient_569\AP.png,d:\LUMOS\processed\preprocessed_images\patient_569\Lateral.png
570,d:\LUMOS\lumos_x\lumos_x_541_670_dcm\lumos_x_570\lumos_x_570_1.Dcm,d:\LUMOS\lumos_x\lumos_x_541_670_dcm\lumos_x_570\lumos_x_570_2.Dcm,True,True,True,4,True,60,Female,Asian,1.65,66.0,24.24242424242425,1,0.94,0.903,0.926,0.94,0.935,0.95,0.97,-1.45,train,d:\LUMOS\processed\preprocessed_images\patient_570\AP.png,d:\LUMOS\processed\preprocessed_images\patient_570\Lateral.png
571,d:\LUMOS\lumos_x\lumos_x_541_670_dcm\lumos_x_571\lumos_x_571_1.Dcm,d:\LUMOS\lumos_x\lumos_x_541_670_dcm\lumos_x_571\lumos_x_571_2.Dcm,True,True,True,4,True,67,Female,Asian,1.55,70.0,29.1363163371488,1,0.936,0.829,0.894,0.936,0.947,0.982,1.028,-1.4833,train,d:\LUMOS\processed\preprocessed_images\patient_571\AP.png,d:\LUMOS\processed\preprocessed_images\patient_571\Lateral.png
572,d:\LUMOS\lumos_x\lumos_x_541_670_dcm\lumos_x_572\lumos_x_572_1.Dcm,d:\LUMOS\lumos_x\lumos_x_541_670_dcm\lumos_x_572\lumos_x_572_2.Dcm,True,True,True,4,True,56,Female,Asian,1.62,60.0,22.86236854138088,1,0.986,0.957,0.974,0.986,0.99,1.0,1.011,-1.0667,train,d:\LUMOS\processed\preprocessed_images\patient_572\AP.png,d:\LUMOS\processed\preprocessed_images\patient_572\Lateral.png
573,d:\LUMOS\lumos_x\lumos_x_541_670_dcm\lumos_x_573\lumos_x_573_1.Dcm,d:\LUMOS\lumos_x\lumos_x_541_670_dcm\lumos_x_573\lumos_x_573_2.Dcm,True,True,True,4,True,59,Female,Asian,1.56,45.0,18.49112426035503,2,0.64,0.602,0.615,0.64,0.631,0.656,0.669,-3.95,train,d:\LUMOS\processed\preprocessed_images\patient_573\AP.png,d:\LUMOS\processed\preprocessed_images\patient_573\Lateral.png
574,d:\LUMOS\lumos_x\lumos_x_541_670_dcm\lumos_x_574\lumos_x_574_1.Dcm,d:\LUMOS\lumos_x\lumos_x_541_670_dcm\lumos_x_574\lumos_x_574_2.Dcm,True,True,True,4,True,53,Female,Asian,1.48,46.0,21.00073046018992,1,0.842,0.758,0.815,0.842,0.858,0.876,0.91,-2.2667,train,d:\LUMOS\processed\preprocessed_images\patient_574\AP.png,d:\LUMOS\processed\preprocessed_images\patient_574\Lateral.png
575,d:\LUMOS\lumos_x\lumos_x_541_670_dcm\lumos_x_575\lumos_x_575_1.Dcm,d:\LUMOS\lumos_x\lumos_x_541_670_dcm\lumos_x_575\lumos_x_575_2.Dcm,True,True,True,4,True,30,Female,Asian,1.51,48.0,21.05170825840972,1,0.881,0.913,0.959,0.977,0.993,1.004,1.028,-1.9417,train,d:\LUMOS\processed\preprocessed_images\patient_575\AP.png,d:\LUMOS\processed\preprocessed_images\patient_575\Lateral.png
576,d:\LUMOS\lumos_x\lumos_x_541_670_dcm\lumos_x_576\lumos_x_576_1.Dcm,d:\LUMOS\lumos_x\lumos_x_541_670_dcm\lumos_x_576\lumos_x_576_2.Dcm,True,True,True,4,True,68,Female,Asian,1.59,61.0,24.128792373719392,2,0.617,0.615,0.6,0.617,0.59,0.615,0.619,-4.1417,train,d:\LUMOS\processed\preprocessed_images\patient_576\AP.png,d:\LUMOS\processed\preprocessed_images\patient_576\Lateral.png
577,d:\LUMOS\lumos_x\lumos_x_541_670_dcm\lumos_x_577\lumos_x_577_1.Dcm,d:\LUMOS\lumos_x\lumos_x_541_670_dcm\lumos_x_577\lumos_x_577_2.Dcm,True,True,True,4,True,70,Female,Asian,1.65,60.0,22.03856749311295,1,0.839,0.767,0.823,0.839,0.862,0.867,0.894,-2.2917,train,d:\LUMOS\processed\preprocessed_images\patient_577\AP.png,d:\LUMOS\processed\preprocessed_images\patient_577\Lateral.png
578,d:\LUMOS\lumos_x\lumos_x_541_670_dcm\lumos_x_578\lumos_x_578_1.Dcm,d:\LUMOS\lumos_x\lumos_x_541_670_dcm\lumos_x_578\lumos_x_578_2.Dcm,True,True,True,4,True,81,Female,Asian,1.58,52.0,20.82999519307803,2,0.77,0.761,0.757,0.77,0.757,0.774,0.777,-2.8667,validation,d:\LUMOS\processed\preprocessed_images\patient_578\AP.png,d:\LUMOS\processed\preprocessed_images\patient_578\Lateral.png
579,d:\LUMOS\lumos_x\lumos_x_541_670_dcm\lumos_x_579\lumos_x_579_1.Dcm,d:\LUMOS\lumos_x\lumos_x_541_670_dcm\lumos_x_579\lumos_x_579_2.Dcm,True,True,True,4,True,57,Female,Asian,1.59,64.0,25.315454293738377,1,0.895,0.852,0.881,0.895,0.892,0.906,0.931,-1.825,train,d:\LUMOS\processed\preprocessed_images\patient_579\AP.png,d:\LUMOS\processed\preprocessed_images\patient_579\Lateral.png
580,d:\LUMOS\lumos_x\lumos_x_541_670_dcm\lumos_x_580\lumos_x_580_1.Dcm,d:\LUMOS\lumos_x\lumos_x_541_670_dcm\lumos_x_580\lumos_x_580_2.Dcm,True,True,True,4,True,60,Female,Asian,1.515,62.0,27.012602250324043,0,1.095,1.061,1.089,1.095,1.121,1.119,1.131,-0.1583,train,d:\LUMOS\processed\preprocessed_images\patient_580\AP.png,d:\LUMOS\processed\preprocessed_images\patient_580\Lateral.png
581,d:\LUMOS\lumos_x\lumos_x_541_670_dcm\lumos_x_581\lumos_x_581_1.Dcm,d:\LUMOS\lumos_x\lumos_x_541_670_dcm\lumos_x_581\lumos_x_581_2.Dcm,True,True,True,4,True,76,Female,Asian,1.52,68.0,29.43213296398892,2,0.747,0.749,0.746,0.747,0.708,0.724,0.745,-3.0583,train,d:\LUMOS\processed\preprocessed_images\patient_581\AP.png,d:\LUMOS\processed\preprocessed_images\patient_581\Lateral.png
582,d:\LUMOS\lumos_x\lumos_x_541_670_dcm\lumos_x_582\lumos_x_582_1.Dcm,d:\LUMOS\lumos_x\lumos_x_541_670_dcm\lumos_x_582\lumos_x_582_2.Dcm,True,True,True,4,True,60,Female,Asian,1.5,46.0,20.444444444444443,1,0.974,0.922,0.95,0.974,0.97,0.995,1.018,-1.1667,train,d:\LUMOS\processed\preprocessed_images\patient_582\AP.png,d:\LUMOS\processed\preprocessed_images\patient_582\Lateral.png
583,d:\LUMOS\lumos_x\lumos_x_541_670_dcm\lumos_x_583\lumos_x_583_1.Dcm,d:\LUMOS\lumos_x\lumos_x_541_670_dcm\lumos_x_583\lumos_x_583_2.Dcm,True,True,True,4,True,65,Female,Asian,1.55,55.0,22.892819979188346,1,0.92,0.919,0.923,0.92,0.937,0.928,0.921,-1.6167,train,d:\LUMOS\processed\preprocessed_images\patient_583\AP.png,d:\LUMOS\processed\preprocessed_images\patient_583\Lateral.png
584,d:\LUMOS\lumos_x\lumos_x_541_670_dcm\lumos_x_584\lumos_x_584_1.Dcm,d:\LUMOS\lumos_x\lumos_x_541_670_dcm\lumos_x_584\lumos_x_584_2.Dcm,True,True,True,4,True,60,Female,Asian,1.53,57.0,24.34960912469563,2,0.778,0.719,0.763,0.778,0.788,0.797,0.829,-2.8,train,d:\LUMOS\processed\preprocessed_images\patient_584\AP.png,d:\LUMOS\processed\preprocessed_images\patient_584\Lateral.png
585,d:\LUMOS\lumos_x\lumos_x_541_670_dcm\lumos_x_585\lumos_x_585_1.Dcm,d:\LUMOS\lumos_x\lumos_x_541_670_dcm\lumos_x_585\lumos_x_585_2.Dcm,True,True,True,4,True,34,Female,Asian,1.675,57.0,20.316328803742483,0,1.063,0.974,1.023,1.063,1.038,1.083,1.137,-0.425,train,d:\LUMOS\processed\preprocessed_images\patient_585\AP.png,d:\LUMOS\processed\preprocessed_images\patient_585\Lateral.png
586,d:\LUMOS\lumos_x\lumos_x_541_670_dcm\lumos_x_586\lumos_x_586_1.Dcm,d:\LUMOS\lumos_x\lumos_x_541_670_dcm\lumos_x_586\lumos_x_586_2.Dcm,True,True,True,4,True,58,Female,Asian,1.5,48.0,21.33333333333333,1,0.829759068043421,0.765,0.796,0.83,0.808,0.847,0.882,-2.3687,train,d:\LUMOS\processed\preprocessed_images\patient_586\AP.png,d:\LUMOS\processed\preprocessed_images\patient_586\Lateral.png
587,d:\LUMOS\lumos_x\lumos_x_541_670_dcm\lumos_x_587\lumos_x_587_1.Dcm,d:\LUMOS\lumos_x\lumos_x_541_670_dcm\lumos_x_587\lumos_x_587_2.Dcm,True,True,True,4,True,64,Male,Asian,1.65,47.0,17.263544536271812,0,1.127,1.086,1.112,1.127,1.144,1.151,1.159,0.1083,train,d:\LUMOS\processed\preprocessed_images\patient_587\AP.png,d:\LUMOS\processed\preprocessed_images\patient_587\Lateral.png
588,d:\LUMOS\lumos_x\lumos_x_541_670_dcm\lumos_x_588\lumos_x_588_1.Dcm,d:\LUMOS\lumos_x\lumos_x_541_670_dcm\lumos_x_588\lumos_x_588_2.Dcm,True,True,True,4,True,72,Female,Asian,1.51,56.0,24.560326301478007,1,0.857,0.701,0.756,0.857,0.808,0.917,0.978,-2.1417,train,d:\LUMOS\processed\preprocessed_images\patient_588\AP.png,d:\LUMOS\processed\preprocessed_images\patient_588\Lateral.png
589,d:\LUMOS\lumos_x\lumos_x_541_670_dcm\lumos_x_589\lumos_x_589_1.Dcm,d:\LUMOS\lumos_x\lumos_x_541_670_dcm\lumos_x_589\lumos_x_589_2.Dcm,True,True,True,4,True,14,Female,Asian,1.67,48.0,17.21108680841909,1,0.976,0.928,0.951,0.976,0.972,0.997,1.016,-1.15,train,d:\LUMOS\processed\preprocessed_images\patient_589\AP.png,d:\LUMOS\processed\preprocessed_images\patient_589\Lateral.png
590,d:\LUMOS\lumos_x\lumos_x_541_670_dcm\lumos_x_590\lumos_x_590_1.Dcm,d:\LUMOS\lumos_x\lumos_x_541_670_dcm\lumos_x_590\lumos_x_590_2.Dcm,True,True,True,4,True,50,Female,Asian,1.69,60.0,21.007667798746542,0,1.143,1.089,1.157,1.143,1.198,1.165,1.185,0.2417,validation,d:\LUMOS\processed\preprocessed_images\patient_590\AP.png,d:\LUMOS\processed\preprocessed_images\patient_590\Lateral.png
591,d:\LUMOS\lumos_x\lumos_x_541_670_dcm\lumos_x_591\lumos_x_591_1.Dcm,d:\LUMOS\lumos_x\lumos_x_541_670_dcm\lumos_x_591\lumos_x_591_2.Dcm,True,True,True,4,True,57,Female,Asian,1.62,95.0,36.19875019051973,0,1.298,1.161,1.235,1.298,1.273,1.338,1.408,1.5333,train,d:\LUMOS\processed\preprocessed_images\patient_591\AP.png,d:\LUMOS\processed\preprocessed_images\patient_591\Lateral.png
592,d:\LUMOS\lumos_x\lumos_x_541_670_dcm\lumos_x_592\lumos_x_592_1.Dcm,d:\LUMOS\lumos_x\lumos_x_541_670_dcm\lumos_x_592\lumos_x_592_2.Dcm,True,True,True,4,True,75,Female,Asian,1.48,54.0,24.653031409788166,1,0.937566816335258,0.85,0.899,0.939,0.922,0.966,1.013,-1.4703,train,d:\LUMOS\processed\preprocessed_images\patient_592\AP.png,d:\LUMOS\processed\preprocessed_images\patient_592\Lateral.png
593,d:\LUMOS\lumos_x\lumos_x_541_670_dcm\lumos_x_593\lumos_x_593_1.Dcm,d:\LUMOS\lumos_x\lumos_x_541_670_dcm\lumos_x_593\lumos_x_593_2.Dcm,True,True,True,4,True,64,Female,Asian,1.58,60.0,24.03460983816696,1,0.891211401425178,0.901,0.866,0.891,0.867,0.9,0.883,-1.8566,train,d:\LUMOS\processed\preprocessed_images\patient_593\AP.png,d:\LUMOS\processed\preprocessed_images\patient_593\Lateral.png
594,d:\LUMOS\lumos_x\lumos_x_541_670_dcm\lumos_x_594\lumos_x_594_1.Dcm,d:\LUMOS\lumos_x\lumos_x_541_670_dcm\lumos_x_594\lumos_x_594_2.Dcm,True,True,True,4,True,57,Female,Asian,1.58,54.0,21.63114885435026,0,1.299,1.211,1.266,1.299,1.298,1.328,1.372,1.5417,train,d:\LUMOS\processed\preprocessed_images\patient_594\AP.png,d:\LUMOS\processed\preprocessed_images\patient_594\Lateral.png
595,d:\LUMOS\lumos_x\lumos_x_541_670_dcm\lumos_x_595\lumos_x_595_1.Dcm,d:\LUMOS\lumos_x\lumos_x_541_670_dcm\lumos_x_595\lumos_x_595_2.Dcm,True,True,True,4,True,76,Female,Asian,1.47,62.0,28.691748808366885,1,0.977,0.912,0.955,0.977,0.951,0.98,1.034,-1.1417,train,d:\LUMOS\processed\preprocessed_images\patient_595\AP.png,d:\LUMOS\processed\preprocessed_images\patient_595\Lateral.png
596,d:\LUMOS\lumos_x\lumos_x_541_670_dcm\lumos_x_596\lumos_x_596_1.Dcm,d:\LUMOS\lumos_x\lumos_x_541_670_dcm\lumos_x_596\lumos_x_596_2.Dcm,True,True,True,4,True,57,Female,Asian,1.54,64.0,26.98600101197504,1,0.984,0.943,0.972,0.984,1.012,1.012,1.017,-1.0833,train,d:\LUMOS\processed\preprocessed_images\patient_596\AP.png,d:\LUMOS\processed\preprocessed_images\patient_596\Lateral.png
597,d:\LUMOS\lumos_x\lumos_x_541_670_dcm\lumos_x_597\lumos_x_597_1.Dcm,d:\LUMOS\lumos_x\lumos_x_541_670_dcm\lumos_x_597\lumos_x_597_2.Dcm,True,True,True,4,True,65,Female,Asian,1.58,51.0,20.429418362441915,2,0.799,0.751,0.774,0.799,0.81,0.829,0.838,-2.625,train,d:\LUMOS\processed\preprocessed_images\patient_597\AP.png,d:\LUMOS\processed\preprocessed_images\patient_597\Lateral.png
598,d:\LUMOS\lumos_x\lumos_x_541_670_dcm\lumos_x_598\lumos_x_598_1.Dcm,d:\LUMOS\lumos_x\lumos_x_541_670_dcm\lumos_x_598\lumos_x_598_2.Dcm,True,True,True,4,True,74,Female,Asian,1.55,59.0,24.55775234131113,1,0.954,0.931,0.93,0.954,0.928,0.96,0.972,-1.3333,validation,d:\LUMOS\processed\preprocessed_images\patient_598\AP.png,d:\LUMOS\processed\preprocessed_images\patient_598\Lateral.png
599,d:\LUMOS\lumos_x\lumos_x_541_670_dcm\lumos_x_599\lumos_x_599_1.Dcm,d:\LUMOS\lumos_x\lumos_x_541_670_dcm\lumos_x_599\lumos_x_599_2.Dcm,True,True,True,4,True,62,Female,Asian,1.58,55.0,22.031725684986377,1,0.97,0.935,0.979,0.97,1.043,1.008,1.001,-1.2,train,d:\LUMOS\processed\preprocessed_images\patient_599\AP.png,d:\LUMOS\processed\preprocessed_images\patient_599\Lateral.png
601,d:\LUMOS\lumos_x\lumos_x_541_670_dcm\lumos_x_601\lumos_x_601_1.Dcm,d:\LUMOS\lumos_x\lumos_x_541_670_dcm\lumos_x_601\lumos_x_601_2.Dcm,True,True,True,4,True,83,Female,Asian,1.57,51.0,20.690494543389185,1,0.983,0.818,0.886,0.983,0.922,1.035,1.125,-1.0917,validation,d:\LUMOS\processed\preprocessed_images\patient_601\AP.png,d:\LUMOS\processed\preprocessed_images\patient_601\Lateral.png
602,d:\LUMOS\lumos_x\lumos_x_541_670_dcm\lumos_x_602\lumos_x_602_1.Dcm,d:\LUMOS\lumos_x\lumos_x_541_670_dcm\lumos_x_602\lumos_x_602_2.Dcm,True,True,True,4,True,49,Female,Asian,1.57,55.0,22.3132784291452,0,1.26,1.18,1.227,1.26,1.251,1.285,1.326,1.2167,train,d:\LUMOS\processed\preprocessed_images\patient_602\AP.png,d:\LUMOS\processed\preprocessed_images\patient_602\Lateral.png
603,d:\LUMOS\lumos_x\lumos_x_541_670_dcm\lumos_x_603\lumos_x_603_1.Dcm,d:\LUMOS\lumos_x\lumos_x_541_670_dcm\lumos_x_603\lumos_x_603_2.Dcm,True,True,True,4,True,63,Female,Asian,1.5,64.0,28.444444444444443,1,0.949592449592449,0.83,0.89,0.95,0.934,0.995,1.049,-1.3701,train,d:\LUMOS\processed\preprocessed_images\patient_603\AP.png,d:\LUMOS\processed\preprocessed_images\patient_603\Lateral.png
604,d:\LUMOS\lumos_x\lumos_x_541_670_dcm\lumos_x_604\lumos_x_604_1.Dcm,d:\LUMOS\lumos_x\lumos_x_541_670_dcm\lumos_x_604\lumos_x_604_2.Dcm,True,True,True,4,True,74,Female,Asian,1.58,60.0,24.03460983816696,1,0.846,0.806,0.825,0.846,0.838,0.86,0.877,-2.2333,train,d:\LUMOS\processed\preprocessed_images\patient_604\AP.png,d:\LUMOS\processed\preprocessed_images\patient_604\Lateral.png
605,d:\LUMOS\lumos_x\lumos_x_541_670_dcm\lumos_x_605\lumos_x_605_1.Dcm,d:\LUMOS\lumos_x\lumos_x_541_670_dcm\lumos_x_605\lumos_x_605_2.Dcm,True,True,True,4,True,63,Female,Asian,1.5,81.0,36.0,1,0.974,0.921,0.936,0.974,0.951,0.992,1.011,-1.1667,validation,d:\LUMOS\processed\preprocessed_images\patient_605\AP.png,d:\LUMOS\processed\preprocessed_images\patient_605\Lateral.png
606,d:\LUMOS\lumos_x\lumos_x_541_670_dcm\lumos_x_606\lumos_x_606_1.Dcm,d:\LUMOS\lumos_x\lumos_x_541_670_dcm\lumos_x_606\lumos_x_606_2.Dcm,True,True,True,4,True,56,Male,Asian,1.77,86.0,27.4506048708864,0,1.362,1.328,1.342,1.362,1.359,1.378,1.39,2.0667,train,d:\LUMOS\processed\preprocessed_images\patient_606\AP.png,d:\LUMOS\processed\preprocessed_images\patient_606\Lateral.png
607,d:\LUMOS\lumos_x\lumos_x_541_670_dcm\lumos_x_607\lumos_x_607_1.Dcm,d:\LUMOS\lumos_x\lumos_x_541_670_dcm\lumos_x_607\lumos_x_607_2.Dcm,True,True,True,4,True,64,Female,Asian,1.56,63.0,25.88757396449704,0,1.051,0.99,1.045,1.051,1.073,1.07,1.098,-0.525,train,d:\LUMOS\processed\preprocessed_images\patient_607\AP.png,d:\LUMOS\processed\preprocessed_images\patient_607\Lateral.png
608,d:\LUMOS\lumos_x\lumos_x_541_670_dcm\lumos_x_608\lumos_x_608_1.Dcm,d:\LUMOS\lumos_x\lumos_x_541_670_dcm\lumos_x_608\lumos_x_608_2.Dcm,True,True,True,4,True,63,Male,Asian,1.64,53.0,19.705532421177875,1,0.921,0.846,0.9,0.921,0.93,0.946,0.982,-1.6083,train,d:\LUMOS\processed\preprocessed_images\patient_608\AP.png,d:\LUMOS\processed\preprocessed_images\patient_608\Lateral.png
609,d:\LUMOS\lumos_x\lumos_x_541_670_dcm\lumos_x_609\lumos_x_609_1.Dcm,d:\LUMOS\lumos_x\lumos_x_541_670_dcm\lumos_x_609\lumos_x_609_2.Dcm,True,True,True,4,True,58,Female,Asian,1.65,60.0,22.03856749311295,2,0.679,0.621,0.674,0.679,0.69,0.69,0.723,-3.625,train,d:\LUMOS\processed\preprocessed_images\patient_609\AP.png,d:\LUMOS\processed\preprocessed_images\patient_609\Lateral.png
610,d:\LUMOS\lumos_x\lumos_x_541_670_dcm\lumos_x_610\lumos_x_610_1.Dcm,d:\LUMOS\lumos_x\lumos_x_541_670_dcm\lumos_x_610\lumos_x_610_2.Dcm,True,True,True,4,True,63,Male,Asian,1.69,61.0,21.35779559539232,1,0.987,0.98,0.988,0.987,0.996,0.991,0.993,-1.0583,test,d:\LUMOS\processed\preprocessed_images\patient_610\AP.png,d:\LUMOS\processed\preprocessed_images\patient_610\Lateral.png
611,d:\LUMOS\lumos_x\lumos_x_541_670_dcm\lumos_x_611\lumos_x_611_1.Dcm,d:\LUMOS\lumos_x\lumos_x_541_670_dcm\lumos_x_611\lumos_x_611_2.Dcm,True,True,True,4,True,72,Female,Asian,1.48,55.0,25.10956902848795,0,1.168,1.094,1.148,1.168,1.158,1.18,1.225,0.45,train,d:\LUMOS\processed\preprocessed_images\patient_611\AP.png,d:\LUMOS\processed\preprocessed_images\patient_611\Lateral.png
612,d:\LUMOS\lumos_x\lumos_x_541_670_dcm\lumos_x_612\lumos_x_612_1.Dcm,d:\LUMOS\lumos_x\lumos_x_541_670_dcm\lumos_x_612\lumos_x_612_2.Dcm,True,True,True,4,True,82,Male,Asian,1.65,85.0,31.22130394857668,0,1.00481134464421,1.017,1.011,1.004,0.999,0.996,0.995,-0.9099,train,d:\LUMOS\processed\preprocessed_images\patient_612\AP.png,d:\LUMOS\processed\preprocessed_images\patient_612\Lateral.png
613,d:\LUMOS\lumos_x\lumos_x_541_670_dcm\lumos_x_613\lumos_x_613_1.Dcm,d:\LUMOS\lumos_x\lumos_x_541_670_dcm\lumos_x_613\lumos_x_613_2.Dcm,True,True,True,4,True,67,Female,Asian,1.55,59.0,24.55775234131113,2,0.552,0.52,0.539,0.552,0.543,0.558,0.577,-4.6833,train,d:\LUMOS\processed\preprocessed_images\patient_613\AP.png,d:\LUMOS\processed\preprocessed_images\patient_613\Lateral.png
614,d:\LUMOS\lumos_x\lumos_x_541_670_dcm\lumos_x_614\lumos_x_614_1.Dcm,d:\LUMOS\lumos_x\lumos_x_541_670_dcm\lumos_x_614\lumos_x_614_2.Dcm,True,True,True,4,True,68,Female,Asian,1.55,45.0,18.730489073881373,2,0.617,0.531,0.558,0.613,0.569,0.634,0.675,-4.1417,train,d:\LUMOS\processed\preprocessed_images\patient_614\AP.png,d:\LUMOS\processed\preprocessed_images\patient_614\Lateral.png
615,d:\LUMOS\lumos_x\lumos_x_541_670_dcm\lumos_x_615\lumos_x_615_1.Dcm,d:\LUMOS\lumos_x\lumos_x_541_670_dcm\lumos_x_615\lumos_x_615_2.Dcm,True,True,True,4,True,65,Female,Asian,1.53,60.0,25.63116749967961,2,0.681,0.66,0.669,0.682,0.674,0.689,0.7,-3.6083,train,d:\LUMOS\processed\preprocessed_images\patient_615\AP.png,d:\LUMOS\processed\preprocessed_images\patient_615\Lateral.png
616,d:\LUMOS\lumos_x\lumos_x_541_670_dcm\lumos_x_616\lumos_x_616_1.Dcm,d:\LUMOS\lumos_x\lumos_x_541_670_dcm\lumos_x_616\lumos_x_616_2.Dcm,True,True,True,4,True,68,Female,Asian,1.59,43.0,17.008820853605474,0,0.995,0.896,0.947,0.995,0.987,1.034,1.08,-0.9917,test,d:\LUMOS\processed\preprocessed_images\patient_616\AP.png,d:\LUMOS\processed\preprocessed_images\patient_616\Lateral.png
617,d:\LUMOS\lumos_x\lumos_x_541_670_dcm\lumos_x_617\lumos_x_617_1.Dcm,d:\LUMOS\lumos_x\lumos_x_541_670_dcm\lumos_x_617\lumos_x_617_2.Dcm,True,True,True,4,True,71,Male,Asian,1.63,68.0,25.59373706198954,0,1.281,1.292,1.28,1.281,1.278,1.28,1.273,1.3917,test,d:\LUMOS\processed\preprocessed_images\patient_617\AP.png,d:\LUMOS\processed\preprocessed_images\patient_617\Lateral.png
618,d:\LUMOS\lumos_x\lumos_x_541_670_dcm\lumos_x_618\lumos_x_618_1.Dcm,d:\LUMOS\lumos_x\lumos_x_541_670_dcm\lumos_x_618\lumos_x_618_2.Dcm,True,True,True,4,True,71,Female,Asian,1.51,50.0,21.928862769176792,2,0.758,0.693,0.744,0.758,0.78,0.785,0.809,-2.9667,validation,d:\LUMOS\processed\preprocessed_images\patient_618\AP.png,d:\LUMOS\processed\preprocessed_images\patient_618\Lateral.png
619,d:\LUMOS\lumos_x\lumos_x_541_670_dcm\lumos_x_619\lumos_x_619_1.Dcm,d:\LUMOS\lumos_x\lumos_x_541_670_dcm\lumos_x_619\lumos_x_619_2.Dcm,True,True,True,4,True,69,Female,Asian,1.55,69.0,28.720083246618103,0,1.234,1.199,1.227,1.234,1.225,1.234,1.261,1.0,train,d:\LUMOS\processed\preprocessed_images\patient_619\AP.png,d:\LUMOS\processed\preprocessed_images\patient_619\Lateral.png
620,d:\LUMOS\lumos_x\lumos_x_541_670_dcm\lumos_x_620\lumos_x_620_1.Dcm,d:\LUMOS\lumos_x\lumos_x_541_670_dcm\lumos_x_620\lumos_x_620_2.Dcm,True,True,True,4,True,32,Male,Asian,1.64,71.0,26.39797739440809,0,1.233,1.157,1.182,1.233,1.227,1.276,1.296,0.9917,train,d:\LUMOS\processed\preprocessed_images\patient_620\AP.png,d:\LUMOS\processed\preprocessed_images\patient_620\Lateral.png
621,d:\LUMOS\lumos_x\lumos_x_541_670_dcm\lumos_x_621\lumos_x_621_1.Dcm,d:\LUMOS\lumos_x\lumos_x_541_670_dcm\lumos_x_621\lumos_x_621_2.Dcm,True,True,True,4,True,64,Female,Asian,1.54,56.0,23.61275088547816,1,0.987,0.909,0.932,0.987,0.982,1.035,1.055,-1.0583,train,d:\LUMOS\processed\preprocessed_images\patient_621\AP.png,d:\LUMOS\processed\preprocessed_images\patient_621\Lateral.png
622,d:\LUMOS\lumos_x\lumos_x_541_670_dcm\lumos_x_622\lumos_x_622_1.Dcm,d:\LUMOS\lumos_x\lumos_x_541_670_dcm\lumos_x_622\lumos_x_622_2.Dcm,True,True,True,4,True,60,Female,Asian,1.6,55.0,21.484375,1,0.871,0.87,0.874,0.871,0.86,0.862,0.872,-2.025,train,d:\LUMOS\processed\preprocessed_images\patient_622\AP.png,d:\LUMOS\processed\preprocessed_images\patient_622\Lateral.png
623,d:\LUMOS\lumos_x\lumos_x_541_670_dcm\lumos_x_623\lumos_x_623_1.Dcm,d:\LUMOS\lumos_x\lumos_x_541_670_dcm\lumos_x_623\lumos_x_623_2.Dcm,True,True,True,4,True,61,Female,Asian,1.59,57.0,22.54657648036074,1,0.856,0.793,0.834,0.856,0.885,0.896,0.913,-2.15,test,d:\LUMOS\processed\preprocessed_images\patient_623\AP.png,d:\LUMOS\processed\preprocessed_images\patient_623\Lateral.png
624,d:\LUMOS\lumos_x\lumos_x_541_670_dcm\lumos_x_624\lumos_x_624_1.Dcm,d:\LUMOS\lumos_x\lumos_x_541_670_dcm\lumos_x_624\lumos_x_624_2.Dcm,True,True,True,4,True,51,Male,Asian,1.63,63.0,23.711844630960897,0,1.06,1.033,1.064,1.06,1.082,1.069,1.081,-0.45,train,d:\LUMOS\processed\preprocessed_images\patient_624\AP.png,d:\LUMOS\processed\preprocessed_images\patient_624\Lateral.png
625,d:\LUMOS\lumos_x\lumos_x_541_670_dcm\lumos_x_625\lumos_x_625_1.Dcm,d:\LUMOS\lumos_x\lumos_x_541_670_dcm\lumos_x_625\lumos_x_625_2.Dcm,True,True,True,4,True,58,Female,Asian,1.72,75.0,25.351541373715524,0,1.277,1.139,1.238,1.277,1.316,1.337,1.386,1.3583,train,d:\LUMOS\processed\preprocessed_images\patient_625\AP.png,d:\LUMOS\processed\preprocessed_images\patient_625\Lateral.png
626,d:\LUMOS\lumos_x\lumos_x_541_670_dcm\lumos_x_626\lumos_x_626_1.Dcm,d:\LUMOS\lumos_x\lumos_x_541_670_dcm\lumos_x_626\lumos_x_626_2.Dcm,True,True,True,4,True,57,Female,Asian,1.54,48.0,20.23950075898128,2,0.806,0.753,0.803,0.806,0.838,0.828,0.849,-2.5667,train,d:\LUMOS\processed\preprocessed_images\patient_626\AP.png,d:\LUMOS\processed\preprocessed_images\patient_626\Lateral.png
627,d:\LUMOS\lumos_x\lumos_x_541_670_dcm\lumos_x_627\lumos_x_627_1.Dcm,d:\LUMOS\lumos_x\lumos_x_541_670_dcm\lumos_x_627\lumos_x_627_2.Dcm,True,True,True,4,True,80,Female,Asian,1.55,75.0,31.217481789802285,2,0.712,0.694,0.686,0.712,0.653,0.699,0.729,-3.35,train,d:\LUMOS\processed\preprocessed_images\patient_627\AP.png,d:\LUMOS\processed\preprocessed_images\patient_627\Lateral.png
628,d:\LUMOS\lumos_x\lumos_x_541_670_dcm\lumos_x_628\lumos_x_628_1.Dcm,d:\LUMOS\lumos_x\lumos_x_541_670_dcm\lumos_x_628\lumos_x_628_2.Dcm,True,True,True,4,True,61,Male,Asian,1.7,60.0,20.761245674740486,0,1.207,1.153,1.19,1.207,1.214,1.227,1.25,0.775,train,d:\LUMOS\processed\preprocessed_images\patient_628\AP.png,d:\LUMOS\processed\preprocessed_images\patient_628\Lateral.png
629,d:\LUMOS\lumos_x\lumos_x_541_670_dcm\lumos_x_629\lumos_x_629_1.Dcm,d:\LUMOS\lumos_x\lumos_x_541_670_dcm\lumos_x_629\lumos_x_629_2.Dcm,True,True,True,4,True,67,Female,Asian,1.62,51.0,19.43301326017375,2,0.658,0.609,0.654,0.658,0.684,0.677,0.693,-3.8,train,d:\LUMOS\processed\preprocessed_images\patient_629\AP.png,d:\LUMOS\processed\preprocessed_images\patient_629\Lateral.png
630,d:\LUMOS\lumos_x\lumos_x_541_670_dcm\lumos_x_630\lumos_x_630_1.Dcm,d:\LUMOS\lumos_x\lumos_x_541_670_dcm\lumos_x_630\lumos_x_630_2.Dcm,True,True,True,4,True,53,Female,Asian,1.58,57.0,22.832879346258608,1,0.927,0.899,0.933,0.927,0.948,0.935,0.949,-1.5583,train,d:\LUMOS\processed\preprocessed_images\patient_630\AP.png,d:\LUMOS\processed\preprocessed_images\patient_630\Lateral.png
631,d:\LUMOS\lumos_x\lumos_x_541_670_dcm\lumos_x_631\lumos_x_631_1.Dcm,d:\LUMOS\lumos_x\lumos_x_541_670_dcm\lumos_x_631\lumos_x_631_2.Dcm,True,True,True,4,True,65,Female,Asian,1.55,64.0,26.638917793964616,2,0.812,0.713,0.767,0.812,0.81,0.851,0.89,-2.5167,test,d:\LUMOS\processed\preprocessed_images\patient_631\AP.png,d:\LUMOS\processed\preprocessed_images\patient_631\Lateral.png
632,d:\LUMOS\lumos_x\lumos_x_541_670_dcm\lumos_x_632\lumos_x_632_1.Dcm,d:\LUMOS\lumos_x\lumos_x_541_670_dcm\lumos_x_632\lumos_x_632_2.Dcm,True,True,True,4,True,56,Female,Asian,1.6,42.0,16.406249999999996,1,0.876,0.835,0.871,0.876,0.898,0.894,0.908,-1.9833,validation,d:\LUMOS\processed\preprocessed_images\patient_632\AP.png,d:\LUMOS\processed\preprocessed_images\patient_632\Lateral.png
633,d:\LUMOS\lumos_x\lumos_x_541_670_dcm\lumos_x_633\lumos_x_633_1.Dcm,d:\LUMOS\lumos_x\lumos_x_541_670_dcm\lumos_x_633\lumos_x_633_2.Dcm,True,True,True,4,True,67,Female,Asian,1.51,38.0,16.66593570457436,2,0.537,0.423,0.506,0.537,0.539,0.565,0.625,-4.8083,train,d:\LUMOS\processed\preprocessed_images\patient_633\AP.png,d:\LUMOS\processed\preprocessed_images\patient_633\Lateral.png
634,d:\LUMOS\lumos_x\lumos_x_541_670_dcm\lumos_x_634\lumos_x_634_1.Dcm,d:\LUMOS\lumos_x\lumos_x_541_670_dcm\lumos_x_634\lumos_x_634_2.Dcm,True,True,True,4,True,78,Female,Asian,1.44,40.0,19.290123456790123,2,0.666,0.557,0.6,0.663,0.647,0.709,0.75,-3.7333,test,d:\LUMOS\processed\preprocessed_images\patient_634\AP.png,d:\LUMOS\processed\preprocessed_images\patient_634\Lateral.png
635,d:\LUMOS\lumos_x\lumos_x_541_670_dcm\lumos_x_635\lumos_x_635_1.Dcm,d:\LUMOS\lumos_x\lumos_x_541_670_dcm\lumos_x_635\lumos_x_635_2.Dcm,True,True,True,4,True,52,Female,Asian,1.68,86.0,30.47052154195012,0,1.118,1.018,1.079,1.118,1.133,1.163,1.202,0.0333,validation,d:\LUMOS\processed\preprocessed_images\patient_635\AP.png,d:\LUMOS\processed\preprocessed_images\patient_635\Lateral.png
636,d:\LUMOS\lumos_x\lumos_x_541_670_dcm\lumos_x_636\lumos_x_636_1.Dcm,d:\LUMOS\lumos_x\lumos_x_541_670_dcm\lumos_x_636\lumos_x_636_2.Dcm,True,True,True,4,True,65,Female,Asian,1.52,59.0,25.536703601108037,0,0.995,0.968,0.99,0.995,1.007,1.008,1.017,-0.9917,train,d:\LUMOS\processed\preprocessed_images\patient_636\AP.png,d:\LUMOS\processed\preprocessed_images\patient_636\Lateral.png
637,d:\LUMOS\lumos_x\lumos_x_541_670_dcm\lumos_x_637\lumos_x_637_1.Dcm,d:\LUMOS\lumos_x\lumos_x_541_670_dcm\lumos_x_637\lumos_x_637_2.Dcm,True,True,True,4,True,80,Female,Asian,1.5,55.0,24.444444444444443,2,0.749,0.741,0.724,0.749,0.683,0.731,0.756,-3.0417,test,d:\LUMOS\processed\preprocessed_images\patient_637\AP.png,d:\LUMOS\processed\preprocessed_images\patient_637\Lateral.png
638,d:\LUMOS\lumos_x\lumos_x_541_670_dcm\lumos_x_638\lumos_x_638_1.Dcm,d:\LUMOS\lumos_x\lumos_x_541_670_dcm\lumos_x_638\lumos_x_638_2.Dcm,True,True,True,4,True,53,Female,Asian,1.53,60.0,25.63116749967961,1,0.983,0.946,0.994,0.983,1.046,1.013,1.014,-1.0917,validation,d:\LUMOS\processed\preprocessed_images\patient_638\AP.png,d:\LUMOS\processed\preprocessed_images\patient_638\Lateral.png
639,d:\LUMOS\lumos_x\lumos_x_541_670_dcm\lumos_x_639\lumos_x_639_1.Dcm,d:\LUMOS\lumos_x\lumos_x_541_670_dcm\lumos_x_639\lumos_x_639_2.Dcm,True,True,True,6,True,90,Female,Asian,1.47,56.0,25.91512795594429,1,0.952,0.984,0.955,0.952,0.923,0.932,0.927,-1.35,train,d:\LUMOS\processed\preprocessed_images\patient_639\AP.png,d:\LUMOS\processed\preprocessed_images\patient_639\Lateral.png
640,d:\LUMOS\lumos_x\lumos_x_541_670_dcm\lumos_x_640\lumos_x_640_1.Dcm,d:\LUMOS\lumos_x\lumos_x_541_670_dcm\lumos_x_640\lumos_x_640_2.Dcm,True,True,True,4,True,65,Female,Asian,1.55,60.0,24.97398543184183,1,0.897,0.854,0.891,0.897,0.905,0.907,0.932,-1.8083,train,d:\LUMOS\processed\preprocessed_images\patient_640\AP.png,d:\LUMOS\processed\preprocessed_images\patient_640\Lateral.png
641,d:\LUMOS\lumos_x\lumos_x_541_670_dcm\lumos_x_641\lumos_x_641_1.Dcm,d:\LUMOS\lumos_x\lumos_x_541_670_dcm\lumos_x_641\lumos_x_641_2.Dcm,True,True,True,4,True,56,Female,Asian,1.58,66.0,26.43807082198365,1,0.878,0.851,0.861,0.878,0.889,0.902,0.902,-1.9667,train,d:\LUMOS\processed\preprocessed_images\patient_641\AP.png,d:\LUMOS\processed\preprocessed_images\patient_641\Lateral.png
642,d:\LUMOS\lumos_x\lumos_x_541_670_dcm\lumos_x_642\lumos_x_642_1.Dcm,d:\LUMOS\lumos_x\lumos_x_541_670_dcm\lumos_x_642\lumos_x_642_2.Dcm,True,True,True,4,True,76,Female,Asian,1.54,48.0,20.23950075898128,2,0.769,0.605,0.699,0.769,0.752,0.827,0.93,-2.875,validation,d:\LUMOS\processed\preprocessed_images\patient_642\AP.png,d:\LUMOS\processed\preprocessed_images\patient_642\Lateral.png
643,d:\LUMOS\lumos_x\lumos_x_541_670_dcm\lumos_x_643\lumos_x_643_1.Dcm,d:\LUMOS\lumos_x\lumos_x_541_670_dcm\lumos_x_643\lumos_x_643_2.Dcm,True,True,True,4,True,60,Female,Asian,1.56,48.0,19.72386587771203,2,0.754,0.722,0.748,0.754,0.753,0.759,0.779,-3.0,test,d:\LUMOS\processed\preprocessed_images\patient_643\AP.png,d:\LUMOS\processed\preprocessed_images\patient_643\Lateral.png
644,d:\LUMOS\lumos_x\lumos_x_541_670_dcm\lumos_x_644\lumos_x_644_1.Dcm,d:\LUMOS\lumos_x\lumos_x_541_670_dcm\lumos_x_644\lumos_x_644_2.Dcm,True,True,True,4,True,67,Female,Asian,1.48,43.0,19.631117604090576,2,0.718,0.699,0.714,0.718,0.719,0.723,0.735,-3.3,train,d:\LUMOS\processed\preprocessed_images\patient_644\AP.png,d:\LUMOS\processed\preprocessed_images\patient_644\Lateral.png
645,d:\LUMOS\lumos_x\lumos_x_541_670_dcm\lumos_x_645\lumos_x_645_1.Dcm,d:\LUMOS\lumos_x\lumos_x_541_670_dcm\lumos_x_645\lumos_x_645_2.Dcm,True,True,True,4,True,30,Male,Asian,1.7,51.0,17.647058823529413,0,1.187,1.074,1.133,1.187,1.17,1.227,1.281,0.6083,validation,d:\LUMOS\processed\preprocessed_images\patient_645\AP.png,d:\LUMOS\processed\preprocessed_images\patient_645\Lateral.png
646,d:\LUMOS\lumos_x\lumos_x_541_670_dcm\lumos_x_646\lumos_x_646_1.Dcm,d:\LUMOS\lumos_x\lumos_x_541_670_dcm\lumos_x_646\lumos_x_646_2.Dcm,True,True,True,4,True,56,Female,Asian,1.61,53.0,20.446742023841672,1,0.983,0.918,0.944,0.983,0.958,1.003,1.038,-1.0917,test,d:\LUMOS\processed\preprocessed_images\patient_646\AP.png,d:\LUMOS\processed\preprocessed_images\patient_646\Lateral.png
647,d:\LUMOS\lumos_x\lumos_x_541_670_dcm\lumos_x_647\lumos_x_647_1.Dcm,d:\LUMOS\lumos_x\lumos_x_541_670_dcm\lumos_x_647\lumos_x_647_2.Dcm,True,True,True,4,True,60,Female,Asian,1.63,50.0,18.818924310286427,0,1.031,1.01,1.027,1.031,1.062,1.054,1.048,-0.6917,train,d:\LUMOS\processed\preprocessed_images\patient_647\AP.png,d:\LUMOS\processed\preprocessed_images\patient_647\Lateral.png
648,d:\LUMOS\lumos_x\lumos_x_541_670_dcm\lumos_x_648\lumos_x_648_1.Dcm,d:\LUMOS\lumos_x\lumos_x_541_670_dcm\lumos_x_648\lumos_x_648_2.Dcm,True,True,True,4,True,57,Female,Asian,1.605,48.0,18.63335953649518,1,0.903,0.827,0.863,0.903,0.885,0.927,0.963,-1.7583,train,d:\LUMOS\processed\preprocessed_images\patient_648\AP.png,d:\LUMOS\processed\preprocessed_images\patient_648\Lateral.png
649,d:\LUMOS\lumos_x\lumos_x_541_670_dcm\lumos_x_649\lumos_x_649_1.Dcm,d:\LUMOS\lumos_x\lumos_x_541_670_dcm\lumos_x_649\lumos_x_649_2.Dcm,True,True,True,4,True,81,Male,Asian,1.68,51.0,18.069727891156464,2,0.618,0.571,0.581,0.618,0.601,0.643,0.662,-4.1333,test,d:\LUMOS\processed\preprocessed_images\patient_649\AP.png,d:\LUMOS\processed\preprocessed_images\patient_649\Lateral.png
650,d:\LUMOS\lumos_x\lumos_x_541_670_dcm\lumos_x_650\lumos_x_650_1.Dcm,d:\LUMOS\lumos_x\lumos_x_541_670_dcm\lumos_x_650\lumos_x_650_2.Dcm,True,True,True,4,True,57,Female,Asian,1.58,55.0,22.031725684986377,0,1.017,1.004,1.01,1.017,0.994,1.009,1.027,-0.8083,validation,d:\LUMOS\processed\preprocessed_images\patient_650\AP.png,d:\LUMOS\processed\preprocessed_images\patient_650\Lateral.png
651,d:\LUMOS\lumos_x\lumos_x_541_670_dcm\lumos_x_651\lumos_x_651_1.Dcm,d:\LUMOS\lumos_x\lumos_x_541_670_dcm\lumos_x_651\lumos_x_651_2.Dcm,True,True,True,4,True,73,Female,Asian,1.55,45.0,18.730489073881373,0,0.995,0.927,0.969,0.995,1.041,1.049,1.055,-0.9917,train,d:\LUMOS\processed\preprocessed_images\patient_651\AP.png,d:\LUMOS\processed\preprocessed_images\patient_651\Lateral.png
652,d:\LUMOS\lumos_x\lumos_x_541_670_dcm\lumos_x_652\lumos_x_652_1.Dcm,d:\LUMOS\lumos_x\lumos_x_541_670_dcm\lumos_x_652\lumos_x_652_2.Dcm,True,True,True,4,True,68,Female,Asian,1.53,49.0,20.932120124738347,2,0.709,0.641,0.682,0.709,0.697,0.726,0.766,-3.375,train,d:\LUMOS\processed\preprocessed_images\patient_652\AP.png,d:\LUMOS\processed\preprocessed_images\patient_652\Lateral.png
653,d:\LUMOS\lumos_x\lumos_x_541_670_dcm\lumos_x_653\lumos_x_653_1.Dcm,d:\LUMOS\lumos_x\lumos_x_541_670_dcm\lumos_x_653\lumos_x_653_2.Dcm,True,True,True,4,True,60,Female,Asian,1.66,56.0,20.322252866889244,1,0.842,0.84,0.844,0.842,0.862,0.852,0.843,-2.2667,train,d:\LUMOS\processed\preprocessed_images\patient_653\AP.png,d:\LUMOS\processed\preprocessed_images\patient_653\Lateral.png
654,d:\LUMOS\lumos_x\lumos_x_541_670_dcm\lumos_x_654\lumos_x_654_1.Dcm,d:\LUMOS\lumos_x\lumos_x_541_670_dcm\lumos_x_654\lumos_x_654_2.Dcm,True,True,True,4,True,65,Female,Asian,1.58,60.0,24.03460983816696,2,0.642,0.654,0.63,0.643,0.615,0.637,0.633,-3.9333,validation,d:\LUMOS\processed\preprocessed_images\patient_654\AP.png,d:\LUMOS\processed\preprocessed_images\patient_654\Lateral.png
655,d:\LUMOS\lumos_x\lumos_x_541_670_dcm\lumos_x_655\lumos_x_655_1.Dcm,d:\LUMOS\lumos_x\lumos_x_541_670_dcm\lumos_x_655\lumos_x_655_2.Dcm,True,True,True,4,True,58,Female,Asian,1.6,48.0,18.75,2,0.787,0.794,0.798,0.787,0.8,0.785,0.781,-2.725,train,d:\LUMOS\processed\preprocessed_images\patient_655\AP.png,d:\LUMOS\processed\preprocessed_images\patient_655\Lateral.png
656,d:\LUMOS\lumos_x\lumos_x_541_670_dcm\lumos_x_656\lumos_x_656_1.Dcm,d:\LUMOS\lumos_x\lumos_x_541_670_dcm\lumos_x_656\lumos_x_656_2.Dcm,True,True,True,4,True,33,Female,Asian,1.59,58.0,22.942130453700404,0,1.147,1.094,1.133,1.147,1.143,1.157,1.19,0.275,train,d:\LUMOS\processed\preprocessed_images\patient_656\AP.png,d:\LUMOS\processed\preprocessed_images\patient_656\Lateral.png
657,d:\LUMOS\lumos_x\lumos_x_541_670_dcm\lumos_x_657\lumos_x_657_1.Dcm,d:\LUMOS\lumos_x\lumos_x_541_670_dcm\lumos_x_657\lumos_x_657_2.Dcm,True,True,True,4,True,38,Male,Asian,1.72,70.0,23.661438615467823,0,1.109,1.06,1.098,1.109,1.137,1.136,1.148,-0.0417,test,d:\LUMOS\processed\preprocessed_images\patient_657\AP.png,d:\LUMOS\processed\preprocessed_images\patient_657\Lateral.png
658,d:\LUMOS\lumos_x\lumos_x_541_670_dcm\lumos_x_658\lumos_x_658_1.Dcm,d:\LUMOS\lumos_x\lumos_x_541_670_dcm\lumos_x_658\lumos_x_658_2.Dcm,True,True,True,4,True,53,Female,Asian,1.57,75.0,30.427197857925268,0,1.744,1.659,1.737,1.744,1.825,1.801,1.812,5.25,test,d:\LUMOS\processed\preprocessed_images\patient_658\AP.png,d:\LUMOS\processed\preprocessed_images\patient_658\Lateral.png
659,d:\LUMOS\lumos_x\lumos_x_541_670_dcm\lumos_x_659\lumos_x_659_1.Dcm,d:\LUMOS\lumos_x\lumos_x_541_670_dcm\lumos_x_659\lumos_x_659_2.Dcm,True,True,True,4,True,68,Female,Asian,1.55,45.0,18.730489073881373,1,0.816,0.752,0.804,0.816,0.81,0.823,0.87,-2.4833,validation,d:\LUMOS\processed\preprocessed_images\patient_659\AP.png,d:\LUMOS\processed\preprocessed_images\patient_659\Lateral.png
660,d:\LUMOS\lumos_x\lumos_x_541_670_dcm\lumos_x_660\lumos_x_660_1.Dcm,d:\LUMOS\lumos_x\lumos_x_541_670_dcm\lumos_x_660\lumos_x_660_2.Dcm,True,True,True,4,True,72,Female,Asian,1.5,48.0,21.33333333333333,0,1.05,0.949,1.0,1.05,1.03,1.083,1.133,-0.5333,train,d:\LUMOS\processed\preprocessed_images\patient_660\AP.png,d:\LUMOS\processed\preprocessed_images\patient_660\Lateral.png
661,d:\LUMOS\lumos_x\lumos_x_541_670_dcm\lumos_x_661\lumos_x_661_1.Dcm,d:\LUMOS\lumos_x\lumos_x_541_670_dcm\lumos_x_661\lumos_x_661_2.Dcm,True,True,True,4,True,55,Female,Asian,1.53,56.0,23.92242299970097,1,0.875,0.763,0.836,0.875,0.887,0.917,0.967,-1.9917,test,d:\LUMOS\processed\preprocessed_images\patient_661\AP.png,d:\LUMOS\processed\preprocessed_images\patient_661\Lateral.png
662,d:\LUMOS\lumos_x\lumos_x_541_670_dcm\lumos_x_662\lumos_x_662_1.Dcm,d:\LUMOS\lumos_x\lumos_x_541_670_dcm\lumos_x_662\lumos_x_662_2.Dcm,True,True,True,4,True,60,Female,Asian,1.63,60.0,22.582709172343712,0,1.056,0.992,1.056,1.056,1.083,1.073,1.105,-0.4833,train,d:\LUMOS\processed\preprocessed_images\patient_662\AP.png,d:\LUMOS\processed\preprocessed_images\patient_662\Lateral.png
663,d:\LUMOS\lumos_x\lumos_x_541_670_dcm\lumos_x_663\lumos_x_663_1.Dcm,d:\LUMOS\lumos_x\lumos_x_541_670_dcm\lumos_x_663\lumos_x_663_2.Dcm,True,True,True,4,True,63,Female,Asian,1.62,61.0,23.243408017070564,1,0.875,0.834,0.857,0.875,0.883,0.896,0.906,-1.9917,train,d:\LUMOS\processed\preprocessed_images\patient_663\AP.png,d:\LUMOS\processed\preprocessed_images\patient_663\Lateral.png
664,d:\LUMOS\lumos_x\lumos_x_541_670_dcm\lumos_x_664\lumos_x_664_1.Dcm,d:\LUMOS\lumos_x\lumos_x_541_670_dcm\lumos_x_664\lumos_x_664_2.Dcm,True,True,True,4,True,30,Male,Asian,1.79,67.0,20.91070815517618,0,1.019,0.914,0.986,1.019,1.039,1.064,1.115,-0.7917,test,d:\LUMOS\processed\preprocessed_images\patient_664\AP.png,d:\LUMOS\processed\preprocessed_images\patient_664\Lateral.png
665,d:\LUMOS\lumos_x\lumos_x_541_670_dcm\lumos_x_665\lumos_x_665_1.Dcm,d:\LUMOS\lumos_x\lumos_x_541_670_dcm\lumos_x_665\lumos_x_665_2.Dcm,True,True,True,4,True,61,Female,Asian,1.69,59.0,20.65754000210077,2,0.794,0.653,0.745,0.794,0.801,0.84,0.906,-2.6667,validation,d:\LUMOS\processed\preprocessed_images\patient_665\AP.png,d:\LUMOS\processed\preprocessed_images\patient_665\Lateral.png
666,d:\LUMOS\lumos_x\lumos_x_541_670_dcm\lumos_x_666\lumos_x_666_1.Dcm,d:\LUMOS\lumos_x\lumos_x_541_670_dcm\lumos_x_666\lumos_x_666_2.Dcm,True,True,True,4,True,56,Female,Asian,1.6,52.5,20.5078125,1,0.841,0.788,0.809,0.842,0.831,0.865,0.887,-2.275,train,d:\LUMOS\processed\preprocessed_images\patient_666\AP.png,d:\LUMOS\processed\preprocessed_images\patient_666\Lateral.png
667,d:\LUMOS\lumos_x\lumos_x_541_670_dcm\lumos_x_667\lumos_x_667_1.Dcm,d:\LUMOS\lumos_x\lumos_x_541_670_dcm\lumos_x_667\lumos_x_667_2.Dcm,True,True,True,4,True,66,Female,Asian,1.55,56.0,23.30905306971904,2,0.72,0.709,0.725,0.72,0.73,0.722,0.729,-3.2833,train,d:\LUMOS\processed\preprocessed_images\patient_667\AP.png,d:\LUMOS\processed\preprocessed_images\patient_667\Lateral.png
668,d:\LUMOS\lumos_x\lumos_x_541_670_dcm\lumos_x_668\lumos_x_668_1.Dcm,d:\LUMOS\lumos_x\lumos_x_541_670_dcm\lumos_x_668\lumos_x_668_2.Dcm,True,True,True,4,True,74,Female,Asian,1.55,57.0,23.725286160249738,2,0.752,0.707,0.726,0.752,0.728,0.76,0.787,-3.0167,train,d:\LUMOS\processed\preprocessed_images\patient_668\AP.png,d:\LUMOS\processed\preprocessed_images\patient_668\Lateral.png
669,d:\LUMOS\lumos_x\lumos_x_541_670_dcm\lumos_x_669\lumos_x_669_1.Dcm,d:\LUMOS\lumos_x\lumos_x_541_670_dcm\lumos_x_669\lumos_x_669_2.Dcm,True,True,True,4,True,61,Female,Asian,1.6,56.0,21.875,1,0.97,0.856,0.943,0.97,1.011,1.022,1.065,-1.2,test,d:\LUMOS\processed\preprocessed_images\patient_669\AP.png,d:\LUMOS\processed\preprocessed_images\patient_669\Lateral.png
670,d:\LUMOS\lumos_x\lumos_x_541_670_dcm\lumos_x_670\lumos_x_670_1.Dcm,d:\LUMOS\lumos_x\lumos_x_541_670_dcm\lumos_x_670\lumos_x_670_2.Dcm,True,True,True,4,True,65,Female,Asian,1.53,68.0,29.04865649963689,0,1.08,1.073,1.081,1.08,1.07,1.074,1.086,-0.2833,train,d:\LUMOS\processed\preprocessed_images\patient_670\AP.png,d:\LUMOS\processed\preprocessed_images\patient_670\Lateral.png
671,d:\LUMOS\lumos_x\lumos_x_671_740_dcm\lumos_x_671\lumos_x_671_1.Dcm,d:\LUMOS\lumos_x\lumos_x_671_740_dcm\lumos_x_671\lumos_x_671_2.Dcm,True,True,True,4,True,84,Female,Asian,1.56,47.0,19.312952005259696,1,0.984,0.932,0.956,0.984,0.954,0.991,1.035,-1.0833,test,d:\LUMOS\processed\preprocessed_images\patient_671\AP.png,d:\LUMOS\processed\preprocessed_images\patient_671\Lateral.png
672,d:\LUMOS\lumos_x\lumos_x_671_740_dcm\lumos_x_672\lumos_x_672_1.Dcm,d:\LUMOS\lumos_x\lumos_x_671_740_dcm\lumos_x_672\lumos_x_672_2.Dcm,True,True,True,4,True,67,Female,Asian,1.55,50.0,20.811654526534856,0,1.021,1.01,1.023,1.021,1.027,1.023,1.03,-0.775,train,d:\LUMOS\processed\preprocessed_images\patient_672\AP.png,d:\LUMOS\processed\preprocessed_images\patient_672\Lateral.png
673,d:\LUMOS\lumos_x\lumos_x_671_740_dcm\lumos_x_673\lumos_x_673_1.Dcm,d:\LUMOS\lumos_x\lumos_x_671_740_dcm\lumos_x_673\lumos_x_673_2.Dcm,True,True,True,4,True,68,Female,Asian,1.54,46.0,19.396188227357055,2,0.65,0.596,0.621,0.65,0.643,0.671,0.691,-3.8667,train,d:\LUMOS\processed\preprocessed_images\patient_673\AP.png,d:\LUMOS\processed\preprocessed_images\patient_673\Lateral.png
674,d:\LUMOS\lumos_x\lumos_x_671_740_dcm\lumos_x_674\lumos_x_674_1.Dcm,d:\LUMOS\lumos_x\lumos_x_671_740_dcm\lumos_x_674\lumos_x_674_2.Dcm,True,True,True,4,True,61,Female,Asian,1.69,64.0,22.40817898532965,0,1.023,0.982,1.009,1.023,1.014,1.031,1.057,-0.7583,train,d:\LUMOS\processed\preprocessed_images\patient_674\AP.png,d:\LUMOS\processed\preprocessed_images\patient_674\Lateral.png
675,d:\LUMOS\lumos_x\lumos_x_671_740_dcm\lumos_x_675\lumos_x_675_1.Dcm,d:\LUMOS\lumos_x\lumos_x_671_740_dcm\lumos_x_675\lumos_x_675_2.Dcm,True,True,True,4,True,67,Female,Asian,1.6,59.0,23.046875,2,0.716,0.686,0.68,0.716,0.669,0.718,0.737,-3.3167,test,d:\LUMOS\processed\preprocessed_images\patient_675\AP.png,d:\LUMOS\processed\preprocessed_images\patient_675\Lateral.png
676,d:\LUMOS\lumos_x\lumos_x_671_740_dcm\lumos_x_676\lumos_x_676_1.Dcm,d:\LUMOS\lumos_x\lumos_x_671_740_dcm\lumos_x_676\lumos_x_676_2.Dcm,True,True,True,4,True,67,Female,Asian,1.56,48.0,19.72386587771203,2,0.712,0.686,0.718,0.712,0.724,0.714,0.732,-3.35,train,d:\LUMOS\processed\preprocessed_images\patient_676\AP.png,d:\LUMOS\processed\preprocessed_images\patient_676\Lateral.png
677,d:\LUMOS\lumos_x\lumos_x_671_740_dcm\lumos_x_677\lumos_x_677_1.Dcm,d:\LUMOS\lumos_x\lumos_x_671_740_dcm\lumos_x_677\lumos_x_677_2.Dcm,True,True,True,4,True,68,Female,Asian,1.54,69.0,29.094282341035587,1,0.95,0.873,0.915,0.95,0.943,0.978,1.016,-1.3667,train,d:\LUMOS\processed\preprocessed_images\patient_677\AP.png,d:\LUMOS\processed\preprocessed_images\patient_677\Lateral.png
678,d:\LUMOS\lumos_x\lumos_x_671_740_dcm\lumos_x_678\lumos_x_678_1.Dcm,d:\LUMOS\lumos_x\lumos_x_671_740_dcm\lumos_x_678\lumos_x_678_2.Dcm,True,True,True,4,True,68,Male,Asian,1.6,41.0,16.015624999999996,1,0.841,0.781,0.835,0.841,0.883,0.874,0.89,-2.275,train,d:\LUMOS\processed\preprocessed_images\patient_678\AP.png,d:\LUMOS\processed\preprocessed_images\patient_678\Lateral.png
679,d:\LUMOS\lumos_x\lumos_x_671_740_dcm\lumos_x_679\lumos_x_679_1.Dcm,d:\LUMOS\lumos_x\lumos_x_671_740_dcm\lumos_x_679\lumos_x_679_2.Dcm,True,True,True,4,True,57,Female,Asian,1.57,43.0,17.444926771877153,2,0.652,0.582,0.615,0.652,0.631,0.672,0.709,-3.85,train,d:\LUMOS\processed\preprocessed_images\patient_679\AP.png,d:\LUMOS\processed\preprocessed_images\patient_679\Lateral.png
680,d:\LUMOS\lumos_x\lumos_x_671_740_dcm\lumos_x_680\lumos_x_680_1.Dcm,d:\LUMOS\lumos_x\lumos_x_671_740_dcm\lumos_x_680\lumos_x_680_2.Dcm,True,True,True,4,True,69,Female,Asian,1.63,82.0,30.863035868869737,0,1.07496947496948,1.05,1.063,1.075,1.086,1.094,1.099,-0.3253,train,d:\LUMOS\processed\preprocessed_images\patient_680\AP.png,d:\LUMOS\processed\preprocessed_images\patient_680\Lateral.png
681,d:\LUMOS\lumos_x\lumos_x_671_740_dcm\lumos_x_681\lumos_x_681_1.Dcm,d:\LUMOS\lumos_x\lumos_x_671_740_dcm\lumos_x_681\lumos_x_681_2.Dcm,True,True,True,4,True,62,Female,Asian,1.53,50.0,21.35930624973301,0,1.001,0.868,0.966,1.001,1.031,1.055,1.114,-0.9417,test,d:\LUMOS\processed\preprocessed_images\patient_681\AP.png,d:\LUMOS\processed\preprocessed_images\patient_681\Lateral.png
682,d:\LUMOS\lumos_x\lumos_x_671_740_dcm\lumos_x_682\lumos_x_682_1.Dcm,d:\LUMOS\lumos_x\lumos_x_671_740_dcm\lumos_x_682\lumos_x_682_2.Dcm,True,True,True,4,True,30,Female,Asian,1.65,68.0,24.977043158861346,0,1.059,0.984,1.032,1.062,1.075,1.098,1.127,-0.4583,train,d:\LUMOS\processed\preprocessed_images\patient_682\AP.png,d:\LUMOS\processed\preprocessed_images\patient_682\Lateral.png
683,d:\LUMOS\lumos_x\lumos_x_671_740_dcm\lumos_x_683\lumos_x_683_1.Dcm,d:\LUMOS\lumos_x\lumos_x_671_740_dcm\lumos_x_683\lumos_x_683_2.Dcm,True,True,True,4,True,70,Female,Asian,1.49,52.0,23.422368361785505,2,0.73,0.649,0.681,0.73,0.7,0.757,0.801,-3.2,validation,d:\LUMOS\processed\preprocessed_images\patient_683\AP.png,d:\LUMOS\processed\preprocessed_images\patient_683\Lateral.png
684,d:\LUMOS\lumos_x\lumos_x_671_740_dcm\lumos_x_684\lumos_x_684_1.Dcm,d:\LUMOS\lumos_x\lumos_x_671_740_dcm\lumos_x_684\lumos_x_684_2.Dcm,True,True,True,4,True,70,Female,Asian,1.57,74.0,30.021501886486263,1,0.836,0.764,0.791,0.836,0.818,0.867,0.903,-2.3167,train,d:\LUMOS\processed\preprocessed_images\patient_684\AP.png,d:\LUMOS\processed\preprocessed_images\patient_684\Lateral.png
685,d:\LUMOS\lumos_x\lumos_x_671_740_dcm\lumos_x_685\lumos_x_685_1.Dcm,d:\LUMOS\lumos_x\lumos_x_671_740_dcm\lumos_x_685\lumos_x_685_2.Dcm,True,True,True,4,True,73,Female,Asian,1.58,59.0,23.63403300753084,2,0.745,0.671,0.699,0.745,0.721,0.774,0.812,-3.075,train,d:\LUMOS\processed\preprocessed_images\patient_685\AP.png,d:\LUMOS\processed\preprocessed_images\patient_685\Lateral.png
686,d:\LUMOS\lumos_x\lumos_x_671_740_dcm\lumos_x_686\lumos_x_686_1.Dcm,d:\LUMOS\lumos_x\lumos_x_671_740_dcm\lumos_x_686\lumos_x_686_2.Dcm,True,True,True,4,True,60,Female,Asian,1.49,50.0,22.52150804017837,2,0.716,0.67,0.697,0.716,0.694,0.721,0.755,-3.3167,train,d:\LUMOS\processed\preprocessed_images\patient_686\AP.png,d:\LUMOS\processed\preprocessed_images\patient_686\Lateral.png
687,d:\LUMOS\lumos_x\lumos_x_671_740_dcm\lumos_x_687\lumos_x_687_1.Dcm,d:\LUMOS\lumos_x\lumos_x_671_740_dcm\lumos_x_687\lumos_x_687_2.Dcm,True,True,True,4,True,60,Female,Asian,1.54,57.0,24.034407151290267,1,0.949,0.873,0.914,0.949,0.952,0.983,1.013,-1.375,train,d:\LUMOS\processed\preprocessed_images\patient_687\AP.png,d:\LUMOS\processed\preprocessed_images\patient_687\Lateral.png
688,d:\LUMOS\lumos_x\lumos_x_671_740_dcm\lumos_x_688\lumos_x_688_1.Dcm,d:\LUMOS\lumos_x\lumos_x_671_740_dcm\lumos_x_688\lumos_x_688_2.Dcm,True,True,True,4,True,82,Female,Asian,1.54,52.0,21.92612582222972,0,1.137,1.112,1.119,1.137,1.141,1.156,1.157,0.1917,train,d:\LUMOS\processed\preprocessed_images\patient_688\AP.png,d:\LUMOS\processed\preprocessed_images\patient_688\Lateral.png
689,d:\LUMOS\lumos_x\lumos_x_671_740_dcm\lumos_x_689\lumos_x_689_1.Dcm,d:\LUMOS\lumos_x\lumos_x_671_740_dcm\lumos_x_689\lumos_x_689_2.Dcm,True,True,True,4,True,87,Female,Asian,1.5,39.0,17.333333333333332,1,0.905806887238353,0.81,0.842,0.898,0.861,0.925,0.968,-1.7349,train,d:\LUMOS\processed\preprocessed_images\patient_689\AP.png,d:\LUMOS\processed\preprocessed_images\patient_689\Lateral.png
690,d:\LUMOS\lumos_x\lumos_x_671_740_dcm\lumos_x_690\lumos_x_690_1.Dcm,d:\LUMOS\lumos_x\lumos_x_671_740_dcm\lumos_x_690\lumos_x_690_2.Dcm,True,True,True,4,True,66,Female,Asian,1.39,40.0,20.702862170695106,2,0.575,0.54,0.551,0.575,0.57,0.592,0.602,-4.4917,train,d:\LUMOS\processed\preprocessed_images\patient_690\AP.png,d:\LUMOS\processed\preprocessed_images\patient_690\Lateral.png
691,d:\LUMOS\lumos_x\lumos_x_671_740_dcm\lumos_x_691\lumos_x_691_1.Dcm,d:\LUMOS\lumos_x\lumos_x_671_740_dcm\lumos_x_691\lumos_x_691_2.Dcm,True,True,True,4,True,60,Female,Asian,1.57,58.0,23.53036634346221,1,0.893,0.848,0.882,0.893,0.898,0.906,0.926,-1.8417,train,d:\LUMOS\processed\preprocessed_images\patient_691\AP.png,d:\LUMOS\processed\preprocessed_images\patient_691\Lateral.png
692,d:\LUMOS\lumos_x\lumos_x_671_740_dcm\lumos_x_692\lumos_x_692_1.Dcm,d:\LUMOS\lumos_x\lumos_x_671_740_dcm\lumos_x_692\lumos_x_692_2.Dcm,True,True,True,4,True,66,Female,Asian,1.61,54.0,20.832529609197174,1,0.924,0.809,0.872,0.924,0.914,0.964,1.013,-1.5833,train,d:\LUMOS\processed\preprocessed_images\patient_692\AP.png,d:\LUMOS\processed\preprocessed_images\patient_692\Lateral.png
693,d:\LUMOS\lumos_x\lumos_x_671_740_dcm\lumos_x_693\lumos_x_693_1.Dcm,d:\LUMOS\lumos_x\lumos_x_671_740_dcm\lumos_x_693\lumos_x_693_2.Dcm,True,True,True,8,True,30,Female,Asian,1.52,47.0,20.34279778393352,1,0.97,0.967,0.985,0.992,0.998,1.002,1.014,-1.2,validation,d:\LUMOS\processed\preprocessed_images\patient_693\AP.png,d:\LUMOS\processed\preprocessed_images\patient_693\Lateral.png
694,d:\LUMOS\lumos_x\lumos_x_671_740_dcm\lumos_x_694\lumos_x_694_1.Dcm,d:\LUMOS\lumos_x\lumos_x_671_740_dcm\lumos_x_694\lumos_x_694_2.Dcm,True,True,True,4,True,57,Female,Asian,1.61,68.0,26.23355580417422,0,1.246,1.162,1.237,1.245,1.314,1.295,1.31,1.1,train,d:\LUMOS\processed\preprocessed_images\patient_694\AP.png,d:\LUMOS\processed\preprocessed_images\patient_694\Lateral.png
695,d:\LUMOS\lumos_x\lumos_x_671_740_dcm\lumos_x_695\lumos_x_695_1.Dcm,d:\LUMOS\lumos_x\lumos_x_671_740_dcm\lumos_x_695\lumos_x_695_2.Dcm,True,True,True,4,True,63,Female,Asian,1.55,60.0,24.97398543184183,1,0.87,0.826,0.833,0.87,0.873,0.907,0.909,-2.0333,test,d:\LUMOS\processed\preprocessed_images\patient_695\AP.png,d:\LUMOS\processed\preprocessed_images\patient_695\Lateral.png
696,d:\LUMOS\lumos_x\lumos_x_671_740_dcm\lumos_x_696\lumos_x_696_1.Dcm,d:\LUMOS\lumos_x\lumos_x_671_740_dcm\lumos_x_696\lumos_x_696_2.Dcm,True,True,True,4,True,63,Male,Asian,1.71,65.0,22.229061933586404,0,1.287,1.164,1.228,1.287,1.293,1.346,1.403,1.4417,train,d:\LUMOS\processed\preprocessed_images\patient_696\AP.png,d:\LUMOS\processed\preprocessed_images\patient_696\Lateral.png
697,d:\LUMOS\lumos_x\lumos_x_671_740_dcm\lumos_x_697\lumos_x_697_1.Dcm,d:\LUMOS\lumos_x\lumos_x_671_740_dcm\lumos_x_697\lumos_x_697_2.Dcm,True,True,True,4,True,55,Female,Asian,1.51,56.0,24.560326301478007,0,1.334,1.202,1.298,1.334,1.374,1.389,1.432,1.8333,test,d:\LUMOS\processed\preprocessed_images\patient_697\AP.png,d:\LUMOS\processed\preprocessed_images\patient_697\Lateral.png
698,d:\LUMOS\lumos_x\lumos_x_671_740_dcm\lumos_x_698\lumos_x_698_1.Dcm,d:\LUMOS\lumos_x\lumos_x_671_740_dcm\lumos_x_698\lumos_x_698_2.Dcm,True,True,True,4,True,47,Female,Asian,1.63,63.0,23.711844630960897,1,0.88,0.859,0.878,0.882,0.894,0.893,0.902,-1.95,train,d:\LUMOS\processed\preprocessed_images\patient_698\AP.png,d:\LUMOS\processed\preprocessed_images\patient_698\Lateral.png
699,d:\LUMOS\lumos_x\lumos_x_671_740_dcm\lumos_x_699\lumos_x_699_1.Dcm,d:\LUMOS\lumos_x\lumos_x_671_740_dcm\lumos_x_699\lumos_x_699_2.Dcm,True,True,True,4,True,60,Female,Asian,1.56,56.0,23.011176857330703,1,0.855,0.797,0.821,0.855,0.827,0.869,0.907,-2.1583,train,d:\LUMOS\processed\preprocessed_images\patient_699\AP.png,d:\LUMOS\processed\preprocessed_images\patient_699\Lateral.png
700,d:\LUMOS\lumos_x\lumos_x_671_740_dcm\lumos_x_700\lumos_x_700_1.Dcm,d:\LUMOS\lumos_x\lumos_x_671_740_dcm\lumos_x_700\lumos_x_700_2.Dcm,True,True,True,4,True,82,Female,Asian,1.47,50.0,23.13850710352168,1,0.915,0.841,0.9,0.915,0.958,0.953,0.973,-1.6583,train,d:\LUMOS\processed\preprocessed_images\patient_700\AP.png,d:\LUMOS\processed\preprocessed_images\patient_700\Lateral.png
701,d:\LUMOS\lumos_x\lumos_x_671_740_dcm\lumos_x_701\lumos_x_701_1.Dcm,d:\LUMOS\lumos_x\lumos_x_671_740_dcm\lumos_x_701\lumos_x_701_2.Dcm,True,True,True,4,True,74,Female,Asian,1.53,57.0,24.34960912469563,2,0.735309017223911,0.752,0.716,0.735,0.678,0.716,0.722,-3.1558,train,d:\LUMOS\processed\preprocessed_images\patient_701\AP.png,d:\LUMOS\processed\preprocessed_images\patient_701\Lateral.png
702,d:\LUMOS\lumos_x\lumos_x_671_740_dcm\lumos_x_702\lumos_x_702_1.Dcm,d:\LUMOS\lumos_x\lumos_x_671_740_dcm\lumos_x_702\lumos_x_702_2.Dcm,True,True,True,4,True,55,Female,Asian,1.54,54.0,22.76943835385394,0,1.163,1.163,1.201,1.163,1.224,1.167,1.163,0.4083,test,d:\LUMOS\processed\preprocessed_images\patient_702\AP.png,d:\LUMOS\processed\preprocessed_images\patient_702\Lateral.png
703,d:\LUMOS\lumos_x\lumos_x_671_740_dcm\lumos_x_703\lumos_x_703_1.Dcm,d:\LUMOS\lumos_x\lumos_x_671_740_dcm\lumos_x_703\lumos_x_703_2.Dcm,True,True,True,4,True,70,Female,Asian,1.55,50.0,20.811654526534856,2,0.759,0.751,0.763,0.759,0.786,0.772,0.768,-2.9583,validation,d:\LUMOS\processed\preprocessed_images\patient_703\AP.png,d:\LUMOS\processed\preprocessed_images\patient_703\Lateral.png
704,d:\LUMOS\lumos_x\lumos_x_671_740_dcm\lumos_x_704\lumos_x_704_1.Dcm,d:\LUMOS\lumos_x\lumos_x_671_740_dcm\lumos_x_704\lumos_x_704_2.Dcm,True,True,True,4,True,68,Female,Asian,1.595,59.0,23.19159599453622,1,0.815464587394412,0.8,0.826,0.815,0.818,0.806,0.828,-2.4878,train,d:\LUMOS\processed\preprocessed_images\patient_704\AP.png,d:\LUMOS\processed\preprocessed_images\patient_704\Lateral.png
705,d:\LUMOS\lumos_x\lumos_x_671_740_dcm\lumos_x_705\lumos_x_705_1.Dcm,d:\LUMOS\lumos_x\lumos_x_671_740_dcm\lumos_x_705\lumos_x_705_2.Dcm,True,True,True,4,True,61,Female,Asian,1.615,47.0,18.019917760162564,1,0.829,0.828,0.836,0.829,0.85,0.837,0.831,-2.375,train,d:\LUMOS\processed\preprocessed_images\patient_705\AP.png,d:\LUMOS\processed\preprocessed_images\patient_705\Lateral.png
706,d:\LUMOS\lumos_x\lumos_x_671_740_dcm\lumos_x_706\lumos_x_706_1.Dcm,d:\LUMOS\lumos_x\lumos_x_671_740_dcm\lumos_x_706\lumos_x_706_2.Dcm,True,True,True,4,True,83,Female,Asian,1.57,59.0,23.93606231490121,1,0.833,0.724,0.769,0.833,0.818,0.88,0.92,-2.3417,train,d:\LUMOS\processed\preprocessed_images\patient_706\AP.png,d:\LUMOS\processed\preprocessed_images\patient_706\Lateral.png
707,d:\LUMOS\lumos_x\lumos_x_671_740_dcm\lumos_x_707\lumos_x_707_1.Dcm,d:\LUMOS\lumos_x\lumos_x_671_740_dcm\lumos_x_707\lumos_x_707_2.Dcm,True,True,True,4,True,66,Female,Asian,1.62,52.0,19.81405273586343,2,0.762,0.74,0.794,0.762,0.847,0.787,0.781,-2.9333,train,d:\LUMOS\processed\preprocessed_images\patient_707\AP.png,d:\LUMOS\processed\preprocessed_images\patient_707\Lateral.png
708,d:\LUMOS\lumos_x\lumos_x_671_740_dcm\lumos_x_708\lumos_x_708_1.Dcm,d:\LUMOS\lumos_x\lumos_x_671_740_dcm\lumos_x_708\lumos_x_708_2.Dcm,True,True,True,4,True,80,Female,Asian,1.6,60.0,23.4375,1,0.883,0.795,0.843,0.883,0.876,0.915,0.953,-1.925,train,d:\LUMOS\processed\preprocessed_images\patient_708\AP.png,d:\LUMOS\processed\preprocessed_images\patient_708\Lateral.png
709,d:\LUMOS\lumos_x\lumos_x_671_740_dcm\lumos_x_709\lumos_x_709_1.Dcm,d:\LUMOS\lumos_x\lumos_x_671_740_dcm\lumos_x_709\lumos_x_709_2.Dcm,True,True,True,4,True,87,Female,Asian,1.45,48.0,22.829964328180736,2,0.597,0.551,0.577,0.597,0.567,0.596,0.636,-4.3083,train,d:\LUMOS\processed\preprocessed_images\patient_709\AP.png,d:\LUMOS\processed\preprocessed_images\patient_709\Lateral.png
710,d:\LUMOS\lumos_x\lumos_x_671_740_dcm\lumos_x_710\lumos_x_710_1.Dcm,d:\LUMOS\lumos_x\lumos_x_671_740_dcm\lumos_x_710\lumos_x_710_2.Dcm,True,True,True,4,True,56,Female,Asian,1.61,69.0,26.61934338952972,0,1.095,1.055,1.099,1.095,1.132,1.115,1.129,-0.1583,validation,d:\LUMOS\processed\preprocessed_images\patient_710\AP.png,d:\LUMOS\processed\preprocessed_images\patient_710\Lateral.png
711,d:\LUMOS\lumos_x\lumos_x_671_740_dcm\lumos_x_711\lumos_x_711_1.Dcm,d:\LUMOS\lumos_x\lumos_x_671_740_dcm\lumos_x_711\lumos_x_711_2.Dcm,True,True,True,4,True,73,Female,Asian,1.53,54.0,23.06805074971165,2,0.74,0.621,0.709,0.74,0.779,0.794,0.852,-3.1167,train,d:\LUMOS\processed\preprocessed_images\patient_711\AP.png,d:\LUMOS\processed\preprocessed_images\patient_711\Lateral.png
712,d:\LUMOS\lumos_x\lumos_x_671_740_dcm\lumos_x_712\lumos_x_712_1.Dcm,d:\LUMOS\lumos_x\lumos_x_671_740_dcm\lumos_x_712\lumos_x_712_2.Dcm,True,True,True,4,True,70,Female,Asian,1.53,46.0,19.650561749754367,2,0.759,0.671,0.698,0.759,0.707,0.782,0.83,-2.9583,train,d:\LUMOS\processed\preprocessed_images\patient_712\AP.png,d:\LUMOS\processed\preprocessed_images\patient_712\Lateral.png
713,d:\LUMOS\lumos_x\lumos_x_671_740_dcm\lumos_x_713\lumos_x_713_1.Dcm,d:\LUMOS\lumos_x\lumos_x_671_740_dcm\lumos_x_713\lumos_x_713_2.Dcm,True,True,True,4,True,72,Female,Asian,1.48,60.0,27.39225712198685,1,0.973,0.81,0.909,0.972,0.986,1.038,1.106,-1.175,test,d:\LUMOS\processed\preprocessed_images\patient_713\AP.png,d:\LUMOS\processed\preprocessed_images\patient_713\Lateral.png
714,d:\LUMOS\lumos_x\lumos_x_671_740_dcm\lumos_x_714\lumos_x_714_1.Dcm,d:\LUMOS\lumos_x\lumos_x_671_740_dcm\lumos_x_714\lumos_x_714_2.Dcm,True,True,True,4,True,57,Male,Asian,1.61,65.0,25.076193048107708,0,1.16,1.029,1.108,1.16,1.14,1.197,1.282,0.3833,train,d:\LUMOS\processed\preprocessed_images\patient_714\AP.png,d:\LUMOS\processed\preprocessed_images\patient_714\Lateral.png
715,d:\LUMOS\lumos_x\lumos_x_671_740_dcm\lumos_x_715\lumos_x_715_1.Dcm,d:\LUMOS\lumos_x\lumos_x_671_740_dcm\lumos_x_715\lumos_x_715_2.Dcm,True,True,True,4,True,68,Female,Asian,1.52,52.0,22.506925207756236,2,0.78694942903752,0.674,0.743,0.786,0.774,0.817,0.875,-2.7254,train,d:\LUMOS\processed\preprocessed_images\patient_715\AP.png,d:\LUMOS\processed\preprocessed_images\patient_715\Lateral.png
716,d:\LUMOS\lumos_x\lumos_x_671_740_dcm\lumos_x_716\lumos_x_716_1.Dcm,d:\LUMOS\lumos_x\lumos_x_671_740_dcm\lumos_x_716\lumos_x_716_2.Dcm,True,True,True,4,True,30,Male,Asian,1.7,72.0,24.913494809688583,1,0.962,0.919,0.966,0.992,1.006,1.025,1.052,-1.2667,train,d:\LUMOS\processed\preprocessed_images\patient_716\AP.png,d:\LUMOS\processed\preprocessed_images\patient_716\Lateral.png
717,d:\LUMOS\lumos_x\lumos_x_671_740_dcm\lumos_x_717\lumos_x_717_1.Dcm,d:\LUMOS\lumos_x\lumos_x_671_740_dcm\lumos_x_717\lumos_x_717_2.Dcm,True,True,True,4,True,64,Female,Asian,1.53,63.0,26.91272587466359,0,1.397,1.284,1.359,1.397,1.404,1.436,1.488,2.3583,train,d:\LUMOS\processed\preprocessed_images\patient_717\AP.png,d:\LUMOS\processed\preprocessed_images\patient_717\Lateral.png
718,d:\LUMOS\lumos_x\lumos_x_671_740_dcm\lumos_x_718\lumos_x_718_1.Dcm,d:\LUMOS\lumos_x\lumos_x_671_740_dcm\lumos_x_718\lumos_x_718_2.Dcm,True,True,True,4,True,75,Female,Asian,1.6,63.0,24.609375,2,0.768,0.663,0.718,0.768,0.729,0.788,0.845,-2.8833,train,d:\LUMOS\processed\preprocessed_images\patient_718\AP.png,d:\LUMOS\processed\preprocessed_images\patient_718\Lateral.png
719,d:\LUMOS\lumos_x\lumos_x_671_740_dcm\lumos_x_719\lumos_x_719_1.Dcm,d:\LUMOS\lumos_x\lumos_x_671_740_dcm\lumos_x_719\lumos_x_719_2.Dcm,True,True,True,4,True,76,Male,Asian,1.58,66.0,26.43807082198365,0,1.348,1.18,1.276,1.348,1.363,1.425,1.498,1.95,train,d:\LUMOS\processed\preprocessed_images\patient_719\AP.png,d:\LUMOS\processed\preprocessed_images\patient_719\Lateral.png
720,d:\LUMOS\lumos_x\lumos_x_671_740_dcm\lumos_x_720\lumos_x_720_1.Dcm,d:\LUMOS\lumos_x\lumos_x_671_740_dcm\lumos_x_720\lumos_x_720_2.Dcm,True,True,True,4,True,74,Female,Asian,1.55,52.0,21.64412070759625,2,0.697,0.651,0.662,0.697,0.66,0.704,0.733,-3.475,train,d:\LUMOS\processed\preprocessed_images\patient_720\AP.png,d:\LUMOS\processed\preprocessed_images\patient_720\Lateral.png
721,d:\LUMOS\lumos_x\lumos_x_671_740_dcm\lumos_x_721\lumos_x_721_1.Dcm,d:\LUMOS\lumos_x\lumos_x_671_740_dcm\lumos_x_721\lumos_x_721_2.Dcm,True,True,True,4,True,49,Female,Asian,1.58,67.0,26.83864765261977,1,0.92,0.927,0.949,0.92,0.989,0.937,0.915,-1.6167,train,d:\LUMOS\processed\preprocessed_images\patient_721\AP.png,d:\LUMOS\processed\preprocessed_images\patient_721\Lateral.png
722,d:\LUMOS\lumos_x\lumos_x_671_740_dcm\lumos_x_722\lumos_x_722_1.Dcm,d:\LUMOS\lumos_x\lumos_x_671_740_dcm\lumos_x_722\lumos_x_722_2.Dcm,True,True,True,4,True,64,Female,Asian,1.55,74.0,30.80124869927159,0,1.222,1.139,1.204,1.222,1.28,1.278,1.295,0.9,train,d:\LUMOS\processed\preprocessed_images\patient_722\AP.png,d:\LUMOS\processed\preprocessed_images\patient_722\Lateral.png
723,d:\LUMOS\lumos_x\lumos_x_671_740_dcm\lumos_x_723\lumos_x_723_1.Dcm,d:\LUMOS\lumos_x\lumos_x_671_740_dcm\lumos_x_723\lumos_x_723_2.Dcm,True,True,True,4,True,36,Female,Asian,1.46,40.0,18.76524676299493,1,0.991,0.943,0.983,0.99,1.018,1.013,1.025,-1.025,train,d:\LUMOS\processed\preprocessed_images\patient_723\AP.png,d:\LUMOS\processed\preprocessed_images\patient_723\Lateral.png
724,d:\LUMOS\lumos_x\lumos_x_671_740_dcm\lumos_x_724\lumos_x_724_1.Dcm,d:\LUMOS\lumos_x\lumos_x_671_740_dcm\lumos_x_724\lumos_x_724_2.Dcm,True,True,True,4,True,55,Female,Asian,1.6,57.0,22.265625,1,0.974,0.915,0.953,0.974,0.964,0.987,1.023,-1.1667,train,d:\LUMOS\processed\preprocessed_images\patient_724\AP.png,d:\LUMOS\processed\preprocessed_images\patient_724\Lateral.png
725,d:\LUMOS\lumos_x\lumos_x_671_740_dcm\lumos_x_725\lumos_x_725_1.Dcm,d:\LUMOS\lumos_x\lumos_x_671_740_dcm\lumos_x_725\lumos_x_725_2.Dcm,True,True,True,4,True,66,Female,Asian,1.44,65.0,31.346450617283956,1,0.985,0.938,0.968,0.985,0.974,0.993,1.023,-1.075,validation,d:\LUMOS\processed\preprocessed_images\patient_725\AP.png,d:\LUMOS\processed\preprocessed_images\patient_725\Lateral.png
726,d:\LUMOS\lumos_x\lumos_x_671_740_dcm\lumos_x_726\lumos_x_726_1.Dcm,d:\LUMOS\lumos_x\lumos_x_671_740_dcm\lumos_x_726\lumos_x_726_2.Dcm,True,True,True,4,True,59,Female,Asian,1.6,55.0,21.484375,1,0.949,0.905,0.945,0.949,0.968,0.966,0.988,-1.375,train,d:\LUMOS\processed\preprocessed_images\patient_726\AP.png,d:\LUMOS\processed\preprocessed_images\patient_726\Lateral.png
727,d:\LUMOS\lumos_x\lumos_x_671_740_dcm\lumos_x_727\lumos_x_727_1.Dcm,d:\LUMOS\lumos_x\lumos_x_671_740_dcm\lumos_x_727\lumos_x_727_2.Dcm,True,True,True,4,True,73,Female,Asian,1.5,47.0,20.88888888888889,1,0.96,0.899,0.936,0.96,0.975,0.993,1.015,-1.2833,train,d:\LUMOS\processed\preprocessed_images\patient_727\AP.png,d:\LUMOS\processed\preprocessed_images\patient_727\Lateral.png
728,d:\LUMOS\lumos_x\lumos_x_671_740_dcm\lumos_x_728\lumos_x_728_1.Dcm,d:\LUMOS\lumos_x\lumos_x_671_740_dcm\lumos_x_728\lumos_x_728_2.Dcm,True,True,True,4,True,87,Female,Asian,1.5,43.0,19.11111111111111,1,0.836,0.846,0.844,0.836,0.917,0.882,0.826,-2.3167,train,d:\LUMOS\processed\preprocessed_images\patient_728\AP.png,d:\LUMOS\processed\preprocessed_images\patient_728\Lateral.png
729,d:\LUMOS\lumos_x\lumos_x_671_740_dcm\lumos_x_729\lumos_x_729_1.Dcm,d:\LUMOS\lumos_x\lumos_x_671_740_dcm\lumos_x_729\lumos_x_729_2.Dcm,True,True,True,4,True,57,Female,Asian,1.63,72.0,27.09925100681245,1,0.958,0.864,0.917,0.958,0.978,1.009,1.043,-1.3,validation,d:\LUMOS\processed\preprocessed_images\patient_729\AP.png,d:\LUMOS\processed\preprocessed_images\patient_729\Lateral.png
730,d:\LUMOS\lumos_x\lumos_x_671_740_dcm\lumos_x_730\lumos_x_730_1.Dcm,d:\LUMOS\lumos_x\lumos_x_671_740_dcm\lumos_x_730\lumos_x_730_2.Dcm,True,True,True,4,True,63,Female,Asian,1.55,51.0,21.227887617065555,2,0.808,0.828,0.813,0.808,0.802,0.8,0.791,-2.55,train,d:\LUMOS\processed\preprocessed_images\patient_730\AP.png,d:\LUMOS\processed\preprocessed_images\patient_730\Lateral.png
731,d:\LUMOS\lumos_x\lumos_x_671_740_dcm\lumos_x_731\lumos_x_731_1.Dcm,d:\LUMOS\lumos_x\lumos_x_671_740_dcm\lumos_x_731\lumos_x_731_2.Dcm,True,True,True,4,True,29,Female,Asian,1.63,58.0,21.82995219993225,0,1.359,1.308,1.355,1.359,1.391,1.382,1.4,2.0417,test,d:\LUMOS\processed\preprocessed_images\patient_731\AP.png,d:\LUMOS\processed\preprocessed_images\patient_731\Lateral.png
732,d:\LUMOS\lumos_x\lumos_x_671_740_dcm\lumos_x_732\lumos_x_732_1.Dcm,d:\LUMOS\lumos_x\lumos_x_671_740_dcm\lumos_x_732\lumos_x_732_2.Dcm,True,True,True,4,True,67,Male,Asian,1.7,120.0,41.52249134948097,1,0.984,0.915,0.957,0.984,1.023,1.035,1.046,-1.0833,train,d:\LUMOS\processed\preprocessed_images\patient_732\AP.png,d:\LUMOS\processed\preprocessed_images\patient_732\Lateral.png
733,d:\LUMOS\lumos_x\lumos_x_671_740_dcm\lumos_x_733\lumos_x_733_1.Dcm,d:\LUMOS\lumos_x\lumos_x_671_740_dcm\lumos_x_733\lumos_x_733_2.Dcm,True,True,True,4,True,34,Female,Asian,1.61,61.0,23.53304270668569,0,1.167,1.098,1.15,1.167,1.196,1.2,1.224,0.4417,validation,d:\LUMOS\processed\preprocessed_images\patient_733\AP.png,d:\LUMOS\processed\preprocessed_images\patient_733\Lateral.png
734,d:\LUMOS\lumos_x\lumos_x_671_740_dcm\lumos_x_734\lumos_x_734_1.Dcm,d:\LUMOS\lumos_x\lumos_x_671_740_dcm\lumos_x_734\lumos_x_734_2.Dcm,True,True,True,4,True,63,Male,Asian,1.76,74.0,23.889462809917354,0,1.084,0.977,1.012,1.084,1.019,1.11,1.177,-0.25,train,d:\LUMOS\processed\preprocessed_images\patient_734\AP.png,d:\LUMOS\processed\preprocessed_images\patient_734\Lateral.png
735,d:\LUMOS\lumos_x\lumos_x_671_740_dcm\lumos_x_735\lumos_x_735_1.Dcm,d:\LUMOS\lumos_x\lumos_x_671_740_dcm\lumos_x_735\lumos_x_735_2.Dcm,True,True,True,4,True,67,Female,Asian,1.63,55.0,20.70081674131507,2,0.558,0.593,0.562,0.558,0.535,0.541,0.532,-4.6333,train,d:\LUMOS\processed\preprocessed_images\patient_735\AP.png,d:\LUMOS\processed\preprocessed_images\patient_735\Lateral.png
736,d:\LUMOS\lumos_x\lumos_x_671_740_dcm\lumos_x_736\lumos_x_736_1.Dcm,d:\LUMOS\lumos_x\lumos_x_671_740_dcm\lumos_x_736\lumos_x_736_2.Dcm,True,True,True,4,True,58,Male,Asian,1.79,80.0,24.9680097375238,0,1.159,1.044,1.107,1.159,1.161,1.207,1.251,0.375,train,d:\LUMOS\processed\preprocessed_images\patient_736\AP.png,d:\LUMOS\processed\preprocessed_images\patient_736\Lateral.png
737,d:\LUMOS\lumos_x\lumos_x_671_740_dcm\lumos_x_737\lumos_x_737_1.Dcm,d:\LUMOS\lumos_x\lumos_x_671_740_dcm\lumos_x_737\lumos_x_737_2.Dcm,True,True,True,4,True,76,Female,Asian,1.5,50.0,22.22222222222222,1,0.837092183052332,0.754,0.787,0.837,0.82,0.874,0.915,-2.3076,validation,d:\LUMOS\processed\preprocessed_images\patient_737\AP.png,d:\LUMOS\processed\preprocessed_images\patient_737\Lateral.png
738,d:\LUMOS\lumos_x\lumos_x_671_740_dcm\lumos_x_738\lumos_x_738_1.Dcm,d:\LUMOS\lumos_x\lumos_x_671_740_dcm\lumos_x_738\lumos_x_738_2.Dcm,True,True,True,4,True,55,Male,Asian,1.74,70.0,23.120623596247853,0,1.002,0.959,0.987,1.002,1.014,1.023,1.036,-0.9333,train,d:\LUMOS\processed\preprocessed_images\patient_738\AP.png,d:\LUMOS\processed\preprocessed_images\patient_738\Lateral.png
739,d:\LUMOS\lumos_x\lumos_x_671_740_dcm\lumos_x_739\lumos_x_739_1.Dcm,d:\LUMOS\lumos_x\lumos_x_671_740_dcm\lumos_x_739\lumos_x_739_2.Dcm,True,True,True,4,True,79,Female,Asian,1.52,57.0,24.67105263157895,2,0.674,0.588,0.664,0.674,0.713,0.707,0.751,-3.6667,train,d:\LUMOS\processed\preprocessed_images\patient_739\AP.png,d:\LUMOS\processed\preprocessed_images\patient_739\Lateral.png
740,d:\LUMOS\lumos_x\lumos_x_671_740_dcm\lumos_x_740\lumos_x_740_1.Dcm,d:\LUMOS\lumos_x\lumos_x_671_740_dcm\lumos_x_740\lumos_x_740_2.Dcm,True,True,True,4,True,65,Female,Asian,1.62,57.0,21.71925011431184,1,0.924,0.811,0.876,0.924,0.928,0.97,1.012,-1.5833,train,d:\LUMOS\processed\preprocessed_images\patient_740\AP.png,d:\LUMOS\processed\preprocessed_images\patient_740\Lateral.png
741,d:\LUMOS\lumos_x\lumos_x_741_670_dcm\lumos_x_741\lumos_x_741_1.Dcm,d:\LUMOS\lumos_x\lumos_x_741_670_dcm\lumos_x_741\lumos_x_741_2.Dcm,True,True,True,4,True,66,Female,Asian,1.53,70.0,29.903028749626213,1,0.988,0.915,0.963,0.988,0.99,1.013,1.052,-1.05,train,d:\LUMOS\processed\preprocessed_images\patient_741\AP.png,d:\LUMOS\processed\preprocessed_images\patient_741\Lateral.png
742,d:\LUMOS\lumos_x\lumos_x_741_670_dcm\lumos_x_742\lumos_x_742_1.Dcm,d:\LUMOS\lumos_x\lumos_x_741_670_dcm\lumos_x_742\lumos_x_742_2.Dcm,True,True,True,4,True,61,Female,Asian,1.58,59.0,23.63403300753084,2,0.727,0.604,0.631,0.727,0.635,0.756,0.824,-3.225,test,d:\LUMOS\processed\preprocessed_images\patient_742\AP.png,d:\LUMOS\processed\preprocessed_images\patient_742\Lateral.png
743,d:\LUMOS\lumos_x\lumos_x_741_670_dcm\lumos_x_743\lumos_x_743_1.Dcm,d:\LUMOS\lumos_x\lumos_x_741_670_dcm\lumos_x_743\lumos_x_743_2.Dcm,True,True,True,4,True,74,Female,Asian,1.58,54.0,21.63114885435026,2,0.755300127713921,0.75,0.747,0.756,0.776,0.777,0.762,-2.9892,test,d:\LUMOS\processed\preprocessed_images\patient_743\AP.png,d:\LUMOS\processed\preprocessed_images\patient_743\Lateral.png
744,d:\LUMOS\lumos_x\lumos_x_741_670_dcm\lumos_x_744\lumos_x_744_1.Dcm,d:\LUMOS\lumos_x\lumos_x_741_670_dcm\lumos_x_744\lumos_x_744_2.Dcm,True,True,True,4,True,73,Female,Asian,1.6,50.0,19.53125,1,0.909,0.784,0.861,0.909,0.925,0.964,1.018,-1.7083,train,d:\LUMOS\processed\preprocessed_images\patient_744\AP.png,d:\LUMOS\processed\preprocessed_images\patient_744\Lateral.png
745,d:\LUMOS\lumos_x\lumos_x_741_670_dcm\lumos_x_745\lumos_x_745_1.Dcm,d:\LUMOS\lumos_x\lumos_x_741_670_dcm\lumos_x_745\lumos_x_745_2.Dcm,True,True,True,4,True,60,Female,Asian,1.58,72.0,28.841531805800347,0,1.132,1.026,1.075,1.132,1.092,1.159,1.219,0.15,train,d:\LUMOS\processed\preprocessed_images\patient_745\AP.png,d:\LUMOS\processed\preprocessed_images\patient_745\Lateral.png
746,d:\LUMOS\lumos_x\lumos_x_741_670_dcm\lumos_x_746\lumos_x_746_1.Dcm,d:\LUMOS\lumos_x\lumos_x_741_670_dcm\lumos_x_746\lumos_x_746_2.Dcm,True,True,True,4,True,64,Female,Asian,1.58,52.0,20.82999519307803,1,0.917,0.841,0.895,0.917,0.917,0.936,0.978,-1.6417,train,d:\LUMOS\processed\preprocessed_images\patient_746\AP.png,d:\LUMOS\processed\preprocessed_images\patient_746\Lateral.png
747,d:\LUMOS\lumos_x\lumos_x_741_670_dcm\lumos_x_747\lumos_x_747_1.Dcm,d:\LUMOS\lumos_x\lumos_x_741_670_dcm\lumos_x_747\lumos_x_747_2.Dcm,True,True,True,4,True,66,Female,Asian,1.635,49.0,18.329919853360643,1,0.818,0.739,0.775,0.818,0.797,0.844,0.883,-2.4667,train,d:\LUMOS\processed\preprocessed_images\patient_747\AP.png,d:\LUMOS\processed\preprocessed_images\patient_747\Lateral.png
748,d:\LUMOS\lumos_x\lumos_x_741_670_dcm\lumos_x_748\lumos_x_748_1.Dcm,d:\LUMOS\lumos_x\lumos_x_741_670_dcm\lumos_x_748\lumos_x_748_2.Dcm,True,True,True,4,True,49,Female,Asian,1.56,53.0,21.7784352399737,0,1.056,1.03,1.072,1.056,1.114,1.078,1.076,-0.4833,test,d:\LUMOS\processed\preprocessed_images\patient_748\AP.png,d:\LUMOS\processed\preprocessed_images\patient_748\Lateral.png
749,d:\LUMOS\lumos_x\lumos_x_741_670_dcm\lumos_x_749\lumos_x_749_1.Dcm,d:\LUMOS\lumos_x\lumos_x_741_670_dcm\lumos_x_749\lumos_x_749_2.Dcm,True,True,True,4,True,76,Female,Asian,1.58,59.0,23.63403300753084,2,0.702,0.665,0.662,0.702,0.636,0.698,0.732,-3.4333,train,d:\LUMOS\processed\preprocessed_images\patient_749\AP.png,d:\LUMOS\processed\preprocessed_images\patient_749\Lateral.png
750,d:\LUMOS\lumos_x\lumos_x_741_670_dcm\lumos_x_750\lumos_x_750_1.Dcm,d:\LUMOS\lumos_x\lumos_x_741_670_dcm\lumos_x_750\lumos_x_750_2.Dcm,True,True,True,4,True,63,Female,Asian,1.58,64.0,25.63691716071142,1,0.91,0.895,0.897,0.91,0.926,0.933,0.924,-1.7,train,d:\LUMOS\processed\preprocessed_images\patient_750\AP.png,d:\LUMOS\processed\preprocessed_images\patient_750\Lateral.png
751,d:\LUMOS\lumos_x\lumos_x_741_670_dcm\lumos_x_751\lumos_x_751_1.Dcm,d:\LUMOS\lumos_x\lumos_x_741_670_dcm\lumos_x_751\lumos_x_751_2.Dcm,True,True,True,4,True,85,Female,Asian,1.55,60.0,24.97398543184183,2,0.795,0.706,0.764,0.793,0.795,0.82,0.86,-2.6583,validation,d:\LUMOS\processed\preprocessed_images\patient_751\AP.png,d:\LUMOS\processed\preprocessed_images\patient_751\Lateral.png
752,d:\LUMOS\lumos_x\lumos_x_741_670_dcm\lumos_x_752\lumos_x_752_1.Dcm,d:\LUMOS\lumos_x\lumos_x_741_670_dcm\lumos_x_752\lumos_x_752_2.Dcm,True,True,True,4,True,65,Female,Asian,1.56,65.0,26.709401709401707,1,0.961,0.918,0.93,0.961,0.949,0.982,0.995,-1.275,train,d:\LUMOS\processed\preprocessed_images\patient_752\AP.png,d:\LUMOS\processed\preprocessed_images\patient_752\Lateral.png
753,d:\LUMOS\lumos_x\lumos_x_741_670_dcm\lumos_x_753\lumos_x_753_1.Dcm,d:\LUMOS\lumos_x\lumos_x_741_670_dcm\lumos_x_753\lumos_x_753_2.Dcm,True,True,True,4,True,65,Female,Asian,1.5,62.0,27.55555555555556,2,0.609966084,0.547,0.581,0.611,0.591,0.626,0.663,-4.2003,train,d:\LUMOS\processed\preprocessed_images\patient_753\AP.png,d:\LUMOS\processed\preprocessed_images\patient_753\Lateral.png
754,d:\LUMOS\lumos_x\lumos_x_741_670_dcm\lumos_x_754\lumos_x_754_1.Dcm,d:\LUMOS\lumos_x\lumos_x_741_670_dcm\lumos_x_754\lumos_x_754_2.Dcm,True,True,True,4,True,65,Female,Asian,1.58,54.0,21.63114885435026,2,0.643,0.624,0.649,0.644,0.673,0.657,0.66,-3.925,train,d:\LUMOS\processed\preprocessed_images\patient_754\AP.png,d:\LUMOS\processed\preprocessed_images\patient_754\Lateral.png
755,d:\LUMOS\lumos_x\lumos_x_741_670_dcm\lumos_x_755\lumos_x_755_1.Dcm,d:\LUMOS\lumos_x\lumos_x_741_670_dcm\lumos_x_755\lumos_x_755_2.Dcm,True,True,True,4,True,47,Female,Asian,1.62,64.0,24.38652644413961,0,1.088,0.999,1.048,1.088,1.097,1.13,1.165,-0.2167,train,d:\LUMOS\processed\preprocessed_images\patient_755\AP.png,d:\LUMOS\processed\preprocessed_images\patient_755\Lateral.png
756,d:\LUMOS\lumos_x\lumos_x_741_670_dcm\lumos_x_756\lumos_x_756_1.Dcm,d:\LUMOS\lumos_x\lumos_x_741_670_dcm\lumos_x_756\lumos_x_756_2.Dcm,True,True,True,4,True,62,Female,Asian,1.59,58.0,22.942130453700404,2,0.803,0.759,0.778,0.803,0.784,0.814,0.838,-2.5917,train,d:\LUMOS\processed\preprocessed_images\patient_756\AP.png,d:\LUMOS\processed\preprocessed_images\patient_756\Lateral.png
757,d:\LUMOS\lumos_x\lumos_x_741_670_dcm\lumos_x_757\lumos_x_757_1.Dcm,d:\LUMOS\lumos_x\lumos_x_741_670_dcm\lumos_x_757\lumos_x_757_2.Dcm,True,True,True,4,True,59,Male,Asian,1.64,47.0,17.474717430101133,1,0.866487016,0.796,0.84,0.866,0.888,0.904,0.925,-2.0626,train,d:\LUMOS\processed\preprocessed_images\patient_757\AP.png,d:\LUMOS\processed\preprocessed_images\patient_757\Lateral.png
758,d:\LUMOS\lumos_x\lumos_x_741_670_dcm\lumos_x_758\lumos_x_758_1.Dcm,d:\LUMOS\lumos_x\lumos_x_741_670_dcm\lumos_x_758\lumos_x_758_2.Dcm,True,True,True,4,True,65,Female,Asian,1.64,61.0,22.679952409280197,2,0.814,0.762,0.779,0.814,0.803,0.838,0.853,-2.5,train,d:\LUMOS\processed\preprocessed_images\patient_758\AP.png,d:\LUMOS\processed\preprocessed_images\patient_758\Lateral.png
759,d:\LUMOS\lumos_x\lumos_x_741_670_dcm\lumos_x_759\lumos_x_759_1.Dcm,d:\LUMOS\lumos_x\lumos_x_741_670_dcm\lumos_x_759\lumos_x_759_2.Dcm,True,True,True,4,True,68,Female,Asian,1.64,59.0,21.936347412254616,1,0.843,0.707,0.787,0.843,0.818,0.878,0.956,-2.2583,train,d:\LUMOS\processed\preprocessed_images\patient_759\AP.png,d:\LUMOS\processed\preprocessed_images\patient_759\Lateral.png
760,d:\LUMOS\lumos_x\lumos_x_741_670_dcm\lumos_x_760\lumos_x_760_1.Dcm,d:\LUMOS\lumos_x\lumos_x_741_670_dcm\lumos_x_760\lumos_x_760_2.Dcm,True,True,True,4,True,64,Female,Asian,1.57,63.0,25.558846200657225,2,0.802,0.785,0.831,0.802,0.846,0.804,0.815,-2.6,train,d:\LUMOS\processed\preprocessed_images\patient_760\AP.png,d:\LUMOS\processed\preprocessed_images\patient_760\Lateral.png
761,d:\LUMOS\lumos_x\lumos_x_741_670_dcm\lumos_x_761\lumos_x_761_1.Dcm,d:\LUMOS\lumos_x\lumos_x_741_670_dcm\lumos_x_761\lumos_x_761_2.Dcm,True,True,True,4,True,65,Male,Asian,1.69,64.0,22.40817898532965,1,0.92,0.85,0.875,0.92,0.914,0.96,0.989,-1.6167,train,d:\LUMOS\processed\preprocessed_images\patient_761\AP.png,d:\LUMOS\processed\preprocessed_images\patient_761\Lateral.png
762,d:\LUMOS\lumos_x\lumos_x_741_670_dcm\lumos_x_762\lumos_x_762_1.Dcm,d:\LUMOS\lumos_x\lumos_x_741_670_dcm\lumos_x_762\lumos_x_762_2.Dcm,True,True,True,4,True,36,Male,Asian,1.7,68.0,23.529411764705884,0,1.233,1.219,1.227,1.233,1.259,1.255,1.245,0.9917,train,d:\LUMOS\processed\preprocessed_images\patient_762\AP.png,d:\LUMOS\processed\preprocessed_images\patient_762\Lateral.png
763,d:\LUMOS\lumos_x\lumos_x_741_670_dcm\lumos_x_763\lumos_x_763_1.Dcm,d:\LUMOS\lumos_x\lumos_x_741_670_dcm\lumos_x_763\lumos_x_763_2.Dcm,True,True,True,4,True,30,Male,Asian,1.68,67.0,23.73866213151928,2,0.663,0.996,1.012,0.998,1.033,1.007,0.999,-3.7583,train,d:\LUMOS\processed\preprocessed_images\patient_763\AP.png,d:\LUMOS\processed\preprocessed_images\patient_763\Lateral.png
764,d:\LUMOS\lumos_x\lumos_x_741_670_dcm\lumos_x_764\lumos_x_764_1.Dcm,d:\LUMOS\lumos_x\lumos_x_741_670_dcm\lumos_x_764\lumos_x_764_2.Dcm,True,True,True,4,True,82,Female,Asian,1.62,59.0,22.4813290656912,2,0.689,0.728,0.72,0.689,0.733,0.688,0.658,-3.5417,train,d:\LUMOS\processed\preprocessed_images\patient_764\AP.png,d:\LUMOS\processed\preprocessed_images\patient_764\Lateral.png
765,d:\LUMOS\lumos_x\lumos_x_741_670_dcm\lumos_x_765\lumos_x_765_1.Dcm,d:\LUMOS\lumos_x\lumos_x_741_670_dcm\lumos_x_765\lumos_x_765_2.Dcm,True,True,True,4,True,68,Female,Asian,1.58,46.0,18.42653420926133,2,0.541800339686733,0.53,0.518,0.539,0.508,0.539,0.547,-4.7683,train,d:\LUMOS\processed\preprocessed_images\patient_765\AP.png,d:\LUMOS\processed\preprocessed_images\patient_765\Lateral.png
766,d:\LUMOS\lumos_x\lumos_x_741_670_dcm\lumos_x_766\lumos_x_766_1.Dcm,d:\LUMOS\lumos_x\lumos_x_741_670_dcm\lumos_x_766\lumos_x_766_2.Dcm,True,True,True,4,True,51,Female,Asian,1.59,41.0,16.21771290692615,2,0.81,0.761,0.777,0.81,0.793,0.83,0.852,-2.5333,validation,d:\LUMOS\processed\preprocessed_images\patient_766\AP.png,d:\LUMOS\processed\preprocessed_images\patient_766\Lateral.png
767,d:\LUMOS\lumos_x\lumos_x_741_670_dcm\lumos_x_767\lumos_x_767_1.Dcm,d:\LUMOS\lumos_x\lumos_x_741_670_dcm\lumos_x_767\lumos_x_767_2.Dcm,True,True,True,4,True,78,Female,Asian,1.61,61.0,23.53304270668569,1,0.853,0.729,0.771,0.853,0.817,0.903,0.947,-2.175,test,d:\LUMOS\processed\preprocessed_images\patient_767\AP.png,d:\LUMOS\processed\preprocessed_images\patient_767\Lateral.png
768,d:\LUMOS\lumos_x\lumos_x_741_670_dcm\lumos_x_768\lumos_x_768_1.Dcm,d:\LUMOS\lumos_x\lumos_x_741_670_dcm\lumos_x_768\lumos_x_768_2.Dcm,True,True,True,4,True,73,Female,Asian,1.49,51.0,22.97193820098194,2,0.79,0.709,0.763,0.79,0.789,0.812,0.851,-2.7,train,d:\LUMOS\processed\preprocessed_images\patient_768\AP.png,d:\LUMOS\processed\preprocessed_images\patient_768\Lateral.png
769,d:\LUMOS\lumos_x\lumos_x_741_670_dcm\lumos_x_769\lumos_x_769_1.Dcm,d:\LUMOS\lumos_x\lumos_x_741_670_dcm\lumos_x_769\lumos_x_769_2.Dcm,True,True,True,4,True,64,Female,Asian,1.54,52.0,21.92612582222972,2,0.802438473696094,0.728,0.764,0.802,0.784,0.826,0.86,-2.5963,test,d:\LUMOS\processed\preprocessed_images\patient_769\AP.png,d:\LUMOS\processed\preprocessed_images\patient_769\Lateral.png
770,d:\LUMOS\lumos_x\lumos_x_741_670_dcm\lumos_x_770\lumos_x_770_1.Dcm,d:\LUMOS\lumos_x\lumos_x_741_670_dcm\lumos_x_770\lumos_x_770_2.Dcm,True,True,True,4,True,74,Female,Asian,1.54,64.0,26.98600101197504,1,0.931,0.836,0.899,0.931,0.95,0.97,1.005,-1.525,train,d:\LUMOS\processed\preprocessed_images\patient_770\AP.png,d:\LUMOS\processed\preprocessed_images\patient_770\Lateral.png
771,d:\LUMOS\lumos_x\lumos_x_771_780_dcm\lumos_x_771\lumos_x_771_1.Dcm,d:\LUMOS\lumos_x\lumos_x_771_780_dcm\lumos_x_771\lumos_x_771_2.Dcm,True,True,True,4,True,54,Female,Asian,1.58,46.0,18.42653420926133,0,1.081,1.027,1.052,1.081,1.068,1.099,1.128,-0.275,train,d:\LUMOS\processed\preprocessed_images\patient_771\AP.png,d:\LUMOS\processed\preprocessed_images\patient_771\Lateral.png
772,d:\LUMOS\lumos_x\lumos_x_771_780_dcm\lumos_x_772\lumos_x_772_1.Dcm,d:\LUMOS\lumos_x\lumos_x_771_780_dcm\lumos_x_772\lumos_x_772_2.Dcm,True,True,True,4,True,69,Female,Asian,1.59,61.0,24.128792373719392,1,0.823,0.801,0.83,0.823,0.854,0.836,0.84,-2.425,test,d:\LUMOS\processed\preprocessed_images\patient_772\AP.png,d:\LUMOS\processed\preprocessed_images\patient_772\Lateral.png
773,d:\LUMOS\lumos_x\lumos_x_771_780_dcm\lumos_x_773\lumos_x_773_1.Dcm,d:\LUMOS\lumos_x\lumos_x_771_780_dcm\lumos_x_773\lumos_x_773_2.Dcm,True,True,True,4,True,67,Female,Asian,1.56,50.0,20.5456936226167,2,0.758,0.711,0.732,0.758,0.723,0.759,0.799,-2.9667,test,d:\LUMOS\processed\preprocessed_images\patient_773\AP.png,d:\LUMOS\processed\preprocessed_images\patient_773\Lateral.png
774,d:\LUMOS\lumos_x\lumos_x_771_780_dcm\lumos_x_774\lumos_x_774_1.Dcm,d:\LUMOS\lumos_x\lumos_x_771_780_dcm\lumos_x_774\lumos_x_774_2.Dcm,True,True,True,4,True,53,Female,Asian,1.51,48.0,21.05170825840972,1,0.855,0.781,0.837,0.856,0.855,0.873,0.916,-2.1583,train,d:\LUMOS\processed\preprocessed_images\patient_774\AP.png,d:\LUMOS\processed\preprocessed_images\patient_774\Lateral.png
775,d:\LUMOS\lumos_x\lumos_x_771_780_dcm\lumos_x_775\lumos_x_775_1.Dcm,d:\LUMOS\lumos_x\lumos_x_771_780_dcm\lumos_x_775\lumos_x_775_2.Dcm,True,True,True,4,True,77,Female,Asian,1.49,55.0,24.77365884419621,2,0.69,0.66,0.679,0.69,0.692,0.701,0.716,-3.5333,validation,d:\LUMOS\processed\preprocessed_images\patient_775\AP.png,d:\LUMOS\processed\preprocessed_images\patient_775\Lateral.png
776,d:\LUMOS\lumos_x\lumos_x_771_780_dcm\lumos_x_776\lumos_x_776_1.Dcm,d:\LUMOS\lumos_x\lumos_x_771_780_dcm\lumos_x_776\lumos_x_776_2.Dcm,True,True,True,4,True,69,Female,Asian,1.59,54.0,21.35991456034176,2,0.787,0.743,0.769,0.787,0.789,0.804,0.821,-2.725,train,d:\LUMOS\processed\preprocessed_images\patient_776\AP.png,d:\LUMOS\processed\preprocessed_images\patient_776\Lateral.png
777,d:\LUMOS\lumos_x\lumos_x_771_780_dcm\lumos_x_777\lumos_x_777_1.Dcm,d:\LUMOS\lumos_x\lumos_x_771_780_dcm\lumos_x_777\lumos_x_777_2.Dcm,True,True,True,4,True,64,Female,Asian,1.5,59.0,26.22222222222222,1,0.986270022883295,0.962,0.967,0.986,0.959,0.987,1.008,-1.0644,train,d:\LUMOS\processed\preprocessed_images\patient_777\AP.png,d:\LUMOS\processed\preprocessed_images\patient_777\Lateral.png
778,d:\LUMOS\lumos_x\lumos_x_771_780_dcm\lumos_x_778\lumos_x_778_1.Dcm,d:\LUMOS\lumos_x\lumos_x_771_780_dcm\lumos_x_778\lumos_x_778_2.Dcm,True,True,True,4,True,61,Male,Asian,1.64,66.0,24.538964901844142,1,0.986,0.959,0.952,0.986,0.984,1.016,1.009,-1.0667,validation,d:\LUMOS\processed\preprocessed_images\patient_778\AP.png,d:\LUMOS\processed\preprocessed_images\patient_778\Lateral.png
779,d:\LUMOS\lumos_x\lumos_x_771_780_dcm\lumos_x_779\lumos_x_779_1.Dcm,d:\LUMOS\lumos_x\lumos_x_771_780_dcm\lumos_x_779\lumos_x_779_2.Dcm,True,True,True,4,True,66,Female,Asian,1.45,39.0,18.549346016646847,2,0.718,0.632,0.689,0.717,0.724,0.744,0.778,-3.3,test,d:\LUMOS\processed\preprocessed_images\patient_779\AP.png,d:\LUMOS\processed\preprocessed_images\patient_779\Lateral.png
780,d:\LUMOS\lumos_x\lumos_x_771_780_dcm\lumos_x_780\lumos_x_780_1.Dcm,d:\LUMOS\lumos_x\lumos_x_771_780_dcm\lumos_x_780\lumos_x_780_2.Dcm,True,True,True,4,True,61,Female,Asian,1.63,51.0,19.195302796492157,1,0.935,0.891,0.93,0.935,0.942,0.943,0.967,-1.4917,train,d:\LUMOS\processed\preprocessed_images\patient_780\AP.png,d:\LUMOS\processed\preprocessed_images\patient_780\Lateral.png
781,d:\LUMOS\lumos_x\lumos_x_781_790_dcm\lumos_x_781\lumos_x_781_1.Dcm,d:\LUMOS\lumos_x\lumos_x_781_790_dcm\lumos_x_781\lumos_x_781_2.Dcm,True,True,True,4,True,50,Female,Asian,1.64,55.0,20.449137418203453,1,0.991,0.94,0.962,0.991,0.97,1.004,1.03,-1.025,validation,d:\LUMOS\processed\preprocessed_images\patient_781\AP.png,d:\LUMOS\processed\preprocessed_images\patient_781\Lateral.png
782,d:\LUMOS\lumos_x\lumos_x_781_790_dcm\lumos_x_782\lumos_x_782_1.Dcm,d:\LUMOS\lumos_x\lumos_x_781_790_dcm\lumos_x_782\lumos_x_782_2.Dcm,True,True,True,4,True,69,Male,Asian,1.66,57.0,20.685150239512268,2,0.797,0.888,0.841,0.797,0.781,0.747,0.731,-2.6417,validation,d:\LUMOS\processed\preprocessed_images\patient_782\AP.png,d:\LUMOS\processed\preprocessed_images\patient_782\Lateral.png
783,d:\LUMOS\lumos_x\lumos_x_781_790_dcm\lumos_x_783\lumos_x_783_1.Dcm,d:\LUMOS\lumos_x\lumos_x_781_790_dcm\lumos_x_783\lumos_x_783_2.Dcm,True,True,True,4,True,55,Female,Asian,1.63,55.0,20.70081674131507,0,1.109,1.055,1.108,1.109,1.162,1.143,1.152,-0.0417,train,d:\LUMOS\processed\preprocessed_images\patient_783\AP.png,d:\LUMOS\processed\preprocessed_images\patient_783\Lateral.png
784,d:\LUMOS\lumos_x\lumos_x_781_790_dcm\lumos_x_784\lumos_x_784_1.Dcm,d:\LUMOS\lumos_x\lumos_x_781_790_dcm\lumos_x_784\lumos_x_784_2.Dcm,True,True,True,4,True,82,Female,Asian,1.5,41.0,18.22222222222222,2,0.502,0.524,0.502,0.502,0.461,0.476,0.483,-5.1,train,d:\LUMOS\processed\preprocessed_images\patient_784\AP.png,d:\LUMOS\processed\preprocessed_images\patient_784\Lateral.png
785,d:\LUMOS\lumos_x\lumos_x_781_790_dcm\lumos_x_785\lumos_x_785_1.Dcm,d:\LUMOS\lumos_x\lumos_x_781_790_dcm\lumos_x_785\lumos_x_785_2.Dcm,True,True,True,4,True,61,Female,Asian,1.59,52.0,20.56880661366243,0,1.217,1.172,1.196,1.217,1.229,1.242,1.25,0.8583,train,d:\LUMOS\processed\preprocessed_images\patient_785\AP.png,d:\LUMOS\processed\preprocessed_images\patient_785\Lateral.png
786,d:\LUMOS\lumos_x\lumos_x_781_790_dcm\lumos_x_786\lumos_x_786_1.Dcm,d:\LUMOS\lumos_x\lumos_x_781_790_dcm\lumos_x_786\lumos_x_786_2.Dcm,True,True,True,4,True,55,Female,Asian,1.5,56.0,24.88888888888889,2,0.737,0.701,0.725,0.737,0.731,0.744,0.768,-3.1417,train,d:\LUMOS\processed\preprocessed_images\patient_786\AP.png,d:\LUMOS\processed\preprocessed_images\patient_786\Lateral.png
787,d:\LUMOS\lumos_x\lumos_x_781_790_dcm\lumos_x_787\lumos_x_787_1.Dcm,d:\LUMOS\lumos_x\lumos_x_781_790_dcm\lumos_x_787\lumos_x_787_2.Dcm,True,True,True,4,True,56,Male,Asian,1.66,61.0,22.13673973000436,1,0.951,0.918,0.957,0.951,0.987,0.97,0.984,-1.3583,train,d:\LUMOS\processed\preprocessed_images\patient_787\AP.png,d:\LUMOS\processed\preprocessed_images\patient_787\Lateral.png
788,d:\LUMOS\lumos_x\lumos_x_781_790_dcm\lumos_x_788\lumos_x_788_1.Dcm,d:\LUMOS\lumos_x\lumos_x_781_790_dcm\lumos_x_788\lumos_x_788_2.Dcm,True,True,True,4,True,66,Female,Asian,1.6,53.0,20.703125,1,0.929,0.928,0.939,0.929,0.972,0.948,0.931,-1.5417,validation,d:\LUMOS\processed\preprocessed_images\patient_788\AP.png,d:\LUMOS\processed\preprocessed_images\patient_788\Lateral.png
789,d:\LUMOS\lumos_x\lumos_x_781_790_dcm\lumos_x_789\lumos_x_789_1.Dcm,d:\LUMOS\lumos_x\lumos_x_781_790_dcm\lumos_x_789\lumos_x_789_2.Dcm,True,True,True,4,True,61,Female,Asian,1.5,48.0,21.33333333333333,1,0.9,0.855,0.881,0.9,0.96,0.956,0.938,-1.7833,train,d:\LUMOS\processed\preprocessed_images\patient_789\AP.png,d:\LUMOS\processed\preprocessed_images\patient_789\Lateral.png
790,d:\LUMOS\lumos_x\lumos_x_781_790_dcm\lumos_x_790\lumos_x_790_1.Dcm,d:\LUMOS\lumos_x\lumos_x_781_790_dcm\lumos_x_790\lumos_x_790_2.Dcm,True,True,True,4,True,68,Female,Asian,1.55,57.0,23.725286160249738,0,1.126,1.106,1.122,1.126,1.111,1.12,1.145,0.1,train,d:\LUMOS\processed\preprocessed_images\patient_790\AP.png,d:\LUMOS\processed\preprocessed_images\patient_790\Lateral.png
791,d:\LUMOS\lumos_x\lumos_x_791_803_dcm\lumos_x_791\lumos_x_791_1.Dcm,d:\LUMOS\lumos_x\lumos_x_791_803_dcm\lumos_x_791\lumos_x_791_2.Dcm,True,True,True,4,True,55,Male,Asian,1.7,80.0,27.68166089965398,0,1.238,1.229,1.246,1.238,1.27,1.251,1.246,1.0333,validation,d:\LUMOS\processed\preprocessed_images\patient_791\AP.png,d:\LUMOS\processed\preprocessed_images\patient_791\Lateral.png
792,d:\LUMOS\lumos_x\lumos_x_791_803_dcm\lumos_x_792\lumos_x_792_1.Dcm,d:\LUMOS\lumos_x\lumos_x_791_803_dcm\lumos_x_792\lumos_x_792_2.Dcm,True,True,True,4,True,72,Female,Asian,1.46,34.0,15.950459748545695,2,0.78,0.715,0.765,0.78,0.797,0.805,0.839,-2.7833,train,d:\LUMOS\processed\preprocessed_images\patient_792\AP.png,d:\LUMOS\processed\preprocessed_images\patient_792\Lateral.png
793,d:\LUMOS\lumos_x\lumos_x_791_803_dcm\lumos_x_793\lumos_x_793_1.Dcm,d:\LUMOS\lumos_x\lumos_x_791_803_dcm\lumos_x_793\lumos_x_793_2.Dcm,True,True,True,4,True,50,Female,Asian,1.505,46.0,20.308826613392792,0,1.068,1.018,1.072,1.068,1.111,1.09,1.108,-0.3833,train,d:\LUMOS\processed\preprocessed_images\patient_793\AP.png,d:\LUMOS\processed\preprocessed_images\patient_793\Lateral.png
794,d:\LUMOS\lumos_x\lumos_x_791_803_dcm\lumos_x_794\lumos_x_794_1.Dcm,d:\LUMOS\lumos_x\lumos_x_791_803_dcm\lumos_x_794\lumos_x_794_2.Dcm,True,True,True,4,True,69,Female,Asian,1.55,55.0,22.892819979188346,2,0.559,0.511,0.532,0.551,0.532,0.556,0.58,-4.625,train,d:\LUMOS\processed\preprocessed_images\patient_794\AP.png,d:\LUMOS\processed\preprocessed_images\patient_794\Lateral.png
795,d:\LUMOS\lumos_x\lumos_x_791_803_dcm\lumos_x_795\lumos_x_795_1.Dcm,d:\LUMOS\lumos_x\lumos_x_791_803_dcm\lumos_x_795\lumos_x_795_2.Dcm,True,True,True,4,True,72,Female,Asian,1.49,51.0,22.97193820098194,1,0.939,0.851,0.893,0.939,0.934,0.979,1.016,-1.4583,train,d:\LUMOS\processed\preprocessed_images\patient_795\AP.png,d:\LUMOS\processed\preprocessed_images\patient_795\Lateral.png
796,d:\LUMOS\lumos_x\lumos_x_791_803_dcm\lumos_x_796\lumos_x_796_1.Dcm,d:\LUMOS\lumos_x\lumos_x_791_803_dcm\lumos_x_796\lumos_x_796_2.Dcm,True,True,True,4,True,54,Female,Asian,1.58,50.0,20.0288415318058,1,0.84612096601838,0.809,0.84,0.846,0.846,0.852,0.877,-2.2323,validation,d:\LUMOS\processed\preprocessed_images\patient_796\AP.png,d:\LUMOS\processed\preprocessed_images\patient_796\Lateral.png
797,d:\LUMOS\lumos_x\lumos_x_791_803_dcm\lumos_x_797\lumos_x_797_1.Dcm,d:\LUMOS\lumos_x\lumos_x_791_803_dcm\lumos_x_797\lumos_x_797_2.Dcm,True,True,True,4,True,72,Female,Asian,1.56,59.0,24.243918474687703,2,0.803,0.771,0.769,0.803,0.812,0.84,0.831,-2.5917,train,d:\LUMOS\processed\preprocessed_images\patient_797\AP.png,d:\LUMOS\processed\preprocessed_images\patient_797\Lateral.png
798,d:\LUMOS\lumos_x\lumos_x_791_803_dcm\lumos_x_798\lumos_x_798_1.Dcm,d:\LUMOS\lumos_x\lumos_x_791_803_dcm\lumos_x_798\lumos_x_798_2.Dcm,True,True,True,4,True,76,Female,Asian,1.58,69.0,27.639801313892,0,1.38159706287288,1.216,1.301,1.384,1.328,1.423,1.518,2.23,train,d:\LUMOS\processed\preprocessed_images\patient_798\AP.png,d:\LUMOS\processed\preprocessed_images\patient_798\Lateral.png
799,d:\LUMOS\lumos_x\lumos_x_791_803_dcm\lumos_x_799\lumos_x_799_1.Dcm,d:\LUMOS\lumos_x\lumos_x_791_803_dcm\lumos_x_799\lumos_x_799_2.Dcm,True,True,True,4,True,75,Female,Asian,1.53,59.0,25.20398137468495,1,0.903,0.739,0.774,0.903,0.808,0.959,1.042,-1.7583,train,d:\LUMOS\processed\preprocessed_images\patient_799\AP.png,d:\LUMOS\processed\preprocessed_images\patient_799\Lateral.png
800,d:\LUMOS\lumos_x\lumos_x_791_803_dcm\lumos_x_800\lumos_x_800_1.Dcm,d:\LUMOS\lumos_x\lumos_x_791_803_dcm\lumos_x_800\lumos_x_800_2.Dcm,True,True,True,4,True,64,Female,Asian,1.53,50.0,21.35930624973301,0,1.001,1.024,0.986,1.001,0.875,0.936,0.982,-0.9417,train,d:\LUMOS\processed\preprocessed_images\patient_800\AP.png,d:\LUMOS\processed\preprocessed_images\patient_800\Lateral.png
801,d:\LUMOS\lumos_x\lumos_x_791_803_dcm\lumos_x_801\lumos_x_801_1.Dcm,d:\LUMOS\lumos_x\lumos_x_791_803_dcm\lumos_x_801\lumos_x_801_2.Dcm,True,True,True,4,True,60,Female,Asian,1.615,53.0,20.320332793374806,2,0.68,0.634,0.656,0.679,0.649,0.681,0.717,-3.6167,train,d:\LUMOS\processed\preprocessed_images\patient_801\AP.png,d:\LUMOS\processed\preprocessed_images\patient_801\Lateral.png
802,d:\LUMOS\lumos_x\lumos_x_791_803_dcm\lumos_x_802\lumos_x_802_1.Dcm,d:\LUMOS\lumos_x\lumos_x_791_803_dcm\lumos_x_802\lumos_x_802_2.Dcm,True,True,True,4,True,51,Female,Asian,1.55,54.0,22.476586888657646,0,1.038,0.936,0.986,1.038,1.022,1.076,1.125,-0.6333,train,d:\LUMOS\processed\preprocessed_images\patient_802\AP.png,d:\LUMOS\processed\preprocessed_images\patient_802\Lateral.png
803,d:\LUMOS\lumos_x\lumos_x_791_803_dcm\lumos_x_803\lumos_x_803_1.Dcm,d:\LUMOS\lumos_x\lumos_x_791_803_dcm\lumos_x_803\lumos_x_803_2.Dcm,True,True,True,4,True,74,Male,Asian,1.61,76.0,29.31985648701825,0,1.074,1.037,1.05,1.074,1.071,1.094,1.106,-0.3333,validation,d:\LUMOS\processed\preprocessed_images\patient_803\AP.png,d:\LUMOS\processed\preprocessed_images\patient_803\Lateral.png
