patient_id,ap_status,ap_output,lat_status,lat_output,error
1,OK,d:\LUMOS\processed\preprocessed_images\patient_001\AP.png,OK,d:\LUMOS\processed\preprocessed_images\patient_001\Lateral.png,
2,OK,d:\LUMOS\processed\preprocessed_images\patient_002\AP.png,OK,d:\LUMOS\processed\preprocessed_images\patient_002\Lateral.png,
3,OK,d:\LUMOS\processed\preprocessed_images\patient_003\AP.png,OK,d:\LUMOS\processed\preprocessed_images\patient_003\Lateral.png,
4,OK,d:\LUMOS\processed\preprocessed_images\patient_004\AP.png,OK,d:\LUMOS\processed\preprocessed_images\patient_004\Lateral.png,
5,OK,d:\LUMOS\processed\preprocessed_images\patient_005\AP.png,OK,d:\LUMOS\processed\preprocessed_images\patient_005\Lateral.png,
6,OK,d:\LUMOS\processed\preprocessed_images\patient_006\AP.png,OK,d:\LUMOS\processed\preprocessed_images\patient_006\Lateral.png,
7,OK,d:\LUMOS\processed\preprocessed_images\patient_007\AP.png,OK,d:\LUMOS\processed\preprocessed_images\patient_007\Lateral.png,
9,OK,d:\LUMOS\processed\preprocessed_images\patient_009\AP.png,OK,d:\LUMOS\processed\preprocessed_images\patient_009\Lateral.png,
10,OK,d:\LUMOS\processed\preprocessed_images\patient_010\AP.png,OK,d:\LUMOS\processed\preprocessed_images\patient_010\Lateral.png,
11,OK,d:\LUMOS\processed\preprocessed_images\patient_011\AP.png,OK,d:\LUMOS\processed\preprocessed_images\patient_011\Lateral.png,
12,OK,d:\LUMOS\processed\preprocessed_images\patient_012\AP.png,OK,d:\LUMOS\processed\preprocessed_images\patient_012\Lateral.png,
13,OK,d:\LUMOS\processed\preprocessed_images\patient_013\AP.png,OK,d:\LUMOS\processed\preprocessed_images\patient_013\Lateral.png,
14,OK,d:\LUMOS\processed\preprocessed_images\patient_014\AP.png,OK,d:\LUMOS\processed\preprocessed_images\patient_014\Lateral.png,
15,OK,d:\LUMOS\processed\preprocessed_images\patient_015\AP.png,OK,d:\LUMOS\processed\preprocessed_images\patient_015\Lateral.png,
16,OK,d:\LUMOS\processed\preprocessed_images\patient_016\AP.png,OK,d:\LUMOS\processed\preprocessed_images\patient_016\Lateral.png,
17,OK,d:\LUMOS\processed\preprocessed_images\patient_017\AP.png,OK,d:\LUMOS\processed\preprocessed_images\patient_017\Lateral.png,
18,OK,d:\LUMOS\processed\preprocessed_images\patient_018\AP.png,OK,d:\LUMOS\processed\preprocessed_images\patient_018\Lateral.png,
19,OK,d:\LUMOS\processed\preprocessed_images\patient_019\AP.png,OK,d:\LUMOS\processed\preprocessed_images\patient_019\Lateral.png,
20,OK,d:\LUMOS\processed\preprocessed_images\patient_020\AP.png,OK,d:\LUMOS\processed\preprocessed_images\patient_020\Lateral.png,
21,OK,d:\LUMOS\processed\preprocessed_images\patient_021\AP.png,OK,d:\LUMOS\processed\preprocessed_images\patient_021\Lateral.png,
22,OK,d:\LUMOS\processed\preprocessed_images\patient_022\AP.png,OK,d:\LUMOS\processed\preprocessed_images\patient_022\Lateral.png,
23,OK,d:\LUMOS\processed\preprocessed_images\patient_023\AP.png,OK,d:\LUMOS\processed\preprocessed_images\patient_023\Lateral.png,
24,OK,d:\LUMOS\processed\preprocessed_images\patient_024\AP.png,OK,d:\LUMOS\processed\preprocessed_images\patient_024\Lateral.png,
25,OK,d:\LUMOS\processed\preprocessed_images\patient_025\AP.png,OK,d:\LUMOS\processed\preprocessed_images\patient_025\Lateral.png,
26,OK,d:\LUMOS\processed\preprocessed_images\patient_026\AP.png,OK,d:\LUMOS\processed\preprocessed_images\patient_026\Lateral.png,
27,OK,d:\LUMOS\processed\preprocessed_images\patient_027\AP.png,OK,d:\LUMOS\processed\preprocessed_images\patient_027\Lateral.png,
28,OK,d:\LUMOS\processed\preprocessed_images\patient_028\AP.png,OK,d:\LUMOS\processed\preprocessed_images\patient_028\Lateral.png,
29,OK,d:\LUMOS\processed\preprocessed_images\patient_029\AP.png,OK,d:\LUMOS\processed\preprocessed_images\patient_029\Lateral.png,
30,OK,d:\LUMOS\processed\preprocessed_images\patient_030\AP.png,OK,d:\LUMOS\processed\preprocessed_images\patient_030\Lateral.png,
31,OK,d:\LUMOS\processed\preprocessed_images\patient_031\AP.png,OK,d:\LUMOS\processed\preprocessed_images\patient_031\Lateral.png,
32,OK,d:\LUMOS\processed\preprocessed_images\patient_032\AP.png,OK,d:\LUMOS\processed\preprocessed_images\patient_032\Lateral.png,
33,OK,d:\LUMOS\processed\preprocessed_images\patient_033\AP.png,OK,d:\LUMOS\processed\preprocessed_images\patient_033\Lateral.png,
34,OK,d:\LUMOS\processed\preprocessed_images\patient_034\AP.png,OK,d:\LUMOS\processed\preprocessed_images\patient_034\Lateral.png,
35,OK,d:\LUMOS\processed\preprocessed_images\patient_035\AP.png,OK,d:\LUMOS\processed\preprocessed_images\patient_035\Lateral.png,
36,OK,d:\LUMOS\processed\preprocessed_images\patient_036\AP.png,OK,d:\LUMOS\processed\preprocessed_images\patient_036\Lateral.png,
37,OK,d:\LUMOS\processed\preprocessed_images\patient_037\AP.png,OK,d:\LUMOS\processed\preprocessed_images\patient_037\Lateral.png,
38,OK,d:\LUMOS\processed\preprocessed_images\patient_038\AP.png,OK,d:\LUMOS\processed\preprocessed_images\patient_038\Lateral.png,
39,OK,d:\LUMOS\processed\preprocessed_images\patient_039\AP.png,OK,d:\LUMOS\processed\preprocessed_images\patient_039\Lateral.png,
40,OK,d:\LUMOS\processed\preprocessed_images\patient_040\AP.png,OK,d:\LUMOS\processed\preprocessed_images\patient_040\Lateral.png,
41,OK,d:\LUMOS\processed\preprocessed_images\patient_041\AP.png,OK,d:\LUMOS\processed\preprocessed_images\patient_041\Lateral.png,
42,OK,d:\LUMOS\processed\preprocessed_images\patient_042\AP.png,OK,d:\LUMOS\processed\preprocessed_images\patient_042\Lateral.png,
43,OK,d:\LUMOS\processed\preprocessed_images\patient_043\AP.png,OK,d:\LUMOS\processed\preprocessed_images\patient_043\Lateral.png,
44,OK,d:\LUMOS\processed\preprocessed_images\patient_044\AP.png,OK,d:\LUMOS\processed\preprocessed_images\patient_044\Lateral.png,
45,OK,d:\LUMOS\processed\preprocessed_images\patient_045\AP.png,OK,d:\LUMOS\processed\preprocessed_images\patient_045\Lateral.png,
46,OK,d:\LUMOS\processed\preprocessed_images\patient_046\AP.png,OK,d:\LUMOS\processed\preprocessed_images\patient_046\Lateral.png,
47,OK,d:\LUMOS\processed\preprocessed_images\patient_047\AP.png,OK,d:\LUMOS\processed\preprocessed_images\patient_047\Lateral.png,
48,OK,d:\LUMOS\processed\preprocessed_images\patient_048\AP.png,OK,d:\LUMOS\processed\preprocessed_images\patient_048\Lateral.png,
49,OK,d:\LUMOS\processed\preprocessed_images\patient_049\AP.png,OK,d:\LUMOS\processed\preprocessed_images\patient_049\Lateral.png,
50,OK,d:\LUMOS\processed\preprocessed_images\patient_050\AP.png,OK,d:\LUMOS\processed\preprocessed_images\patient_050\Lateral.png,
51,OK,d:\LUMOS\processed\preprocessed_images\patient_051\AP.png,OK,d:\LUMOS\processed\preprocessed_images\patient_051\Lateral.png,
52,OK,d:\LUMOS\processed\preprocessed_images\patient_052\AP.png,OK,d:\LUMOS\processed\preprocessed_images\patient_052\Lateral.png,
53,OK,d:\LUMOS\processed\preprocessed_images\patient_053\AP.png,OK,d:\LUMOS\processed\preprocessed_images\patient_053\Lateral.png,
54,OK,d:\LUMOS\processed\preprocessed_images\patient_054\AP.png,OK,d:\LUMOS\processed\preprocessed_images\patient_054\Lateral.png,
55,OK,d:\LUMOS\processed\preprocessed_images\patient_055\AP.png,OK,d:\LUMOS\processed\preprocessed_images\patient_055\Lateral.png,
56,OK,d:\LUMOS\processed\preprocessed_images\patient_056\AP.png,OK,d:\LUMOS\processed\preprocessed_images\patient_056\Lateral.png,
57,OK,d:\LUMOS\processed\preprocessed_images\patient_057\AP.png,OK,d:\LUMOS\processed\preprocessed_images\patient_057\Lateral.png,
58,OK,d:\LUMOS\processed\preprocessed_images\patient_058\AP.png,OK,d:\LUMOS\processed\preprocessed_images\patient_058\Lateral.png,
59,OK,d:\LUMOS\processed\preprocessed_images\patient_059\AP.png,OK,d:\LUMOS\processed\preprocessed_images\patient_059\Lateral.png,
60,OK,d:\LUMOS\processed\preprocessed_images\patient_060\AP.png,OK,d:\LUMOS\processed\preprocessed_images\patient_060\Lateral.png,
61,OK,d:\LUMOS\processed\preprocessed_images\patient_061\AP.png,OK,d:\LUMOS\processed\preprocessed_images\patient_061\Lateral.png,
62,OK,d:\LUMOS\processed\preprocessed_images\patient_062\AP.png,OK,d:\LUMOS\processed\preprocessed_images\patient_062\Lateral.png,
63,OK,d:\LUMOS\processed\preprocessed_images\patient_063\AP.png,OK,d:\LUMOS\processed\preprocessed_images\patient_063\Lateral.png,
64,OK,d:\LUMOS\processed\preprocessed_images\patient_064\AP.png,OK,d:\LUMOS\processed\preprocessed_images\patient_064\Lateral.png,
65,OK,d:\LUMOS\processed\preprocessed_images\patient_065\AP.png,OK,d:\LUMOS\processed\preprocessed_images\patient_065\Lateral.png,
66,OK,d:\LUMOS\processed\preprocessed_images\patient_066\AP.png,OK,d:\LUMOS\processed\preprocessed_images\patient_066\Lateral.png,
67,OK,d:\LUMOS\processed\preprocessed_images\patient_067\AP.png,OK,d:\LUMOS\processed\preprocessed_images\patient_067\Lateral.png,
68,OK,d:\LUMOS\processed\preprocessed_images\patient_068\AP.png,OK,d:\LUMOS\processed\preprocessed_images\patient_068\Lateral.png,
69,OK,d:\LUMOS\processed\preprocessed_images\patient_069\AP.png,OK,d:\LUMOS\processed\preprocessed_images\patient_069\Lateral.png,
70,OK,d:\LUMOS\processed\preprocessed_images\patient_070\AP.png,OK,d:\LUMOS\processed\preprocessed_images\patient_070\Lateral.png,
71,OK,d:\LUMOS\processed\preprocessed_images\patient_071\AP.png,OK,d:\LUMOS\processed\preprocessed_images\patient_071\Lateral.png,
72,OK,d:\LUMOS\processed\preprocessed_images\patient_072\AP.png,OK,d:\LUMOS\processed\preprocessed_images\patient_072\Lateral.png,
73,OK,d:\LUMOS\processed\preprocessed_images\patient_073\AP.png,OK,d:\LUMOS\processed\preprocessed_images\patient_073\Lateral.png,
74,OK,d:\LUMOS\processed\preprocessed_images\patient_074\AP.png,OK,d:\LUMOS\processed\preprocessed_images\patient_074\Lateral.png,
75,OK,d:\LUMOS\processed\preprocessed_images\patient_075\AP.png,OK,d:\LUMOS\processed\preprocessed_images\patient_075\Lateral.png,
76,OK,d:\LUMOS\processed\preprocessed_images\patient_076\AP.png,OK,d:\LUMOS\processed\preprocessed_images\patient_076\Lateral.png,
77,OK,d:\LUMOS\processed\preprocessed_images\patient_077\AP.png,OK,d:\LUMOS\processed\preprocessed_images\patient_077\Lateral.png,
78,OK,d:\LUMOS\processed\preprocessed_images\patient_078\AP.png,OK,d:\LUMOS\processed\preprocessed_images\patient_078\Lateral.png,
79,OK,d:\LUMOS\processed\preprocessed_images\patient_079\AP.png,OK,d:\LUMOS\processed\preprocessed_images\patient_079\Lateral.png,
80,OK,d:\LUMOS\processed\preprocessed_images\patient_080\AP.png,OK,d:\LUMOS\processed\preprocessed_images\patient_080\Lateral.png,
81,OK,d:\LUMOS\processed\preprocessed_images\patient_081\AP.png,OK,d:\LUMOS\processed\preprocessed_images\patient_081\Lateral.png,
82,OK,d:\LUMOS\processed\preprocessed_images\patient_082\AP.png,OK,d:\LUMOS\processed\preprocessed_images\patient_082\Lateral.png,
83,OK,d:\LUMOS\processed\preprocessed_images\patient_083\AP.png,OK,d:\LUMOS\processed\preprocessed_images\patient_083\Lateral.png,
84,OK,d:\LUMOS\processed\preprocessed_images\patient_084\AP.png,OK,d:\LUMOS\processed\preprocessed_images\patient_084\Lateral.png,
85,OK,d:\LUMOS\processed\preprocessed_images\patient_085\AP.png,OK,d:\LUMOS\processed\preprocessed_images\patient_085\Lateral.png,
86,OK,d:\LUMOS\processed\preprocessed_images\patient_086\AP.png,OK,d:\LUMOS\processed\preprocessed_images\patient_086\Lateral.png,
87,OK,d:\LUMOS\processed\preprocessed_images\patient_087\AP.png,OK,d:\LUMOS\processed\preprocessed_images\patient_087\Lateral.png,
88,OK,d:\LUMOS\processed\preprocessed_images\patient_088\AP.png,OK,d:\LUMOS\processed\preprocessed_images\patient_088\Lateral.png,
89,OK,d:\LUMOS\processed\preprocessed_images\patient_089\AP.png,OK,d:\LUMOS\processed\preprocessed_images\patient_089\Lateral.png,
90,OK,d:\LUMOS\processed\preprocessed_images\patient_090\AP.png,OK,d:\LUMOS\processed\preprocessed_images\patient_090\Lateral.png,
91,OK,d:\LUMOS\processed\preprocessed_images\patient_091\AP.png,OK,d:\LUMOS\processed\preprocessed_images\patient_091\Lateral.png,
92,OK,d:\LUMOS\processed\preprocessed_images\patient_092\AP.png,OK,d:\LUMOS\processed\preprocessed_images\patient_092\Lateral.png,
93,OK,d:\LUMOS\processed\preprocessed_images\patient_093\AP.png,OK,d:\LUMOS\processed\preprocessed_images\patient_093\Lateral.png,
94,OK,d:\LUMOS\processed\preprocessed_images\patient_094\AP.png,OK,d:\LUMOS\processed\preprocessed_images\patient_094\Lateral.png,
95,OK,d:\LUMOS\processed\preprocessed_images\patient_095\AP.png,OK,d:\LUMOS\processed\preprocessed_images\patient_095\Lateral.png,
96,OK,d:\LUMOS\processed\preprocessed_images\patient_096\AP.png,OK,d:\LUMOS\processed\preprocessed_images\patient_096\Lateral.png,
97,OK,d:\LUMOS\processed\preprocessed_images\patient_097\AP.png,OK,d:\LUMOS\processed\preprocessed_images\patient_097\Lateral.png,
98,OK,d:\LUMOS\processed\preprocessed_images\patient_098\AP.png,OK,d:\LUMOS\processed\preprocessed_images\patient_098\Lateral.png,
99,OK,d:\LUMOS\processed\preprocessed_images\patient_099\AP.png,OK,d:\LUMOS\processed\preprocessed_images\patient_099\Lateral.png,
100,OK,d:\LUMOS\processed\preprocessed_images\patient_100\AP.png,OK,d:\LUMOS\processed\preprocessed_images\patient_100\Lateral.png,
101,OK,d:\LUMOS\processed\preprocessed_images\patient_101\AP.png,OK,d:\LUMOS\processed\preprocessed_images\patient_101\Lateral.png,
102,OK,d:\LUMOS\processed\preprocessed_images\patient_102\AP.png,OK,d:\LUMOS\processed\preprocessed_images\patient_102\Lateral.png,
103,OK,d:\LUMOS\processed\preprocessed_images\patient_103\AP.png,OK,d:\LUMOS\processed\preprocessed_images\patient_103\Lateral.png,
104,OK,d:\LUMOS\processed\preprocessed_images\patient_104\AP.png,OK,d:\LUMOS\processed\preprocessed_images\patient_104\Lateral.png,
105,OK,d:\LUMOS\processed\preprocessed_images\patient_105\AP.png,OK,d:\LUMOS\processed\preprocessed_images\patient_105\Lateral.png,
106,OK,d:\LUMOS\processed\preprocessed_images\patient_106\AP.png,OK,d:\LUMOS\processed\preprocessed_images\patient_106\Lateral.png,
107,OK,d:\LUMOS\processed\preprocessed_images\patient_107\AP.png,OK,d:\LUMOS\processed\preprocessed_images\patient_107\Lateral.png,
108,OK,d:\LUMOS\processed\preprocessed_images\patient_108\AP.png,OK,d:\LUMOS\processed\preprocessed_images\patient_108\Lateral.png,
109,OK,d:\LUMOS\processed\preprocessed_images\patient_109\AP.png,OK,d:\LUMOS\processed\preprocessed_images\patient_109\Lateral.png,
110,OK,d:\LUMOS\processed\preprocessed_images\patient_110\AP.png,OK,d:\LUMOS\processed\preprocessed_images\patient_110\Lateral.png,
111,OK,d:\LUMOS\processed\preprocessed_images\patient_111\AP.png,OK,d:\LUMOS\processed\preprocessed_images\patient_111\Lateral.png,
112,OK,d:\LUMOS\processed\preprocessed_images\patient_112\AP.png,OK,d:\LUMOS\processed\preprocessed_images\patient_112\Lateral.png,
113,OK,d:\LUMOS\processed\preprocessed_images\patient_113\AP.png,OK,d:\LUMOS\processed\preprocessed_images\patient_113\Lateral.png,
114,OK,d:\LUMOS\processed\preprocessed_images\patient_114\AP.png,OK,d:\LUMOS\processed\preprocessed_images\patient_114\Lateral.png,
115,OK,d:\LUMOS\processed\preprocessed_images\patient_115\AP.png,OK,d:\LUMOS\processed\preprocessed_images\patient_115\Lateral.png,
116,OK,d:\LUMOS\processed\preprocessed_images\patient_116\AP.png,OK,d:\LUMOS\processed\preprocessed_images\patient_116\Lateral.png,
117,OK,d:\LUMOS\processed\preprocessed_images\patient_117\AP.png,OK,d:\LUMOS\processed\preprocessed_images\patient_117\Lateral.png,
118,OK,d:\LUMOS\processed\preprocessed_images\patient_118\AP.png,OK,d:\LUMOS\processed\preprocessed_images\patient_118\Lateral.png,
119,OK,d:\LUMOS\processed\preprocessed_images\patient_119\AP.png,OK,d:\LUMOS\processed\preprocessed_images\patient_119\Lateral.png,
120,OK,d:\LUMOS\processed\preprocessed_images\patient_120\AP.png,OK,d:\LUMOS\processed\preprocessed_images\patient_120\Lateral.png,
121,OK,d:\LUMOS\processed\preprocessed_images\patient_121\AP.png,OK,d:\LUMOS\processed\preprocessed_images\patient_121\Lateral.png,
122,OK,d:\LUMOS\processed\preprocessed_images\patient_122\AP.png,OK,d:\LUMOS\processed\preprocessed_images\patient_122\Lateral.png,
123,OK,d:\LUMOS\processed\preprocessed_images\patient_123\AP.png,OK,d:\LUMOS\processed\preprocessed_images\patient_123\Lateral.png,
124,OK,d:\LUMOS\processed\preprocessed_images\patient_124\AP.png,OK,d:\LUMOS\processed\preprocessed_images\patient_124\Lateral.png,
125,OK,d:\LUMOS\processed\preprocessed_images\patient_125\AP.png,OK,d:\LUMOS\processed\preprocessed_images\patient_125\Lateral.png,
126,OK,d:\LUMOS\processed\preprocessed_images\patient_126\AP.png,OK,d:\LUMOS\processed\preprocessed_images\patient_126\Lateral.png,
127,OK,d:\LUMOS\processed\preprocessed_images\patient_127\AP.png,OK,d:\LUMOS\processed\preprocessed_images\patient_127\Lateral.png,
128,OK,d:\LUMOS\processed\preprocessed_images\patient_128\AP.png,OK,d:\LUMOS\processed\preprocessed_images\patient_128\Lateral.png,
129,OK,d:\LUMOS\processed\preprocessed_images\patient_129\AP.png,OK,d:\LUMOS\processed\preprocessed_images\patient_129\Lateral.png,
130,OK,d:\LUMOS\processed\preprocessed_images\patient_130\AP.png,OK,d:\LUMOS\processed\preprocessed_images\patient_130\Lateral.png,
131,OK,d:\LUMOS\processed\preprocessed_images\patient_131\AP.png,OK,d:\LUMOS\processed\preprocessed_images\patient_131\Lateral.png,
132,OK,d:\LUMOS\processed\preprocessed_images\patient_132\AP.png,OK,d:\LUMOS\processed\preprocessed_images\patient_132\Lateral.png,
133,OK,d:\LUMOS\processed\preprocessed_images\patient_133\AP.png,OK,d:\LUMOS\processed\preprocessed_images\patient_133\Lateral.png,
134,OK,d:\LUMOS\processed\preprocessed_images\patient_134\AP.png,OK,d:\LUMOS\processed\preprocessed_images\patient_134\Lateral.png,
135,OK,d:\LUMOS\processed\preprocessed_images\patient_135\AP.png,OK,d:\LUMOS\processed\preprocessed_images\patient_135\Lateral.png,
136,OK,d:\LUMOS\processed\preprocessed_images\patient_136\AP.png,OK,d:\LUMOS\processed\preprocessed_images\patient_136\Lateral.png,
137,OK,d:\LUMOS\processed\preprocessed_images\patient_137\AP.png,OK,d:\LUMOS\processed\preprocessed_images\patient_137\Lateral.png,
138,OK,d:\LUMOS\processed\preprocessed_images\patient_138\AP.png,OK,d:\LUMOS\processed\preprocessed_images\patient_138\Lateral.png,
139,OK,d:\LUMOS\processed\preprocessed_images\patient_139\AP.png,OK,d:\LUMOS\processed\preprocessed_images\patient_139\Lateral.png,
140,OK,d:\LUMOS\processed\preprocessed_images\patient_140\AP.png,OK,d:\LUMOS\processed\preprocessed_images\patient_140\Lateral.png,
141,OK,d:\LUMOS\processed\preprocessed_images\patient_141\AP.png,OK,d:\LUMOS\processed\preprocessed_images\patient_141\Lateral.png,
142,OK,d:\LUMOS\processed\preprocessed_images\patient_142\AP.png,OK,d:\LUMOS\processed\preprocessed_images\patient_142\Lateral.png,
143,OK,d:\LUMOS\processed\preprocessed_images\patient_143\AP.png,OK,d:\LUMOS\processed\preprocessed_images\patient_143\Lateral.png,
144,OK,d:\LUMOS\processed\preprocessed_images\patient_144\AP.png,OK,d:\LUMOS\processed\preprocessed_images\patient_144\Lateral.png,
145,OK,d:\LUMOS\processed\preprocessed_images\patient_145\AP.png,OK,d:\LUMOS\processed\preprocessed_images\patient_145\Lateral.png,
146,OK,d:\LUMOS\processed\preprocessed_images\patient_146\AP.png,OK,d:\LUMOS\processed\preprocessed_images\patient_146\Lateral.png,
147,OK,d:\LUMOS\processed\preprocessed_images\patient_147\AP.png,OK,d:\LUMOS\processed\preprocessed_images\patient_147\Lateral.png,
148,OK,d:\LUMOS\processed\preprocessed_images\patient_148\AP.png,OK,d:\LUMOS\processed\preprocessed_images\patient_148\Lateral.png,
149,OK,d:\LUMOS\processed\preprocessed_images\patient_149\AP.png,OK,d:\LUMOS\processed\preprocessed_images\patient_149\Lateral.png,
150,OK,d:\LUMOS\processed\preprocessed_images\patient_150\AP.png,OK,d:\LUMOS\processed\preprocessed_images\patient_150\Lateral.png,
151,OK,d:\LUMOS\processed\preprocessed_images\patient_151\AP.png,OK,d:\LUMOS\processed\preprocessed_images\patient_151\Lateral.png,
152,OK,d:\LUMOS\processed\preprocessed_images\patient_152\AP.png,OK,d:\LUMOS\processed\preprocessed_images\patient_152\Lateral.png,
153,OK,d:\LUMOS\processed\preprocessed_images\patient_153\AP.png,OK,d:\LUMOS\processed\preprocessed_images\patient_153\Lateral.png,
154,OK,d:\LUMOS\processed\preprocessed_images\patient_154\AP.png,OK,d:\LUMOS\processed\preprocessed_images\patient_154\Lateral.png,
155,OK,d:\LUMOS\processed\preprocessed_images\patient_155\AP.png,OK,d:\LUMOS\processed\preprocessed_images\patient_155\Lateral.png,
156,OK,d:\LUMOS\processed\preprocessed_images\patient_156\AP.png,OK,d:\LUMOS\processed\preprocessed_images\patient_156\Lateral.png,
157,OK,d:\LUMOS\processed\preprocessed_images\patient_157\AP.png,OK,d:\LUMOS\processed\preprocessed_images\patient_157\Lateral.png,
158,OK,d:\LUMOS\processed\preprocessed_images\patient_158\AP.png,OK,d:\LUMOS\processed\preprocessed_images\patient_158\Lateral.png,
159,OK,d:\LUMOS\processed\preprocessed_images\patient_159\AP.png,OK,d:\LUMOS\processed\preprocessed_images\patient_159\Lateral.png,
160,OK,d:\LUMOS\processed\preprocessed_images\patient_160\AP.png,OK,d:\LUMOS\processed\preprocessed_images\patient_160\Lateral.png,
161,OK,d:\LUMOS\processed\preprocessed_images\patient_161\AP.png,OK,d:\LUMOS\processed\preprocessed_images\patient_161\Lateral.png,
162,OK,d:\LUMOS\processed\preprocessed_images\patient_162\AP.png,OK,d:\LUMOS\processed\preprocessed_images\patient_162\Lateral.png,
163,OK,d:\LUMOS\processed\preprocessed_images\patient_163\AP.png,OK,d:\LUMOS\processed\preprocessed_images\patient_163\Lateral.png,
164,OK,d:\LUMOS\processed\preprocessed_images\patient_164\AP.png,OK,d:\LUMOS\processed\preprocessed_images\patient_164\Lateral.png,
165,OK,d:\LUMOS\processed\preprocessed_images\patient_165\AP.png,OK,d:\LUMOS\processed\preprocessed_images\patient_165\Lateral.png,
166,OK,d:\LUMOS\processed\preprocessed_images\patient_166\AP.png,OK,d:\LUMOS\processed\preprocessed_images\patient_166\Lateral.png,
167,OK,d:\LUMOS\processed\preprocessed_images\patient_167\AP.png,OK,d:\LUMOS\processed\preprocessed_images\patient_167\Lateral.png,
168,OK,d:\LUMOS\processed\preprocessed_images\patient_168\AP.png,OK,d:\LUMOS\processed\preprocessed_images\patient_168\Lateral.png,
169,OK,d:\LUMOS\processed\preprocessed_images\patient_169\AP.png,OK,d:\LUMOS\processed\preprocessed_images\patient_169\Lateral.png,
170,OK,d:\LUMOS\processed\preprocessed_images\patient_170\AP.png,OK,d:\LUMOS\processed\preprocessed_images\patient_170\Lateral.png,
171,OK,d:\LUMOS\processed\preprocessed_images\patient_171\AP.png,OK,d:\LUMOS\processed\preprocessed_images\patient_171\Lateral.png,
172,OK,d:\LUMOS\processed\preprocessed_images\patient_172\AP.png,OK,d:\LUMOS\processed\preprocessed_images\patient_172\Lateral.png,
173,OK,d:\LUMOS\processed\preprocessed_images\patient_173\AP.png,OK,d:\LUMOS\processed\preprocessed_images\patient_173\Lateral.png,
174,OK,d:\LUMOS\processed\preprocessed_images\patient_174\AP.png,OK,d:\LUMOS\processed\preprocessed_images\patient_174\Lateral.png,
175,OK,d:\LUMOS\processed\preprocessed_images\patient_175\AP.png,OK,d:\LUMOS\processed\preprocessed_images\patient_175\Lateral.png,
176,OK,d:\LUMOS\processed\preprocessed_images\patient_176\AP.png,OK,d:\LUMOS\processed\preprocessed_images\patient_176\Lateral.png,
177,OK,d:\LUMOS\processed\preprocessed_images\patient_177\AP.png,OK,d:\LUMOS\processed\preprocessed_images\patient_177\Lateral.png,
178,OK,d:\LUMOS\processed\preprocessed_images\patient_178\AP.png,OK,d:\LUMOS\processed\preprocessed_images\patient_178\Lateral.png,
179,OK,d:\LUMOS\processed\preprocessed_images\patient_179\AP.png,OK,d:\LUMOS\processed\preprocessed_images\patient_179\Lateral.png,
180,OK,d:\LUMOS\processed\preprocessed_images\patient_180\AP.png,OK,d:\LUMOS\processed\preprocessed_images\patient_180\Lateral.png,
181,OK,d:\LUMOS\processed\preprocessed_images\patient_181\AP.png,OK,d:\LUMOS\processed\preprocessed_images\patient_181\Lateral.png,
182,OK,d:\LUMOS\processed\preprocessed_images\patient_182\AP.png,OK,d:\LUMOS\processed\preprocessed_images\patient_182\Lateral.png,
183,OK,d:\LUMOS\processed\preprocessed_images\patient_183\AP.png,OK,d:\LUMOS\processed\preprocessed_images\patient_183\Lateral.png,
184,OK,d:\LUMOS\processed\preprocessed_images\patient_184\AP.png,OK,d:\LUMOS\processed\preprocessed_images\patient_184\Lateral.png,
185,OK,d:\LUMOS\processed\preprocessed_images\patient_185\AP.png,OK,d:\LUMOS\processed\preprocessed_images\patient_185\Lateral.png,
186,OK,d:\LUMOS\processed\preprocessed_images\patient_186\AP.png,OK,d:\LUMOS\processed\preprocessed_images\patient_186\Lateral.png,
187,OK,d:\LUMOS\processed\preprocessed_images\patient_187\AP.png,OK,d:\LUMOS\processed\preprocessed_images\patient_187\Lateral.png,
188,OK,d:\LUMOS\processed\preprocessed_images\patient_188\AP.png,OK,d:\LUMOS\processed\preprocessed_images\patient_188\Lateral.png,
189,OK,d:\LUMOS\processed\preprocessed_images\patient_189\AP.png,OK,d:\LUMOS\processed\preprocessed_images\patient_189\Lateral.png,
190,OK,d:\LUMOS\processed\preprocessed_images\patient_190\AP.png,OK,d:\LUMOS\processed\preprocessed_images\patient_190\Lateral.png,
191,OK,d:\LUMOS\processed\preprocessed_images\patient_191\AP.png,OK,d:\LUMOS\processed\preprocessed_images\patient_191\Lateral.png,
192,OK,d:\LUMOS\processed\preprocessed_images\patient_192\AP.png,OK,d:\LUMOS\processed\preprocessed_images\patient_192\Lateral.png,
193,OK,d:\LUMOS\processed\preprocessed_images\patient_193\AP.png,OK,d:\LUMOS\processed\preprocessed_images\patient_193\Lateral.png,
194,OK,d:\LUMOS\processed\preprocessed_images\patient_194\AP.png,OK,d:\LUMOS\processed\preprocessed_images\patient_194\Lateral.png,
195,OK,d:\LUMOS\processed\preprocessed_images\patient_195\AP.png,OK,d:\LUMOS\processed\preprocessed_images\patient_195\Lateral.png,
196,OK,d:\LUMOS\processed\preprocessed_images\patient_196\AP.png,OK,d:\LUMOS\processed\preprocessed_images\patient_196\Lateral.png,
197,OK,d:\LUMOS\processed\preprocessed_images\patient_197\AP.png,OK,d:\LUMOS\processed\preprocessed_images\patient_197\Lateral.png,
198,OK,d:\LUMOS\processed\preprocessed_images\patient_198\AP.png,OK,d:\LUMOS\processed\preprocessed_images\patient_198\Lateral.png,
199,OK,d:\LUMOS\processed\preprocessed_images\patient_199\AP.png,OK,d:\LUMOS\processed\preprocessed_images\patient_199\Lateral.png,
200,OK,d:\LUMOS\processed\preprocessed_images\patient_200\AP.png,OK,d:\LUMOS\processed\preprocessed_images\patient_200\Lateral.png,
201,OK,d:\LUMOS\processed\preprocessed_images\patient_201\AP.png,OK,d:\LUMOS\processed\preprocessed_images\patient_201\Lateral.png,
202,OK,d:\LUMOS\processed\preprocessed_images\patient_202\AP.png,OK,d:\LUMOS\processed\preprocessed_images\patient_202\Lateral.png,
203,OK,d:\LUMOS\processed\preprocessed_images\patient_203\AP.png,OK,d:\LUMOS\processed\preprocessed_images\patient_203\Lateral.png,
204,OK,d:\LUMOS\processed\preprocessed_images\patient_204\AP.png,OK,d:\LUMOS\processed\preprocessed_images\patient_204\Lateral.png,
205,OK,d:\LUMOS\processed\preprocessed_images\patient_205\AP.png,OK,d:\LUMOS\processed\preprocessed_images\patient_205\Lateral.png,
206,OK,d:\LUMOS\processed\preprocessed_images\patient_206\AP.png,OK,d:\LUMOS\processed\preprocessed_images\patient_206\Lateral.png,
207,OK,d:\LUMOS\processed\preprocessed_images\patient_207\AP.png,OK,d:\LUMOS\processed\preprocessed_images\patient_207\Lateral.png,
208,OK,d:\LUMOS\processed\preprocessed_images\patient_208\AP.png,OK,d:\LUMOS\processed\preprocessed_images\patient_208\Lateral.png,
209,OK,d:\LUMOS\processed\preprocessed_images\patient_209\AP.png,OK,d:\LUMOS\processed\preprocessed_images\patient_209\Lateral.png,
210,OK,d:\LUMOS\processed\preprocessed_images\patient_210\AP.png,OK,d:\LUMOS\processed\preprocessed_images\patient_210\Lateral.png,
211,OK,d:\LUMOS\processed\preprocessed_images\patient_211\AP.png,OK,d:\LUMOS\processed\preprocessed_images\patient_211\Lateral.png,
212,OK,d:\LUMOS\processed\preprocessed_images\patient_212\AP.png,OK,d:\LUMOS\processed\preprocessed_images\patient_212\Lateral.png,
213,OK,d:\LUMOS\processed\preprocessed_images\patient_213\AP.png,OK,d:\LUMOS\processed\preprocessed_images\patient_213\Lateral.png,
214,OK,d:\LUMOS\processed\preprocessed_images\patient_214\AP.png,OK,d:\LUMOS\processed\preprocessed_images\patient_214\Lateral.png,
215,OK,d:\LUMOS\processed\preprocessed_images\patient_215\AP.png,OK,d:\LUMOS\processed\preprocessed_images\patient_215\Lateral.png,
216,OK,d:\LUMOS\processed\preprocessed_images\patient_216\AP.png,OK,d:\LUMOS\processed\preprocessed_images\patient_216\Lateral.png,
217,OK,d:\LUMOS\processed\preprocessed_images\patient_217\AP.png,OK,d:\LUMOS\processed\preprocessed_images\patient_217\Lateral.png,
218,OK,d:\LUMOS\processed\preprocessed_images\patient_218\AP.png,OK,d:\LUMOS\processed\preprocessed_images\patient_218\Lateral.png,
219,OK,d:\LUMOS\processed\preprocessed_images\patient_219\AP.png,OK,d:\LUMOS\processed\preprocessed_images\patient_219\Lateral.png,
220,OK,d:\LUMOS\processed\preprocessed_images\patient_220\AP.png,OK,d:\LUMOS\processed\preprocessed_images\patient_220\Lateral.png,
221,OK,d:\LUMOS\processed\preprocessed_images\patient_221\AP.png,OK,d:\LUMOS\processed\preprocessed_images\patient_221\Lateral.png,
222,OK,d:\LUMOS\processed\preprocessed_images\patient_222\AP.png,OK,d:\LUMOS\processed\preprocessed_images\patient_222\Lateral.png,
223,OK,d:\LUMOS\processed\preprocessed_images\patient_223\AP.png,OK,d:\LUMOS\processed\preprocessed_images\patient_223\Lateral.png,
224,OK,d:\LUMOS\processed\preprocessed_images\patient_224\AP.png,OK,d:\LUMOS\processed\preprocessed_images\patient_224\Lateral.png,
225,OK,d:\LUMOS\processed\preprocessed_images\patient_225\AP.png,OK,d:\LUMOS\processed\preprocessed_images\patient_225\Lateral.png,
226,OK,d:\LUMOS\processed\preprocessed_images\patient_226\AP.png,OK,d:\LUMOS\processed\preprocessed_images\patient_226\Lateral.png,
227,OK,d:\LUMOS\processed\preprocessed_images\patient_227\AP.png,OK,d:\LUMOS\processed\preprocessed_images\patient_227\Lateral.png,
228,OK,d:\LUMOS\processed\preprocessed_images\patient_228\AP.png,OK,d:\LUMOS\processed\preprocessed_images\patient_228\Lateral.png,
229,OK,d:\LUMOS\processed\preprocessed_images\patient_229\AP.png,OK,d:\LUMOS\processed\preprocessed_images\patient_229\Lateral.png,
230,OK,d:\LUMOS\processed\preprocessed_images\patient_230\AP.png,OK,d:\LUMOS\processed\preprocessed_images\patient_230\Lateral.png,
231,OK,d:\LUMOS\processed\preprocessed_images\patient_231\AP.png,OK,d:\LUMOS\processed\preprocessed_images\patient_231\Lateral.png,
232,OK,d:\LUMOS\processed\preprocessed_images\patient_232\AP.png,OK,d:\LUMOS\processed\preprocessed_images\patient_232\Lateral.png,
233,OK,d:\LUMOS\processed\preprocessed_images\patient_233\AP.png,OK,d:\LUMOS\processed\preprocessed_images\patient_233\Lateral.png,
234,OK,d:\LUMOS\processed\preprocessed_images\patient_234\AP.png,OK,d:\LUMOS\processed\preprocessed_images\patient_234\Lateral.png,
235,OK,d:\LUMOS\processed\preprocessed_images\patient_235\AP.png,OK,d:\LUMOS\processed\preprocessed_images\patient_235\Lateral.png,
236,OK,d:\LUMOS\processed\preprocessed_images\patient_236\AP.png,OK,d:\LUMOS\processed\preprocessed_images\patient_236\Lateral.png,
237,OK,d:\LUMOS\processed\preprocessed_images\patient_237\AP.png,OK,d:\LUMOS\processed\preprocessed_images\patient_237\Lateral.png,
238,OK,d:\LUMOS\processed\preprocessed_images\patient_238\AP.png,OK,d:\LUMOS\processed\preprocessed_images\patient_238\Lateral.png,
239,OK,d:\LUMOS\processed\preprocessed_images\patient_239\AP.png,OK,d:\LUMOS\processed\preprocessed_images\patient_239\Lateral.png,
240,OK,d:\LUMOS\processed\preprocessed_images\patient_240\AP.png,OK,d:\LUMOS\processed\preprocessed_images\patient_240\Lateral.png,
241,OK,d:\LUMOS\processed\preprocessed_images\patient_241\AP.png,OK,d:\LUMOS\processed\preprocessed_images\patient_241\Lateral.png,
242,OK,d:\LUMOS\processed\preprocessed_images\patient_242\AP.png,OK,d:\LUMOS\processed\preprocessed_images\patient_242\Lateral.png,
243,OK,d:\LUMOS\processed\preprocessed_images\patient_243\AP.png,OK,d:\LUMOS\processed\preprocessed_images\patient_243\Lateral.png,
244,OK,d:\LUMOS\processed\preprocessed_images\patient_244\AP.png,OK,d:\LUMOS\processed\preprocessed_images\patient_244\Lateral.png,
245,OK,d:\LUMOS\processed\preprocessed_images\patient_245\AP.png,OK,d:\LUMOS\processed\preprocessed_images\patient_245\Lateral.png,
246,OK,d:\LUMOS\processed\preprocessed_images\patient_246\AP.png,OK,d:\LUMOS\processed\preprocessed_images\patient_246\Lateral.png,
247,OK,d:\LUMOS\processed\preprocessed_images\patient_247\AP.png,OK,d:\LUMOS\processed\preprocessed_images\patient_247\Lateral.png,
248,OK,d:\LUMOS\processed\preprocessed_images\patient_248\AP.png,OK,d:\LUMOS\processed\preprocessed_images\patient_248\Lateral.png,
249,OK,d:\LUMOS\processed\preprocessed_images\patient_249\AP.png,OK,d:\LUMOS\processed\preprocessed_images\patient_249\Lateral.png,
250,OK,d:\LUMOS\processed\preprocessed_images\patient_250\AP.png,OK,d:\LUMOS\processed\preprocessed_images\patient_250\Lateral.png,
251,OK,d:\LUMOS\processed\preprocessed_images\patient_251\AP.png,OK,d:\LUMOS\processed\preprocessed_images\patient_251\Lateral.png,
252,OK,d:\LUMOS\processed\preprocessed_images\patient_252\AP.png,OK,d:\LUMOS\processed\preprocessed_images\patient_252\Lateral.png,
253,OK,d:\LUMOS\processed\preprocessed_images\patient_253\AP.png,OK,d:\LUMOS\processed\preprocessed_images\patient_253\Lateral.png,
254,OK,d:\LUMOS\processed\preprocessed_images\patient_254\AP.png,OK,d:\LUMOS\processed\preprocessed_images\patient_254\Lateral.png,
255,OK,d:\LUMOS\processed\preprocessed_images\patient_255\AP.png,OK,d:\LUMOS\processed\preprocessed_images\patient_255\Lateral.png,
256,OK,d:\LUMOS\processed\preprocessed_images\patient_256\AP.png,OK,d:\LUMOS\processed\preprocessed_images\patient_256\Lateral.png,
257,OK,d:\LUMOS\processed\preprocessed_images\patient_257\AP.png,OK,d:\LUMOS\processed\preprocessed_images\patient_257\Lateral.png,
258,OK,d:\LUMOS\processed\preprocessed_images\patient_258\AP.png,OK,d:\LUMOS\processed\preprocessed_images\patient_258\Lateral.png,
259,OK,d:\LUMOS\processed\preprocessed_images\patient_259\AP.png,OK,d:\LUMOS\processed\preprocessed_images\patient_259\Lateral.png,
260,OK,d:\LUMOS\processed\preprocessed_images\patient_260\AP.png,OK,d:\LUMOS\processed\preprocessed_images\patient_260\Lateral.png,
261,OK,d:\LUMOS\processed\preprocessed_images\patient_261\AP.png,OK,d:\LUMOS\processed\preprocessed_images\patient_261\Lateral.png,
262,OK,d:\LUMOS\processed\preprocessed_images\patient_262\AP.png,OK,d:\LUMOS\processed\preprocessed_images\patient_262\Lateral.png,
263,OK,d:\LUMOS\processed\preprocessed_images\patient_263\AP.png,OK,d:\LUMOS\processed\preprocessed_images\patient_263\Lateral.png,
264,OK,d:\LUMOS\processed\preprocessed_images\patient_264\AP.png,OK,d:\LUMOS\processed\preprocessed_images\patient_264\Lateral.png,
265,OK,d:\LUMOS\processed\preprocessed_images\patient_265\AP.png,OK,d:\LUMOS\processed\preprocessed_images\patient_265\Lateral.png,
266,OK,d:\LUMOS\processed\preprocessed_images\patient_266\AP.png,OK,d:\LUMOS\processed\preprocessed_images\patient_266\Lateral.png,
267,OK,d:\LUMOS\processed\preprocessed_images\patient_267\AP.png,OK,d:\LUMOS\processed\preprocessed_images\patient_267\Lateral.png,
268,OK,d:\LUMOS\processed\preprocessed_images\patient_268\AP.png,OK,d:\LUMOS\processed\preprocessed_images\patient_268\Lateral.png,
269,OK,d:\LUMOS\processed\preprocessed_images\patient_269\AP.png,OK,d:\LUMOS\processed\preprocessed_images\patient_269\Lateral.png,
270,OK,d:\LUMOS\processed\preprocessed_images\patient_270\AP.png,OK,d:\LUMOS\processed\preprocessed_images\patient_270\Lateral.png,
271,OK,d:\LUMOS\processed\preprocessed_images\patient_271\AP.png,OK,d:\LUMOS\processed\preprocessed_images\patient_271\Lateral.png,
272,OK,d:\LUMOS\processed\preprocessed_images\patient_272\AP.png,OK,d:\LUMOS\processed\preprocessed_images\patient_272\Lateral.png,
273,OK,d:\LUMOS\processed\preprocessed_images\patient_273\AP.png,OK,d:\LUMOS\processed\preprocessed_images\patient_273\Lateral.png,
274,OK,d:\LUMOS\processed\preprocessed_images\patient_274\AP.png,OK,d:\LUMOS\processed\preprocessed_images\patient_274\Lateral.png,
275,OK,d:\LUMOS\processed\preprocessed_images\patient_275\AP.png,OK,d:\LUMOS\processed\preprocessed_images\patient_275\Lateral.png,
276,OK,d:\LUMOS\processed\preprocessed_images\patient_276\AP.png,OK,d:\LUMOS\processed\preprocessed_images\patient_276\Lateral.png,
277,OK,d:\LUMOS\processed\preprocessed_images\patient_277\AP.png,OK,d:\LUMOS\processed\preprocessed_images\patient_277\Lateral.png,
278,OK,d:\LUMOS\processed\preprocessed_images\patient_278\AP.png,OK,d:\LUMOS\processed\preprocessed_images\patient_278\Lateral.png,
279,OK,d:\LUMOS\processed\preprocessed_images\patient_279\AP.png,OK,d:\LUMOS\processed\preprocessed_images\patient_279\Lateral.png,
280,OK,d:\LUMOS\processed\preprocessed_images\patient_280\AP.png,OK,d:\LUMOS\processed\preprocessed_images\patient_280\Lateral.png,
281,OK,d:\LUMOS\processed\preprocessed_images\patient_281\AP.png,OK,d:\LUMOS\processed\preprocessed_images\patient_281\Lateral.png,
282,OK,d:\LUMOS\processed\preprocessed_images\patient_282\AP.png,OK,d:\LUMOS\processed\preprocessed_images\patient_282\Lateral.png,
283,OK,d:\LUMOS\processed\preprocessed_images\patient_283\AP.png,OK,d:\LUMOS\processed\preprocessed_images\patient_283\Lateral.png,
284,OK,d:\LUMOS\processed\preprocessed_images\patient_284\AP.png,OK,d:\LUMOS\processed\preprocessed_images\patient_284\Lateral.png,
285,OK,d:\LUMOS\processed\preprocessed_images\patient_285\AP.png,OK,d:\LUMOS\processed\preprocessed_images\patient_285\Lateral.png,
286,OK,d:\LUMOS\processed\preprocessed_images\patient_286\AP.png,OK,d:\LUMOS\processed\preprocessed_images\patient_286\Lateral.png,
287,OK,d:\LUMOS\processed\preprocessed_images\patient_287\AP.png,OK,d:\LUMOS\processed\preprocessed_images\patient_287\Lateral.png,
288,OK,d:\LUMOS\processed\preprocessed_images\patient_288\AP.png,OK,d:\LUMOS\processed\preprocessed_images\patient_288\Lateral.png,
289,OK,d:\LUMOS\processed\preprocessed_images\patient_289\AP.png,OK,d:\LUMOS\processed\preprocessed_images\patient_289\Lateral.png,
290,OK,d:\LUMOS\processed\preprocessed_images\patient_290\AP.png,OK,d:\LUMOS\processed\preprocessed_images\patient_290\Lateral.png,
291,OK,d:\LUMOS\processed\preprocessed_images\patient_291\AP.png,OK,d:\LUMOS\processed\preprocessed_images\patient_291\Lateral.png,
292,OK,d:\LUMOS\processed\preprocessed_images\patient_292\AP.png,OK,d:\LUMOS\processed\preprocessed_images\patient_292\Lateral.png,
293,OK,d:\LUMOS\processed\preprocessed_images\patient_293\AP.png,OK,d:\LUMOS\processed\preprocessed_images\patient_293\Lateral.png,
294,OK,d:\LUMOS\processed\preprocessed_images\patient_294\AP.png,OK,d:\LUMOS\processed\preprocessed_images\patient_294\Lateral.png,
295,OK,d:\LUMOS\processed\preprocessed_images\patient_295\AP.png,OK,d:\LUMOS\processed\preprocessed_images\patient_295\Lateral.png,
296,OK,d:\LUMOS\processed\preprocessed_images\patient_296\AP.png,OK,d:\LUMOS\processed\preprocessed_images\patient_296\Lateral.png,
297,OK,d:\LUMOS\processed\preprocessed_images\patient_297\AP.png,OK,d:\LUMOS\processed\preprocessed_images\patient_297\Lateral.png,
298,OK,d:\LUMOS\processed\preprocessed_images\patient_298\AP.png,OK,d:\LUMOS\processed\preprocessed_images\patient_298\Lateral.png,
299,OK,d:\LUMOS\processed\preprocessed_images\patient_299\AP.png,OK,d:\LUMOS\processed\preprocessed_images\patient_299\Lateral.png,
300,OK,d:\LUMOS\processed\preprocessed_images\patient_300\AP.png,OK,d:\LUMOS\processed\preprocessed_images\patient_300\Lateral.png,
301,OK,d:\LUMOS\processed\preprocessed_images\patient_301\AP.png,OK,d:\LUMOS\processed\preprocessed_images\patient_301\Lateral.png,
302,OK,d:\LUMOS\processed\preprocessed_images\patient_302\AP.png,OK,d:\LUMOS\processed\preprocessed_images\patient_302\Lateral.png,
303,OK,d:\LUMOS\processed\preprocessed_images\patient_303\AP.png,OK,d:\LUMOS\processed\preprocessed_images\patient_303\Lateral.png,
304,OK,d:\LUMOS\processed\preprocessed_images\patient_304\AP.png,OK,d:\LUMOS\processed\preprocessed_images\patient_304\Lateral.png,
305,OK,d:\LUMOS\processed\preprocessed_images\patient_305\AP.png,OK,d:\LUMOS\processed\preprocessed_images\patient_305\Lateral.png,
306,OK,d:\LUMOS\processed\preprocessed_images\patient_306\AP.png,OK,d:\LUMOS\processed\preprocessed_images\patient_306\Lateral.png,
307,OK,d:\LUMOS\processed\preprocessed_images\patient_307\AP.png,OK,d:\LUMOS\processed\preprocessed_images\patient_307\Lateral.png,
308,OK,d:\LUMOS\processed\preprocessed_images\patient_308\AP.png,OK,d:\LUMOS\processed\preprocessed_images\patient_308\Lateral.png,
309,OK,d:\LUMOS\processed\preprocessed_images\patient_309\AP.png,OK,d:\LUMOS\processed\preprocessed_images\patient_309\Lateral.png,
310,OK,d:\LUMOS\processed\preprocessed_images\patient_310\AP.png,OK,d:\LUMOS\processed\preprocessed_images\patient_310\Lateral.png,
311,OK,d:\LUMOS\processed\preprocessed_images\patient_311\AP.png,OK,d:\LUMOS\processed\preprocessed_images\patient_311\Lateral.png,
312,OK,d:\LUMOS\processed\preprocessed_images\patient_312\AP.png,OK,d:\LUMOS\processed\preprocessed_images\patient_312\Lateral.png,
313,OK,d:\LUMOS\processed\preprocessed_images\patient_313\AP.png,OK,d:\LUMOS\processed\preprocessed_images\patient_313\Lateral.png,
314,OK,d:\LUMOS\processed\preprocessed_images\patient_314\AP.png,OK,d:\LUMOS\processed\preprocessed_images\patient_314\Lateral.png,
315,OK,d:\LUMOS\processed\preprocessed_images\patient_315\AP.png,OK,d:\LUMOS\processed\preprocessed_images\patient_315\Lateral.png,
316,OK,d:\LUMOS\processed\preprocessed_images\patient_316\AP.png,OK,d:\LUMOS\processed\preprocessed_images\patient_316\Lateral.png,
317,OK,d:\LUMOS\processed\preprocessed_images\patient_317\AP.png,OK,d:\LUMOS\processed\preprocessed_images\patient_317\Lateral.png,
318,OK,d:\LUMOS\processed\preprocessed_images\patient_318\AP.png,OK,d:\LUMOS\processed\preprocessed_images\patient_318\Lateral.png,
319,OK,d:\LUMOS\processed\preprocessed_images\patient_319\AP.png,OK,d:\LUMOS\processed\preprocessed_images\patient_319\Lateral.png,
320,OK,d:\LUMOS\processed\preprocessed_images\patient_320\AP.png,OK,d:\LUMOS\processed\preprocessed_images\patient_320\Lateral.png,
321,OK,d:\LUMOS\processed\preprocessed_images\patient_321\AP.png,OK,d:\LUMOS\processed\preprocessed_images\patient_321\Lateral.png,
322,OK,d:\LUMOS\processed\preprocessed_images\patient_322\AP.png,OK,d:\LUMOS\processed\preprocessed_images\patient_322\Lateral.png,
323,OK,d:\LUMOS\processed\preprocessed_images\patient_323\AP.png,OK,d:\LUMOS\processed\preprocessed_images\patient_323\Lateral.png,
324,OK,d:\LUMOS\processed\preprocessed_images\patient_324\AP.png,OK,d:\LUMOS\processed\preprocessed_images\patient_324\Lateral.png,
325,OK,d:\LUMOS\processed\preprocessed_images\patient_325\AP.png,OK,d:\LUMOS\processed\preprocessed_images\patient_325\Lateral.png,
326,OK,d:\LUMOS\processed\preprocessed_images\patient_326\AP.png,OK,d:\LUMOS\processed\preprocessed_images\patient_326\Lateral.png,
327,OK,d:\LUMOS\processed\preprocessed_images\patient_327\AP.png,OK,d:\LUMOS\processed\preprocessed_images\patient_327\Lateral.png,
328,OK,d:\LUMOS\processed\preprocessed_images\patient_328\AP.png,OK,d:\LUMOS\processed\preprocessed_images\patient_328\Lateral.png,
329,OK,d:\LUMOS\processed\preprocessed_images\patient_329\AP.png,OK,d:\LUMOS\processed\preprocessed_images\patient_329\Lateral.png,
330,OK,d:\LUMOS\processed\preprocessed_images\patient_330\AP.png,OK,d:\LUMOS\processed\preprocessed_images\patient_330\Lateral.png,
331,OK,d:\LUMOS\processed\preprocessed_images\patient_331\AP.png,OK,d:\LUMOS\processed\preprocessed_images\patient_331\Lateral.png,
332,OK,d:\LUMOS\processed\preprocessed_images\patient_332\AP.png,OK,d:\LUMOS\processed\preprocessed_images\patient_332\Lateral.png,
333,OK,d:\LUMOS\processed\preprocessed_images\patient_333\AP.png,OK,d:\LUMOS\processed\preprocessed_images\patient_333\Lateral.png,
334,OK,d:\LUMOS\processed\preprocessed_images\patient_334\AP.png,OK,d:\LUMOS\processed\preprocessed_images\patient_334\Lateral.png,
335,OK,d:\LUMOS\processed\preprocessed_images\patient_335\AP.png,OK,d:\LUMOS\processed\preprocessed_images\patient_335\Lateral.png,
336,OK,d:\LUMOS\processed\preprocessed_images\patient_336\AP.png,OK,d:\LUMOS\processed\preprocessed_images\patient_336\Lateral.png,
337,OK,d:\LUMOS\processed\preprocessed_images\patient_337\AP.png,OK,d:\LUMOS\processed\preprocessed_images\patient_337\Lateral.png,
338,OK,d:\LUMOS\processed\preprocessed_images\patient_338\AP.png,OK,d:\LUMOS\processed\preprocessed_images\patient_338\Lateral.png,
339,OK,d:\LUMOS\processed\preprocessed_images\patient_339\AP.png,OK,d:\LUMOS\processed\preprocessed_images\patient_339\Lateral.png,
340,OK,d:\LUMOS\processed\preprocessed_images\patient_340\AP.png,OK,d:\LUMOS\processed\preprocessed_images\patient_340\Lateral.png,
341,OK,d:\LUMOS\processed\preprocessed_images\patient_341\AP.png,OK,d:\LUMOS\processed\preprocessed_images\patient_341\Lateral.png,
342,OK,d:\LUMOS\processed\preprocessed_images\patient_342\AP.png,OK,d:\LUMOS\processed\preprocessed_images\patient_342\Lateral.png,
343,OK,d:\LUMOS\processed\preprocessed_images\patient_343\AP.png,OK,d:\LUMOS\processed\preprocessed_images\patient_343\Lateral.png,
344,OK,d:\LUMOS\processed\preprocessed_images\patient_344\AP.png,OK,d:\LUMOS\processed\preprocessed_images\patient_344\Lateral.png,
345,OK,d:\LUMOS\processed\preprocessed_images\patient_345\AP.png,OK,d:\LUMOS\processed\preprocessed_images\patient_345\Lateral.png,
346,OK,d:\LUMOS\processed\preprocessed_images\patient_346\AP.png,OK,d:\LUMOS\processed\preprocessed_images\patient_346\Lateral.png,
347,OK,d:\LUMOS\processed\preprocessed_images\patient_347\AP.png,OK,d:\LUMOS\processed\preprocessed_images\patient_347\Lateral.png,
348,OK,d:\LUMOS\processed\preprocessed_images\patient_348\AP.png,OK,d:\LUMOS\processed\preprocessed_images\patient_348\Lateral.png,
349,OK,d:\LUMOS\processed\preprocessed_images\patient_349\AP.png,OK,d:\LUMOS\processed\preprocessed_images\patient_349\Lateral.png,
350,OK,d:\LUMOS\processed\preprocessed_images\patient_350\AP.png,OK,d:\LUMOS\processed\preprocessed_images\patient_350\Lateral.png,
351,OK,d:\LUMOS\processed\preprocessed_images\patient_351\AP.png,OK,d:\LUMOS\processed\preprocessed_images\patient_351\Lateral.png,
352,OK,d:\LUMOS\processed\preprocessed_images\patient_352\AP.png,OK,d:\LUMOS\processed\preprocessed_images\patient_352\Lateral.png,
353,OK,d:\LUMOS\processed\preprocessed_images\patient_353\AP.png,OK,d:\LUMOS\processed\preprocessed_images\patient_353\Lateral.png,
354,OK,d:\LUMOS\processed\preprocessed_images\patient_354\AP.png,OK,d:\LUMOS\processed\preprocessed_images\patient_354\Lateral.png,
355,OK,d:\LUMOS\processed\preprocessed_images\patient_355\AP.png,OK,d:\LUMOS\processed\preprocessed_images\patient_355\Lateral.png,
356,OK,d:\LUMOS\processed\preprocessed_images\patient_356\AP.png,OK,d:\LUMOS\processed\preprocessed_images\patient_356\Lateral.png,
357,OK,d:\LUMOS\processed\preprocessed_images\patient_357\AP.png,OK,d:\LUMOS\processed\preprocessed_images\patient_357\Lateral.png,
358,OK,d:\LUMOS\processed\preprocessed_images\patient_358\AP.png,OK,d:\LUMOS\processed\preprocessed_images\patient_358\Lateral.png,
359,OK,d:\LUMOS\processed\preprocessed_images\patient_359\AP.png,OK,d:\LUMOS\processed\preprocessed_images\patient_359\Lateral.png,
360,OK,d:\LUMOS\processed\preprocessed_images\patient_360\AP.png,OK,d:\LUMOS\processed\preprocessed_images\patient_360\Lateral.png,
361,OK,d:\LUMOS\processed\preprocessed_images\patient_361\AP.png,OK,d:\LUMOS\processed\preprocessed_images\patient_361\Lateral.png,
362,OK,d:\LUMOS\processed\preprocessed_images\patient_362\AP.png,OK,d:\LUMOS\processed\preprocessed_images\patient_362\Lateral.png,
363,OK,d:\LUMOS\processed\preprocessed_images\patient_363\AP.png,OK,d:\LUMOS\processed\preprocessed_images\patient_363\Lateral.png,
364,OK,d:\LUMOS\processed\preprocessed_images\patient_364\AP.png,OK,d:\LUMOS\processed\preprocessed_images\patient_364\Lateral.png,
365,OK,d:\LUMOS\processed\preprocessed_images\patient_365\AP.png,OK,d:\LUMOS\processed\preprocessed_images\patient_365\Lateral.png,
366,OK,d:\LUMOS\processed\preprocessed_images\patient_366\AP.png,OK,d:\LUMOS\processed\preprocessed_images\patient_366\Lateral.png,
367,OK,d:\LUMOS\processed\preprocessed_images\patient_367\AP.png,OK,d:\LUMOS\processed\preprocessed_images\patient_367\Lateral.png,
368,OK,d:\LUMOS\processed\preprocessed_images\patient_368\AP.png,OK,d:\LUMOS\processed\preprocessed_images\patient_368\Lateral.png,
369,OK,d:\LUMOS\processed\preprocessed_images\patient_369\AP.png,OK,d:\LUMOS\processed\preprocessed_images\patient_369\Lateral.png,
370,OK,d:\LUMOS\processed\preprocessed_images\patient_370\AP.png,OK,d:\LUMOS\processed\preprocessed_images\patient_370\Lateral.png,
371,OK,d:\LUMOS\processed\preprocessed_images\patient_371\AP.png,OK,d:\LUMOS\processed\preprocessed_images\patient_371\Lateral.png,
372,OK,d:\LUMOS\processed\preprocessed_images\patient_372\AP.png,OK,d:\LUMOS\processed\preprocessed_images\patient_372\Lateral.png,
373,OK,d:\LUMOS\processed\preprocessed_images\patient_373\AP.png,OK,d:\LUMOS\processed\preprocessed_images\patient_373\Lateral.png,
374,OK,d:\LUMOS\processed\preprocessed_images\patient_374\AP.png,OK,d:\LUMOS\processed\preprocessed_images\patient_374\Lateral.png,
375,OK,d:\LUMOS\processed\preprocessed_images\patient_375\AP.png,OK,d:\LUMOS\processed\preprocessed_images\patient_375\Lateral.png,
376,OK,d:\LUMOS\processed\preprocessed_images\patient_376\AP.png,OK,d:\LUMOS\processed\preprocessed_images\patient_376\Lateral.png,
377,OK,d:\LUMOS\processed\preprocessed_images\patient_377\AP.png,OK,d:\LUMOS\processed\preprocessed_images\patient_377\Lateral.png,
378,OK,d:\LUMOS\processed\preprocessed_images\patient_378\AP.png,OK,d:\LUMOS\processed\preprocessed_images\patient_378\Lateral.png,
379,OK,d:\LUMOS\processed\preprocessed_images\patient_379\AP.png,OK,d:\LUMOS\processed\preprocessed_images\patient_379\Lateral.png,
380,OK,d:\LUMOS\processed\preprocessed_images\patient_380\AP.png,OK,d:\LUMOS\processed\preprocessed_images\patient_380\Lateral.png,
381,OK,d:\LUMOS\processed\preprocessed_images\patient_381\AP.png,OK,d:\LUMOS\processed\preprocessed_images\patient_381\Lateral.png,
382,OK,d:\LUMOS\processed\preprocessed_images\patient_382\AP.png,OK,d:\LUMOS\processed\preprocessed_images\patient_382\Lateral.png,
383,OK,d:\LUMOS\processed\preprocessed_images\patient_383\AP.png,OK,d:\LUMOS\processed\preprocessed_images\patient_383\Lateral.png,
384,OK,d:\LUMOS\processed\preprocessed_images\patient_384\AP.png,OK,d:\LUMOS\processed\preprocessed_images\patient_384\Lateral.png,
385,OK,d:\LUMOS\processed\preprocessed_images\patient_385\AP.png,OK,d:\LUMOS\processed\preprocessed_images\patient_385\Lateral.png,
386,OK,d:\LUMOS\processed\preprocessed_images\patient_386\AP.png,OK,d:\LUMOS\processed\preprocessed_images\patient_386\Lateral.png,
387,OK,d:\LUMOS\processed\preprocessed_images\patient_387\AP.png,OK,d:\LUMOS\processed\preprocessed_images\patient_387\Lateral.png,
388,OK,d:\LUMOS\processed\preprocessed_images\patient_388\AP.png,OK,d:\LUMOS\processed\preprocessed_images\patient_388\Lateral.png,
389,OK,d:\LUMOS\processed\preprocessed_images\patient_389\AP.png,OK,d:\LUMOS\processed\preprocessed_images\patient_389\Lateral.png,
390,OK,d:\LUMOS\processed\preprocessed_images\patient_390\AP.png,OK,d:\LUMOS\processed\preprocessed_images\patient_390\Lateral.png,
391,OK,d:\LUMOS\processed\preprocessed_images\patient_391\AP.png,OK,d:\LUMOS\processed\preprocessed_images\patient_391\Lateral.png,
392,OK,d:\LUMOS\processed\preprocessed_images\patient_392\AP.png,OK,d:\LUMOS\processed\preprocessed_images\patient_392\Lateral.png,
393,OK,d:\LUMOS\processed\preprocessed_images\patient_393\AP.png,OK,d:\LUMOS\processed\preprocessed_images\patient_393\Lateral.png,
394,OK,d:\LUMOS\processed\preprocessed_images\patient_394\AP.png,OK,d:\LUMOS\processed\preprocessed_images\patient_394\Lateral.png,
395,OK,d:\LUMOS\processed\preprocessed_images\patient_395\AP.png,OK,d:\LUMOS\processed\preprocessed_images\patient_395\Lateral.png,
396,OK,d:\LUMOS\processed\preprocessed_images\patient_396\AP.png,OK,d:\LUMOS\processed\preprocessed_images\patient_396\Lateral.png,
397,OK,d:\LUMOS\processed\preprocessed_images\patient_397\AP.png,OK,d:\LUMOS\processed\preprocessed_images\patient_397\Lateral.png,
398,OK,d:\LUMOS\processed\preprocessed_images\patient_398\AP.png,OK,d:\LUMOS\processed\preprocessed_images\patient_398\Lateral.png,
399,OK,d:\LUMOS\processed\preprocessed_images\patient_399\AP.png,OK,d:\LUMOS\processed\preprocessed_images\patient_399\Lateral.png,
400,OK,d:\LUMOS\processed\preprocessed_images\patient_400\AP.png,OK,d:\LUMOS\processed\preprocessed_images\patient_400\Lateral.png,
401,OK,d:\LUMOS\processed\preprocessed_images\patient_401\AP.png,OK,d:\LUMOS\processed\preprocessed_images\patient_401\Lateral.png,
402,OK,d:\LUMOS\processed\preprocessed_images\patient_402\AP.png,OK,d:\LUMOS\processed\preprocessed_images\patient_402\Lateral.png,
403,OK,d:\LUMOS\processed\preprocessed_images\patient_403\AP.png,OK,d:\LUMOS\processed\preprocessed_images\patient_403\Lateral.png,
404,OK,d:\LUMOS\processed\preprocessed_images\patient_404\AP.png,OK,d:\LUMOS\processed\preprocessed_images\patient_404\Lateral.png,
405,OK,d:\LUMOS\processed\preprocessed_images\patient_405\AP.png,OK,d:\LUMOS\processed\preprocessed_images\patient_405\Lateral.png,
406,OK,d:\LUMOS\processed\preprocessed_images\patient_406\AP.png,OK,d:\LUMOS\processed\preprocessed_images\patient_406\Lateral.png,
407,OK,d:\LUMOS\processed\preprocessed_images\patient_407\AP.png,OK,d:\LUMOS\processed\preprocessed_images\patient_407\Lateral.png,
408,OK,d:\LUMOS\processed\preprocessed_images\patient_408\AP.png,OK,d:\LUMOS\processed\preprocessed_images\patient_408\Lateral.png,
409,OK,d:\LUMOS\processed\preprocessed_images\patient_409\AP.png,OK,d:\LUMOS\processed\preprocessed_images\patient_409\Lateral.png,
410,OK,d:\LUMOS\processed\preprocessed_images\patient_410\AP.png,OK,d:\LUMOS\processed\preprocessed_images\patient_410\Lateral.png,
411,OK,d:\LUMOS\processed\preprocessed_images\patient_411\AP.png,OK,d:\LUMOS\processed\preprocessed_images\patient_411\Lateral.png,
412,OK,d:\LUMOS\processed\preprocessed_images\patient_412\AP.png,OK,d:\LUMOS\processed\preprocessed_images\patient_412\Lateral.png,
413,OK,d:\LUMOS\processed\preprocessed_images\patient_413\AP.png,OK,d:\LUMOS\processed\preprocessed_images\patient_413\Lateral.png,
414,OK,d:\LUMOS\processed\preprocessed_images\patient_414\AP.png,OK,d:\LUMOS\processed\preprocessed_images\patient_414\Lateral.png,
415,OK,d:\LUMOS\processed\preprocessed_images\patient_415\AP.png,OK,d:\LUMOS\processed\preprocessed_images\patient_415\Lateral.png,
416,OK,d:\LUMOS\processed\preprocessed_images\patient_416\AP.png,OK,d:\LUMOS\processed\preprocessed_images\patient_416\Lateral.png,
417,OK,d:\LUMOS\processed\preprocessed_images\patient_417\AP.png,OK,d:\LUMOS\processed\preprocessed_images\patient_417\Lateral.png,
418,OK,d:\LUMOS\processed\preprocessed_images\patient_418\AP.png,OK,d:\LUMOS\processed\preprocessed_images\patient_418\Lateral.png,
419,OK,d:\LUMOS\processed\preprocessed_images\patient_419\AP.png,OK,d:\LUMOS\processed\preprocessed_images\patient_419\Lateral.png,
420,OK,d:\LUMOS\processed\preprocessed_images\patient_420\AP.png,OK,d:\LUMOS\processed\preprocessed_images\patient_420\Lateral.png,
421,OK,d:\LUMOS\processed\preprocessed_images\patient_421\AP.png,OK,d:\LUMOS\processed\preprocessed_images\patient_421\Lateral.png,
422,OK,d:\LUMOS\processed\preprocessed_images\patient_422\AP.png,OK,d:\LUMOS\processed\preprocessed_images\patient_422\Lateral.png,
423,OK,d:\LUMOS\processed\preprocessed_images\patient_423\AP.png,OK,d:\LUMOS\processed\preprocessed_images\patient_423\Lateral.png,
424,OK,d:\LUMOS\processed\preprocessed_images\patient_424\AP.png,OK,d:\LUMOS\processed\preprocessed_images\patient_424\Lateral.png,
425,OK,d:\LUMOS\processed\preprocessed_images\patient_425\AP.png,OK,d:\LUMOS\processed\preprocessed_images\patient_425\Lateral.png,
426,OK,d:\LUMOS\processed\preprocessed_images\patient_426\AP.png,OK,d:\LUMOS\processed\preprocessed_images\patient_426\Lateral.png,
427,OK,d:\LUMOS\processed\preprocessed_images\patient_427\AP.png,OK,d:\LUMOS\processed\preprocessed_images\patient_427\Lateral.png,
428,OK,d:\LUMOS\processed\preprocessed_images\patient_428\AP.png,OK,d:\LUMOS\processed\preprocessed_images\patient_428\Lateral.png,
429,OK,d:\LUMOS\processed\preprocessed_images\patient_429\AP.png,OK,d:\LUMOS\processed\preprocessed_images\patient_429\Lateral.png,
430,OK,d:\LUMOS\processed\preprocessed_images\patient_430\AP.png,OK,d:\LUMOS\processed\preprocessed_images\patient_430\Lateral.png,
431,OK,d:\LUMOS\processed\preprocessed_images\patient_431\AP.png,OK,d:\LUMOS\processed\preprocessed_images\patient_431\Lateral.png,
432,OK,d:\LUMOS\processed\preprocessed_images\patient_432\AP.png,OK,d:\LUMOS\processed\preprocessed_images\patient_432\Lateral.png,
433,OK,d:\LUMOS\processed\preprocessed_images\patient_433\AP.png,OK,d:\LUMOS\processed\preprocessed_images\patient_433\Lateral.png,
434,OK,d:\LUMOS\processed\preprocessed_images\patient_434\AP.png,OK,d:\LUMOS\processed\preprocessed_images\patient_434\Lateral.png,
435,OK,d:\LUMOS\processed\preprocessed_images\patient_435\AP.png,OK,d:\LUMOS\processed\preprocessed_images\patient_435\Lateral.png,
436,OK,d:\LUMOS\processed\preprocessed_images\patient_436\AP.png,OK,d:\LUMOS\processed\preprocessed_images\patient_436\Lateral.png,
437,OK,d:\LUMOS\processed\preprocessed_images\patient_437\AP.png,OK,d:\LUMOS\processed\preprocessed_images\patient_437\Lateral.png,
438,OK,d:\LUMOS\processed\preprocessed_images\patient_438\AP.png,OK,d:\LUMOS\processed\preprocessed_images\patient_438\Lateral.png,
439,OK,d:\LUMOS\processed\preprocessed_images\patient_439\AP.png,OK,d:\LUMOS\processed\preprocessed_images\patient_439\Lateral.png,
440,OK,d:\LUMOS\processed\preprocessed_images\patient_440\AP.png,OK,d:\LUMOS\processed\preprocessed_images\patient_440\Lateral.png,
441,OK,d:\LUMOS\processed\preprocessed_images\patient_441\AP.png,OK,d:\LUMOS\processed\preprocessed_images\patient_441\Lateral.png,
443,OK,d:\LUMOS\processed\preprocessed_images\patient_443\AP.png,OK,d:\LUMOS\processed\preprocessed_images\patient_443\Lateral.png,
444,OK,d:\LUMOS\processed\preprocessed_images\patient_444\AP.png,OK,d:\LUMOS\processed\preprocessed_images\patient_444\Lateral.png,
445,OK,d:\LUMOS\processed\preprocessed_images\patient_445\AP.png,OK,d:\LUMOS\processed\preprocessed_images\patient_445\Lateral.png,
446,OK,d:\LUMOS\processed\preprocessed_images\patient_446\AP.png,OK,d:\LUMOS\processed\preprocessed_images\patient_446\Lateral.png,
447,OK,d:\LUMOS\processed\preprocessed_images\patient_447\AP.png,OK,d:\LUMOS\processed\preprocessed_images\patient_447\Lateral.png,
448,OK,d:\LUMOS\processed\preprocessed_images\patient_448\AP.png,OK,d:\LUMOS\processed\preprocessed_images\patient_448\Lateral.png,
449,OK,d:\LUMOS\processed\preprocessed_images\patient_449\AP.png,OK,d:\LUMOS\processed\preprocessed_images\patient_449\Lateral.png,
450,OK,d:\LUMOS\processed\preprocessed_images\patient_450\AP.png,OK,d:\LUMOS\processed\preprocessed_images\patient_450\Lateral.png,
451,OK,d:\LUMOS\processed\preprocessed_images\patient_451\AP.png,OK,d:\LUMOS\processed\preprocessed_images\patient_451\Lateral.png,
452,OK,d:\LUMOS\processed\preprocessed_images\patient_452\AP.png,OK,d:\LUMOS\processed\preprocessed_images\patient_452\Lateral.png,
453,OK,d:\LUMOS\processed\preprocessed_images\patient_453\AP.png,OK,d:\LUMOS\processed\preprocessed_images\patient_453\Lateral.png,
454,OK,d:\LUMOS\processed\preprocessed_images\patient_454\AP.png,OK,d:\LUMOS\processed\preprocessed_images\patient_454\Lateral.png,
455,OK,d:\LUMOS\processed\preprocessed_images\patient_455\AP.png,OK,d:\LUMOS\processed\preprocessed_images\patient_455\Lateral.png,
456,OK,d:\LUMOS\processed\preprocessed_images\patient_456\AP.png,OK,d:\LUMOS\processed\preprocessed_images\patient_456\Lateral.png,
457,OK,d:\LUMOS\processed\preprocessed_images\patient_457\AP.png,OK,d:\LUMOS\processed\preprocessed_images\patient_457\Lateral.png,
458,OK,d:\LUMOS\processed\preprocessed_images\patient_458\AP.png,OK,d:\LUMOS\processed\preprocessed_images\patient_458\Lateral.png,
459,OK,d:\LUMOS\processed\preprocessed_images\patient_459\AP.png,OK,d:\LUMOS\processed\preprocessed_images\patient_459\Lateral.png,
460,OK,d:\LUMOS\processed\preprocessed_images\patient_460\AP.png,OK,d:\LUMOS\processed\preprocessed_images\patient_460\Lateral.png,
461,OK,d:\LUMOS\processed\preprocessed_images\patient_461\AP.png,OK,d:\LUMOS\processed\preprocessed_images\patient_461\Lateral.png,
462,OK,d:\LUMOS\processed\preprocessed_images\patient_462\AP.png,OK,d:\LUMOS\processed\preprocessed_images\patient_462\Lateral.png,
463,OK,d:\LUMOS\processed\preprocessed_images\patient_463\AP.png,OK,d:\LUMOS\processed\preprocessed_images\patient_463\Lateral.png,
464,OK,d:\LUMOS\processed\preprocessed_images\patient_464\AP.png,OK,d:\LUMOS\processed\preprocessed_images\patient_464\Lateral.png,
465,OK,d:\LUMOS\processed\preprocessed_images\patient_465\AP.png,OK,d:\LUMOS\processed\preprocessed_images\patient_465\Lateral.png,
466,OK,d:\LUMOS\processed\preprocessed_images\patient_466\AP.png,OK,d:\LUMOS\processed\preprocessed_images\patient_466\Lateral.png,
467,OK,d:\LUMOS\processed\preprocessed_images\patient_467\AP.png,OK,d:\LUMOS\processed\preprocessed_images\patient_467\Lateral.png,
468,OK,d:\LUMOS\processed\preprocessed_images\patient_468\AP.png,OK,d:\LUMOS\processed\preprocessed_images\patient_468\Lateral.png,
469,OK,d:\LUMOS\processed\preprocessed_images\patient_469\AP.png,OK,d:\LUMOS\processed\preprocessed_images\patient_469\Lateral.png,
470,OK,d:\LUMOS\processed\preprocessed_images\patient_470\AP.png,OK,d:\LUMOS\processed\preprocessed_images\patient_470\Lateral.png,
471,OK,d:\LUMOS\processed\preprocessed_images\patient_471\AP.png,OK,d:\LUMOS\processed\preprocessed_images\patient_471\Lateral.png,
472,OK,d:\LUMOS\processed\preprocessed_images\patient_472\AP.png,OK,d:\LUMOS\processed\preprocessed_images\patient_472\Lateral.png,
473,OK,d:\LUMOS\processed\preprocessed_images\patient_473\AP.png,OK,d:\LUMOS\processed\preprocessed_images\patient_473\Lateral.png,
474,OK,d:\LUMOS\processed\preprocessed_images\patient_474\AP.png,OK,d:\LUMOS\processed\preprocessed_images\patient_474\Lateral.png,
475,OK,d:\LUMOS\processed\preprocessed_images\patient_475\AP.png,OK,d:\LUMOS\processed\preprocessed_images\patient_475\Lateral.png,
476,OK,d:\LUMOS\processed\preprocessed_images\patient_476\AP.png,OK,d:\LUMOS\processed\preprocessed_images\patient_476\Lateral.png,
477,OK,d:\LUMOS\processed\preprocessed_images\patient_477\AP.png,OK,d:\LUMOS\processed\preprocessed_images\patient_477\Lateral.png,
478,OK,d:\LUMOS\processed\preprocessed_images\patient_478\AP.png,OK,d:\LUMOS\processed\preprocessed_images\patient_478\Lateral.png,
479,OK,d:\LUMOS\processed\preprocessed_images\patient_479\AP.png,OK,d:\LUMOS\processed\preprocessed_images\patient_479\Lateral.png,
480,OK,d:\LUMOS\processed\preprocessed_images\patient_480\AP.png,OK,d:\LUMOS\processed\preprocessed_images\patient_480\Lateral.png,
481,OK,d:\LUMOS\processed\preprocessed_images\patient_481\AP.png,OK,d:\LUMOS\processed\preprocessed_images\patient_481\Lateral.png,
482,OK,d:\LUMOS\processed\preprocessed_images\patient_482\AP.png,OK,d:\LUMOS\processed\preprocessed_images\patient_482\Lateral.png,
483,OK,d:\LUMOS\processed\preprocessed_images\patient_483\AP.png,OK,d:\LUMOS\processed\preprocessed_images\patient_483\Lateral.png,
484,OK,d:\LUMOS\processed\preprocessed_images\patient_484\AP.png,OK,d:\LUMOS\processed\preprocessed_images\patient_484\Lateral.png,
485,OK,d:\LUMOS\processed\preprocessed_images\patient_485\AP.png,OK,d:\LUMOS\processed\preprocessed_images\patient_485\Lateral.png,
486,OK,d:\LUMOS\processed\preprocessed_images\patient_486\AP.png,OK,d:\LUMOS\processed\preprocessed_images\patient_486\Lateral.png,
487,OK,d:\LUMOS\processed\preprocessed_images\patient_487\AP.png,OK,d:\LUMOS\processed\preprocessed_images\patient_487\Lateral.png,
488,OK,d:\LUMOS\processed\preprocessed_images\patient_488\AP.png,OK,d:\LUMOS\processed\preprocessed_images\patient_488\Lateral.png,
489,OK,d:\LUMOS\processed\preprocessed_images\patient_489\AP.png,OK,d:\LUMOS\processed\preprocessed_images\patient_489\Lateral.png,
490,OK,d:\LUMOS\processed\preprocessed_images\patient_490\AP.png,OK,d:\LUMOS\processed\preprocessed_images\patient_490\Lateral.png,
491,OK,d:\LUMOS\processed\preprocessed_images\patient_491\AP.png,OK,d:\LUMOS\processed\preprocessed_images\patient_491\Lateral.png,
492,OK,d:\LUMOS\processed\preprocessed_images\patient_492\AP.png,OK,d:\LUMOS\processed\preprocessed_images\patient_492\Lateral.png,
493,OK,d:\LUMOS\processed\preprocessed_images\patient_493\AP.png,OK,d:\LUMOS\processed\preprocessed_images\patient_493\Lateral.png,
494,OK,d:\LUMOS\processed\preprocessed_images\patient_494\AP.png,OK,d:\LUMOS\processed\preprocessed_images\patient_494\Lateral.png,
495,OK,d:\LUMOS\processed\preprocessed_images\patient_495\AP.png,OK,d:\LUMOS\processed\preprocessed_images\patient_495\Lateral.png,
496,OK,d:\LUMOS\processed\preprocessed_images\patient_496\AP.png,OK,d:\LUMOS\processed\preprocessed_images\patient_496\Lateral.png,
497,OK,d:\LUMOS\processed\preprocessed_images\patient_497\AP.png,OK,d:\LUMOS\processed\preprocessed_images\patient_497\Lateral.png,
498,OK,d:\LUMOS\processed\preprocessed_images\patient_498\AP.png,OK,d:\LUMOS\processed\preprocessed_images\patient_498\Lateral.png,
499,OK,d:\LUMOS\processed\preprocessed_images\patient_499\AP.png,OK,d:\LUMOS\processed\preprocessed_images\patient_499\Lateral.png,
500,OK,d:\LUMOS\processed\preprocessed_images\patient_500\AP.png,OK,d:\LUMOS\processed\preprocessed_images\patient_500\Lateral.png,
501,OK,d:\LUMOS\processed\preprocessed_images\patient_501\AP.png,OK,d:\LUMOS\processed\preprocessed_images\patient_501\Lateral.png,
502,OK,d:\LUMOS\processed\preprocessed_images\patient_502\AP.png,OK,d:\LUMOS\processed\preprocessed_images\patient_502\Lateral.png,
503,OK,d:\LUMOS\processed\preprocessed_images\patient_503\AP.png,OK,d:\LUMOS\processed\preprocessed_images\patient_503\Lateral.png,
504,OK,d:\LUMOS\processed\preprocessed_images\patient_504\AP.png,OK,d:\LUMOS\processed\preprocessed_images\patient_504\Lateral.png,
505,OK,d:\LUMOS\processed\preprocessed_images\patient_505\AP.png,OK,d:\LUMOS\processed\preprocessed_images\patient_505\Lateral.png,
506,OK,d:\LUMOS\processed\preprocessed_images\patient_506\AP.png,OK,d:\LUMOS\processed\preprocessed_images\patient_506\Lateral.png,
507,OK,d:\LUMOS\processed\preprocessed_images\patient_507\AP.png,OK,d:\LUMOS\processed\preprocessed_images\patient_507\Lateral.png,
508,OK,d:\LUMOS\processed\preprocessed_images\patient_508\AP.png,OK,d:\LUMOS\processed\preprocessed_images\patient_508\Lateral.png,
509,OK,d:\LUMOS\processed\preprocessed_images\patient_509\AP.png,OK,d:\LUMOS\processed\preprocessed_images\patient_509\Lateral.png,
510,OK,d:\LUMOS\processed\preprocessed_images\patient_510\AP.png,OK,d:\LUMOS\processed\preprocessed_images\patient_510\Lateral.png,
511,OK,d:\LUMOS\processed\preprocessed_images\patient_511\AP.png,OK,d:\LUMOS\processed\preprocessed_images\patient_511\Lateral.png,
512,OK,d:\LUMOS\processed\preprocessed_images\patient_512\AP.png,OK,d:\LUMOS\processed\preprocessed_images\patient_512\Lateral.png,
513,OK,d:\LUMOS\processed\preprocessed_images\patient_513\AP.png,OK,d:\LUMOS\processed\preprocessed_images\patient_513\Lateral.png,
514,OK,d:\LUMOS\processed\preprocessed_images\patient_514\AP.png,OK,d:\LUMOS\processed\preprocessed_images\patient_514\Lateral.png,
515,OK,d:\LUMOS\processed\preprocessed_images\patient_515\AP.png,OK,d:\LUMOS\processed\preprocessed_images\patient_515\Lateral.png,
516,OK,d:\LUMOS\processed\preprocessed_images\patient_516\AP.png,OK,d:\LUMOS\processed\preprocessed_images\patient_516\Lateral.png,
517,OK,d:\LUMOS\processed\preprocessed_images\patient_517\AP.png,OK,d:\LUMOS\processed\preprocessed_images\patient_517\Lateral.png,
518,OK,d:\LUMOS\processed\preprocessed_images\patient_518\AP.png,OK,d:\LUMOS\processed\preprocessed_images\patient_518\Lateral.png,
519,OK,d:\LUMOS\processed\preprocessed_images\patient_519\AP.png,OK,d:\LUMOS\processed\preprocessed_images\patient_519\Lateral.png,
520,OK,d:\LUMOS\processed\preprocessed_images\patient_520\AP.png,OK,d:\LUMOS\processed\preprocessed_images\patient_520\Lateral.png,
521,OK,d:\LUMOS\processed\preprocessed_images\patient_521\AP.png,OK,d:\LUMOS\processed\preprocessed_images\patient_521\Lateral.png,
522,OK,d:\LUMOS\processed\preprocessed_images\patient_522\AP.png,OK,d:\LUMOS\processed\preprocessed_images\patient_522\Lateral.png,
523,OK,d:\LUMOS\processed\preprocessed_images\patient_523\AP.png,OK,d:\LUMOS\processed\preprocessed_images\patient_523\Lateral.png,
524,OK,d:\LUMOS\processed\preprocessed_images\patient_524\AP.png,OK,d:\LUMOS\processed\preprocessed_images\patient_524\Lateral.png,
525,OK,d:\LUMOS\processed\preprocessed_images\patient_525\AP.png,OK,d:\LUMOS\processed\preprocessed_images\patient_525\Lateral.png,
526,OK,d:\LUMOS\processed\preprocessed_images\patient_526\AP.png,OK,d:\LUMOS\processed\preprocessed_images\patient_526\Lateral.png,
527,OK,d:\LUMOS\processed\preprocessed_images\patient_527\AP.png,OK,d:\LUMOS\processed\preprocessed_images\patient_527\Lateral.png,
528,OK,d:\LUMOS\processed\preprocessed_images\patient_528\AP.png,OK,d:\LUMOS\processed\preprocessed_images\patient_528\Lateral.png,
529,OK,d:\LUMOS\processed\preprocessed_images\patient_529\AP.png,OK,d:\LUMOS\processed\preprocessed_images\patient_529\Lateral.png,
530,OK,d:\LUMOS\processed\preprocessed_images\patient_530\AP.png,OK,d:\LUMOS\processed\preprocessed_images\patient_530\Lateral.png,
531,OK,d:\LUMOS\processed\preprocessed_images\patient_531\AP.png,OK,d:\LUMOS\processed\preprocessed_images\patient_531\Lateral.png,
532,OK,d:\LUMOS\processed\preprocessed_images\patient_532\AP.png,OK,d:\LUMOS\processed\preprocessed_images\patient_532\Lateral.png,
533,OK,d:\LUMOS\processed\preprocessed_images\patient_533\AP.png,OK,d:\LUMOS\processed\preprocessed_images\patient_533\Lateral.png,
534,OK,d:\LUMOS\processed\preprocessed_images\patient_534\AP.png,OK,d:\LUMOS\processed\preprocessed_images\patient_534\Lateral.png,
535,OK,d:\LUMOS\processed\preprocessed_images\patient_535\AP.png,OK,d:\LUMOS\processed\preprocessed_images\patient_535\Lateral.png,
536,OK,d:\LUMOS\processed\preprocessed_images\patient_536\AP.png,OK,d:\LUMOS\processed\preprocessed_images\patient_536\Lateral.png,
537,OK,d:\LUMOS\processed\preprocessed_images\patient_537\AP.png,OK,d:\LUMOS\processed\preprocessed_images\patient_537\Lateral.png,
538,OK,d:\LUMOS\processed\preprocessed_images\patient_538\AP.png,OK,d:\LUMOS\processed\preprocessed_images\patient_538\Lateral.png,
539,OK,d:\LUMOS\processed\preprocessed_images\patient_539\AP.png,OK,d:\LUMOS\processed\preprocessed_images\patient_539\Lateral.png,
540,OK,d:\LUMOS\processed\preprocessed_images\patient_540\AP.png,OK,d:\LUMOS\processed\preprocessed_images\patient_540\Lateral.png,
541,OK,d:\LUMOS\processed\preprocessed_images\patient_541\AP.png,OK,d:\LUMOS\processed\preprocessed_images\patient_541\Lateral.png,
542,OK,d:\LUMOS\processed\preprocessed_images\patient_542\AP.png,OK,d:\LUMOS\processed\preprocessed_images\patient_542\Lateral.png,
543,OK,d:\LUMOS\processed\preprocessed_images\patient_543\AP.png,OK,d:\LUMOS\processed\preprocessed_images\patient_543\Lateral.png,
544,OK,d:\LUMOS\processed\preprocessed_images\patient_544\AP.png,OK,d:\LUMOS\processed\preprocessed_images\patient_544\Lateral.png,
545,OK,d:\LUMOS\processed\preprocessed_images\patient_545\AP.png,OK,d:\LUMOS\processed\preprocessed_images\patient_545\Lateral.png,
546,OK,d:\LUMOS\processed\preprocessed_images\patient_546\AP.png,OK,d:\LUMOS\processed\preprocessed_images\patient_546\Lateral.png,
547,OK,d:\LUMOS\processed\preprocessed_images\patient_547\AP.png,OK,d:\LUMOS\processed\preprocessed_images\patient_547\Lateral.png,
548,OK,d:\LUMOS\processed\preprocessed_images\patient_548\AP.png,OK,d:\LUMOS\processed\preprocessed_images\patient_548\Lateral.png,
549,OK,d:\LUMOS\processed\preprocessed_images\patient_549\AP.png,OK,d:\LUMOS\processed\preprocessed_images\patient_549\Lateral.png,
550,OK,d:\LUMOS\processed\preprocessed_images\patient_550\AP.png,OK,d:\LUMOS\processed\preprocessed_images\patient_550\Lateral.png,
551,OK,d:\LUMOS\processed\preprocessed_images\patient_551\AP.png,OK,d:\LUMOS\processed\preprocessed_images\patient_551\Lateral.png,
552,OK,d:\LUMOS\processed\preprocessed_images\patient_552\AP.png,OK,d:\LUMOS\processed\preprocessed_images\patient_552\Lateral.png,
553,OK,d:\LUMOS\processed\preprocessed_images\patient_553\AP.png,OK,d:\LUMOS\processed\preprocessed_images\patient_553\Lateral.png,
554,OK,d:\LUMOS\processed\preprocessed_images\patient_554\AP.png,OK,d:\LUMOS\processed\preprocessed_images\patient_554\Lateral.png,
555,OK,d:\LUMOS\processed\preprocessed_images\patient_555\AP.png,OK,d:\LUMOS\processed\preprocessed_images\patient_555\Lateral.png,
556,OK,d:\LUMOS\processed\preprocessed_images\patient_556\AP.png,OK,d:\LUMOS\processed\preprocessed_images\patient_556\Lateral.png,
557,OK,d:\LUMOS\processed\preprocessed_images\patient_557\AP.png,OK,d:\LUMOS\processed\preprocessed_images\patient_557\Lateral.png,
558,OK,d:\LUMOS\processed\preprocessed_images\patient_558\AP.png,OK,d:\LUMOS\processed\preprocessed_images\patient_558\Lateral.png,
559,OK,d:\LUMOS\processed\preprocessed_images\patient_559\AP.png,OK,d:\LUMOS\processed\preprocessed_images\patient_559\Lateral.png,
560,OK,d:\LUMOS\processed\preprocessed_images\patient_560\AP.png,OK,d:\LUMOS\processed\preprocessed_images\patient_560\Lateral.png,
561,OK,d:\LUMOS\processed\preprocessed_images\patient_561\AP.png,OK,d:\LUMOS\processed\preprocessed_images\patient_561\Lateral.png,
562,OK,d:\LUMOS\processed\preprocessed_images\patient_562\AP.png,OK,d:\LUMOS\processed\preprocessed_images\patient_562\Lateral.png,
563,OK,d:\LUMOS\processed\preprocessed_images\patient_563\AP.png,OK,d:\LUMOS\processed\preprocessed_images\patient_563\Lateral.png,
564,OK,d:\LUMOS\processed\preprocessed_images\patient_564\AP.png,OK,d:\LUMOS\processed\preprocessed_images\patient_564\Lateral.png,
565,OK,d:\LUMOS\processed\preprocessed_images\patient_565\AP.png,OK,d:\LUMOS\processed\preprocessed_images\patient_565\Lateral.png,
566,OK,d:\LUMOS\processed\preprocessed_images\patient_566\AP.png,OK,d:\LUMOS\processed\preprocessed_images\patient_566\Lateral.png,
567,OK,d:\LUMOS\processed\preprocessed_images\patient_567\AP.png,OK,d:\LUMOS\processed\preprocessed_images\patient_567\Lateral.png,
568,OK,d:\LUMOS\processed\preprocessed_images\patient_568\AP.png,OK,d:\LUMOS\processed\preprocessed_images\patient_568\Lateral.png,
569,OK,d:\LUMOS\processed\preprocessed_images\patient_569\AP.png,OK,d:\LUMOS\processed\preprocessed_images\patient_569\Lateral.png,
570,OK,d:\LUMOS\processed\preprocessed_images\patient_570\AP.png,OK,d:\LUMOS\processed\preprocessed_images\patient_570\Lateral.png,
571,OK,d:\LUMOS\processed\preprocessed_images\patient_571\AP.png,OK,d:\LUMOS\processed\preprocessed_images\patient_571\Lateral.png,
572,OK,d:\LUMOS\processed\preprocessed_images\patient_572\AP.png,OK,d:\LUMOS\processed\preprocessed_images\patient_572\Lateral.png,
573,OK,d:\LUMOS\processed\preprocessed_images\patient_573\AP.png,OK,d:\LUMOS\processed\preprocessed_images\patient_573\Lateral.png,
574,OK,d:\LUMOS\processed\preprocessed_images\patient_574\AP.png,OK,d:\LUMOS\processed\preprocessed_images\patient_574\Lateral.png,
575,OK,d:\LUMOS\processed\preprocessed_images\patient_575\AP.png,OK,d:\LUMOS\processed\preprocessed_images\patient_575\Lateral.png,
576,OK,d:\LUMOS\processed\preprocessed_images\patient_576\AP.png,OK,d:\LUMOS\processed\preprocessed_images\patient_576\Lateral.png,
577,OK,d:\LUMOS\processed\preprocessed_images\patient_577\AP.png,OK,d:\LUMOS\processed\preprocessed_images\patient_577\Lateral.png,
578,OK,d:\LUMOS\processed\preprocessed_images\patient_578\AP.png,OK,d:\LUMOS\processed\preprocessed_images\patient_578\Lateral.png,
579,OK,d:\LUMOS\processed\preprocessed_images\patient_579\AP.png,OK,d:\LUMOS\processed\preprocessed_images\patient_579\Lateral.png,
580,OK,d:\LUMOS\processed\preprocessed_images\patient_580\AP.png,OK,d:\LUMOS\processed\preprocessed_images\patient_580\Lateral.png,
581,OK,d:\LUMOS\processed\preprocessed_images\patient_581\AP.png,OK,d:\LUMOS\processed\preprocessed_images\patient_581\Lateral.png,
582,OK,d:\LUMOS\processed\preprocessed_images\patient_582\AP.png,OK,d:\LUMOS\processed\preprocessed_images\patient_582\Lateral.png,
583,OK,d:\LUMOS\processed\preprocessed_images\patient_583\AP.png,OK,d:\LUMOS\processed\preprocessed_images\patient_583\Lateral.png,
584,OK,d:\LUMOS\processed\preprocessed_images\patient_584\AP.png,OK,d:\LUMOS\processed\preprocessed_images\patient_584\Lateral.png,
585,OK,d:\LUMOS\processed\preprocessed_images\patient_585\AP.png,OK,d:\LUMOS\processed\preprocessed_images\patient_585\Lateral.png,
586,OK,d:\LUMOS\processed\preprocessed_images\patient_586\AP.png,OK,d:\LUMOS\processed\preprocessed_images\patient_586\Lateral.png,
587,OK,d:\LUMOS\processed\preprocessed_images\patient_587\AP.png,OK,d:\LUMOS\processed\preprocessed_images\patient_587\Lateral.png,
588,OK,d:\LUMOS\processed\preprocessed_images\patient_588\AP.png,OK,d:\LUMOS\processed\preprocessed_images\patient_588\Lateral.png,
589,OK,d:\LUMOS\processed\preprocessed_images\patient_589\AP.png,OK,d:\LUMOS\processed\preprocessed_images\patient_589\Lateral.png,
590,OK,d:\LUMOS\processed\preprocessed_images\patient_590\AP.png,OK,d:\LUMOS\processed\preprocessed_images\patient_590\Lateral.png,
591,OK,d:\LUMOS\processed\preprocessed_images\patient_591\AP.png,OK,d:\LUMOS\processed\preprocessed_images\patient_591\Lateral.png,
592,OK,d:\LUMOS\processed\preprocessed_images\patient_592\AP.png,OK,d:\LUMOS\processed\preprocessed_images\patient_592\Lateral.png,
593,OK,d:\LUMOS\processed\preprocessed_images\patient_593\AP.png,OK,d:\LUMOS\processed\preprocessed_images\patient_593\Lateral.png,
594,OK,d:\LUMOS\processed\preprocessed_images\patient_594\AP.png,OK,d:\LUMOS\processed\preprocessed_images\patient_594\Lateral.png,
595,OK,d:\LUMOS\processed\preprocessed_images\patient_595\AP.png,OK,d:\LUMOS\processed\preprocessed_images\patient_595\Lateral.png,
596,OK,d:\LUMOS\processed\preprocessed_images\patient_596\AP.png,OK,d:\LUMOS\processed\preprocessed_images\patient_596\Lateral.png,
597,OK,d:\LUMOS\processed\preprocessed_images\patient_597\AP.png,OK,d:\LUMOS\processed\preprocessed_images\patient_597\Lateral.png,
598,OK,d:\LUMOS\processed\preprocessed_images\patient_598\AP.png,OK,d:\LUMOS\processed\preprocessed_images\patient_598\Lateral.png,
599,OK,d:\LUMOS\processed\preprocessed_images\patient_599\AP.png,OK,d:\LUMOS\processed\preprocessed_images\patient_599\Lateral.png,
601,OK,d:\LUMOS\processed\preprocessed_images\patient_601\AP.png,OK,d:\LUMOS\processed\preprocessed_images\patient_601\Lateral.png,
602,OK,d:\LUMOS\processed\preprocessed_images\patient_602\AP.png,OK,d:\LUMOS\processed\preprocessed_images\patient_602\Lateral.png,
603,OK,d:\LUMOS\processed\preprocessed_images\patient_603\AP.png,OK,d:\LUMOS\processed\preprocessed_images\patient_603\Lateral.png,
604,OK,d:\LUMOS\processed\preprocessed_images\patient_604\AP.png,OK,d:\LUMOS\processed\preprocessed_images\patient_604\Lateral.png,
605,OK,d:\LUMOS\processed\preprocessed_images\patient_605\AP.png,OK,d:\LUMOS\processed\preprocessed_images\patient_605\Lateral.png,
606,OK,d:\LUMOS\processed\preprocessed_images\patient_606\AP.png,OK,d:\LUMOS\processed\preprocessed_images\patient_606\Lateral.png,
607,OK,d:\LUMOS\processed\preprocessed_images\patient_607\AP.png,OK,d:\LUMOS\processed\preprocessed_images\patient_607\Lateral.png,
608,OK,d:\LUMOS\processed\preprocessed_images\patient_608\AP.png,OK,d:\LUMOS\processed\preprocessed_images\patient_608\Lateral.png,
609,OK,d:\LUMOS\processed\preprocessed_images\patient_609\AP.png,OK,d:\LUMOS\processed\preprocessed_images\patient_609\Lateral.png,
610,OK,d:\LUMOS\processed\preprocessed_images\patient_610\AP.png,OK,d:\LUMOS\processed\preprocessed_images\patient_610\Lateral.png,
611,OK,d:\LUMOS\processed\preprocessed_images\patient_611\AP.png,OK,d:\LUMOS\processed\preprocessed_images\patient_611\Lateral.png,
612,OK,d:\LUMOS\processed\preprocessed_images\patient_612\AP.png,OK,d:\LUMOS\processed\preprocessed_images\patient_612\Lateral.png,
613,OK,d:\LUMOS\processed\preprocessed_images\patient_613\AP.png,OK,d:\LUMOS\processed\preprocessed_images\patient_613\Lateral.png,
614,OK,d:\LUMOS\processed\preprocessed_images\patient_614\AP.png,OK,d:\LUMOS\processed\preprocessed_images\patient_614\Lateral.png,
615,OK,d:\LUMOS\processed\preprocessed_images\patient_615\AP.png,OK,d:\LUMOS\processed\preprocessed_images\patient_615\Lateral.png,
616,OK,d:\LUMOS\processed\preprocessed_images\patient_616\AP.png,OK,d:\LUMOS\processed\preprocessed_images\patient_616\Lateral.png,
617,OK,d:\LUMOS\processed\preprocessed_images\patient_617\AP.png,OK,d:\LUMOS\processed\preprocessed_images\patient_617\Lateral.png,
618,OK,d:\LUMOS\processed\preprocessed_images\patient_618\AP.png,OK,d:\LUMOS\processed\preprocessed_images\patient_618\Lateral.png,
619,OK,d:\LUMOS\processed\preprocessed_images\patient_619\AP.png,OK,d:\LUMOS\processed\preprocessed_images\patient_619\Lateral.png,
620,OK,d:\LUMOS\processed\preprocessed_images\patient_620\AP.png,OK,d:\LUMOS\processed\preprocessed_images\patient_620\Lateral.png,
621,OK,d:\LUMOS\processed\preprocessed_images\patient_621\AP.png,OK,d:\LUMOS\processed\preprocessed_images\patient_621\Lateral.png,
622,OK,d:\LUMOS\processed\preprocessed_images\patient_622\AP.png,OK,d:\LUMOS\processed\preprocessed_images\patient_622\Lateral.png,
623,OK,d:\LUMOS\processed\preprocessed_images\patient_623\AP.png,OK,d:\LUMOS\processed\preprocessed_images\patient_623\Lateral.png,
624,OK,d:\LUMOS\processed\preprocessed_images\patient_624\AP.png,OK,d:\LUMOS\processed\preprocessed_images\patient_624\Lateral.png,
625,OK,d:\LUMOS\processed\preprocessed_images\patient_625\AP.png,OK,d:\LUMOS\processed\preprocessed_images\patient_625\Lateral.png,
626,OK,d:\LUMOS\processed\preprocessed_images\patient_626\AP.png,OK,d:\LUMOS\processed\preprocessed_images\patient_626\Lateral.png,
627,OK,d:\LUMOS\processed\preprocessed_images\patient_627\AP.png,OK,d:\LUMOS\processed\preprocessed_images\patient_627\Lateral.png,
628,OK,d:\LUMOS\processed\preprocessed_images\patient_628\AP.png,OK,d:\LUMOS\processed\preprocessed_images\patient_628\Lateral.png,
629,OK,d:\LUMOS\processed\preprocessed_images\patient_629\AP.png,OK,d:\LUMOS\processed\preprocessed_images\patient_629\Lateral.png,
630,OK,d:\LUMOS\processed\preprocessed_images\patient_630\AP.png,OK,d:\LUMOS\processed\preprocessed_images\patient_630\Lateral.png,
631,OK,d:\LUMOS\processed\preprocessed_images\patient_631\AP.png,OK,d:\LUMOS\processed\preprocessed_images\patient_631\Lateral.png,
632,OK,d:\LUMOS\processed\preprocessed_images\patient_632\AP.png,OK,d:\LUMOS\processed\preprocessed_images\patient_632\Lateral.png,
633,OK,d:\LUMOS\processed\preprocessed_images\patient_633\AP.png,OK,d:\LUMOS\processed\preprocessed_images\patient_633\Lateral.png,
634,OK,d:\LUMOS\processed\preprocessed_images\patient_634\AP.png,OK,d:\LUMOS\processed\preprocessed_images\patient_634\Lateral.png,
635,OK,d:\LUMOS\processed\preprocessed_images\patient_635\AP.png,OK,d:\LUMOS\processed\preprocessed_images\patient_635\Lateral.png,
636,OK,d:\LUMOS\processed\preprocessed_images\patient_636\AP.png,OK,d:\LUMOS\processed\preprocessed_images\patient_636\Lateral.png,
637,OK,d:\LUMOS\processed\preprocessed_images\patient_637\AP.png,OK,d:\LUMOS\processed\preprocessed_images\patient_637\Lateral.png,
638,OK,d:\LUMOS\processed\preprocessed_images\patient_638\AP.png,OK,d:\LUMOS\processed\preprocessed_images\patient_638\Lateral.png,
639,OK,d:\LUMOS\processed\preprocessed_images\patient_639\AP.png,OK,d:\LUMOS\processed\preprocessed_images\patient_639\Lateral.png,
640,OK,d:\LUMOS\processed\preprocessed_images\patient_640\AP.png,OK,d:\LUMOS\processed\preprocessed_images\patient_640\Lateral.png,
641,OK,d:\LUMOS\processed\preprocessed_images\patient_641\AP.png,OK,d:\LUMOS\processed\preprocessed_images\patient_641\Lateral.png,
642,OK,d:\LUMOS\processed\preprocessed_images\patient_642\AP.png,OK,d:\LUMOS\processed\preprocessed_images\patient_642\Lateral.png,
643,OK,d:\LUMOS\processed\preprocessed_images\patient_643\AP.png,OK,d:\LUMOS\processed\preprocessed_images\patient_643\Lateral.png,
644,OK,d:\LUMOS\processed\preprocessed_images\patient_644\AP.png,OK,d:\LUMOS\processed\preprocessed_images\patient_644\Lateral.png,
645,OK,d:\LUMOS\processed\preprocessed_images\patient_645\AP.png,OK,d:\LUMOS\processed\preprocessed_images\patient_645\Lateral.png,
646,OK,d:\LUMOS\processed\preprocessed_images\patient_646\AP.png,OK,d:\LUMOS\processed\preprocessed_images\patient_646\Lateral.png,
647,OK,d:\LUMOS\processed\preprocessed_images\patient_647\AP.png,OK,d:\LUMOS\processed\preprocessed_images\patient_647\Lateral.png,
648,OK,d:\LUMOS\processed\preprocessed_images\patient_648\AP.png,OK,d:\LUMOS\processed\preprocessed_images\patient_648\Lateral.png,
649,OK,d:\LUMOS\processed\preprocessed_images\patient_649\AP.png,OK,d:\LUMOS\processed\preprocessed_images\patient_649\Lateral.png,
650,OK,d:\LUMOS\processed\preprocessed_images\patient_650\AP.png,OK,d:\LUMOS\processed\preprocessed_images\patient_650\Lateral.png,
651,OK,d:\LUMOS\processed\preprocessed_images\patient_651\AP.png,OK,d:\LUMOS\processed\preprocessed_images\patient_651\Lateral.png,
652,OK,d:\LUMOS\processed\preprocessed_images\patient_652\AP.png,OK,d:\LUMOS\processed\preprocessed_images\patient_652\Lateral.png,
653,OK,d:\LUMOS\processed\preprocessed_images\patient_653\AP.png,OK,d:\LUMOS\processed\preprocessed_images\patient_653\Lateral.png,
654,OK,d:\LUMOS\processed\preprocessed_images\patient_654\AP.png,OK,d:\LUMOS\processed\preprocessed_images\patient_654\Lateral.png,
655,OK,d:\LUMOS\processed\preprocessed_images\patient_655\AP.png,OK,d:\LUMOS\processed\preprocessed_images\patient_655\Lateral.png,
656,OK,d:\LUMOS\processed\preprocessed_images\patient_656\AP.png,OK,d:\LUMOS\processed\preprocessed_images\patient_656\Lateral.png,
657,OK,d:\LUMOS\processed\preprocessed_images\patient_657\AP.png,OK,d:\LUMOS\processed\preprocessed_images\patient_657\Lateral.png,
658,OK,d:\LUMOS\processed\preprocessed_images\patient_658\AP.png,OK,d:\LUMOS\processed\preprocessed_images\patient_658\Lateral.png,
659,OK,d:\LUMOS\processed\preprocessed_images\patient_659\AP.png,OK,d:\LUMOS\processed\preprocessed_images\patient_659\Lateral.png,
660,OK,d:\LUMOS\processed\preprocessed_images\patient_660\AP.png,OK,d:\LUMOS\processed\preprocessed_images\patient_660\Lateral.png,
661,OK,d:\LUMOS\processed\preprocessed_images\patient_661\AP.png,OK,d:\LUMOS\processed\preprocessed_images\patient_661\Lateral.png,
662,OK,d:\LUMOS\processed\preprocessed_images\patient_662\AP.png,OK,d:\LUMOS\processed\preprocessed_images\patient_662\Lateral.png,
663,OK,d:\LUMOS\processed\preprocessed_images\patient_663\AP.png,OK,d:\LUMOS\processed\preprocessed_images\patient_663\Lateral.png,
664,OK,d:\LUMOS\processed\preprocessed_images\patient_664\AP.png,OK,d:\LUMOS\processed\preprocessed_images\patient_664\Lateral.png,
665,OK,d:\LUMOS\processed\preprocessed_images\patient_665\AP.png,OK,d:\LUMOS\processed\preprocessed_images\patient_665\Lateral.png,
666,OK,d:\LUMOS\processed\preprocessed_images\patient_666\AP.png,OK,d:\LUMOS\processed\preprocessed_images\patient_666\Lateral.png,
667,OK,d:\LUMOS\processed\preprocessed_images\patient_667\AP.png,OK,d:\LUMOS\processed\preprocessed_images\patient_667\Lateral.png,
668,OK,d:\LUMOS\processed\preprocessed_images\patient_668\AP.png,OK,d:\LUMOS\processed\preprocessed_images\patient_668\Lateral.png,
669,OK,d:\LUMOS\processed\preprocessed_images\patient_669\AP.png,OK,d:\LUMOS\processed\preprocessed_images\patient_669\Lateral.png,
670,OK,d:\LUMOS\processed\preprocessed_images\patient_670\AP.png,OK,d:\LUMOS\processed\preprocessed_images\patient_670\Lateral.png,
671,OK,d:\LUMOS\processed\preprocessed_images\patient_671\AP.png,OK,d:\LUMOS\processed\preprocessed_images\patient_671\Lateral.png,
672,OK,d:\LUMOS\processed\preprocessed_images\patient_672\AP.png,OK,d:\LUMOS\processed\preprocessed_images\patient_672\Lateral.png,
673,OK,d:\LUMOS\processed\preprocessed_images\patient_673\AP.png,OK,d:\LUMOS\processed\preprocessed_images\patient_673\Lateral.png,
674,OK,d:\LUMOS\processed\preprocessed_images\patient_674\AP.png,OK,d:\LUMOS\processed\preprocessed_images\patient_674\Lateral.png,
675,OK,d:\LUMOS\processed\preprocessed_images\patient_675\AP.png,OK,d:\LUMOS\processed\preprocessed_images\patient_675\Lateral.png,
676,OK,d:\LUMOS\processed\preprocessed_images\patient_676\AP.png,OK,d:\LUMOS\processed\preprocessed_images\patient_676\Lateral.png,
677,OK,d:\LUMOS\processed\preprocessed_images\patient_677\AP.png,OK,d:\LUMOS\processed\preprocessed_images\patient_677\Lateral.png,
678,OK,d:\LUMOS\processed\preprocessed_images\patient_678\AP.png,OK,d:\LUMOS\processed\preprocessed_images\patient_678\Lateral.png,
679,OK,d:\LUMOS\processed\preprocessed_images\patient_679\AP.png,OK,d:\LUMOS\processed\preprocessed_images\patient_679\Lateral.png,
680,OK,d:\LUMOS\processed\preprocessed_images\patient_680\AP.png,OK,d:\LUMOS\processed\preprocessed_images\patient_680\Lateral.png,
681,OK,d:\LUMOS\processed\preprocessed_images\patient_681\AP.png,OK,d:\LUMOS\processed\preprocessed_images\patient_681\Lateral.png,
682,OK,d:\LUMOS\processed\preprocessed_images\patient_682\AP.png,OK,d:\LUMOS\processed\preprocessed_images\patient_682\Lateral.png,
683,OK,d:\LUMOS\processed\preprocessed_images\patient_683\AP.png,OK,d:\LUMOS\processed\preprocessed_images\patient_683\Lateral.png,
684,OK,d:\LUMOS\processed\preprocessed_images\patient_684\AP.png,OK,d:\LUMOS\processed\preprocessed_images\patient_684\Lateral.png,
685,OK,d:\LUMOS\processed\preprocessed_images\patient_685\AP.png,OK,d:\LUMOS\processed\preprocessed_images\patient_685\Lateral.png,
686,OK,d:\LUMOS\processed\preprocessed_images\patient_686\AP.png,OK,d:\LUMOS\processed\preprocessed_images\patient_686\Lateral.png,
687,OK,d:\LUMOS\processed\preprocessed_images\patient_687\AP.png,OK,d:\LUMOS\processed\preprocessed_images\patient_687\Lateral.png,
688,OK,d:\LUMOS\processed\preprocessed_images\patient_688\AP.png,OK,d:\LUMOS\processed\preprocessed_images\patient_688\Lateral.png,
689,OK,d:\LUMOS\processed\preprocessed_images\patient_689\AP.png,OK,d:\LUMOS\processed\preprocessed_images\patient_689\Lateral.png,
690,OK,d:\LUMOS\processed\preprocessed_images\patient_690\AP.png,OK,d:\LUMOS\processed\preprocessed_images\patient_690\Lateral.png,
691,OK,d:\LUMOS\processed\preprocessed_images\patient_691\AP.png,OK,d:\LUMOS\processed\preprocessed_images\patient_691\Lateral.png,
692,OK,d:\LUMOS\processed\preprocessed_images\patient_692\AP.png,OK,d:\LUMOS\processed\preprocessed_images\patient_692\Lateral.png,
693,OK,d:\LUMOS\processed\preprocessed_images\patient_693\AP.png,OK,d:\LUMOS\processed\preprocessed_images\patient_693\Lateral.png,
694,OK,d:\LUMOS\processed\preprocessed_images\patient_694\AP.png,OK,d:\LUMOS\processed\preprocessed_images\patient_694\Lateral.png,
695,OK,d:\LUMOS\processed\preprocessed_images\patient_695\AP.png,OK,d:\LUMOS\processed\preprocessed_images\patient_695\Lateral.png,
696,OK,d:\LUMOS\processed\preprocessed_images\patient_696\AP.png,OK,d:\LUMOS\processed\preprocessed_images\patient_696\Lateral.png,
697,OK,d:\LUMOS\processed\preprocessed_images\patient_697\AP.png,OK,d:\LUMOS\processed\preprocessed_images\patient_697\Lateral.png,
698,OK,d:\LUMOS\processed\preprocessed_images\patient_698\AP.png,OK,d:\LUMOS\processed\preprocessed_images\patient_698\Lateral.png,
699,OK,d:\LUMOS\processed\preprocessed_images\patient_699\AP.png,OK,d:\LUMOS\processed\preprocessed_images\patient_699\Lateral.png,
700,OK,d:\LUMOS\processed\preprocessed_images\patient_700\AP.png,OK,d:\LUMOS\processed\preprocessed_images\patient_700\Lateral.png,
701,OK,d:\LUMOS\processed\preprocessed_images\patient_701\AP.png,OK,d:\LUMOS\processed\preprocessed_images\patient_701\Lateral.png,
702,OK,d:\LUMOS\processed\preprocessed_images\patient_702\AP.png,OK,d:\LUMOS\processed\preprocessed_images\patient_702\Lateral.png,
703,OK,d:\LUMOS\processed\preprocessed_images\patient_703\AP.png,OK,d:\LUMOS\processed\preprocessed_images\patient_703\Lateral.png,
704,OK,d:\LUMOS\processed\preprocessed_images\patient_704\AP.png,OK,d:\LUMOS\processed\preprocessed_images\patient_704\Lateral.png,
705,OK,d:\LUMOS\processed\preprocessed_images\patient_705\AP.png,OK,d:\LUMOS\processed\preprocessed_images\patient_705\Lateral.png,
706,OK,d:\LUMOS\processed\preprocessed_images\patient_706\AP.png,OK,d:\LUMOS\processed\preprocessed_images\patient_706\Lateral.png,
707,OK,d:\LUMOS\processed\preprocessed_images\patient_707\AP.png,OK,d:\LUMOS\processed\preprocessed_images\patient_707\Lateral.png,
708,OK,d:\LUMOS\processed\preprocessed_images\patient_708\AP.png,OK,d:\LUMOS\processed\preprocessed_images\patient_708\Lateral.png,
709,OK,d:\LUMOS\processed\preprocessed_images\patient_709\AP.png,OK,d:\LUMOS\processed\preprocessed_images\patient_709\Lateral.png,
710,OK,d:\LUMOS\processed\preprocessed_images\patient_710\AP.png,OK,d:\LUMOS\processed\preprocessed_images\patient_710\Lateral.png,
711,OK,d:\LUMOS\processed\preprocessed_images\patient_711\AP.png,OK,d:\LUMOS\processed\preprocessed_images\patient_711\Lateral.png,
712,OK,d:\LUMOS\processed\preprocessed_images\patient_712\AP.png,OK,d:\LUMOS\processed\preprocessed_images\patient_712\Lateral.png,
713,OK,d:\LUMOS\processed\preprocessed_images\patient_713\AP.png,OK,d:\LUMOS\processed\preprocessed_images\patient_713\Lateral.png,
714,OK,d:\LUMOS\processed\preprocessed_images\patient_714\AP.png,OK,d:\LUMOS\processed\preprocessed_images\patient_714\Lateral.png,
715,OK,d:\LUMOS\processed\preprocessed_images\patient_715\AP.png,OK,d:\LUMOS\processed\preprocessed_images\patient_715\Lateral.png,
716,OK,d:\LUMOS\processed\preprocessed_images\patient_716\AP.png,OK,d:\LUMOS\processed\preprocessed_images\patient_716\Lateral.png,
717,OK,d:\LUMOS\processed\preprocessed_images\patient_717\AP.png,OK,d:\LUMOS\processed\preprocessed_images\patient_717\Lateral.png,
718,OK,d:\LUMOS\processed\preprocessed_images\patient_718\AP.png,OK,d:\LUMOS\processed\preprocessed_images\patient_718\Lateral.png,
719,OK,d:\LUMOS\processed\preprocessed_images\patient_719\AP.png,OK,d:\LUMOS\processed\preprocessed_images\patient_719\Lateral.png,
720,OK,d:\LUMOS\processed\preprocessed_images\patient_720\AP.png,OK,d:\LUMOS\processed\preprocessed_images\patient_720\Lateral.png,
721,OK,d:\LUMOS\processed\preprocessed_images\patient_721\AP.png,OK,d:\LUMOS\processed\preprocessed_images\patient_721\Lateral.png,
722,OK,d:\LUMOS\processed\preprocessed_images\patient_722\AP.png,OK,d:\LUMOS\processed\preprocessed_images\patient_722\Lateral.png,
723,OK,d:\LUMOS\processed\preprocessed_images\patient_723\AP.png,OK,d:\LUMOS\processed\preprocessed_images\patient_723\Lateral.png,
724,OK,d:\LUMOS\processed\preprocessed_images\patient_724\AP.png,OK,d:\LUMOS\processed\preprocessed_images\patient_724\Lateral.png,
725,OK,d:\LUMOS\processed\preprocessed_images\patient_725\AP.png,OK,d:\LUMOS\processed\preprocessed_images\patient_725\Lateral.png,
726,OK,d:\LUMOS\processed\preprocessed_images\patient_726\AP.png,OK,d:\LUMOS\processed\preprocessed_images\patient_726\Lateral.png,
727,OK,d:\LUMOS\processed\preprocessed_images\patient_727\AP.png,OK,d:\LUMOS\processed\preprocessed_images\patient_727\Lateral.png,
728,OK,d:\LUMOS\processed\preprocessed_images\patient_728\AP.png,OK,d:\LUMOS\processed\preprocessed_images\patient_728\Lateral.png,
729,OK,d:\LUMOS\processed\preprocessed_images\patient_729\AP.png,OK,d:\LUMOS\processed\preprocessed_images\patient_729\Lateral.png,
730,OK,d:\LUMOS\processed\preprocessed_images\patient_730\AP.png,OK,d:\LUMOS\processed\preprocessed_images\patient_730\Lateral.png,
731,OK,d:\LUMOS\processed\preprocessed_images\patient_731\AP.png,OK,d:\LUMOS\processed\preprocessed_images\patient_731\Lateral.png,
732,OK,d:\LUMOS\processed\preprocessed_images\patient_732\AP.png,OK,d:\LUMOS\processed\preprocessed_images\patient_732\Lateral.png,
733,OK,d:\LUMOS\processed\preprocessed_images\patient_733\AP.png,OK,d:\LUMOS\processed\preprocessed_images\patient_733\Lateral.png,
734,OK,d:\LUMOS\processed\preprocessed_images\patient_734\AP.png,OK,d:\LUMOS\processed\preprocessed_images\patient_734\Lateral.png,
735,OK,d:\LUMOS\processed\preprocessed_images\patient_735\AP.png,OK,d:\LUMOS\processed\preprocessed_images\patient_735\Lateral.png,
736,OK,d:\LUMOS\processed\preprocessed_images\patient_736\AP.png,OK,d:\LUMOS\processed\preprocessed_images\patient_736\Lateral.png,
737,OK,d:\LUMOS\processed\preprocessed_images\patient_737\AP.png,OK,d:\LUMOS\processed\preprocessed_images\patient_737\Lateral.png,
738,OK,d:\LUMOS\processed\preprocessed_images\patient_738\AP.png,OK,d:\LUMOS\processed\preprocessed_images\patient_738\Lateral.png,
739,OK,d:\LUMOS\processed\preprocessed_images\patient_739\AP.png,OK,d:\LUMOS\processed\preprocessed_images\patient_739\Lateral.png,
740,OK,d:\LUMOS\processed\preprocessed_images\patient_740\AP.png,OK,d:\LUMOS\processed\preprocessed_images\patient_740\Lateral.png,
741,OK,d:\LUMOS\processed\preprocessed_images\patient_741\AP.png,OK,d:\LUMOS\processed\preprocessed_images\patient_741\Lateral.png,
742,OK,d:\LUMOS\processed\preprocessed_images\patient_742\AP.png,OK,d:\LUMOS\processed\preprocessed_images\patient_742\Lateral.png,
743,OK,d:\LUMOS\processed\preprocessed_images\patient_743\AP.png,OK,d:\LUMOS\processed\preprocessed_images\patient_743\Lateral.png,
744,OK,d:\LUMOS\processed\preprocessed_images\patient_744\AP.png,OK,d:\LUMOS\processed\preprocessed_images\patient_744\Lateral.png,
745,OK,d:\LUMOS\processed\preprocessed_images\patient_745\AP.png,OK,d:\LUMOS\processed\preprocessed_images\patient_745\Lateral.png,
746,OK,d:\LUMOS\processed\preprocessed_images\patient_746\AP.png,OK,d:\LUMOS\processed\preprocessed_images\patient_746\Lateral.png,
747,OK,d:\LUMOS\processed\preprocessed_images\patient_747\AP.png,OK,d:\LUMOS\processed\preprocessed_images\patient_747\Lateral.png,
748,OK,d:\LUMOS\processed\preprocessed_images\patient_748\AP.png,OK,d:\LUMOS\processed\preprocessed_images\patient_748\Lateral.png,
749,OK,d:\LUMOS\processed\preprocessed_images\patient_749\AP.png,OK,d:\LUMOS\processed\preprocessed_images\patient_749\Lateral.png,
750,OK,d:\LUMOS\processed\preprocessed_images\patient_750\AP.png,OK,d:\LUMOS\processed\preprocessed_images\patient_750\Lateral.png,
751,OK,d:\LUMOS\processed\preprocessed_images\patient_751\AP.png,OK,d:\LUMOS\processed\preprocessed_images\patient_751\Lateral.png,
752,OK,d:\LUMOS\processed\preprocessed_images\patient_752\AP.png,OK,d:\LUMOS\processed\preprocessed_images\patient_752\Lateral.png,
753,OK,d:\LUMOS\processed\preprocessed_images\patient_753\AP.png,OK,d:\LUMOS\processed\preprocessed_images\patient_753\Lateral.png,
754,OK,d:\LUMOS\processed\preprocessed_images\patient_754\AP.png,OK,d:\LUMOS\processed\preprocessed_images\patient_754\Lateral.png,
755,OK,d:\LUMOS\processed\preprocessed_images\patient_755\AP.png,OK,d:\LUMOS\processed\preprocessed_images\patient_755\Lateral.png,
756,OK,d:\LUMOS\processed\preprocessed_images\patient_756\AP.png,OK,d:\LUMOS\processed\preprocessed_images\patient_756\Lateral.png,
757,OK,d:\LUMOS\processed\preprocessed_images\patient_757\AP.png,OK,d:\LUMOS\processed\preprocessed_images\patient_757\Lateral.png,
758,OK,d:\LUMOS\processed\preprocessed_images\patient_758\AP.png,OK,d:\LUMOS\processed\preprocessed_images\patient_758\Lateral.png,
759,OK,d:\LUMOS\processed\preprocessed_images\patient_759\AP.png,OK,d:\LUMOS\processed\preprocessed_images\patient_759\Lateral.png,
760,OK,d:\LUMOS\processed\preprocessed_images\patient_760\AP.png,OK,d:\LUMOS\processed\preprocessed_images\patient_760\Lateral.png,
761,OK,d:\LUMOS\processed\preprocessed_images\patient_761\AP.png,OK,d:\LUMOS\processed\preprocessed_images\patient_761\Lateral.png,
762,OK,d:\LUMOS\processed\preprocessed_images\patient_762\AP.png,OK,d:\LUMOS\processed\preprocessed_images\patient_762\Lateral.png,
763,OK,d:\LUMOS\processed\preprocessed_images\patient_763\AP.png,OK,d:\LUMOS\processed\preprocessed_images\patient_763\Lateral.png,
764,OK,d:\LUMOS\processed\preprocessed_images\patient_764\AP.png,OK,d:\LUMOS\processed\preprocessed_images\patient_764\Lateral.png,
765,OK,d:\LUMOS\processed\preprocessed_images\patient_765\AP.png,OK,d:\LUMOS\processed\preprocessed_images\patient_765\Lateral.png,
766,OK,d:\LUMOS\processed\preprocessed_images\patient_766\AP.png,OK,d:\LUMOS\processed\preprocessed_images\patient_766\Lateral.png,
767,OK,d:\LUMOS\processed\preprocessed_images\patient_767\AP.png,OK,d:\LUMOS\processed\preprocessed_images\patient_767\Lateral.png,
768,OK,d:\LUMOS\processed\preprocessed_images\patient_768\AP.png,OK,d:\LUMOS\processed\preprocessed_images\patient_768\Lateral.png,
769,OK,d:\LUMOS\processed\preprocessed_images\patient_769\AP.png,OK,d:\LUMOS\processed\preprocessed_images\patient_769\Lateral.png,
770,OK,d:\LUMOS\processed\preprocessed_images\patient_770\AP.png,OK,d:\LUMOS\processed\preprocessed_images\patient_770\Lateral.png,
771,OK,d:\LUMOS\processed\preprocessed_images\patient_771\AP.png,OK,d:\LUMOS\processed\preprocessed_images\patient_771\Lateral.png,
772,OK,d:\LUMOS\processed\preprocessed_images\patient_772\AP.png,OK,d:\LUMOS\processed\preprocessed_images\patient_772\Lateral.png,
773,OK,d:\LUMOS\processed\preprocessed_images\patient_773\AP.png,OK,d:\LUMOS\processed\preprocessed_images\patient_773\Lateral.png,
774,OK,d:\LUMOS\processed\preprocessed_images\patient_774\AP.png,OK,d:\LUMOS\processed\preprocessed_images\patient_774\Lateral.png,
775,OK,d:\LUMOS\processed\preprocessed_images\patient_775\AP.png,OK,d:\LUMOS\processed\preprocessed_images\patient_775\Lateral.png,
776,OK,d:\LUMOS\processed\preprocessed_images\patient_776\AP.png,OK,d:\LUMOS\processed\preprocessed_images\patient_776\Lateral.png,
777,OK,d:\LUMOS\processed\preprocessed_images\patient_777\AP.png,OK,d:\LUMOS\processed\preprocessed_images\patient_777\Lateral.png,
778,OK,d:\LUMOS\processed\preprocessed_images\patient_778\AP.png,OK,d:\LUMOS\processed\preprocessed_images\patient_778\Lateral.png,
779,OK,d:\LUMOS\processed\preprocessed_images\patient_779\AP.png,OK,d:\LUMOS\processed\preprocessed_images\patient_779\Lateral.png,
780,OK,d:\LUMOS\processed\preprocessed_images\patient_780\AP.png,OK,d:\LUMOS\processed\preprocessed_images\patient_780\Lateral.png,
781,OK,d:\LUMOS\processed\preprocessed_images\patient_781\AP.png,OK,d:\LUMOS\processed\preprocessed_images\patient_781\Lateral.png,
782,OK,d:\LUMOS\processed\preprocessed_images\patient_782\AP.png,OK,d:\LUMOS\processed\preprocessed_images\patient_782\Lateral.png,
783,OK,d:\LUMOS\processed\preprocessed_images\patient_783\AP.png,OK,d:\LUMOS\processed\preprocessed_images\patient_783\Lateral.png,
784,OK,d:\LUMOS\processed\preprocessed_images\patient_784\AP.png,OK,d:\LUMOS\processed\preprocessed_images\patient_784\Lateral.png,
785,OK,d:\LUMOS\processed\preprocessed_images\patient_785\AP.png,OK,d:\LUMOS\processed\preprocessed_images\patient_785\Lateral.png,
786,OK,d:\LUMOS\processed\preprocessed_images\patient_786\AP.png,OK,d:\LUMOS\processed\preprocessed_images\patient_786\Lateral.png,
787,OK,d:\LUMOS\processed\preprocessed_images\patient_787\AP.png,OK,d:\LUMOS\processed\preprocessed_images\patient_787\Lateral.png,
788,OK,d:\LUMOS\processed\preprocessed_images\patient_788\AP.png,OK,d:\LUMOS\processed\preprocessed_images\patient_788\Lateral.png,
789,OK,d:\LUMOS\processed\preprocessed_images\patient_789\AP.png,OK,d:\LUMOS\processed\preprocessed_images\patient_789\Lateral.png,
790,OK,d:\LUMOS\processed\preprocessed_images\patient_790\AP.png,OK,d:\LUMOS\processed\preprocessed_images\patient_790\Lateral.png,
791,OK,d:\LUMOS\processed\preprocessed_images\patient_791\AP.png,OK,d:\LUMOS\processed\preprocessed_images\patient_791\Lateral.png,
792,OK,d:\LUMOS\processed\preprocessed_images\patient_792\AP.png,OK,d:\LUMOS\processed\preprocessed_images\patient_792\Lateral.png,
793,OK,d:\LUMOS\processed\preprocessed_images\patient_793\AP.png,OK,d:\LUMOS\processed\preprocessed_images\patient_793\Lateral.png,
794,OK,d:\LUMOS\processed\preprocessed_images\patient_794\AP.png,OK,d:\LUMOS\processed\preprocessed_images\patient_794\Lateral.png,
795,OK,d:\LUMOS\processed\preprocessed_images\patient_795\AP.png,OK,d:\LUMOS\processed\preprocessed_images\patient_795\Lateral.png,
796,OK,d:\LUMOS\processed\preprocessed_images\patient_796\AP.png,OK,d:\LUMOS\processed\preprocessed_images\patient_796\Lateral.png,
797,OK,d:\LUMOS\processed\preprocessed_images\patient_797\AP.png,OK,d:\LUMOS\processed\preprocessed_images\patient_797\Lateral.png,
798,OK,d:\LUMOS\processed\preprocessed_images\patient_798\AP.png,OK,d:\LUMOS\processed\preprocessed_images\patient_798\Lateral.png,
799,OK,d:\LUMOS\processed\preprocessed_images\patient_799\AP.png,OK,d:\LUMOS\processed\preprocessed_images\patient_799\Lateral.png,
800,OK,d:\LUMOS\processed\preprocessed_images\patient_800\AP.png,OK,d:\LUMOS\processed\preprocessed_images\patient_800\Lateral.png,
801,OK,d:\LUMOS\processed\preprocessed_images\patient_801\AP.png,OK,d:\LUMOS\processed\preprocessed_images\patient_801\Lateral.png,
802,OK,d:\LUMOS\processed\preprocessed_images\patient_802\AP.png,OK,d:\LUMOS\processed\preprocessed_images\patient_802\Lateral.png,
803,OK,d:\LUMOS\processed\preprocessed_images\patient_803\AP.png,OK,d:\LUMOS\processed\preprocessed_images\patient_803\Lateral.png,
