patient_id,view,image_path,mask_path,mask_available,bmd,bmd_L1-L2,bmd_L1-L3,bmd_L1-L4,bmd_L2-L3,bmd_L2-L4,bmd_L3-L4,Osteoporosis,split,L1_roi_path,L1_has_mask,L2_roi_path,L2_has_mask,L3_roi_path,L3_has_mask,L4_roi_path,L4_has_mask
1,AP,D:/LUMOS/processed/preprocessed_images/patient_001/AP.png,D:/LUMOS/processed/segmentation/pseudo_labels/patient_001_AP_mask.png,True,0.741,0.662,0.707,0.741,0.719,0.76,0.809,2,test,D:/LUMOS/processed/vertebral_rois/patient_001/AP/L1.png,True,D:/LUMOS/processed/vertebral_rois/patient_001/AP/L2.png,True,D:/LUMOS/processed/vertebral_rois/patient_001/AP/L3.png,True,D:/LUMOS/processed/vertebral_rois/patient_001/AP/L4.png,True
1,Lateral,D:/LUMOS/processed/preprocessed_images/patient_001/Lateral.png,D:/LUMOS/processed/segmentation/pseudo_labels/patient_001_Lateral_mask.png,True,0.741,0.662,0.707,0.741,0.719,0.76,0.809,2,test,D:/LUMOS/processed/vertebral_rois/patient_001/Lateral/L1.png,True,D:/LUMOS/processed/vertebral_rois/patient_001/Lateral/L2.png,True,D:/LUMOS/processed/vertebral_rois/patient_001/Lateral/L3.png,True,D:/LUMOS/processed/vertebral_rois/patient_001/Lateral/L4.png,True
2,AP,D:/LUMOS/processed/preprocessed_images/patient_002/AP.png,D:/LUMOS/processed/segmentation/pseudo_labels/patient_002_AP_mask.png,True,0.94,0.925,0.961,0.941,0.991,0.953,0.954,1,train,D:/LUMOS/processed/vertebral_rois/patient_002/AP/L1.png,True,D:/LUMOS/processed/vertebral_rois/patient_002/AP/L2.png,True,D:/LUMOS/processed/vertebral_rois/patient_002/AP/L3.png,True,D:/LUMOS/processed/vertebral_rois/patient_002/AP/L4.png,True
2,Lateral,D:/LUMOS/processed/preprocessed_images/patient_002/Lateral.png,D:/LUMOS/processed/segmentation/pseudo_labels/patient_002_Lateral_mask.png,True,0.94,0.925,0.961,0.941,0.991,0.953,0.954,1,train,D:/LUMOS/processed/vertebral_rois/patient_002/Lateral/L1.png,True,D:/LUMOS/processed/vertebral_rois/patient_002/Lateral/L2.png,True,D:/LUMOS/processed/vertebral_rois/patient_002/Lateral/L3.png,True,D:/LUMOS/processed/vertebral_rois/patient_002/Lateral/L4.png,True
3,AP,D:/LUMOS/processed/preprocessed_images/patient_003/AP.png,D:/LUMOS/processed/segmentation/pseudo_labels/patient_003_AP_mask.png,True,1.019,0.86,0.955,1.019,1.019,1.076,1.15,0,train,D:/LUMOS/processed/vertebral_rois/patient_003/AP/L1.png,True,D:/LUMOS/processed/vertebral_rois/patient_003/AP/L2.png,True,D:/LUMOS/processed/vertebral_rois/patient_003/AP/L3.png,True,D:/LUMOS/processed/vertebral_rois/patient_003/AP/L4.png,True
3,Lateral,D:/LUMOS/processed/preprocessed_images/patient_003/Lateral.png,D:/LUMOS/processed/segmentation/pseudo_labels/patient_003_Lateral_mask.png,True,1.019,0.86,0.955,1.019,1.019,1.076,1.15,0,train,D:/LUMOS/processed/vertebral_rois/patient_003/Lateral/L1.png,True,D:/LUMOS/processed/vertebral_rois/patient_003/Lateral/L2.png,True,D:/LUMOS/processed/vertebral_rois/patient_003/Lateral/L3.png,True,D:/LUMOS/processed/vertebral_rois/patient_003/Lateral/L4.png,True
4,AP,D:/LUMOS/processed/preprocessed_images/patient_004/AP.png,D:/LUMOS/processed/segmentation/pseudo_labels/patient_004_AP_mask.png,True,0.8,0.774,0.794,0.8,0.8,0.806,0.821,2,train,D:/LUMOS/processed/vertebral_rois/patient_004/AP/L1.png,True,D:/LUMOS/processed/vertebral_rois/patient_004/AP/L2.png,True,D:/LUMOS/processed/vertebral_rois/patient_004/AP/L3.png,True,D:/LUMOS/processed/vertebral_rois/patient_004/AP/L4.png,True
4,Lateral,D:/LUMOS/processed/preprocessed_images/patient_004/Lateral.png,D:/LUMOS/processed/segmentation/pseudo_labels/patient_004_Lateral_mask.png,True,0.8,0.774,0.794,0.8,0.8,0.806,0.821,2,train,D:/LUMOS/processed/vertebral_rois/patient_004/Lateral/L1.png,True,D:/LUMOS/processed/vertebral_rois/patient_004/Lateral/L2.png,True,D:/LUMOS/processed/vertebral_rois/patient_004/Lateral/L3.png,True,D:/LUMOS/processed/vertebral_rois/patient_004/Lateral/L4.png,False
5,AP,D:/LUMOS/processed/preprocessed_images/patient_005/AP.png,D:/LUMOS/processed/segmentation/pseudo_labels/patient_005_AP_mask.png,True,1.187,1.058,1.112,1.187,1.124,1.216,1.297,0,validation,D:/LUMOS/processed/vertebral_rois/patient_005/AP/L1.png,True,D:/LUMOS/processed/vertebral_rois/patient_005/AP/L2.png,True,D:/LUMOS/processed/vertebral_rois/patient_005/AP/L3.png,True,D:/LUMOS/processed/vertebral_rois/patient_005/AP/L4.png,True
5,Lateral,D:/LUMOS/processed/preprocessed_images/patient_005/Lateral.png,D:/LUMOS/processed/segmentation/pseudo_labels/patient_005_Lateral_mask.png,True,1.187,1.058,1.112,1.187,1.124,1.216,1.297,0,validation,D:/LUMOS/processed/vertebral_rois/patient_005/Lateral/L1.png,True,D:/LUMOS/processed/vertebral_rois/patient_005/Lateral/L2.png,True,D:/LUMOS/processed/vertebral_rois/patient_005/Lateral/L3.png,True,D:/LUMOS/processed/vertebral_rois/patient_005/Lateral/L4.png,True
6,AP,D:/LUMOS/processed/preprocessed_images/patient_006/AP.png,D:/LUMOS/processed/segmentation/pseudo_labels/patient_006_AP_mask.png,True,0.593,0.522,0.549,0.593,0.567,0.62,0.658,2,train,D:/LUMOS/processed/vertebral_rois/patient_006/AP/L1.png,True,D:/LUMOS/processed/vertebral_rois/patient_006/AP/L2.png,True,D:/LUMOS/processed/vertebral_rois/patient_006/AP/L3.png,True,D:/LUMOS/processed/vertebral_rois/patient_006/AP/L4.png,True
6,Lateral,D:/LUMOS/processed/preprocessed_images/patient_006/Lateral.png,D:/LUMOS/processed/segmentation/pseudo_labels/patient_006_Lateral_mask.png,True,0.593,0.522,0.549,0.593,0.567,0.62,0.658,2,train,D:/LUMOS/processed/vertebral_rois/patient_006/Lateral/L1.png,True,D:/LUMOS/processed/vertebral_rois/patient_006/Lateral/L2.png,True,D:/LUMOS/processed/vertebral_rois/patient_006/Lateral/L3.png,True,D:/LUMOS/processed/vertebral_rois/patient_006/Lateral/L4.png,True
7,AP,D:/LUMOS/processed/preprocessed_images/patient_007/AP.png,D:/LUMOS/processed/segmentation/pseudo_labels/patient_007_AP_mask.png,True,1.159,1.182,1.2,1.159,1.203,1.149,1.14,0,train,D:/LUMOS/processed/vertebral_rois/patient_007/AP/L1.png,True,D:/LUMOS/processed/vertebral_rois/patient_007/AP/L2.png,True,D:/LUMOS/processed/vertebral_rois/patient_007/AP/L3.png,True,D:/LUMOS/processed/vertebral_rois/patient_007/AP/L4.png,True
7,Lateral,D:/LUMOS/processed/preprocessed_images/patient_007/Lateral.png,D:/LUMOS/processed/segmentation/pseudo_labels/patient_007_Lateral_mask.png,True,1.159,1.182,1.2,1.159,1.203,1.149,1.14,0,train,D:/LUMOS/processed/vertebral_rois/patient_007/Lateral/L1.png,True,D:/LUMOS/processed/vertebral_rois/patient_007/Lateral/L2.png,True,D:/LUMOS/processed/vertebral_rois/patient_007/Lateral/L3.png,True,D:/LUMOS/processed/vertebral_rois/patient_007/Lateral/L4.png,True
9,AP,D:/LUMOS/processed/preprocessed_images/patient_009/AP.png,D:/LUMOS/processed/segmentation/pseudo_labels/patient_009_AP_mask.png,True,1.493,1.318,1.413,1.493,1.499,1.576,1.669,0,validation,D:/LUMOS/processed/vertebral_rois/patient_009/AP/L1.png,True,D:/LUMOS/processed/vertebral_rois/patient_009/AP/L2.png,False,D:/LUMOS/processed/vertebral_rois/patient_009/AP/L3.png,True,D:/LUMOS/processed/vertebral_rois/patient_009/AP/L4.png,True
9,Lateral,D:/LUMOS/processed/preprocessed_images/patient_009/Lateral.png,D:/LUMOS/processed/segmentation/pseudo_labels/patient_009_Lateral_mask.png,True,1.493,1.318,1.413,1.493,1.499,1.576,1.669,0,validation,D:/LUMOS/processed/vertebral_rois/patient_009/Lateral/L1.png,True,D:/LUMOS/processed/vertebral_rois/patient_009/Lateral/L2.png,True,D:/LUMOS/processed/vertebral_rois/patient_009/Lateral/L3.png,True,D:/LUMOS/processed/vertebral_rois/patient_009/Lateral/L4.png,True
10,AP,D:/LUMOS/processed/preprocessed_images/patient_010/AP.png,D:/LUMOS/processed/segmentation/pseudo_labels/patient_010_AP_mask.png,True,0.907,0.876,0.915,0.907,0.963,0.936,0.931,1,train,D:/LUMOS/processed/vertebral_rois/patient_010/AP/L1.png,True,D:/LUMOS/processed/vertebral_rois/patient_010/AP/L2.png,True,D:/LUMOS/processed/vertebral_rois/patient_010/AP/L3.png,True,D:/LUMOS/processed/vertebral_rois/patient_010/AP/L4.png,True
10,Lateral,D:/LUMOS/processed/preprocessed_images/patient_010/Lateral.png,D:/LUMOS/processed/segmentation/pseudo_labels/patient_010_Lateral_mask.png,True,0.907,0.876,0.915,0.907,0.963,0.936,0.931,1,train,D:/LUMOS/processed/vertebral_rois/patient_010/Lateral/L1.png,True,D:/LUMOS/processed/vertebral_rois/patient_010/Lateral/L2.png,True,D:/LUMOS/processed/vertebral_rois/patient_010/Lateral/L3.png,True,D:/LUMOS/processed/vertebral_rois/patient_010/Lateral/L4.png,True
11,AP,D:/LUMOS/processed/preprocessed_images/patient_011/AP.png,D:/LUMOS/processed/segmentation/pseudo_labels/patient_011_AP_mask.png,True,1.114,1.059,1.093,1.114,1.097,1.122,1.16,0,train,D:/LUMOS/processed/vertebral_rois/patient_011/AP/L1.png,True,D:/LUMOS/processed/vertebral_rois/patient_011/AP/L2.png,True,D:/LUMOS/processed/vertebral_rois/patient_011/AP/L3.png,True,D:/LUMOS/processed/vertebral_rois/patient_011/AP/L4.png,True
11,Lateral,D:/LUMOS/processed/preprocessed_images/patient_011/Lateral.png,D:/LUMOS/processed/segmentation/pseudo_labels/patient_011_Lateral_mask.png,True,1.114,1.059,1.093,1.114,1.097,1.122,1.16,0,train,D:/LUMOS/processed/vertebral_rois/patient_011/Lateral/L1.png,True,D:/LUMOS/processed/vertebral_rois/patient_011/Lateral/L2.png,True,D:/LUMOS/processed/vertebral_rois/patient_011/Lateral/L3.png,True,D:/LUMOS/processed/vertebral_rois/patient_011/Lateral/L4.png,True
12,AP,D:/LUMOS/processed/preprocessed_images/patient_012/AP.png,D:/LUMOS/processed/segmentation/pseudo_labels/patient_012_AP_mask.png,True,0.956,0.875,0.92,0.956,0.956,0.988,1.023,1,train,D:/LUMOS/processed/vertebral_rois/patient_012/AP/L1.png,True,D:/LUMOS/processed/vertebral_rois/patient_012/AP/L2.png,True,D:/LUMOS/processed/vertebral_rois/patient_012/AP/L3.png,True,D:/LUMOS/processed/vertebral_rois/patient_012/AP/L4.png,True
12,Lateral,D:/LUMOS/processed/preprocessed_images/patient_012/Lateral.png,D:/LUMOS/processed/segmentation/pseudo_labels/patient_012_Lateral_mask.png,True,0.956,0.875,0.92,0.956,0.956,0.988,1.023,1,train,D:/LUMOS/processed/vertebral_rois/patient_012/Lateral/L1.png,True,D:/LUMOS/processed/vertebral_rois/patient_012/Lateral/L2.png,True,D:/LUMOS/processed/vertebral_rois/patient_012/Lateral/L3.png,True,D:/LUMOS/processed/vertebral_rois/patient_012/Lateral/L4.png,True
13,AP,D:/LUMOS/processed/preprocessed_images/patient_013/AP.png,D:/LUMOS/processed/segmentation/pseudo_labels/patient_013_AP_mask.png,True,0.983,0.922,0.948,0.983,0.978,1.01,1.028,1,test,D:/LUMOS/processed/vertebral_rois/patient_013/AP/L1.png,True,D:/LUMOS/processed/vertebral_rois/patient_013/AP/L2.png,True,D:/LUMOS/processed/vertebral_rois/patient_013/AP/L3.png,True,D:/LUMOS/processed/vertebral_rois/patient_013/AP/L4.png,False
13,Lateral,D:/LUMOS/processed/preprocessed_images/patient_013/Lateral.png,D:/LUMOS/processed/segmentation/pseudo_labels/patient_013_Lateral_mask.png,True,0.983,0.922,0.948,0.983,0.978,1.01,1.028,1,test,D:/LUMOS/processed/vertebral_rois/patient_013/Lateral/L1.png,True,D:/LUMOS/processed/vertebral_rois/patient_013/Lateral/L2.png,True,D:/LUMOS/processed/vertebral_rois/patient_013/Lateral/L3.png,True,D:/LUMOS/processed/vertebral_rois/patient_013/Lateral/L4.png,True
14,AP,D:/LUMOS/processed/preprocessed_images/patient_014/AP.png,D:/LUMOS/processed/segmentation/pseudo_labels/patient_014_AP_mask.png,True,0.718,0.64,0.658,0.718,0.669,0.742,0.779,2,train,D:/LUMOS/processed/vertebral_rois/patient_014/AP/L1.png,True,D:/LUMOS/processed/vertebral_rois/patient_014/AP/L2.png,True,D:/LUMOS/processed/vertebral_rois/patient_014/AP/L3.png,True,D:/LUMOS/processed/vertebral_rois/patient_014/AP/L4.png,True
14,Lateral,D:/LUMOS/processed/preprocessed_images/patient_014/Lateral.png,D:/LUMOS/processed/segmentation/pseudo_labels/patient_014_Lateral_mask.png,True,0.718,0.64,0.658,0.718,0.669,0.742,0.779,2,train,D:/LUMOS/processed/vertebral_rois/patient_014/Lateral/L1.png,True,D:/LUMOS/processed/vertebral_rois/patient_014/Lateral/L2.png,True,D:/LUMOS/processed/vertebral_rois/patient_014/Lateral/L3.png,True,D:/LUMOS/processed/vertebral_rois/patient_014/Lateral/L4.png,True
15,AP,D:/LUMOS/processed/preprocessed_images/patient_015/AP.png,D:/LUMOS/processed/segmentation/pseudo_labels/patient_015_AP_mask.png,True,1.116,0.975,1.07,1.116,1.146,1.182,1.276,0,train,D:/LUMOS/processed/vertebral_rois/patient_015/AP/L1.png,True,D:/LUMOS/processed/vertebral_rois/patient_015/AP/L2.png,True,D:/LUMOS/processed/vertebral_rois/patient_015/AP/L3.png,False,D:/LUMOS/processed/vertebral_rois/patient_015/AP/L4.png,True
15,Lateral,D:/LUMOS/processed/preprocessed_images/patient_015/Lateral.png,D:/LUMOS/processed/segmentation/pseudo_labels/patient_015_Lateral_mask.png,True,1.116,0.975,1.07,1.116,1.146,1.182,1.276,0,train,D:/LUMOS/processed/vertebral_rois/patient_015/Lateral/L1.png,True,D:/LUMOS/processed/vertebral_rois/patient_015/Lateral/L2.png,True,D:/LUMOS/processed/vertebral_rois/patient_015/Lateral/L3.png,True,D:/LUMOS/processed/vertebral_rois/patient_015/Lateral/L4.png,True
16,AP,D:/LUMOS/processed/preprocessed_images/patient_016/AP.png,D:/LUMOS/processed/segmentation/pseudo_labels/patient_016_AP_mask.png,True,0.861,0.813,0.843,0.861,0.886,0.896,0.905,1,train,D:/LUMOS/processed/vertebral_rois/patient_016/AP/L1.png,True,D:/LUMOS/processed/vertebral_rois/patient_016/AP/L2.png,True,D:/LUMOS/processed/vertebral_rois/patient_016/AP/L3.png,True,D:/LUMOS/processed/vertebral_rois/patient_016/AP/L4.png,True
16,Lateral,D:/LUMOS/processed/preprocessed_images/patient_016/Lateral.png,D:/LUMOS/processed/segmentation/pseudo_labels/patient_016_Lateral_mask.png,True,0.861,0.813,0.843,0.861,0.886,0.896,0.905,1,train,D:/LUMOS/processed/vertebral_rois/patient_016/Lateral/L1.png,True,D:/LUMOS/processed/vertebral_rois/patient_016/Lateral/L2.png,True,D:/LUMOS/processed/vertebral_rois/patient_016/Lateral/L3.png,True,D:/LUMOS/processed/vertebral_rois/patient_016/Lateral/L4.png,True
17,AP,D:/LUMOS/processed/preprocessed_images/patient_017/AP.png,D:/LUMOS/processed/segmentation/pseudo_labels/patient_017_AP_mask.png,True,0.875,0.836,0.869,0.875,0.906,0.899,0.905,1,validation,D:/LUMOS/processed/vertebral_rois/patient_017/AP/L1.png,True,D:/LUMOS/processed/vertebral_rois/patient_017/AP/L2.png,False,D:/LUMOS/processed/vertebral_rois/patient_017/AP/L3.png,True,D:/LUMOS/processed/vertebral_rois/patient_017/AP/L4.png,True
17,Lateral,D:/LUMOS/processed/preprocessed_images/patient_017/Lateral.png,D:/LUMOS/processed/segmentation/pseudo_labels/patient_017_Lateral_mask.png,True,0.875,0.836,0.869,0.875,0.906,0.899,0.905,1,validation,D:/LUMOS/processed/vertebral_rois/patient_017/Lateral/L1.png,True,D:/LUMOS/processed/vertebral_rois/patient_017/Lateral/L2.png,True,D:/LUMOS/processed/vertebral_rois/patient_017/Lateral/L3.png,True,D:/LUMOS/processed/vertebral_rois/patient_017/Lateral/L4.png,True
18,AP,D:/LUMOS/processed/preprocessed_images/patient_018/AP.png,D:/LUMOS/processed/segmentation/pseudo_labels/patient_018_AP_mask.png,True,1.242,1.113,1.198,1.242,1.278,1.307,1.357,0,train,D:/LUMOS/processed/vertebral_rois/patient_018/AP/L1.png,True,D:/LUMOS/processed/vertebral_rois/patient_018/AP/L2.png,True,D:/LUMOS/processed/vertebral_rois/patient_018/AP/L3.png,True,D:/LUMOS/processed/vertebral_rois/patient_018/AP/L4.png,True
18,Lateral,D:/LUMOS/processed/preprocessed_images/patient_018/Lateral.png,D:/LUMOS/processed/segmentation/pseudo_labels/patient_018_Lateral_mask.png,True,1.242,1.113,1.198,1.242,1.278,1.307,1.357,0,train,D:/LUMOS/processed/vertebral_rois/patient_018/Lateral/L1.png,True,D:/LUMOS/processed/vertebral_rois/patient_018/Lateral/L2.png,True,D:/LUMOS/processed/vertebral_rois/patient_018/Lateral/L3.png,True,D:/LUMOS/processed/vertebral_rois/patient_018/Lateral/L4.png,True
19,AP,D:/LUMOS/processed/preprocessed_images/patient_019/AP.png,D:/LUMOS/processed/segmentation/pseudo_labels/patient_019_AP_mask.png,True,0.764,0.647,0.701,0.764,0.723,0.796,0.863,2,test,D:/LUMOS/processed/vertebral_rois/patient_019/AP/L1.png,True,D:/LUMOS/processed/vertebral_rois/patient_019/AP/L2.png,True,D:/LUMOS/processed/vertebral_rois/patient_019/AP/L3.png,True,D:/LUMOS/processed/vertebral_rois/patient_019/AP/L4.png,True
19,Lateral,D:/LUMOS/processed/preprocessed_images/patient_019/Lateral.png,D:/LUMOS/processed/segmentation/pseudo_labels/patient_019_Lateral_mask.png,True,0.764,0.647,0.701,0.764,0.723,0.796,0.863,2,test,D:/LUMOS/processed/vertebral_rois/patient_019/Lateral/L1.png,True,D:/LUMOS/processed/vertebral_rois/patient_019/Lateral/L2.png,True,D:/LUMOS/processed/vertebral_rois/patient_019/Lateral/L3.png,True,D:/LUMOS/processed/vertebral_rois/patient_019/Lateral/L4.png,True
20,AP,D:/LUMOS/processed/preprocessed_images/patient_020/AP.png,D:/LUMOS/processed/segmentation/pseudo_labels/patient_020_AP_mask.png,True,1.347,1.287,1.336,1.349,1.371,1.374,1.399,0,validation,D:/LUMOS/processed/vertebral_rois/patient_020/AP/L1.png,True,D:/LUMOS/processed/vertebral_rois/patient_020/AP/L2.png,True,D:/LUMOS/processed/vertebral_rois/patient_020/AP/L3.png,True,D:/LUMOS/processed/vertebral_rois/patient_020/AP/L4.png,True
20,Lateral,D:/LUMOS/processed/preprocessed_images/patient_020/Lateral.png,D:/LUMOS/processed/segmentation/pseudo_labels/patient_020_Lateral_mask.png,True,1.347,1.287,1.336,1.349,1.371,1.374,1.399,0,validation,D:/LUMOS/processed/vertebral_rois/patient_020/Lateral/L1.png,True,D:/LUMOS/processed/vertebral_rois/patient_020/Lateral/L2.png,True,D:/LUMOS/processed/vertebral_rois/patient_020/Lateral/L3.png,True,D:/LUMOS/processed/vertebral_rois/patient_020/Lateral/L4.png,True
21,AP,D:/LUMOS/processed/preprocessed_images/patient_021/AP.png,D:/LUMOS/processed/segmentation/pseudo_labels/patient_021_AP_mask.png,True,0.942,0.914,0.912,0.942,0.888,0.933,0.965,1,train,D:/LUMOS/processed/vertebral_rois/patient_021/AP/L1.png,True,D:/LUMOS/processed/vertebral_rois/patient_021/AP/L2.png,True,D:/LUMOS/processed/vertebral_rois/patient_021/AP/L3.png,True,D:/LUMOS/processed/vertebral_rois/patient_021/AP/L4.png,True
21,Lateral,D:/LUMOS/processed/preprocessed_images/patient_021/Lateral.png,D:/LUMOS/processed/segmentation/pseudo_labels/patient_021_Lateral_mask.png,True,0.942,0.914,0.912,0.942,0.888,0.933,0.965,1,train,D:/LUMOS/processed/vertebral_rois/patient_021/Lateral/L1.png,True,D:/LUMOS/processed/vertebral_rois/patient_021/Lateral/L2.png,True,D:/LUMOS/processed/vertebral_rois/patient_021/Lateral/L3.png,True,D:/LUMOS/processed/vertebral_rois/patient_021/Lateral/L4.png,True
22,AP,D:/LUMOS/processed/preprocessed_images/patient_022/AP.png,D:/LUMOS/processed/segmentation/pseudo_labels/patient_022_AP_mask.png,True,1.28297303862035,1.145,1.213,1.284,1.255,1.331,1.402,0,test,D:/LUMOS/processed/vertebral_rois/patient_022/AP/L1.png,True,D:/LUMOS/processed/vertebral_rois/patient_022/AP/L2.png,True,D:/LUMOS/processed/vertebral_rois/patient_022/AP/L3.png,True,D:/LUMOS/processed/vertebral_rois/patient_022/AP/L4.png,True
22,Lateral,D:/LUMOS/processed/preprocessed_images/patient_022/Lateral.png,D:/LUMOS/processed/segmentation/pseudo_labels/patient_022_Lateral_mask.png,True,1.28297303862035,1.145,1.213,1.284,1.255,1.331,1.402,0,test,D:/LUMOS/processed/vertebral_rois/patient_022/Lateral/L1.png,True,D:/LUMOS/processed/vertebral_rois/patient_022/Lateral/L2.png,True,D:/LUMOS/processed/vertebral_rois/patient_022/Lateral/L3.png,True,D:/LUMOS/processed/vertebral_rois/patient_022/Lateral/L4.png,True
23,AP,D:/LUMOS/processed/preprocessed_images/patient_023/AP.png,D:/LUMOS/processed/segmentation/pseudo_labels/patient_023_AP_mask.png,True,0.932694268815011,0.846,0.919,0.933,0.961,0.962,0.999,1,train,D:/LUMOS/processed/vertebral_rois/patient_023/AP/L1.png,True,D:/LUMOS/processed/vertebral_rois/patient_023/AP/L2.png,True,D:/LUMOS/processed/vertebral_rois/patient_023/AP/L3.png,True,D:/LUMOS/processed/vertebral_rois/patient_023/AP/L4.png,True
23,Lateral,D:/LUMOS/processed/preprocessed_images/patient_023/Lateral.png,D:/LUMOS/processed/segmentation/pseudo_labels/patient_023_Lateral_mask.png,True,0.932694268815011,0.846,0.919,0.933,0.961,0.962,0.999,1,train,D:/LUMOS/processed/vertebral_rois/patient_023/Lateral/L1.png,True,D:/LUMOS/processed/vertebral_rois/patient_023/Lateral/L2.png,True,D:/LUMOS/processed/vertebral_rois/patient_023/Lateral/L3.png,True,D:/LUMOS/processed/vertebral_rois/patient_023/Lateral/L4.png,True
24,AP,D:/LUMOS/processed/preprocessed_images/patient_024/AP.png,D:/LUMOS/processed/segmentation/pseudo_labels/patient_024_AP_mask.png,True,1.244,1.134,1.175,1.244,1.159,1.254,1.34,0,train,D:/LUMOS/processed/vertebral_rois/patient_024/AP/L1.png,True,D:/LUMOS/processed/vertebral_rois/patient_024/AP/L2.png,True,D:/LUMOS/processed/vertebral_rois/patient_024/AP/L3.png,True,D:/LUMOS/processed/vertebral_rois/patient_024/AP/L4.png,True
24,Lateral,D:/LUMOS/processed/preprocessed_images/patient_024/Lateral.png,D:/LUMOS/processed/segmentation/pseudo_labels/patient_024_Lateral_mask.png,True,1.244,1.134,1.175,1.244,1.159,1.254,1.34,0,train,D:/LUMOS/processed/vertebral_rois/patient_024/Lateral/L1.png,True,D:/LUMOS/processed/vertebral_rois/patient_024/Lateral/L2.png,True,D:/LUMOS/processed/vertebral_rois/patient_024/Lateral/L3.png,True,D:/LUMOS/processed/vertebral_rois/patient_024/Lateral/L4.png,True
25,AP,D:/LUMOS/processed/preprocessed_images/patient_025/AP.png,D:/LUMOS/processed/segmentation/pseudo_labels/patient_025_AP_mask.png,True,0.965,0.922,0.949,0.965,0.95,0.97,1.001,1,train,D:/LUMOS/processed/vertebral_rois/patient_025/AP/L1.png,True,D:/LUMOS/processed/vertebral_rois/patient_025/AP/L2.png,True,D:/LUMOS/processed/vertebral_rois/patient_025/AP/L3.png,True,D:/LUMOS/processed/vertebral_rois/patient_025/AP/L4.png,True
25,Lateral,D:/LUMOS/processed/preprocessed_images/patient_025/Lateral.png,D:/LUMOS/processed/segmentation/pseudo_labels/patient_025_Lateral_mask.png,True,0.965,0.922,0.949,0.965,0.95,0.97,1.001,1,train,D:/LUMOS/processed/vertebral_rois/patient_025/Lateral/L1.png,True,D:/LUMOS/processed/vertebral_rois/patient_025/Lateral/L2.png,True,D:/LUMOS/processed/vertebral_rois/patient_025/Lateral/L3.png,True,D:/LUMOS/processed/vertebral_rois/patient_025/Lateral/L4.png,True
26,AP,D:/LUMOS/processed/preprocessed_images/patient_026/AP.png,D:/LUMOS/processed/segmentation/pseudo_labels/patient_026_AP_mask.png,True,0.874368686868687,0.849,0.86,0.875,0.847,0.87,0.893,1,train,D:/LUMOS/processed/vertebral_rois/patient_026/AP/L1.png,True,D:/LUMOS/processed/vertebral_rois/patient_026/AP/L2.png,True,D:/LUMOS/processed/vertebral_rois/patient_026/AP/L3.png,True,D:/LUMOS/processed/vertebral_rois/patient_026/AP/L4.png,True
26,Lateral,D:/LUMOS/processed/preprocessed_images/patient_026/Lateral.png,D:/LUMOS/processed/segmentation/pseudo_labels/patient_026_Lateral_mask.png,True,0.874368686868687,0.849,0.86,0.875,0.847,0.87,0.893,1,train,D:/LUMOS/processed/vertebral_rois/patient_026/Lateral/L1.png,True,D:/LUMOS/processed/vertebral_rois/patient_026/Lateral/L2.png,True,D:/LUMOS/processed/vertebral_rois/patient_026/Lateral/L3.png,True,D:/LUMOS/processed/vertebral_rois/patient_026/Lateral/L4.png,True
27,AP,D:/LUMOS/processed/preprocessed_images/patient_027/AP.png,D:/LUMOS/processed/segmentation/pseudo_labels/patient_027_AP_mask.png,True,0.814,0.793,0.797,0.814,0.788,0.814,0.831,2,train,D:/LUMOS/processed/vertebral_rois/patient_027/AP/L1.png,True,D:/LUMOS/processed/vertebral_rois/patient_027/AP/L2.png,True,D:/LUMOS/processed/vertebral_rois/patient_027/AP/L3.png,True,D:/LUMOS/processed/vertebral_rois/patient_027/AP/L4.png,False
27,Lateral,D:/LUMOS/processed/preprocessed_images/patient_027/Lateral.png,D:/LUMOS/processed/segmentation/pseudo_labels/patient_027_Lateral_mask.png,True,0.814,0.793,0.797,0.814,0.788,0.814,0.831,2,train,D:/LUMOS/processed/vertebral_rois/patient_027/Lateral/L1.png,True,D:/LUMOS/processed/vertebral_rois/patient_027/Lateral/L2.png,True,D:/LUMOS/processed/vertebral_rois/patient_027/Lateral/L3.png,True,D:/LUMOS/processed/vertebral_rois/patient_027/Lateral/L4.png,True
28,AP,D:/LUMOS/processed/preprocessed_images/patient_028/AP.png,D:/LUMOS/processed/segmentation/pseudo_labels/patient_028_AP_mask.png,True,1.154,1.081,1.126,1.154,1.162,1.184,1.214,0,train,D:/LUMOS/processed/vertebral_rois/patient_028/AP/L1.png,True,D:/LUMOS/processed/vertebral_rois/patient_028/AP/L2.png,True,D:/LUMOS/processed/vertebral_rois/patient_028/AP/L3.png,True,D:/LUMOS/processed/vertebral_rois/patient_028/AP/L4.png,True
28,Lateral,D:/LUMOS/processed/preprocessed_images/patient_028/Lateral.png,D:/LUMOS/processed/segmentation/pseudo_labels/patient_028_Lateral_mask.png,True,1.154,1.081,1.126,1.154,1.162,1.184,1.214,0,train,D:/LUMOS/processed/vertebral_rois/patient_028/Lateral/L1.png,True,D:/LUMOS/processed/vertebral_rois/patient_028/Lateral/L2.png,False,D:/LUMOS/processed/vertebral_rois/patient_028/Lateral/L3.png,True,D:/LUMOS/processed/vertebral_rois/patient_028/Lateral/L4.png,True
29,AP,D:/LUMOS/processed/preprocessed_images/patient_029/AP.png,D:/LUMOS/processed/segmentation/pseudo_labels/patient_029_AP_mask.png,True,1.183,1.189,1.192,1.183,1.197,1.184,1.179,0,train,D:/LUMOS/processed/vertebral_rois/patient_029/AP/L1.png,True,D:/LUMOS/processed/vertebral_rois/patient_029/AP/L2.png,True,D:/LUMOS/processed/vertebral_rois/patient_029/AP/L3.png,True,D:/LUMOS/processed/vertebral_rois/patient_029/AP/L4.png,True
29,Lateral,D:/LUMOS/processed/preprocessed_images/patient_029/Lateral.png,D:/LUMOS/processed/segmentation/pseudo_labels/patient_029_Lateral_mask.png,True,1.183,1.189,1.192,1.183,1.197,1.184,1.179,0,train,D:/LUMOS/processed/vertebral_rois/patient_029/Lateral/L1.png,True,D:/LUMOS/processed/vertebral_rois/patient_029/Lateral/L2.png,True,D:/LUMOS/processed/vertebral_rois/patient_029/Lateral/L3.png,True,D:/LUMOS/processed/vertebral_rois/patient_029/Lateral/L4.png,True
30,AP,D:/LUMOS/processed/preprocessed_images/patient_030/AP.png,D:/LUMOS/processed/segmentation/pseudo_labels/patient_030_AP_mask.png,True,0.945831733,0.926,0.956,0.945,0.977,0.956,0.961,1,train,D:/LUMOS/processed/vertebral_rois/patient_030/AP/L1.png,True,D:/LUMOS/processed/vertebral_rois/patient_030/AP/L2.png,True,D:/LUMOS/processed/vertebral_rois/patient_030/AP/L3.png,True,D:/LUMOS/processed/vertebral_rois/patient_030/AP/L4.png,True
30,Lateral,D:/LUMOS/processed/preprocessed_images/patient_030/Lateral.png,D:/LUMOS/processed/segmentation/pseudo_labels/patient_030_Lateral_mask.png,True,0.945831733,0.926,0.956,0.945,0.977,0.956,0.961,1,train,D:/LUMOS/processed/vertebral_rois/patient_030/Lateral/L1.png,True,D:/LUMOS/processed/vertebral_rois/patient_030/Lateral/L2.png,True,D:/LUMOS/processed/vertebral_rois/patient_030/Lateral/L3.png,True,D:/LUMOS/processed/vertebral_rois/patient_030/Lateral/L4.png,True
31,AP,D:/LUMOS/processed/preprocessed_images/patient_031/AP.png,D:/LUMOS/processed/segmentation/pseudo_labels/patient_031_AP_mask.png,True,0.648,0.566,0.603,0.648,0.634,0.68,0.719,2,test,D:/LUMOS/processed/vertebral_rois/patient_031/AP/L1.png,True,D:/LUMOS/processed/vertebral_rois/patient_031/AP/L2.png,True,D:/LUMOS/processed/vertebral_rois/patient_031/AP/L3.png,False,D:/LUMOS/processed/vertebral_rois/patient_031/AP/L4.png,True
31,Lateral,D:/LUMOS/processed/preprocessed_images/patient_031/Lateral.png,D:/LUMOS/processed/segmentation/pseudo_labels/patient_031_Lateral_mask.png,True,0.648,0.566,0.603,0.648,0.634,0.68,0.719,2,test,D:/LUMOS/processed/vertebral_rois/patient_031/Lateral/L1.png,True,D:/LUMOS/processed/vertebral_rois/patient_031/Lateral/L2.png,True,D:/LUMOS/processed/vertebral_rois/patient_031/Lateral/L3.png,False,D:/LUMOS/processed/vertebral_rois/patient_031/Lateral/L4.png,False
32,AP,D:/LUMOS/processed/preprocessed_images/patient_032/AP.png,D:/LUMOS/processed/segmentation/pseudo_labels/patient_032_AP_mask.png,True,1.503,1.303,1.4,1.505,1.479,1.591,1.69,0,train,D:/LUMOS/processed/vertebral_rois/patient_032/AP/L1.png,True,D:/LUMOS/processed/vertebral_rois/patient_032/AP/L2.png,True,D:/LUMOS/processed/vertebral_rois/patient_032/AP/L3.png,True,D:/LUMOS/processed/vertebral_rois/patient_032/AP/L4.png,True
32,Lateral,D:/LUMOS/processed/preprocessed_images/patient_032/Lateral.png,D:/LUMOS/processed/segmentation/pseudo_labels/patient_032_Lateral_mask.png,True,1.503,1.303,1.4,1.505,1.479,1.591,1.69,0,train,D:/LUMOS/processed/vertebral_rois/patient_032/Lateral/L1.png,True,D:/LUMOS/processed/vertebral_rois/patient_032/Lateral/L2.png,True,D:/LUMOS/processed/vertebral_rois/patient_032/Lateral/L3.png,True,D:/LUMOS/processed/vertebral_rois/patient_032/Lateral/L4.png,True
33,AP,D:/LUMOS/processed/preprocessed_images/patient_033/AP.png,D:/LUMOS/processed/segmentation/pseudo_labels/patient_033_AP_mask.png,True,1.03,0.913,0.981,1.03,1.017,1.069,1.138,0,validation,D:/LUMOS/processed/vertebral_rois/patient_033/AP/L1.png,True,D:/LUMOS/processed/vertebral_rois/patient_033/AP/L2.png,True,D:/LUMOS/processed/vertebral_rois/patient_033/AP/L3.png,True,D:/LUMOS/processed/vertebral_rois/patient_033/AP/L4.png,True
33,Lateral,D:/LUMOS/processed/preprocessed_images/patient_033/Lateral.png,D:/LUMOS/processed/segmentation/pseudo_labels/patient_033_Lateral_mask.png,True,1.03,0.913,0.981,1.03,1.017,1.069,1.138,0,validation,D:/LUMOS/processed/vertebral_rois/patient_033/Lateral/L1.png,True,D:/LUMOS/processed/vertebral_rois/patient_033/Lateral/L2.png,True,D:/LUMOS/processed/vertebral_rois/patient_033/Lateral/L3.png,True,D:/LUMOS/processed/vertebral_rois/patient_033/Lateral/L4.png,True
34,AP,D:/LUMOS/processed/preprocessed_images/patient_034/AP.png,D:/LUMOS/processed/segmentation/pseudo_labels/patient_034_AP_mask.png,True,1.096,0.987,1.057,1.096,1.113,1.142,1.185,0,test,D:/LUMOS/processed/vertebral_rois/patient_034/AP/L1.png,True,D:/LUMOS/processed/vertebral_rois/patient_034/AP/L2.png,True,D:/LUMOS/processed/vertebral_rois/patient_034/AP/L3.png,True,D:/LUMOS/processed/vertebral_rois/patient_034/AP/L4.png,True
34,Lateral,D:/LUMOS/processed/preprocessed_images/patient_034/Lateral.png,D:/LUMOS/processed/segmentation/pseudo_labels/patient_034_Lateral_mask.png,True,1.096,0.987,1.057,1.096,1.113,1.142,1.185,0,test,D:/LUMOS/processed/vertebral_rois/patient_034/Lateral/L1.png,True,D:/LUMOS/processed/vertebral_rois/patient_034/Lateral/L2.png,True,D:/LUMOS/processed/vertebral_rois/patient_034/Lateral/L3.png,True,D:/LUMOS/processed/vertebral_rois/patient_034/Lateral/L4.png,True
35,AP,D:/LUMOS/processed/preprocessed_images/patient_035/AP.png,D:/LUMOS/processed/segmentation/pseudo_labels/patient_035_AP_mask.png,True,1.161,1.107,1.147,1.161,1.184,1.19,1.206,0,train,D:/LUMOS/processed/vertebral_rois/patient_035/AP/L1.png,True,D:/LUMOS/processed/vertebral_rois/patient_035/AP/L2.png,True,D:/LUMOS/processed/vertebral_rois/patient_035/AP/L3.png,True,D:/LUMOS/processed/vertebral_rois/patient_035/AP/L4.png,True
35,Lateral,D:/LUMOS/processed/preprocessed_images/patient_035/Lateral.png,D:/LUMOS/processed/segmentation/pseudo_labels/patient_035_Lateral_mask.png,True,1.161,1.107,1.147,1.161,1.184,1.19,1.206,0,train,D:/LUMOS/processed/vertebral_rois/patient_035/Lateral/L1.png,True,D:/LUMOS/processed/vertebral_rois/patient_035/Lateral/L2.png,True,D:/LUMOS/processed/vertebral_rois/patient_035/Lateral/L3.png,True,D:/LUMOS/processed/vertebral_rois/patient_035/Lateral/L4.png,True
36,AP,D:/LUMOS/processed/preprocessed_images/patient_036/AP.png,D:/LUMOS/processed/segmentation/pseudo_labels/patient_036_AP_mask.png,True,0.892,0.796,0.838,0.892,0.862,0.921,0.962,1,train,D:/LUMOS/processed/vertebral_rois/patient_036/AP/L1.png,True,D:/LUMOS/processed/vertebral_rois/patient_036/AP/L2.png,True,D:/LUMOS/processed/vertebral_rois/patient_036/AP/L3.png,True,D:/LUMOS/processed/vertebral_rois/patient_036/AP/L4.png,True
36,Lateral,D:/LUMOS/processed/preprocessed_images/patient_036/Lateral.png,D:/LUMOS/processed/segmentation/pseudo_labels/patient_036_Lateral_mask.png,True,0.892,0.796,0.838,0.892,0.862,0.921,0.962,1,train,D:/LUMOS/processed/vertebral_rois/patient_036/Lateral/L1.png,True,D:/LUMOS/processed/vertebral_rois/patient_036/Lateral/L2.png,True,D:/LUMOS/processed/vertebral_rois/patient_036/Lateral/L3.png,False,D:/LUMOS/processed/vertebral_rois/patient_036/Lateral/L4.png,False
37,AP,D:/LUMOS/processed/preprocessed_images/patient_037/AP.png,D:/LUMOS/processed/segmentation/pseudo_labels/patient_037_AP_mask.png,True,1.069,0.995,1.041,1.069,1.09,1.11,1.138,0,train,D:/LUMOS/processed/vertebral_rois/patient_037/AP/L1.png,True,D:/LUMOS/processed/vertebral_rois/patient_037/AP/L2.png,True,D:/LUMOS/processed/vertebral_rois/patient_037/AP/L3.png,True,D:/LUMOS/processed/vertebral_rois/patient_037/AP/L4.png,True
37,Lateral,D:/LUMOS/processed/preprocessed_images/patient_037/Lateral.png,D:/LUMOS/processed/segmentation/pseudo_labels/patient_037_Lateral_mask.png,True,1.069,0.995,1.041,1.069,1.09,1.11,1.138,0,train,D:/LUMOS/processed/vertebral_rois/patient_037/Lateral/L1.png,True,D:/LUMOS/processed/vertebral_rois/patient_037/Lateral/L2.png,True,D:/LUMOS/processed/vertebral_rois/patient_037/Lateral/L3.png,True,D:/LUMOS/processed/vertebral_rois/patient_037/Lateral/L4.png,True
38,AP,D:/LUMOS/processed/preprocessed_images/patient_038/AP.png,D:/LUMOS/processed/segmentation/pseudo_labels/patient_038_AP_mask.png,True,0.815,0.777,0.824,0.815,0.863,0.836,0.844,1,test,D:/LUMOS/processed/vertebral_rois/patient_038/AP/L1.png,True,D:/LUMOS/processed/vertebral_rois/patient_038/AP/L2.png,True,D:/LUMOS/processed/vertebral_rois/patient_038/AP/L3.png,True,D:/LUMOS/processed/vertebral_rois/patient_038/AP/L4.png,True
38,Lateral,D:/LUMOS/processed/preprocessed_images/patient_038/Lateral.png,D:/LUMOS/processed/segmentation/pseudo_labels/patient_038_Lateral_mask.png,True,0.815,0.777,0.824,0.815,0.863,0.836,0.844,1,test,D:/LUMOS/processed/vertebral_rois/patient_038/Lateral/L1.png,True,D:/LUMOS/processed/vertebral_rois/patient_038/Lateral/L2.png,True,D:/LUMOS/processed/vertebral_rois/patient_038/Lateral/L3.png,True,D:/LUMOS/processed/vertebral_rois/patient_038/Lateral/L4.png,True
39,AP,D:/LUMOS/processed/preprocessed_images/patient_039/AP.png,D:/LUMOS/processed/segmentation/pseudo_labels/patient_039_AP_mask.png,True,0.699,0.692,0.689,0.699,0.743,0.734,0.704,2,train,D:/LUMOS/processed/vertebral_rois/patient_039/AP/L1.png,True,D:/LUMOS/processed/vertebral_rois/patient_039/AP/L2.png,True,D:/LUMOS/processed/vertebral_rois/patient_039/AP/L3.png,True,D:/LUMOS/processed/vertebral_rois/patient_039/AP/L4.png,True
39,Lateral,D:/LUMOS/processed/preprocessed_images/patient_039/Lateral.png,D:/LUMOS/processed/segmentation/pseudo_labels/patient_039_Lateral_mask.png,True,0.699,0.692,0.689,0.699,0.743,0.734,0.704,2,train,D:/LUMOS/processed/vertebral_rois/patient_039/Lateral/L1.png,True,D:/LUMOS/processed/vertebral_rois/patient_039/Lateral/L2.png,True,D:/LUMOS/processed/vertebral_rois/patient_039/Lateral/L3.png,True,D:/LUMOS/processed/vertebral_rois/patient_039/Lateral/L4.png,False
40,AP,D:/LUMOS/processed/preprocessed_images/patient_040/AP.png,D:/LUMOS/processed/segmentation/pseudo_labels/patient_040_AP_mask.png,True,0.765,0.748,0.749,0.765,0.721,0.751,0.779,2,validation,D:/LUMOS/processed/vertebral_rois/patient_040/AP/L1.png,True,D:/LUMOS/processed/vertebral_rois/patient_040/AP/L2.png,True,D:/LUMOS/processed/vertebral_rois/patient_040/AP/L3.png,True,D:/LUMOS/processed/vertebral_rois/patient_040/AP/L4.png,True
40,Lateral,D:/LUMOS/processed/preprocessed_images/patient_040/Lateral.png,D:/LUMOS/processed/segmentation/pseudo_labels/patient_040_Lateral_mask.png,True,0.765,0.748,0.749,0.765,0.721,0.751,0.779,2,validation,D:/LUMOS/processed/vertebral_rois/patient_040/Lateral/L1.png,True,D:/LUMOS/processed/vertebral_rois/patient_040/Lateral/L2.png,True,D:/LUMOS/processed/vertebral_rois/patient_040/Lateral/L3.png,True,D:/LUMOS/processed/vertebral_rois/patient_040/Lateral/L4.png,True
41,AP,D:/LUMOS/processed/preprocessed_images/patient_041/AP.png,D:/LUMOS/processed/segmentation/pseudo_labels/patient_041_AP_mask.png,True,0.931,0.879,0.918,0.931,0.945,0.951,0.971,1,train,D:/LUMOS/processed/vertebral_rois/patient_041/AP/L1.png,True,D:/LUMOS/processed/vertebral_rois/patient_041/AP/L2.png,True,D:/LUMOS/processed/vertebral_rois/patient_041/AP/L3.png,True,D:/LUMOS/processed/vertebral_rois/patient_041/AP/L4.png,True
41,Lateral,D:/LUMOS/processed/preprocessed_images/patient_041/Lateral.png,D:/LUMOS/processed/segmentation/pseudo_labels/patient_041_Lateral_mask.png,True,0.931,0.879,0.918,0.931,0.945,0.951,0.971,1,train,D:/LUMOS/processed/vertebral_rois/patient_041/Lateral/L1.png,True,D:/LUMOS/processed/vertebral_rois/patient_041/Lateral/L2.png,True,D:/LUMOS/processed/vertebral_rois/patient_041/Lateral/L3.png,True,D:/LUMOS/processed/vertebral_rois/patient_041/Lateral/L4.png,True
42,AP,D:/LUMOS/processed/preprocessed_images/patient_042/AP.png,D:/LUMOS/processed/segmentation/pseudo_labels/patient_042_AP_mask.png,True,1.38,1.155,1.288,1.38,1.386,1.471,1.581,0,validation,D:/LUMOS/processed/vertebral_rois/patient_042/AP/L1.png,True,D:/LUMOS/processed/vertebral_rois/patient_042/AP/L2.png,True,D:/LUMOS/processed/vertebral_rois/patient_042/AP/L3.png,True,D:/LUMOS/processed/vertebral_rois/patient_042/AP/L4.png,True
42,Lateral,D:/LUMOS/processed/preprocessed_images/patient_042/Lateral.png,D:/LUMOS/processed/segmentation/pseudo_labels/patient_042_Lateral_mask.png,True,1.38,1.155,1.288,1.38,1.386,1.471,1.581,0,validation,D:/LUMOS/processed/vertebral_rois/patient_042/Lateral/L1.png,True,D:/LUMOS/processed/vertebral_rois/patient_042/Lateral/L2.png,True,D:/LUMOS/processed/vertebral_rois/patient_042/Lateral/L3.png,True,D:/LUMOS/processed/vertebral_rois/patient_042/Lateral/L4.png,True
43,AP,D:/LUMOS/processed/preprocessed_images/patient_043/AP.png,D:/LUMOS/processed/segmentation/pseudo_labels/patient_043_AP_mask.png,True,1.072,0.969,1.037,1.072,1.081,1.111,1.161,0,train,D:/LUMOS/processed/vertebral_rois/patient_043/AP/L1.png,True,D:/LUMOS/processed/vertebral_rois/patient_043/AP/L2.png,True,D:/LUMOS/processed/vertebral_rois/patient_043/AP/L3.png,False,D:/LUMOS/processed/vertebral_rois/patient_043/AP/L4.png,True
43,Lateral,D:/LUMOS/processed/preprocessed_images/patient_043/Lateral.png,D:/LUMOS/processed/segmentation/pseudo_labels/patient_043_Lateral_mask.png,True,1.072,0.969,1.037,1.072,1.081,1.111,1.161,0,train,D:/LUMOS/processed/vertebral_rois/patient_043/Lateral/L1.png,True,D:/LUMOS/processed/vertebral_rois/patient_043/Lateral/L2.png,True,D:/LUMOS/processed/vertebral_rois/patient_043/Lateral/L3.png,True,D:/LUMOS/processed/vertebral_rois/patient_043/Lateral/L4.png,True
44,AP,D:/LUMOS/processed/preprocessed_images/patient_044/AP.png,D:/LUMOS/processed/segmentation/pseudo_labels/patient_044_AP_mask.png,True,1.387,1.329,1.361,1.387,1.409,1.425,1.436,0,train,D:/LUMOS/processed/vertebral_rois/patient_044/AP/L1.png,True,D:/LUMOS/processed/vertebral_rois/patient_044/AP/L2.png,True,D:/LUMOS/processed/vertebral_rois/patient_044/AP/L3.png,True,D:/LUMOS/processed/vertebral_rois/patient_044/AP/L4.png,True
44,Lateral,D:/LUMOS/processed/preprocessed_images/patient_044/Lateral.png,D:/LUMOS/processed/segmentation/pseudo_labels/patient_044_Lateral_mask.png,True,1.387,1.329,1.361,1.387,1.409,1.425,1.436,0,train,D:/LUMOS/processed/vertebral_rois/patient_044/Lateral/L1.png,True,D:/LUMOS/processed/vertebral_rois/patient_044/Lateral/L2.png,True,D:/LUMOS/processed/vertebral_rois/patient_044/Lateral/L3.png,True,D:/LUMOS/processed/vertebral_rois/patient_044/Lateral/L4.png,True
45,AP,D:/LUMOS/processed/preprocessed_images/patient_045/AP.png,D:/LUMOS/processed/segmentation/pseudo_labels/patient_045_AP_mask.png,True,0.653,0.614,0.647,0.653,0.643,0.652,0.691,2,train,D:/LUMOS/processed/vertebral_rois/patient_045/AP/L1.png,True,D:/LUMOS/processed/vertebral_rois/patient_045/AP/L2.png,True,D:/LUMOS/processed/vertebral_rois/patient_045/AP/L3.png,True,D:/LUMOS/processed/vertebral_rois/patient_045/AP/L4.png,True
45,Lateral,D:/LUMOS/processed/preprocessed_images/patient_045/Lateral.png,D:/LUMOS/processed/segmentation/pseudo_labels/patient_045_Lateral_mask.png,True,0.653,0.614,0.647,0.653,0.643,0.652,0.691,2,train,D:/LUMOS/processed/vertebral_rois/patient_045/Lateral/L1.png,True,D:/LUMOS/processed/vertebral_rois/patient_045/Lateral/L2.png,True,D:/LUMOS/processed/vertebral_rois/patient_045/Lateral/L3.png,True,D:/LUMOS/processed/vertebral_rois/patient_045/Lateral/L4.png,True
46,AP,D:/LUMOS/processed/preprocessed_images/patient_046/AP.png,D:/LUMOS/processed/segmentation/pseudo_labels/patient_046_AP_mask.png,True,0.818,0.789,0.812,0.818,0.804,0.815,0.846,1,train,D:/LUMOS/processed/vertebral_rois/patient_046/AP/L1.png,True,D:/LUMOS/processed/vertebral_rois/patient_046/AP/L2.png,True,D:/LUMOS/processed/vertebral_rois/patient_046/AP/L3.png,True,D:/LUMOS/processed/vertebral_rois/patient_046/AP/L4.png,True
46,Lateral,D:/LUMOS/processed/preprocessed_images/patient_046/Lateral.png,D:/LUMOS/processed/segmentation/pseudo_labels/patient_046_Lateral_mask.png,True,0.818,0.789,0.812,0.818,0.804,0.815,0.846,1,train,D:/LUMOS/processed/vertebral_rois/patient_046/Lateral/L1.png,True,D:/LUMOS/processed/vertebral_rois/patient_046/Lateral/L2.png,True,D:/LUMOS/processed/vertebral_rois/patient_046/Lateral/L3.png,True,D:/LUMOS/processed/vertebral_rois/patient_046/Lateral/L4.png,True
47,AP,D:/LUMOS/processed/preprocessed_images/patient_047/AP.png,D:/LUMOS/processed/segmentation/pseudo_labels/patient_047_AP_mask.png,True,1.632,1.578,1.555,1.632,1.525,1.634,1.68,0,validation,D:/LUMOS/processed/vertebral_rois/patient_047/AP/L1.png,True,D:/LUMOS/processed/vertebral_rois/patient_047/AP/L2.png,True,D:/LUMOS/processed/vertebral_rois/patient_047/AP/L3.png,True,D:/LUMOS/processed/vertebral_rois/patient_047/AP/L4.png,True
47,Lateral,D:/LUMOS/processed/preprocessed_images/patient_047/Lateral.png,D:/LUMOS/processed/segmentation/pseudo_labels/patient_047_Lateral_mask.png,True,1.632,1.578,1.555,1.632,1.525,1.634,1.68,0,validation,D:/LUMOS/processed/vertebral_rois/patient_047/Lateral/L1.png,True,D:/LUMOS/processed/vertebral_rois/patient_047/Lateral/L2.png,True,D:/LUMOS/processed/vertebral_rois/patient_047/Lateral/L3.png,True,D:/LUMOS/processed/vertebral_rois/patient_047/Lateral/L4.png,True
48,AP,D:/LUMOS/processed/preprocessed_images/patient_048/AP.png,D:/LUMOS/processed/segmentation/pseudo_labels/patient_048_AP_mask.png,True,1.033,1.042,1.048,1.033,1.07,1.044,1.026,0,test,D:/LUMOS/processed/vertebral_rois/patient_048/AP/L1.png,True,D:/LUMOS/processed/vertebral_rois/patient_048/AP/L2.png,True,D:/LUMOS/processed/vertebral_rois/patient_048/AP/L3.png,True,D:/LUMOS/processed/vertebral_rois/patient_048/AP/L4.png,True
48,Lateral,D:/LUMOS/processed/preprocessed_images/patient_048/Lateral.png,D:/LUMOS/processed/segmentation/pseudo_labels/patient_048_Lateral_mask.png,True,1.033,1.042,1.048,1.033,1.07,1.044,1.026,0,test,D:/LUMOS/processed/vertebral_rois/patient_048/Lateral/L1.png,True,D:/LUMOS/processed/vertebral_rois/patient_048/Lateral/L2.png,True,D:/LUMOS/processed/vertebral_rois/patient_048/Lateral/L3.png,True,D:/LUMOS/processed/vertebral_rois/patient_048/Lateral/L4.png,True
49,AP,D:/LUMOS/processed/preprocessed_images/patient_049/AP.png,D:/LUMOS/processed/segmentation/pseudo_labels/patient_049_AP_mask.png,True,1.057,1.021,1.036,1.057,1.036,1.062,1.089,0,train,D:/LUMOS/processed/vertebral_rois/patient_049/AP/L1.png,True,D:/LUMOS/processed/vertebral_rois/patient_049/AP/L2.png,True,D:/LUMOS/processed/vertebral_rois/patient_049/AP/L3.png,True,D:/LUMOS/processed/vertebral_rois/patient_049/AP/L4.png,True
49,Lateral,D:/LUMOS/processed/preprocessed_images/patient_049/Lateral.png,D:/LUMOS/processed/segmentation/pseudo_labels/patient_049_Lateral_mask.png,True,1.057,1.021,1.036,1.057,1.036,1.062,1.089,0,train,D:/LUMOS/processed/vertebral_rois/patient_049/Lateral/L1.png,True,D:/LUMOS/processed/vertebral_rois/patient_049/Lateral/L2.png,True,D:/LUMOS/processed/vertebral_rois/patient_049/Lateral/L3.png,True,D:/LUMOS/processed/vertebral_rois/patient_049/Lateral/L4.png,True
50,AP,D:/LUMOS/processed/preprocessed_images/patient_050/AP.png,D:/LUMOS/processed/segmentation/pseudo_labels/patient_050_AP_mask.png,True,0.909,0.829,0.878,0.909,0.909,0.938,0.976,1,train,D:/LUMOS/processed/vertebral_rois/patient_050/AP/L1.png,True,D:/LUMOS/processed/vertebral_rois/patient_050/AP/L2.png,True,D:/LUMOS/processed/vertebral_rois/patient_050/AP/L3.png,True,D:/LUMOS/processed/vertebral_rois/patient_050/AP/L4.png,True
50,Lateral,D:/LUMOS/processed/preprocessed_images/patient_050/Lateral.png,D:/LUMOS/processed/segmentation/pseudo_labels/patient_050_Lateral_mask.png,True,0.909,0.829,0.878,0.909,0.909,0.938,0.976,1,train,D:/LUMOS/processed/vertebral_rois/patient_050/Lateral/L1.png,True,D:/LUMOS/processed/vertebral_rois/patient_050/Lateral/L2.png,True,D:/LUMOS/processed/vertebral_rois/patient_050/Lateral/L3.png,True,D:/LUMOS/processed/vertebral_rois/patient_050/Lateral/L4.png,True
51,AP,D:/LUMOS/processed/preprocessed_images/patient_051/AP.png,D:/LUMOS/processed/segmentation/pseudo_labels/patient_051_AP_mask.png,True,0.789,0.708,0.754,0.789,0.795,0.825,0.856,2,train,D:/LUMOS/processed/vertebral_rois/patient_051/AP/L1.png,True,D:/LUMOS/processed/vertebral_rois/patient_051/AP/L2.png,True,D:/LUMOS/processed/vertebral_rois/patient_051/AP/L3.png,True,D:/LUMOS/processed/vertebral_rois/patient_051/AP/L4.png,True
51,Lateral,D:/LUMOS/processed/preprocessed_images/patient_051/Lateral.png,D:/LUMOS/processed/segmentation/pseudo_labels/patient_051_Lateral_mask.png,True,0.789,0.708,0.754,0.789,0.795,0.825,0.856,2,train,D:/LUMOS/processed/vertebral_rois/patient_051/Lateral/L1.png,True,D:/LUMOS/processed/vertebral_rois/patient_051/Lateral/L2.png,True,D:/LUMOS/processed/vertebral_rois/patient_051/Lateral/L3.png,True,D:/LUMOS/processed/vertebral_rois/patient_051/Lateral/L4.png,True
52,AP,D:/LUMOS/processed/preprocessed_images/patient_052/AP.png,D:/LUMOS/processed/segmentation/pseudo_labels/patient_052_AP_mask.png,True,1.042,0.915,1.008,1.042,1.104,1.113,1.154,0,test,D:/LUMOS/processed/vertebral_rois/patient_052/AP/L1.png,True,D:/LUMOS/processed/vertebral_rois/patient_052/AP/L2.png,True,D:/LUMOS/processed/vertebral_rois/patient_052/AP/L3.png,True,D:/LUMOS/processed/vertebral_rois/patient_052/AP/L4.png,True
52,Lateral,D:/LUMOS/processed/preprocessed_images/patient_052/Lateral.png,D:/LUMOS/processed/segmentation/pseudo_labels/patient_052_Lateral_mask.png,True,1.042,0.915,1.008,1.042,1.104,1.113,1.154,0,test,D:/LUMOS/processed/vertebral_rois/patient_052/Lateral/L1.png,True,D:/LUMOS/processed/vertebral_rois/patient_052/Lateral/L2.png,True,D:/LUMOS/processed/vertebral_rois/patient_052/Lateral/L3.png,True,D:/LUMOS/processed/vertebral_rois/patient_052/Lateral/L4.png,True
53,AP,D:/LUMOS/processed/preprocessed_images/patient_053/AP.png,D:/LUMOS/processed/segmentation/pseudo_labels/patient_053_AP_mask.png,True,1.113,1.126,1.126,1.113,1.124,1.109,1.103,0,train,D:/LUMOS/processed/vertebral_rois/patient_053/AP/L1.png,True,D:/LUMOS/processed/vertebral_rois/patient_053/AP/L2.png,True,D:/LUMOS/processed/vertebral_rois/patient_053/AP/L3.png,True,D:/LUMOS/processed/vertebral_rois/patient_053/AP/L4.png,True
53,Lateral,D:/LUMOS/processed/preprocessed_images/patient_053/Lateral.png,D:/LUMOS/processed/segmentation/pseudo_labels/patient_053_Lateral_mask.png,True,1.113,1.126,1.126,1.113,1.124,1.109,1.103,0,train,D:/LUMOS/processed/vertebral_rois/patient_053/Lateral/L1.png,True,D:/LUMOS/processed/vertebral_rois/patient_053/Lateral/L2.png,True,D:/LUMOS/processed/vertebral_rois/patient_053/Lateral/L3.png,True,D:/LUMOS/processed/vertebral_rois/patient_053/Lateral/L4.png,True
54,AP,D:/LUMOS/processed/preprocessed_images/patient_054/AP.png,D:/LUMOS/processed/segmentation/pseudo_labels/patient_054_AP_mask.png,True,1.106,1.104,1.105,1.106,1.086,1.095,1.108,0,train,D:/LUMOS/processed/vertebral_rois/patient_054/AP/L1.png,True,D:/LUMOS/processed/vertebral_rois/patient_054/AP/L2.png,True,D:/LUMOS/processed/vertebral_rois/patient_054/AP/L3.png,True,D:/LUMOS/processed/vertebral_rois/patient_054/AP/L4.png,True
54,Lateral,D:/LUMOS/processed/preprocessed_images/patient_054/Lateral.png,D:/LUMOS/processed/segmentation/pseudo_labels/patient_054_Lateral_mask.png,True,1.106,1.104,1.105,1.106,1.086,1.095,1.108,0,train,D:/LUMOS/processed/vertebral_rois/patient_054/Lateral/L1.png,True,D:/LUMOS/processed/vertebral_rois/patient_054/Lateral/L2.png,True,D:/LUMOS/processed/vertebral_rois/patient_054/Lateral/L3.png,True,D:/LUMOS/processed/vertebral_rois/patient_054/Lateral/L4.png,True
55,AP,D:/LUMOS/processed/preprocessed_images/patient_055/AP.png,D:/LUMOS/processed/segmentation/pseudo_labels/patient_055_AP_mask.png,True,1.043,1.012,1.039,1.04,1.059,1.053,1.063,0,train,D:/LUMOS/processed/vertebral_rois/patient_055/AP/L1.png,True,D:/LUMOS/processed/vertebral_rois/patient_055/AP/L2.png,True,D:/LUMOS/processed/vertebral_rois/patient_055/AP/L3.png,True,D:/LUMOS/processed/vertebral_rois/patient_055/AP/L4.png,True
55,Lateral,D:/LUMOS/processed/preprocessed_images/patient_055/Lateral.png,D:/LUMOS/processed/segmentation/pseudo_labels/patient_055_Lateral_mask.png,True,1.043,1.012,1.039,1.04,1.059,1.053,1.063,0,train,D:/LUMOS/processed/vertebral_rois/patient_055/Lateral/L1.png,True,D:/LUMOS/processed/vertebral_rois/patient_055/Lateral/L2.png,True,D:/LUMOS/processed/vertebral_rois/patient_055/Lateral/L3.png,True,D:/LUMOS/processed/vertebral_rois/patient_055/Lateral/L4.png,True
56,AP,D:/LUMOS/processed/preprocessed_images/patient_056/AP.png,D:/LUMOS/processed/segmentation/pseudo_labels/patient_056_AP_mask.png,True,0.643,0.713,0.725,0.734,0.742,0.747,0.752,2,train,D:/LUMOS/processed/vertebral_rois/patient_056/AP/L1.png,True,D:/LUMOS/processed/vertebral_rois/patient_056/AP/L2.png,True,D:/LUMOS/processed/vertebral_rois/patient_056/AP/L3.png,True,D:/LUMOS/processed/vertebral_rois/patient_056/AP/L4.png,True
56,Lateral,D:/LUMOS/processed/preprocessed_images/patient_056/Lateral.png,D:/LUMOS/processed/segmentation/pseudo_labels/patient_056_Lateral_mask.png,True,0.643,0.713,0.725,0.734,0.742,0.747,0.752,2,train,D:/LUMOS/processed/vertebral_rois/patient_056/Lateral/L1.png,True,D:/LUMOS/processed/vertebral_rois/patient_056/Lateral/L2.png,True,D:/LUMOS/processed/vertebral_rois/patient_056/Lateral/L3.png,True,D:/LUMOS/processed/vertebral_rois/patient_056/Lateral/L4.png,True
57,AP,D:/LUMOS/processed/preprocessed_images/patient_057/AP.png,D:/LUMOS/processed/segmentation/pseudo_labels/patient_057_AP_mask.png,True,0.902,0.897,0.91,0.902,0.94,0.919,0.906,1,test,D:/LUMOS/processed/vertebral_rois/patient_057/AP/L1.png,True,D:/LUMOS/processed/vertebral_rois/patient_057/AP/L2.png,True,D:/LUMOS/processed/vertebral_rois/patient_057/AP/L3.png,True,D:/LUMOS/processed/vertebral_rois/patient_057/AP/L4.png,True
57,Lateral,D:/LUMOS/processed/preprocessed_images/patient_057/Lateral.png,D:/LUMOS/processed/segmentation/pseudo_labels/patient_057_Lateral_mask.png,True,0.902,0.897,0.91,0.902,0.94,0.919,0.906,1,test,D:/LUMOS/processed/vertebral_rois/patient_057/Lateral/L1.png,True,D:/LUMOS/processed/vertebral_rois/patient_057/Lateral/L2.png,True,D:/LUMOS/processed/vertebral_rois/patient_057/Lateral/L3.png,True,D:/LUMOS/processed/vertebral_rois/patient_057/Lateral/L4.png,True
58,AP,D:/LUMOS/processed/preprocessed_images/patient_058/AP.png,D:/LUMOS/processed/segmentation/pseudo_labels/patient_058_AP_mask.png,True,1.305,1.215,1.274,1.305,1.318,1.345,1.387,0,train,D:/LUMOS/processed/vertebral_rois/patient_058/AP/L1.png,True,D:/LUMOS/processed/vertebral_rois/patient_058/AP/L2.png,True,D:/LUMOS/processed/vertebral_rois/patient_058/AP/L3.png,True,D:/LUMOS/processed/vertebral_rois/patient_058/AP/L4.png,True
58,Lateral,D:/LUMOS/processed/preprocessed_images/patient_058/Lateral.png,D:/LUMOS/processed/segmentation/pseudo_labels/patient_058_Lateral_mask.png,True,1.305,1.215,1.274,1.305,1.318,1.345,1.387,0,train,D:/LUMOS/processed/vertebral_rois/patient_058/Lateral/L1.png,True,D:/LUMOS/processed/vertebral_rois/patient_058/Lateral/L2.png,True,D:/LUMOS/processed/vertebral_rois/patient_058/Lateral/L3.png,True,D:/LUMOS/processed/vertebral_rois/patient_058/Lateral/L4.png,True
59,AP,D:/LUMOS/processed/preprocessed_images/patient_059/AP.png,D:/LUMOS/processed/segmentation/pseudo_labels/patient_059_AP_mask.png,True,1.08002701333784,1.011,1.044,1.08,1.095,1.123,1.137,0,train,D:/LUMOS/processed/vertebral_rois/patient_059/AP/L1.png,True,D:/LUMOS/processed/vertebral_rois/patient_059/AP/L2.png,True,D:/LUMOS/processed/vertebral_rois/patient_059/AP/L3.png,True,D:/LUMOS/processed/vertebral_rois/patient_059/AP/L4.png,True
59,Lateral,D:/LUMOS/processed/preprocessed_images/patient_059/Lateral.png,D:/LUMOS/processed/segmentation/pseudo_labels/patient_059_Lateral_mask.png,True,1.08002701333784,1.011,1.044,1.08,1.095,1.123,1.137,0,train,D:/LUMOS/processed/vertebral_rois/patient_059/Lateral/L1.png,True,D:/LUMOS/processed/vertebral_rois/patient_059/Lateral/L2.png,True,D:/LUMOS/processed/vertebral_rois/patient_059/Lateral/L3.png,False,D:/LUMOS/processed/vertebral_rois/patient_059/Lateral/L4.png,False
60,AP,D:/LUMOS/processed/preprocessed_images/patient_060/AP.png,D:/LUMOS/processed/segmentation/pseudo_labels/patient_060_AP_mask.png,True,0.865,0.827,0.868,0.865,0.879,0.87,0.895,1,validation,D:/LUMOS/processed/vertebral_rois/patient_060/AP/L1.png,True,D:/LUMOS/processed/vertebral_rois/patient_060/AP/L2.png,True,D:/LUMOS/processed/vertebral_rois/patient_060/AP/L3.png,True,D:/LUMOS/processed/vertebral_rois/patient_060/AP/L4.png,True
60,Lateral,D:/LUMOS/processed/preprocessed_images/patient_060/Lateral.png,D:/LUMOS/processed/segmentation/pseudo_labels/patient_060_Lateral_mask.png,True,0.865,0.827,0.868,0.865,0.879,0.87,0.895,1,validation,D:/LUMOS/processed/vertebral_rois/patient_060/Lateral/L1.png,True,D:/LUMOS/processed/vertebral_rois/patient_060/Lateral/L2.png,True,D:/LUMOS/processed/vertebral_rois/patient_060/Lateral/L3.png,True,D:/LUMOS/processed/vertebral_rois/patient_060/Lateral/L4.png,True
61,AP,D:/LUMOS/processed/preprocessed_images/patient_061/AP.png,D:/LUMOS/processed/segmentation/pseudo_labels/patient_061_AP_mask.png,True,1.094,1.073,1.106,1.094,1.145,1.115,1.111,0,train,D:/LUMOS/processed/vertebral_rois/patient_061/AP/L1.png,True,D:/LUMOS/processed/vertebral_rois/patient_061/AP/L2.png,True,D:/LUMOS/processed/vertebral_rois/patient_061/AP/L3.png,True,D:/LUMOS/processed/vertebral_rois/patient_061/AP/L4.png,True
61,Lateral,D:/LUMOS/processed/preprocessed_images/patient_061/Lateral.png,D:/LUMOS/processed/segmentation/pseudo_labels/patient_061_Lateral_mask.png,True,1.094,1.073,1.106,1.094,1.145,1.115,1.111,0,train,D:/LUMOS/processed/vertebral_rois/patient_061/Lateral/L1.png,True,D:/LUMOS/processed/vertebral_rois/patient_061/Lateral/L2.png,True,D:/LUMOS/processed/vertebral_rois/patient_061/Lateral/L3.png,True,D:/LUMOS/processed/vertebral_rois/patient_061/Lateral/L4.png,True
62,AP,D:/LUMOS/processed/preprocessed_images/patient_062/AP.png,D:/LUMOS/processed/segmentation/pseudo_labels/patient_062_AP_mask.png,True,1.256,1.181,1.207,1.256,1.214,1.278,1.33,0,train,D:/LUMOS/processed/vertebral_rois/patient_062/AP/L1.png,True,D:/LUMOS/processed/vertebral_rois/patient_062/AP/L2.png,False,D:/LUMOS/processed/vertebral_rois/patient_062/AP/L3.png,True,D:/LUMOS/processed/vertebral_rois/patient_062/AP/L4.png,True
62,Lateral,D:/LUMOS/processed/preprocessed_images/patient_062/Lateral.png,D:/LUMOS/processed/segmentation/pseudo_labels/patient_062_Lateral_mask.png,True,1.256,1.181,1.207,1.256,1.214,1.278,1.33,0,train,D:/LUMOS/processed/vertebral_rois/patient_062/Lateral/L1.png,True,D:/LUMOS/processed/vertebral_rois/patient_062/Lateral/L2.png,True,D:/LUMOS/processed/vertebral_rois/patient_062/Lateral/L3.png,True,D:/LUMOS/processed/vertebral_rois/patient_062/Lateral/L4.png,True
63,AP,D:/LUMOS/processed/preprocessed_images/patient_063/AP.png,D:/LUMOS/processed/segmentation/pseudo_labels/patient_063_AP_mask.png,True,0.985,0.984,0.984,0.985,0.996,0.993,0.985,1,train,D:/LUMOS/processed/vertebral_rois/patient_063/AP/L1.png,True,D:/LUMOS/processed/vertebral_rois/patient_063/AP/L2.png,True,D:/LUMOS/processed/vertebral_rois/patient_063/AP/L3.png,False,D:/LUMOS/processed/vertebral_rois/patient_063/AP/L4.png,True
63,Lateral,D:/LUMOS/processed/preprocessed_images/patient_063/Lateral.png,D:/LUMOS/processed/segmentation/pseudo_labels/patient_063_Lateral_mask.png,True,0.985,0.984,0.984,0.985,0.996,0.993,0.985,1,train,D:/LUMOS/processed/vertebral_rois/patient_063/Lateral/L1.png,True,D:/LUMOS/processed/vertebral_rois/patient_063/Lateral/L2.png,True,D:/LUMOS/processed/vertebral_rois/patient_063/Lateral/L3.png,True,D:/LUMOS/processed/vertebral_rois/patient_063/Lateral/L4.png,True
64,AP,D:/LUMOS/processed/preprocessed_images/patient_064/AP.png,D:/LUMOS/processed/segmentation/pseudo_labels/patient_064_AP_mask.png,True,0.748,0.792,0.755,0.748,0.731,0.732,0.716,2,train,D:/LUMOS/processed/vertebral_rois/patient_064/AP/L1.png,True,D:/LUMOS/processed/vertebral_rois/patient_064/AP/L2.png,True,D:/LUMOS/processed/vertebral_rois/patient_064/AP/L3.png,True,D:/LUMOS/processed/vertebral_rois/patient_064/AP/L4.png,True
64,Lateral,D:/LUMOS/processed/preprocessed_images/patient_064/Lateral.png,D:/LUMOS/processed/segmentation/pseudo_labels/patient_064_Lateral_mask.png,True,0.748,0.792,0.755,0.748,0.731,0.732,0.716,2,train,D:/LUMOS/processed/vertebral_rois/patient_064/Lateral/L1.png,True,D:/LUMOS/processed/vertebral_rois/patient_064/Lateral/L2.png,True,D:/LUMOS/processed/vertebral_rois/patient_064/Lateral/L3.png,True,D:/LUMOS/processed/vertebral_rois/patient_064/Lateral/L4.png,True
65,AP,D:/LUMOS/processed/preprocessed_images/patient_065/AP.png,D:/LUMOS/processed/segmentation/pseudo_labels/patient_065_AP_mask.png,True,1.066,0.996,1.04,1.066,1.05,1.078,1.118,0,train,D:/LUMOS/processed/vertebral_rois/patient_065/AP/L1.png,True,D:/LUMOS/processed/vertebral_rois/patient_065/AP/L2.png,True,D:/LUMOS/processed/vertebral_rois/patient_065/AP/L3.png,True,D:/LUMOS/processed/vertebral_rois/patient_065/AP/L4.png,True
65,Lateral,D:/LUMOS/processed/preprocessed_images/patient_065/Lateral.png,D:/LUMOS/processed/segmentation/pseudo_labels/patient_065_Lateral_mask.png,True,1.066,0.996,1.04,1.066,1.05,1.078,1.118,0,train,D:/LUMOS/processed/vertebral_rois/patient_065/Lateral/L1.png,True,D:/LUMOS/processed/vertebral_rois/patient_065/Lateral/L2.png,True,D:/LUMOS/processed/vertebral_rois/patient_065/Lateral/L3.png,True,D:/LUMOS/processed/vertebral_rois/patient_065/Lateral/L4.png,True
66,AP,D:/LUMOS/processed/preprocessed_images/patient_066/AP.png,D:/LUMOS/processed/segmentation/pseudo_labels/patient_066_AP_mask.png,True,1.419,1.476,1.47,1.419,1.493,1.42,1.37,0,train,D:/LUMOS/processed/vertebral_rois/patient_066/AP/L1.png,True,D:/LUMOS/processed/vertebral_rois/patient_066/AP/L2.png,True,D:/LUMOS/processed/vertebral_rois/patient_066/AP/L3.png,True,D:/LUMOS/processed/vertebral_rois/patient_066/AP/L4.png,True
66,Lateral,D:/LUMOS/processed/preprocessed_images/patient_066/Lateral.png,D:/LUMOS/processed/segmentation/pseudo_labels/patient_066_Lateral_mask.png,True,1.419,1.476,1.47,1.419,1.493,1.42,1.37,0,train,D:/LUMOS/processed/vertebral_rois/patient_066/Lateral/L1.png,True,D:/LUMOS/processed/vertebral_rois/patient_066/Lateral/L2.png,True,D:/LUMOS/processed/vertebral_rois/patient_066/Lateral/L3.png,True,D:/LUMOS/processed/vertebral_rois/patient_066/Lateral/L4.png,True
67,AP,D:/LUMOS/processed/preprocessed_images/patient_067/AP.png,D:/LUMOS/processed/segmentation/pseudo_labels/patient_067_AP_mask.png,True,0.883,0.874,0.865,0.883,0.859,0.884,0.89,1,test,D:/LUMOS/processed/vertebral_rois/patient_067/AP/L1.png,True,D:/LUMOS/processed/vertebral_rois/patient_067/AP/L2.png,True,D:/LUMOS/processed/vertebral_rois/patient_067/AP/L3.png,True,D:/LUMOS/processed/vertebral_rois/patient_067/AP/L4.png,True
67,Lateral,D:/LUMOS/processed/preprocessed_images/patient_067/Lateral.png,D:/LUMOS/processed/segmentation/pseudo_labels/patient_067_Lateral_mask.png,True,0.883,0.874,0.865,0.883,0.859,0.884,0.89,1,test,D:/LUMOS/processed/vertebral_rois/patient_067/Lateral/L1.png,True,D:/LUMOS/processed/vertebral_rois/patient_067/Lateral/L2.png,True,D:/LUMOS/processed/vertebral_rois/patient_067/Lateral/L3.png,True,D:/LUMOS/processed/vertebral_rois/patient_067/Lateral/L4.png,True
68,AP,D:/LUMOS/processed/preprocessed_images/patient_068/AP.png,D:/LUMOS/processed/segmentation/pseudo_labels/patient_068_AP_mask.png,True,1.09352355072464,1.088,1.115,1.094,1.096,1.074,1.101,0,train,D:/LUMOS/processed/vertebral_rois/patient_068/AP/L1.png,True,D:/LUMOS/processed/vertebral_rois/patient_068/AP/L2.png,True,D:/LUMOS/processed/vertebral_rois/patient_068/AP/L3.png,True,D:/LUMOS/processed/vertebral_rois/patient_068/AP/L4.png,True
68,Lateral,D:/LUMOS/processed/preprocessed_images/patient_068/Lateral.png,D:/LUMOS/processed/segmentation/pseudo_labels/patient_068_Lateral_mask.png,True,1.09352355072464,1.088,1.115,1.094,1.096,1.074,1.101,0,train,D:/LUMOS/processed/vertebral_rois/patient_068/Lateral/L1.png,True,D:/LUMOS/processed/vertebral_rois/patient_068/Lateral/L2.png,True,D:/LUMOS/processed/vertebral_rois/patient_068/Lateral/L3.png,True,D:/LUMOS/processed/vertebral_rois/patient_068/Lateral/L4.png,True
69,AP,D:/LUMOS/processed/preprocessed_images/patient_069/AP.png,D:/LUMOS/processed/segmentation/pseudo_labels/patient_069_AP_mask.png,True,0.793,0.757,0.799,0.793,0.816,0.803,0.823,2,train,D:/LUMOS/processed/vertebral_rois/patient_069/AP/L1.png,True,D:/LUMOS/processed/vertebral_rois/patient_069/AP/L2.png,True,D:/LUMOS/processed/vertebral_rois/patient_069/AP/L3.png,True,D:/LUMOS/processed/vertebral_rois/patient_069/AP/L4.png,True
69,Lateral,D:/LUMOS/processed/preprocessed_images/patient_069/Lateral.png,D:/LUMOS/processed/segmentation/pseudo_labels/patient_069_Lateral_mask.png,True,0.793,0.757,0.799,0.793,0.816,0.803,0.823,2,train,D:/LUMOS/processed/vertebral_rois/patient_069/Lateral/L1.png,True,D:/LUMOS/processed/vertebral_rois/patient_069/Lateral/L2.png,True,D:/LUMOS/processed/vertebral_rois/patient_069/Lateral/L3.png,True,D:/LUMOS/processed/vertebral_rois/patient_069/Lateral/L4.png,True
70,AP,D:/LUMOS/processed/preprocessed_images/patient_070/AP.png,D:/LUMOS/processed/segmentation/pseudo_labels/patient_070_AP_mask.png,True,0.627,0.519,0.563,0.627,0.582,0.66,0.732,2,train,D:/LUMOS/processed/vertebral_rois/patient_070/AP/L1.png,True,D:/LUMOS/processed/vertebral_rois/patient_070/AP/L2.png,True,D:/LUMOS/processed/vertebral_rois/patient_070/AP/L3.png,True,D:/LUMOS/processed/vertebral_rois/patient_070/AP/L4.png,True
70,Lateral,D:/LUMOS/processed/preprocessed_images/patient_070/Lateral.png,D:/LUMOS/processed/segmentation/pseudo_labels/patient_070_Lateral_mask.png,True,0.627,0.519,0.563,0.627,0.582,0.66,0.732,2,train,D:/LUMOS/processed/vertebral_rois/patient_070/Lateral/L1.png,True,D:/LUMOS/processed/vertebral_rois/patient_070/Lateral/L2.png,True,D:/LUMOS/processed/vertebral_rois/patient_070/Lateral/L3.png,True,D:/LUMOS/processed/vertebral_rois/patient_070/Lateral/L4.png,True
71,AP,D:/LUMOS/processed/preprocessed_images/patient_071/AP.png,D:/LUMOS/processed/segmentation/pseudo_labels/patient_071_AP_mask.png,True,0.714321926489227,0.684,0.723,0.714,0.749,0.728,0.739,2,train,D:/LUMOS/processed/vertebral_rois/patient_071/AP/L1.png,True,D:/LUMOS/processed/vertebral_rois/patient_071/AP/L2.png,True,D:/LUMOS/processed/vertebral_rois/patient_071/AP/L3.png,True,D:/LUMOS/processed/vertebral_rois/patient_071/AP/L4.png,True
71,Lateral,D:/LUMOS/processed/preprocessed_images/patient_071/Lateral.png,D:/LUMOS/processed/segmentation/pseudo_labels/patient_071_Lateral_mask.png,True,0.714321926489227,0.684,0.723,0.714,0.749,0.728,0.739,2,train,D:/LUMOS/processed/vertebral_rois/patient_071/Lateral/L1.png,True,D:/LUMOS/processed/vertebral_rois/patient_071/Lateral/L2.png,True,D:/LUMOS/processed/vertebral_rois/patient_071/Lateral/L3.png,True,D:/LUMOS/processed/vertebral_rois/patient_071/Lateral/L4.png,True
72,AP,D:/LUMOS/processed/preprocessed_images/patient_072/AP.png,D:/LUMOS/processed/segmentation/pseudo_labels/patient_072_AP_mask.png,True,1.035,0.982,1.028,1.035,1.067,1.062,1.078,0,test,D:/LUMOS/processed/vertebral_rois/patient_072/AP/L1.png,True,D:/LUMOS/processed/vertebral_rois/patient_072/AP/L2.png,True,D:/LUMOS/processed/vertebral_rois/patient_072/AP/L3.png,True,D:/LUMOS/processed/vertebral_rois/patient_072/AP/L4.png,True
72,Lateral,D:/LUMOS/processed/preprocessed_images/patient_072/Lateral.png,D:/LUMOS/processed/segmentation/pseudo_labels/patient_072_Lateral_mask.png,True,1.035,0.982,1.028,1.035,1.067,1.062,1.078,0,test,D:/LUMOS/processed/vertebral_rois/patient_072/Lateral/L1.png,True,D:/LUMOS/processed/vertebral_rois/patient_072/Lateral/L2.png,True,D:/LUMOS/processed/vertebral_rois/patient_072/Lateral/L3.png,True,D:/LUMOS/processed/vertebral_rois/patient_072/Lateral/L4.png,True
73,AP,D:/LUMOS/processed/preprocessed_images/patient_073/AP.png,D:/LUMOS/processed/segmentation/pseudo_labels/patient_073_AP_mask.png,True,0.826,0.712,0.763,0.826,0.803,0.873,0.941,1,train,D:/LUMOS/processed/vertebral_rois/patient_073/AP/L1.png,True,D:/LUMOS/processed/vertebral_rois/patient_073/AP/L2.png,True,D:/LUMOS/processed/vertebral_rois/patient_073/AP/L3.png,True,D:/LUMOS/processed/vertebral_rois/patient_073/AP/L4.png,True
73,Lateral,D:/LUMOS/processed/preprocessed_images/patient_073/Lateral.png,D:/LUMOS/processed/segmentation/pseudo_labels/patient_073_Lateral_mask.png,True,0.826,0.712,0.763,0.826,0.803,0.873,0.941,1,train,D:/LUMOS/processed/vertebral_rois/patient_073/Lateral/L1.png,True,D:/LUMOS/processed/vertebral_rois/patient_073/Lateral/L2.png,True,D:/LUMOS/processed/vertebral_rois/patient_073/Lateral/L3.png,True,D:/LUMOS/processed/vertebral_rois/patient_073/Lateral/L4.png,True
74,AP,D:/LUMOS/processed/preprocessed_images/patient_074/AP.png,D:/LUMOS/processed/segmentation/pseudo_labels/patient_074_AP_mask.png,True,0.627,0.764,0.769,0.773,0.796,0.792,0.782,2,train,D:/LUMOS/processed/vertebral_rois/patient_074/AP/L1.png,True,D:/LUMOS/processed/vertebral_rois/patient_074/AP/L2.png,True,D:/LUMOS/processed/vertebral_rois/patient_074/AP/L3.png,True,D:/LUMOS/processed/vertebral_rois/patient_074/AP/L4.png,True
74,Lateral,D:/LUMOS/processed/preprocessed_images/patient_074/Lateral.png,D:/LUMOS/processed/segmentation/pseudo_labels/patient_074_Lateral_mask.png,True,0.627,0.764,0.769,0.773,0.796,0.792,0.782,2,train,D:/LUMOS/processed/vertebral_rois/patient_074/Lateral/L1.png,True,D:/LUMOS/processed/vertebral_rois/patient_074/Lateral/L2.png,True,D:/LUMOS/processed/vertebral_rois/patient_074/Lateral/L3.png,True,D:/LUMOS/processed/vertebral_rois/patient_074/Lateral/L4.png,True
75,AP,D:/LUMOS/processed/preprocessed_images/patient_075/AP.png,D:/LUMOS/processed/segmentation/pseudo_labels/patient_075_AP_mask.png,True,0.998,0.885,0.93,0.998,0.97,1.039,1.08,0,train,D:/LUMOS/processed/vertebral_rois/patient_075/AP/L1.png,True,D:/LUMOS/processed/vertebral_rois/patient_075/AP/L2.png,True,D:/LUMOS/processed/vertebral_rois/patient_075/AP/L3.png,True,D:/LUMOS/processed/vertebral_rois/patient_075/AP/L4.png,True
75,Lateral,D:/LUMOS/processed/preprocessed_images/patient_075/Lateral.png,D:/LUMOS/processed/segmentation/pseudo_labels/patient_075_Lateral_mask.png,True,0.998,0.885,0.93,0.998,0.97,1.039,1.08,0,train,D:/LUMOS/processed/vertebral_rois/patient_075/Lateral/L1.png,True,D:/LUMOS/processed/vertebral_rois/patient_075/Lateral/L2.png,True,D:/LUMOS/processed/vertebral_rois/patient_075/Lateral/L3.png,True,D:/LUMOS/processed/vertebral_rois/patient_075/Lateral/L4.png,True
76,AP,D:/LUMOS/processed/preprocessed_images/patient_076/AP.png,D:/LUMOS/processed/segmentation/pseudo_labels/patient_076_AP_mask.png,True,1.0,0.966,0.991,1.0,0.975,0.993,1.026,0,train,D:/LUMOS/processed/vertebral_rois/patient_076/AP/L1.png,True,D:/LUMOS/processed/vertebral_rois/patient_076/AP/L2.png,True,D:/LUMOS/processed/vertebral_rois/patient_076/AP/L3.png,True,D:/LUMOS/processed/vertebral_rois/patient_076/AP/L4.png,True
76,Lateral,D:/LUMOS/processed/preprocessed_images/patient_076/Lateral.png,D:/LUMOS/processed/segmentation/pseudo_labels/patient_076_Lateral_mask.png,True,1.0,0.966,0.991,1.0,0.975,0.993,1.026,0,train,D:/LUMOS/processed/vertebral_rois/patient_076/Lateral/L1.png,True,D:/LUMOS/processed/vertebral_rois/patient_076/Lateral/L2.png,True,D:/LUMOS/processed/vertebral_rois/patient_076/Lateral/L3.png,True,D:/LUMOS/processed/vertebral_rois/patient_076/Lateral/L4.png,True
77,AP,D:/LUMOS/processed/preprocessed_images/patient_077/AP.png,D:/LUMOS/processed/segmentation/pseudo_labels/patient_077_AP_mask.png,True,0.777,0.663,0.704,0.776,0.711,0.803,0.876,2,train,D:/LUMOS/processed/vertebral_rois/patient_077/AP/L1.png,True,D:/LUMOS/processed/vertebral_rois/patient_077/AP/L2.png,True,D:/LUMOS/processed/vertebral_rois/patient_077/AP/L3.png,True,D:/LUMOS/processed/vertebral_rois/patient_077/AP/L4.png,True
77,Lateral,D:/LUMOS/processed/preprocessed_images/patient_077/Lateral.png,D:/LUMOS/processed/segmentation/pseudo_labels/patient_077_Lateral_mask.png,True,0.777,0.663,0.704,0.776,0.711,0.803,0.876,2,train,D:/LUMOS/processed/vertebral_rois/patient_077/Lateral/L1.png,True,D:/LUMOS/processed/vertebral_rois/patient_077/Lateral/L2.png,True,D:/LUMOS/processed/vertebral_rois/patient_077/Lateral/L3.png,True,D:/LUMOS/processed/vertebral_rois/patient_077/Lateral/L4.png,True
78,AP,D:/LUMOS/processed/preprocessed_images/patient_078/AP.png,D:/LUMOS/processed/segmentation/pseudo_labels/patient_078_AP_mask.png,True,0.683,0.615,0.641,0.683,0.661,0.707,0.735,2,test,D:/LUMOS/processed/vertebral_rois/patient_078/AP/L1.png,True,D:/LUMOS/processed/vertebral_rois/patient_078/AP/L2.png,True,D:/LUMOS/processed/vertebral_rois/patient_078/AP/L3.png,True,D:/LUMOS/processed/vertebral_rois/patient_078/AP/L4.png,True
78,Lateral,D:/LUMOS/processed/preprocessed_images/patient_078/Lateral.png,D:/LUMOS/processed/segmentation/pseudo_labels/patient_078_Lateral_mask.png,True,0.683,0.615,0.641,0.683,0.661,0.707,0.735,2,test,D:/LUMOS/processed/vertebral_rois/patient_078/Lateral/L1.png,True,D:/LUMOS/processed/vertebral_rois/patient_078/Lateral/L2.png,True,D:/LUMOS/processed/vertebral_rois/patient_078/Lateral/L3.png,True,D:/LUMOS/processed/vertebral_rois/patient_078/Lateral/L4.png,True
79,AP,D:/LUMOS/processed/preprocessed_images/patient_079/AP.png,D:/LUMOS/processed/segmentation/pseudo_labels/patient_079_AP_mask.png,True,1.612,1.462,1.555,1.612,1.645,1.685,1.741,0,train,D:/LUMOS/processed/vertebral_rois/patient_079/AP/L1.png,True,D:/LUMOS/processed/vertebral_rois/patient_079/AP/L2.png,True,D:/LUMOS/processed/vertebral_rois/patient_079/AP/L3.png,True,D:/LUMOS/processed/vertebral_rois/patient_079/AP/L4.png,True
79,Lateral,D:/LUMOS/processed/preprocessed_images/patient_079/Lateral.png,D:/LUMOS/processed/segmentation/pseudo_labels/patient_079_Lateral_mask.png,True,1.612,1.462,1.555,1.612,1.645,1.685,1.741,0,train,D:/LUMOS/processed/vertebral_rois/patient_079/Lateral/L1.png,True,D:/LUMOS/processed/vertebral_rois/patient_079/Lateral/L2.png,True,D:/LUMOS/processed/vertebral_rois/patient_079/Lateral/L3.png,True,D:/LUMOS/processed/vertebral_rois/patient_079/Lateral/L4.png,True
80,AP,D:/LUMOS/processed/preprocessed_images/patient_080/AP.png,D:/LUMOS/processed/segmentation/pseudo_labels/patient_080_AP_mask.png,True,0.837,0.779,0.798,0.837,0.808,0.854,0.883,1,test,D:/LUMOS/processed/vertebral_rois/patient_080/AP/L1.png,True,D:/LUMOS/processed/vertebral_rois/patient_080/AP/L2.png,True,D:/LUMOS/processed/vertebral_rois/patient_080/AP/L3.png,True,D:/LUMOS/processed/vertebral_rois/patient_080/AP/L4.png,True
80,Lateral,D:/LUMOS/processed/preprocessed_images/patient_080/Lateral.png,D:/LUMOS/processed/segmentation/pseudo_labels/patient_080_Lateral_mask.png,True,0.837,0.779,0.798,0.837,0.808,0.854,0.883,1,test,D:/LUMOS/processed/vertebral_rois/patient_080/Lateral/L1.png,True,D:/LUMOS/processed/vertebral_rois/patient_080/Lateral/L2.png,True,D:/LUMOS/processed/vertebral_rois/patient_080/Lateral/L3.png,True,D:/LUMOS/processed/vertebral_rois/patient_080/Lateral/L4.png,False
81,AP,D:/LUMOS/processed/preprocessed_images/patient_081/AP.png,D:/LUMOS/processed/segmentation/pseudo_labels/patient_081_AP_mask.png,True,0.85,0.836,0.824,0.85,0.8,0.842,0.862,1,train,D:/LUMOS/processed/vertebral_rois/patient_081/AP/L1.png,True,D:/LUMOS/processed/vertebral_rois/patient_081/AP/L2.png,True,D:/LUMOS/processed/vertebral_rois/patient_081/AP/L3.png,True,D:/LUMOS/processed/vertebral_rois/patient_081/AP/L4.png,True
81,Lateral,D:/LUMOS/processed/preprocessed_images/patient_081/Lateral.png,D:/LUMOS/processed/segmentation/pseudo_labels/patient_081_Lateral_mask.png,True,0.85,0.836,0.824,0.85,0.8,0.842,0.862,1,train,D:/LUMOS/processed/vertebral_rois/patient_081/Lateral/L1.png,True,D:/LUMOS/processed/vertebral_rois/patient_081/Lateral/L2.png,True,D:/LUMOS/processed/vertebral_rois/patient_081/Lateral/L3.png,True,D:/LUMOS/processed/vertebral_rois/patient_081/Lateral/L4.png,True
82,AP,D:/LUMOS/processed/preprocessed_images/patient_082/AP.png,D:/LUMOS/processed/segmentation/pseudo_labels/patient_082_AP_mask.png,True,0.813,0.808,0.809,0.813,0.814,0.817,0.816,2,train,D:/LUMOS/processed/vertebral_rois/patient_082/AP/L1.png,True,D:/LUMOS/processed/vertebral_rois/patient_082/AP/L2.png,True,D:/LUMOS/processed/vertebral_rois/patient_082/AP/L3.png,True,D:/LUMOS/processed/vertebral_rois/patient_082/AP/L4.png,True
82,Lateral,D:/LUMOS/processed/preprocessed_images/patient_082/Lateral.png,D:/LUMOS/processed/segmentation/pseudo_labels/patient_082_Lateral_mask.png,True,0.813,0.808,0.809,0.813,0.814,0.817,0.816,2,train,D:/LUMOS/processed/vertebral_rois/patient_082/Lateral/L1.png,True,D:/LUMOS/processed/vertebral_rois/patient_082/Lateral/L2.png,True,D:/LUMOS/processed/vertebral_rois/patient_082/Lateral/L3.png,True,D:/LUMOS/processed/vertebral_rois/patient_082/Lateral/L4.png,True
83,AP,D:/LUMOS/processed/preprocessed_images/patient_083/AP.png,D:/LUMOS/processed/segmentation/pseudo_labels/patient_083_AP_mask.png,True,0.974,0.962,0.967,0.974,0.983,0.987,0.985,1,test,D:/LUMOS/processed/vertebral_rois/patient_083/AP/L1.png,True,D:/LUMOS/processed/vertebral_rois/patient_083/AP/L2.png,True,D:/LUMOS/processed/vertebral_rois/patient_083/AP/L3.png,True,D:/LUMOS/processed/vertebral_rois/patient_083/AP/L4.png,True
83,Lateral,D:/LUMOS/processed/preprocessed_images/patient_083/Lateral.png,D:/LUMOS/processed/segmentation/pseudo_labels/patient_083_Lateral_mask.png,True,0.974,0.962,0.967,0.974,0.983,0.987,0.985,1,test,D:/LUMOS/processed/vertebral_rois/patient_083/Lateral/L1.png,True,D:/LUMOS/processed/vertebral_rois/patient_083/Lateral/L2.png,False,D:/LUMOS/processed/vertebral_rois/patient_083/Lateral/L3.png,True,D:/LUMOS/processed/vertebral_rois/patient_083/Lateral/L4.png,True
84,AP,D:/LUMOS/processed/preprocessed_images/patient_084/AP.png,D:/LUMOS/processed/segmentation/pseudo_labels/patient_084_AP_mask.png,True,1.066,1.039,1.065,1.066,1.067,1.067,1.088,0,train,D:/LUMOS/processed/vertebral_rois/patient_084/AP/L1.png,True,D:/LUMOS/processed/vertebral_rois/patient_084/AP/L2.png,True,D:/LUMOS/processed/vertebral_rois/patient_084/AP/L3.png,True,D:/LUMOS/processed/vertebral_rois/patient_084/AP/L4.png,True
84,Lateral,D:/LUMOS/processed/preprocessed_images/patient_084/Lateral.png,D:/LUMOS/processed/segmentation/pseudo_labels/patient_084_Lateral_mask.png,True,1.066,1.039,1.065,1.066,1.067,1.067,1.088,0,train,D:/LUMOS/processed/vertebral_rois/patient_084/Lateral/L1.png,True,D:/LUMOS/processed/vertebral_rois/patient_084/Lateral/L2.png,True,D:/LUMOS/processed/vertebral_rois/patient_084/Lateral/L3.png,True,D:/LUMOS/processed/vertebral_rois/patient_084/Lateral/L4.png,True
85,AP,D:/LUMOS/processed/preprocessed_images/patient_085/AP.png,D:/LUMOS/processed/segmentation/pseudo_labels/patient_085_AP_mask.png,True,0.939,0.857,0.897,0.939,0.922,0.967,1.015,1,validation,D:/LUMOS/processed/vertebral_rois/patient_085/AP/L1.png,True,D:/LUMOS/processed/vertebral_rois/patient_085/AP/L2.png,True,D:/LUMOS/processed/vertebral_rois/patient_085/AP/L3.png,True,D:/LUMOS/processed/vertebral_rois/patient_085/AP/L4.png,True
85,Lateral,D:/LUMOS/processed/preprocessed_images/patient_085/Lateral.png,D:/LUMOS/processed/segmentation/pseudo_labels/patient_085_Lateral_mask.png,True,0.939,0.857,0.897,0.939,0.922,0.967,1.015,1,validation,D:/LUMOS/processed/vertebral_rois/patient_085/Lateral/L1.png,True,D:/LUMOS/processed/vertebral_rois/patient_085/Lateral/L2.png,True,D:/LUMOS/processed/vertebral_rois/patient_085/Lateral/L3.png,True,D:/LUMOS/processed/vertebral_rois/patient_085/Lateral/L4.png,True
86,AP,D:/LUMOS/processed/preprocessed_images/patient_086/AP.png,D:/LUMOS/processed/segmentation/pseudo_labels/patient_086_AP_mask.png,True,1.029,0.955,1.04,1.029,1.119,1.077,1.09,0,validation,D:/LUMOS/processed/vertebral_rois/patient_086/AP/L1.png,True,D:/LUMOS/processed/vertebral_rois/patient_086/AP/L2.png,True,D:/LUMOS/processed/vertebral_rois/patient_086/AP/L3.png,True,D:/LUMOS/processed/vertebral_rois/patient_086/AP/L4.png,True
86,Lateral,D:/LUMOS/processed/preprocessed_images/patient_086/Lateral.png,D:/LUMOS/processed/segmentation/pseudo_labels/patient_086_Lateral_mask.png,True,1.029,0.955,1.04,1.029,1.119,1.077,1.09,0,validation,D:/LUMOS/processed/vertebral_rois/patient_086/Lateral/L1.png,True,D:/LUMOS/processed/vertebral_rois/patient_086/Lateral/L2.png,True,D:/LUMOS/processed/vertebral_rois/patient_086/Lateral/L3.png,True,D:/LUMOS/processed/vertebral_rois/patient_086/Lateral/L4.png,True
87,AP,D:/LUMOS/processed/preprocessed_images/patient_087/AP.png,D:/LUMOS/processed/segmentation/pseudo_labels/patient_087_AP_mask.png,True,0.837,0.717,0.776,0.837,0.84,0.898,0.946,1,test,D:/LUMOS/processed/vertebral_rois/patient_087/AP/L1.png,True,D:/LUMOS/processed/vertebral_rois/patient_087/AP/L2.png,True,D:/LUMOS/processed/vertebral_rois/patient_087/AP/L3.png,True,D:/LUMOS/processed/vertebral_rois/patient_087/AP/L4.png,True
87,Lateral,D:/LUMOS/processed/preprocessed_images/patient_087/Lateral.png,D:/LUMOS/processed/segmentation/pseudo_labels/patient_087_Lateral_mask.png,True,0.837,0.717,0.776,0.837,0.84,0.898,0.946,1,test,D:/LUMOS/processed/vertebral_rois/patient_087/Lateral/L1.png,True,D:/LUMOS/processed/vertebral_rois/patient_087/Lateral/L2.png,True,D:/LUMOS/processed/vertebral_rois/patient_087/Lateral/L3.png,True,D:/LUMOS/processed/vertebral_rois/patient_087/Lateral/L4.png,True
88,AP,D:/LUMOS/processed/preprocessed_images/patient_088/AP.png,D:/LUMOS/processed/segmentation/pseudo_labels/patient_088_AP_mask.png,True,0.806,0.739,0.798,0.806,0.836,0.832,0.862,2,train,D:/LUMOS/processed/vertebral_rois/patient_088/AP/L1.png,True,D:/LUMOS/processed/vertebral_rois/patient_088/AP/L2.png,True,D:/LUMOS/processed/vertebral_rois/patient_088/AP/L3.png,True,D:/LUMOS/processed/vertebral_rois/patient_088/AP/L4.png,True
88,Lateral,D:/LUMOS/processed/preprocessed_images/patient_088/Lateral.png,D:/LUMOS/processed/segmentation/pseudo_labels/patient_088_Lateral_mask.png,True,0.806,0.739,0.798,0.806,0.836,0.832,0.862,2,train,D:/LUMOS/processed/vertebral_rois/patient_088/Lateral/L1.png,True,D:/LUMOS/processed/vertebral_rois/patient_088/Lateral/L2.png,True,D:/LUMOS/processed/vertebral_rois/patient_088/Lateral/L3.png,True,D:/LUMOS/processed/vertebral_rois/patient_088/Lateral/L4.png,True
89,AP,D:/LUMOS/processed/preprocessed_images/patient_089/AP.png,D:/LUMOS/processed/segmentation/pseudo_labels/patient_089_AP_mask.png,True,1.559,1.5,1.534,1.559,1.583,1.598,1.613,0,train,D:/LUMOS/processed/vertebral_rois/patient_089/AP/L1.png,True,D:/LUMOS/processed/vertebral_rois/patient_089/AP/L2.png,True,D:/LUMOS/processed/vertebral_rois/patient_089/AP/L3.png,True,D:/LUMOS/processed/vertebral_rois/patient_089/AP/L4.png,True
89,Lateral,D:/LUMOS/processed/preprocessed_images/patient_089/Lateral.png,D:/LUMOS/processed/segmentation/pseudo_labels/patient_089_Lateral_mask.png,True,1.559,1.5,1.534,1.559,1.583,1.598,1.613,0,train,D:/LUMOS/processed/vertebral_rois/patient_089/Lateral/L1.png,True,D:/LUMOS/processed/vertebral_rois/patient_089/Lateral/L2.png,True,D:/LUMOS/processed/vertebral_rois/patient_089/Lateral/L3.png,True,D:/LUMOS/processed/vertebral_rois/patient_089/Lateral/L4.png,True
90,AP,D:/LUMOS/processed/preprocessed_images/patient_090/AP.png,D:/LUMOS/processed/segmentation/pseudo_labels/patient_090_AP_mask.png,True,0.624,0.83,0.884,0.892,0.913,0.912,0.943,2,train,D:/LUMOS/processed/vertebral_rois/patient_090/AP/L1.png,True,D:/LUMOS/processed/vertebral_rois/patient_090/AP/L2.png,True,D:/LUMOS/processed/vertebral_rois/patient_090/AP/L3.png,True,D:/LUMOS/processed/vertebral_rois/patient_090/AP/L4.png,True
90,Lateral,D:/LUMOS/processed/preprocessed_images/patient_090/Lateral.png,D:/LUMOS/processed/segmentation/pseudo_labels/patient_090_Lateral_mask.png,True,0.624,0.83,0.884,0.892,0.913,0.912,0.943,2,train,D:/LUMOS/processed/vertebral_rois/patient_090/Lateral/L1.png,True,D:/LUMOS/processed/vertebral_rois/patient_090/Lateral/L2.png,True,D:/LUMOS/processed/vertebral_rois/patient_090/Lateral/L3.png,True,D:/LUMOS/processed/vertebral_rois/patient_090/Lateral/L4.png,True
91,AP,D:/LUMOS/processed/preprocessed_images/patient_091/AP.png,D:/LUMOS/processed/segmentation/pseudo_labels/patient_091_AP_mask.png,True,1.232,1.148,1.189,1.232,1.236,1.275,1.304,0,train,D:/LUMOS/processed/vertebral_rois/patient_091/AP/L1.png,True,D:/LUMOS/processed/vertebral_rois/patient_091/AP/L2.png,True,D:/LUMOS/processed/vertebral_rois/patient_091/AP/L3.png,True,D:/LUMOS/processed/vertebral_rois/patient_091/AP/L4.png,True
91,Lateral,D:/LUMOS/processed/preprocessed_images/patient_091/Lateral.png,D:/LUMOS/processed/segmentation/pseudo_labels/patient_091_Lateral_mask.png,True,1.232,1.148,1.189,1.232,1.236,1.275,1.304,0,train,D:/LUMOS/processed/vertebral_rois/patient_091/Lateral/L1.png,True,D:/LUMOS/processed/vertebral_rois/patient_091/Lateral/L2.png,True,D:/LUMOS/processed/vertebral_rois/patient_091/Lateral/L3.png,True,D:/LUMOS/processed/vertebral_rois/patient_091/Lateral/L4.png,True
92,AP,D:/LUMOS/processed/preprocessed_images/patient_092/AP.png,D:/LUMOS/processed/segmentation/pseudo_labels/patient_092_AP_mask.png,True,1.079,1.126,1.121,1.079,1.145,1.084,1.036,0,train,D:/LUMOS/processed/vertebral_rois/patient_092/AP/L1.png,True,D:/LUMOS/processed/vertebral_rois/patient_092/AP/L2.png,True,D:/LUMOS/processed/vertebral_rois/patient_092/AP/L3.png,True,D:/LUMOS/processed/vertebral_rois/patient_092/AP/L4.png,True
92,Lateral,D:/LUMOS/processed/preprocessed_images/patient_092/Lateral.png,D:/LUMOS/processed/segmentation/pseudo_labels/patient_092_Lateral_mask.png,True,1.079,1.126,1.121,1.079,1.145,1.084,1.036,0,train,D:/LUMOS/processed/vertebral_rois/patient_092/Lateral/L1.png,True,D:/LUMOS/processed/vertebral_rois/patient_092/Lateral/L2.png,True,D:/LUMOS/processed/vertebral_rois/patient_092/Lateral/L3.png,True,D:/LUMOS/processed/vertebral_rois/patient_092/Lateral/L4.png,True
93,AP,D:/LUMOS/processed/preprocessed_images/patient_093/AP.png,D:/LUMOS/processed/segmentation/pseudo_labels/patient_093_AP_mask.png,True,1.288,1.216,1.249,1.288,1.287,1.322,1.342,0,test,D:/LUMOS/processed/vertebral_rois/patient_093/AP/L1.png,True,D:/LUMOS/processed/vertebral_rois/patient_093/AP/L2.png,True,D:/LUMOS/processed/vertebral_rois/patient_093/AP/L3.png,True,D:/LUMOS/processed/vertebral_rois/patient_093/AP/L4.png,True
93,Lateral,D:/LUMOS/processed/preprocessed_images/patient_093/Lateral.png,D:/LUMOS/processed/segmentation/pseudo_labels/patient_093_Lateral_mask.png,True,1.288,1.216,1.249,1.288,1.287,1.322,1.342,0,test,D:/LUMOS/processed/vertebral_rois/patient_093/Lateral/L1.png,True,D:/LUMOS/processed/vertebral_rois/patient_093/Lateral/L2.png,True,D:/LUMOS/processed/vertebral_rois/patient_093/Lateral/L3.png,True,D:/LUMOS/processed/vertebral_rois/patient_093/Lateral/L4.png,True
94,AP,D:/LUMOS/processed/preprocessed_images/patient_094/AP.png,D:/LUMOS/processed/segmentation/pseudo_labels/patient_094_AP_mask.png,True,1.13571299148396,1.059,1.115,1.132,1.133,1.147,1.191,0,train,D:/LUMOS/processed/vertebral_rois/patient_094/AP/L1.png,True,D:/LUMOS/processed/vertebral_rois/patient_094/AP/L2.png,True,D:/LUMOS/processed/vertebral_rois/patient_094/AP/L3.png,True,D:/LUMOS/processed/vertebral_rois/patient_094/AP/L4.png,True
94,Lateral,D:/LUMOS/processed/preprocessed_images/patient_094/Lateral.png,D:/LUMOS/processed/segmentation/pseudo_labels/patient_094_Lateral_mask.png,True,1.13571299148396,1.059,1.115,1.132,1.133,1.147,1.191,0,train,D:/LUMOS/processed/vertebral_rois/patient_094/Lateral/L1.png,True,D:/LUMOS/processed/vertebral_rois/patient_094/Lateral/L2.png,True,D:/LUMOS/processed/vertebral_rois/patient_094/Lateral/L3.png,True,D:/LUMOS/processed/vertebral_rois/patient_094/Lateral/L4.png,True
95,AP,D:/LUMOS/processed/preprocessed_images/patient_095/AP.png,D:/LUMOS/processed/segmentation/pseudo_labels/patient_095_AP_mask.png,True,0.916,0.859,0.929,0.916,0.934,0.916,0.956,1,validation,D:/LUMOS/processed/vertebral_rois/patient_095/AP/L1.png,True,D:/LUMOS/processed/vertebral_rois/patient_095/AP/L2.png,True,D:/LUMOS/processed/vertebral_rois/patient_095/AP/L3.png,True,D:/LUMOS/processed/vertebral_rois/patient_095/AP/L4.png,True
95,Lateral,D:/LUMOS/processed/preprocessed_images/patient_095/Lateral.png,D:/LUMOS/processed/segmentation/pseudo_labels/patient_095_Lateral_mask.png,True,0.916,0.859,0.929,0.916,0.934,0.916,0.956,1,validation,D:/LUMOS/processed/vertebral_rois/patient_095/Lateral/L1.png,True,D:/LUMOS/processed/vertebral_rois/patient_095/Lateral/L2.png,True,D:/LUMOS/processed/vertebral_rois/patient_095/Lateral/L3.png,True,D:/LUMOS/processed/vertebral_rois/patient_095/Lateral/L4.png,False
96,AP,D:/LUMOS/processed/preprocessed_images/patient_096/AP.png,D:/LUMOS/processed/segmentation/pseudo_labels/patient_096_AP_mask.png,True,0.75,0.742,0.76,0.75,0.766,0.751,0.758,2,train,D:/LUMOS/processed/vertebral_rois/patient_096/AP/L1.png,True,D:/LUMOS/processed/vertebral_rois/patient_096/AP/L2.png,True,D:/LUMOS/processed/vertebral_rois/patient_096/AP/L3.png,True,D:/LUMOS/processed/vertebral_rois/patient_096/AP/L4.png,True
96,Lateral,D:/LUMOS/processed/preprocessed_images/patient_096/Lateral.png,D:/LUMOS/processed/segmentation/pseudo_labels/patient_096_Lateral_mask.png,True,0.75,0.742,0.76,0.75,0.766,0.751,0.758,2,train,D:/LUMOS/processed/vertebral_rois/patient_096/Lateral/L1.png,True,D:/LUMOS/processed/vertebral_rois/patient_096/Lateral/L2.png,True,D:/LUMOS/processed/vertebral_rois/patient_096/Lateral/L3.png,True,D:/LUMOS/processed/vertebral_rois/patient_096/Lateral/L4.png,True
97,AP,D:/LUMOS/processed/preprocessed_images/patient_097/AP.png,D:/LUMOS/processed/segmentation/pseudo_labels/patient_097_AP_mask.png,True,0.768,0.712,0.743,0.768,0.754,0.782,0.812,2,train,D:/LUMOS/processed/vertebral_rois/patient_097/AP/L1.png,True,D:/LUMOS/processed/vertebral_rois/patient_097/AP/L2.png,True,D:/LUMOS/processed/vertebral_rois/patient_097/AP/L3.png,True,D:/LUMOS/processed/vertebral_rois/patient_097/AP/L4.png,True
97,Lateral,D:/LUMOS/processed/preprocessed_images/patient_097/Lateral.png,D:/LUMOS/processed/segmentation/pseudo_labels/patient_097_Lateral_mask.png,True,0.768,0.712,0.743,0.768,0.754,0.782,0.812,2,train,D:/LUMOS/processed/vertebral_rois/patient_097/Lateral/L1.png,True,D:/LUMOS/processed/vertebral_rois/patient_097/Lateral/L2.png,True,D:/LUMOS/processed/vertebral_rois/patient_097/Lateral/L3.png,True,D:/LUMOS/processed/vertebral_rois/patient_097/Lateral/L4.png,True
98,AP,D:/LUMOS/processed/preprocessed_images/patient_098/AP.png,D:/LUMOS/processed/segmentation/pseudo_labels/patient_098_AP_mask.png,True,1.034,0.912,0.949,1.034,0.989,1.086,1.149,0,train,D:/LUMOS/processed/vertebral_rois/patient_098/AP/L1.png,True,D:/LUMOS/processed/vertebral_rois/patient_098/AP/L2.png,True,D:/LUMOS/processed/vertebral_rois/patient_098/AP/L3.png,True,D:/LUMOS/processed/vertebral_rois/patient_098/AP/L4.png,True
98,Lateral,D:/LUMOS/processed/preprocessed_images/patient_098/Lateral.png,D:/LUMOS/processed/segmentation/pseudo_labels/patient_098_Lateral_mask.png,True,1.034,0.912,0.949,1.034,0.989,1.086,1.149,0,train,D:/LUMOS/processed/vertebral_rois/patient_098/Lateral/L1.png,True,D:/LUMOS/processed/vertebral_rois/patient_098/Lateral/L2.png,True,D:/LUMOS/processed/vertebral_rois/patient_098/Lateral/L3.png,True,D:/LUMOS/processed/vertebral_rois/patient_098/Lateral/L4.png,True
99,AP,D:/LUMOS/processed/preprocessed_images/patient_099/AP.png,D:/LUMOS/processed/segmentation/pseudo_labels/patient_099_AP_mask.png,True,0.767,0.803,0.797,0.767,0.837,0.785,0.733,2,train,D:/LUMOS/processed/vertebral_rois/patient_099/AP/L1.png,True,D:/LUMOS/processed/vertebral_rois/patient_099/AP/L2.png,True,D:/LUMOS/processed/vertebral_rois/patient_099/AP/L3.png,True,D:/LUMOS/processed/vertebral_rois/patient_099/AP/L4.png,True
99,Lateral,D:/LUMOS/processed/preprocessed_images/patient_099/Lateral.png,D:/LUMOS/processed/segmentation/pseudo_labels/patient_099_Lateral_mask.png,True,0.767,0.803,0.797,0.767,0.837,0.785,0.733,2,train,D:/LUMOS/processed/vertebral_rois/patient_099/Lateral/L1.png,True,D:/LUMOS/processed/vertebral_rois/patient_099/Lateral/L2.png,True,D:/LUMOS/processed/vertebral_rois/patient_099/Lateral/L3.png,True,D:/LUMOS/processed/vertebral_rois/patient_099/Lateral/L4.png,True
100,AP,D:/LUMOS/processed/preprocessed_images/patient_100/AP.png,D:/LUMOS/processed/segmentation/pseudo_labels/patient_100_AP_mask.png,True,1.099,1.031,1.065,1.099,1.076,1.115,1.155,0,train,D:/LUMOS/processed/vertebral_rois/patient_100/AP/L1.png,True,D:/LUMOS/processed/vertebral_rois/patient_100/AP/L2.png,True,D:/LUMOS/processed/vertebral_rois/patient_100/AP/L3.png,True,D:/LUMOS/processed/vertebral_rois/patient_100/AP/L4.png,True
100,Lateral,D:/LUMOS/processed/preprocessed_images/patient_100/Lateral.png,D:/LUMOS/processed/segmentation/pseudo_labels/patient_100_Lateral_mask.png,True,1.099,1.031,1.065,1.099,1.076,1.115,1.155,0,train,D:/LUMOS/processed/vertebral_rois/patient_100/Lateral/L1.png,True,D:/LUMOS/processed/vertebral_rois/patient_100/Lateral/L2.png,True,D:/LUMOS/processed/vertebral_rois/patient_100/Lateral/L3.png,True,D:/LUMOS/processed/vertebral_rois/patient_100/Lateral/L4.png,True
101,AP,D:/LUMOS/processed/preprocessed_images/patient_101/AP.png,D:/LUMOS/processed/segmentation/pseudo_labels/patient_101_AP_mask.png,True,1.023,1.03,1.055,1.023,1.027,0.997,1.017,0,test,D:/LUMOS/processed/vertebral_rois/patient_101/AP/L1.png,True,D:/LUMOS/processed/vertebral_rois/patient_101/AP/L2.png,True,D:/LUMOS/processed/vertebral_rois/patient_101/AP/L3.png,True,D:/LUMOS/processed/vertebral_rois/patient_101/AP/L4.png,True
101,Lateral,D:/LUMOS/processed/preprocessed_images/patient_101/Lateral.png,D:/LUMOS/processed/segmentation/pseudo_labels/patient_101_Lateral_mask.png,True,1.023,1.03,1.055,1.023,1.027,0.997,1.017,0,test,D:/LUMOS/processed/vertebral_rois/patient_101/Lateral/L1.png,True,D:/LUMOS/processed/vertebral_rois/patient_101/Lateral/L2.png,True,D:/LUMOS/processed/vertebral_rois/patient_101/Lateral/L3.png,True,D:/LUMOS/processed/vertebral_rois/patient_101/Lateral/L4.png,True
102,AP,D:/LUMOS/processed/preprocessed_images/patient_102/AP.png,D:/LUMOS/processed/segmentation/pseudo_labels/patient_102_AP_mask.png,True,1.177,1.117,1.135,1.177,1.154,1.201,1.228,0,test,D:/LUMOS/processed/vertebral_rois/patient_102/AP/L1.png,True,D:/LUMOS/processed/vertebral_rois/patient_102/AP/L2.png,True,D:/LUMOS/processed/vertebral_rois/patient_102/AP/L3.png,True,D:/LUMOS/processed/vertebral_rois/patient_102/AP/L4.png,True
102,Lateral,D:/LUMOS/processed/preprocessed_images/patient_102/Lateral.png,D:/LUMOS/processed/segmentation/pseudo_labels/patient_102_Lateral_mask.png,True,1.177,1.117,1.135,1.177,1.154,1.201,1.228,0,test,D:/LUMOS/processed/vertebral_rois/patient_102/Lateral/L1.png,True,D:/LUMOS/processed/vertebral_rois/patient_102/Lateral/L2.png,True,D:/LUMOS/processed/vertebral_rois/patient_102/Lateral/L3.png,True,D:/LUMOS/processed/vertebral_rois/patient_102/Lateral/L4.png,True
103,AP,D:/LUMOS/processed/preprocessed_images/patient_103/AP.png,D:/LUMOS/processed/segmentation/pseudo_labels/patient_103_AP_mask.png,True,1.548,1.353,1.469,1.548,1.556,1.627,1.726,0,validation,D:/LUMOS/processed/vertebral_rois/patient_103/AP/L1.png,True,D:/LUMOS/processed/vertebral_rois/patient_103/AP/L2.png,True,D:/LUMOS/processed/vertebral_rois/patient_103/AP/L3.png,False,D:/LUMOS/processed/vertebral_rois/patient_103/AP/L4.png,False
103,Lateral,D:/LUMOS/processed/preprocessed_images/patient_103/Lateral.png,D:/LUMOS/processed/segmentation/pseudo_labels/patient_103_Lateral_mask.png,True,1.548,1.353,1.469,1.548,1.556,1.627,1.726,0,validation,D:/LUMOS/processed/vertebral_rois/patient_103/Lateral/L1.png,True,D:/LUMOS/processed/vertebral_rois/patient_103/Lateral/L2.png,True,D:/LUMOS/processed/vertebral_rois/patient_103/Lateral/L3.png,True,D:/LUMOS/processed/vertebral_rois/patient_103/Lateral/L4.png,True
104,AP,D:/LUMOS/processed/preprocessed_images/patient_104/AP.png,D:/LUMOS/processed/segmentation/pseudo_labels/patient_104_AP_mask.png,True,0.888969917958068,0.809,0.849,0.888,0.895,0.928,0.955,1,train,D:/LUMOS/processed/vertebral_rois/patient_104/AP/L1.png,True,D:/LUMOS/processed/vertebral_rois/patient_104/AP/L2.png,True,D:/LUMOS/processed/vertebral_rois/patient_104/AP/L3.png,True,D:/LUMOS/processed/vertebral_rois/patient_104/AP/L4.png,True
104,Lateral,D:/LUMOS/processed/preprocessed_images/patient_104/Lateral.png,D:/LUMOS/processed/segmentation/pseudo_labels/patient_104_Lateral_mask.png,True,0.888969917958068,0.809,0.849,0.888,0.895,0.928,0.955,1,train,D:/LUMOS/processed/vertebral_rois/patient_104/Lateral/L1.png,True,D:/LUMOS/processed/vertebral_rois/patient_104/Lateral/L2.png,True,D:/LUMOS/processed/vertebral_rois/patient_104/Lateral/L3.png,True,D:/LUMOS/processed/vertebral_rois/patient_104/Lateral/L4.png,True
105,AP,D:/LUMOS/processed/preprocessed_images/patient_105/AP.png,D:/LUMOS/processed/segmentation/pseudo_labels/patient_105_AP_mask.png,True,0.774,0.709,0.763,0.774,0.771,0.782,0.832,2,train,D:/LUMOS/processed/vertebral_rois/patient_105/AP/L1.png,True,D:/LUMOS/processed/vertebral_rois/patient_105/AP/L2.png,True,D:/LUMOS/processed/vertebral_rois/patient_105/AP/L3.png,True,D:/LUMOS/processed/vertebral_rois/patient_105/AP/L4.png,True
105,Lateral,D:/LUMOS/processed/preprocessed_images/patient_105/Lateral.png,D:/LUMOS/processed/segmentation/pseudo_labels/patient_105_Lateral_mask.png,True,0.774,0.709,0.763,0.774,0.771,0.782,0.832,2,train,D:/LUMOS/processed/vertebral_rois/patient_105/Lateral/L1.png,True,D:/LUMOS/processed/vertebral_rois/patient_105/Lateral/L2.png,True,D:/LUMOS/processed/vertebral_rois/patient_105/Lateral/L3.png,True,D:/LUMOS/processed/vertebral_rois/patient_105/Lateral/L4.png,True
106,AP,D:/LUMOS/processed/preprocessed_images/patient_106/AP.png,D:/LUMOS/processed/segmentation/pseudo_labels/patient_106_AP_mask.png,True,1.096,0.997,1.052,1.096,1.091,1.134,1.183,0,test,D:/LUMOS/processed/vertebral_rois/patient_106/AP/L1.png,True,D:/LUMOS/processed/vertebral_rois/patient_106/AP/L2.png,False,D:/LUMOS/processed/vertebral_rois/patient_106/AP/L3.png,True,D:/LUMOS/processed/vertebral_rois/patient_106/AP/L4.png,True
106,Lateral,D:/LUMOS/processed/preprocessed_images/patient_106/Lateral.png,D:/LUMOS/processed/segmentation/pseudo_labels/patient_106_Lateral_mask.png,True,1.096,0.997,1.052,1.096,1.091,1.134,1.183,0,test,D:/LUMOS/processed/vertebral_rois/patient_106/Lateral/L1.png,True,D:/LUMOS/processed/vertebral_rois/patient_106/Lateral/L2.png,True,D:/LUMOS/processed/vertebral_rois/patient_106/Lateral/L3.png,True,D:/LUMOS/processed/vertebral_rois/patient_106/Lateral/L4.png,True
107,AP,D:/LUMOS/processed/preprocessed_images/patient_107/AP.png,D:/LUMOS/processed/segmentation/pseudo_labels/patient_107_AP_mask.png,True,1.15232240437158,1.04,1.095,1.153,1.157,1.211,1.259,0,train,D:/LUMOS/processed/vertebral_rois/patient_107/AP/L1.png,True,D:/LUMOS/processed/vertebral_rois/patient_107/AP/L2.png,True,D:/LUMOS/processed/vertebral_rois/patient_107/AP/L3.png,True,D:/LUMOS/processed/vertebral_rois/patient_107/AP/L4.png,True
107,Lateral,D:/LUMOS/processed/preprocessed_images/patient_107/Lateral.png,D:/LUMOS/processed/segmentation/pseudo_labels/patient_107_Lateral_mask.png,True,1.15232240437158,1.04,1.095,1.153,1.157,1.211,1.259,0,train,D:/LUMOS/processed/vertebral_rois/patient_107/Lateral/L1.png,True,D:/LUMOS/processed/vertebral_rois/patient_107/Lateral/L2.png,True,D:/LUMOS/processed/vertebral_rois/patient_107/Lateral/L3.png,True,D:/LUMOS/processed/vertebral_rois/patient_107/Lateral/L4.png,True
108,AP,D:/LUMOS/processed/preprocessed_images/patient_108/AP.png,D:/LUMOS/processed/segmentation/pseudo_labels/patient_108_AP_mask.png,True,1.449,1.218,1.317,1.449,1.365,1.516,1.652,0,validation,D:/LUMOS/processed/vertebral_rois/patient_108/AP/L1.png,True,D:/LUMOS/processed/vertebral_rois/patient_108/AP/L2.png,True,D:/LUMOS/processed/vertebral_rois/patient_108/AP/L3.png,True,D:/LUMOS/processed/vertebral_rois/patient_108/AP/L4.png,True
108,Lateral,D:/LUMOS/processed/preprocessed_images/patient_108/Lateral.png,D:/LUMOS/processed/segmentation/pseudo_labels/patient_108_Lateral_mask.png,True,1.449,1.218,1.317,1.449,1.365,1.516,1.652,0,validation,D:/LUMOS/processed/vertebral_rois/patient_108/Lateral/L1.png,True,D:/LUMOS/processed/vertebral_rois/patient_108/Lateral/L2.png,True,D:/LUMOS/processed/vertebral_rois/patient_108/Lateral/L3.png,True,D:/LUMOS/processed/vertebral_rois/patient_108/Lateral/L4.png,True
109,AP,D:/LUMOS/processed/preprocessed_images/patient_109/AP.png,D:/LUMOS/processed/segmentation/pseudo_labels/patient_109_AP_mask.png,True,1.055,0.941,0.976,1.055,0.985,1.082,1.151,0,validation,D:/LUMOS/processed/vertebral_rois/patient_109/AP/L1.png,True,D:/LUMOS/processed/vertebral_rois/patient_109/AP/L2.png,True,D:/LUMOS/processed/vertebral_rois/patient_109/AP/L3.png,True,D:/LUMOS/processed/vertebral_rois/patient_109/AP/L4.png,True
109,Lateral,D:/LUMOS/processed/preprocessed_images/patient_109/Lateral.png,D:/LUMOS/processed/segmentation/pseudo_labels/patient_109_Lateral_mask.png,True,1.055,0.941,0.976,1.055,0.985,1.082,1.151,0,validation,D:/LUMOS/processed/vertebral_rois/patient_109/Lateral/L1.png,True,D:/LUMOS/processed/vertebral_rois/patient_109/Lateral/L2.png,True,D:/LUMOS/processed/vertebral_rois/patient_109/Lateral/L3.png,True,D:/LUMOS/processed/vertebral_rois/patient_109/Lateral/L4.png,True
110,AP,D:/LUMOS/processed/preprocessed_images/patient_110/AP.png,D:/LUMOS/processed/segmentation/pseudo_labels/patient_110_AP_mask.png,True,1.004,0.921,0.963,1.004,0.994,1.034,1.071,0,validation,D:/LUMOS/processed/vertebral_rois/patient_110/AP/L1.png,True,D:/LUMOS/processed/vertebral_rois/patient_110/AP/L2.png,False,D:/LUMOS/processed/vertebral_rois/patient_110/AP/L3.png,True,D:/LUMOS/processed/vertebral_rois/patient_110/AP/L4.png,True
110,Lateral,D:/LUMOS/processed/preprocessed_images/patient_110/Lateral.png,D:/LUMOS/processed/segmentation/pseudo_labels/patient_110_Lateral_mask.png,True,1.004,0.921,0.963,1.004,0.994,1.034,1.071,0,validation,D:/LUMOS/processed/vertebral_rois/patient_110/Lateral/L1.png,True,D:/LUMOS/processed/vertebral_rois/patient_110/Lateral/L2.png,True,D:/LUMOS/processed/vertebral_rois/patient_110/Lateral/L3.png,True,D:/LUMOS/processed/vertebral_rois/patient_110/Lateral/L4.png,True
111,AP,D:/LUMOS/processed/preprocessed_images/patient_111/AP.png,D:/LUMOS/processed/segmentation/pseudo_labels/patient_111_AP_mask.png,True,0.807,0.86,0.891,0.909,0.914,0.928,0.946,2,validation,D:/LUMOS/processed/vertebral_rois/patient_111/AP/L1.png,True,D:/LUMOS/processed/vertebral_rois/patient_111/AP/L2.png,True,D:/LUMOS/processed/vertebral_rois/patient_111/AP/L3.png,True,D:/LUMOS/processed/vertebral_rois/patient_111/AP/L4.png,True
111,Lateral,D:/LUMOS/processed/preprocessed_images/patient_111/Lateral.png,D:/LUMOS/processed/segmentation/pseudo_labels/patient_111_Lateral_mask.png,True,0.807,0.86,0.891,0.909,0.914,0.928,0.946,2,validation,D:/LUMOS/processed/vertebral_rois/patient_111/Lateral/L1.png,True,D:/LUMOS/processed/vertebral_rois/patient_111/Lateral/L2.png,True,D:/LUMOS/processed/vertebral_rois/patient_111/Lateral/L3.png,True,D:/LUMOS/processed/vertebral_rois/patient_111/Lateral/L4.png,True
112,AP,D:/LUMOS/processed/preprocessed_images/patient_112/AP.png,D:/LUMOS/processed/segmentation/pseudo_labels/patient_112_AP_mask.png,True,1.198,1.166,1.184,1.198,1.217,1.223,1.225,0,train,D:/LUMOS/processed/vertebral_rois/patient_112/AP/L1.png,True,D:/LUMOS/processed/vertebral_rois/patient_112/AP/L2.png,True,D:/LUMOS/processed/vertebral_rois/patient_112/AP/L3.png,False,D:/LUMOS/processed/vertebral_rois/patient_112/AP/L4.png,True
112,Lateral,D:/LUMOS/processed/preprocessed_images/patient_112/Lateral.png,D:/LUMOS/processed/segmentation/pseudo_labels/patient_112_Lateral_mask.png,True,1.198,1.166,1.184,1.198,1.217,1.223,1.225,0,train,D:/LUMOS/processed/vertebral_rois/patient_112/Lateral/L1.png,True,D:/LUMOS/processed/vertebral_rois/patient_112/Lateral/L2.png,True,D:/LUMOS/processed/vertebral_rois/patient_112/Lateral/L3.png,True,D:/LUMOS/processed/vertebral_rois/patient_112/Lateral/L4.png,True
113,AP,D:/LUMOS/processed/preprocessed_images/patient_113/AP.png,D:/LUMOS/processed/segmentation/pseudo_labels/patient_113_AP_mask.png,True,0.955,0.915,0.939,0.955,0.938,0.957,0.983,1,train,D:/LUMOS/processed/vertebral_rois/patient_113/AP/L1.png,True,D:/LUMOS/processed/vertebral_rois/patient_113/AP/L2.png,True,D:/LUMOS/processed/vertebral_rois/patient_113/AP/L3.png,True,D:/LUMOS/processed/vertebral_rois/patient_113/AP/L4.png,True
113,Lateral,D:/LUMOS/processed/preprocessed_images/patient_113/Lateral.png,D:/LUMOS/processed/segmentation/pseudo_labels/patient_113_Lateral_mask.png,True,0.955,0.915,0.939,0.955,0.938,0.957,0.983,1,train,D:/LUMOS/processed/vertebral_rois/patient_113/Lateral/L1.png,True,D:/LUMOS/processed/vertebral_rois/patient_113/Lateral/L2.png,True,D:/LUMOS/processed/vertebral_rois/patient_113/Lateral/L3.png,True,D:/LUMOS/processed/vertebral_rois/patient_113/Lateral/L4.png,False
114,AP,D:/LUMOS/processed/preprocessed_images/patient_114/AP.png,D:/LUMOS/processed/segmentation/pseudo_labels/patient_114_AP_mask.png,True,0.863,0.784,0.814,0.863,0.803,0.873,0.952,1,train,D:/LUMOS/processed/vertebral_rois/patient_114/AP/L1.png,True,D:/LUMOS/processed/vertebral_rois/patient_114/AP/L2.png,True,D:/LUMOS/processed/vertebral_rois/patient_114/AP/L3.png,True,D:/LUMOS/processed/vertebral_rois/patient_114/AP/L4.png,True
114,Lateral,D:/LUMOS/processed/preprocessed_images/patient_114/Lateral.png,D:/LUMOS/processed/segmentation/pseudo_labels/patient_114_Lateral_mask.png,True,0.863,0.784,0.814,0.863,0.803,0.873,0.952,1,train,D:/LUMOS/processed/vertebral_rois/patient_114/Lateral/L1.png,True,D:/LUMOS/processed/vertebral_rois/patient_114/Lateral/L2.png,True,D:/LUMOS/processed/vertebral_rois/patient_114/Lateral/L3.png,True,D:/LUMOS/processed/vertebral_rois/patient_114/Lateral/L4.png,True
115,AP,D:/LUMOS/processed/preprocessed_images/patient_115/AP.png,D:/LUMOS/processed/segmentation/pseudo_labels/patient_115_AP_mask.png,True,0.586,0.6,0.595,0.586,0.567,0.564,0.573,2,train,D:/LUMOS/processed/vertebral_rois/patient_115/AP/L1.png,True,D:/LUMOS/processed/vertebral_rois/patient_115/AP/L2.png,True,D:/LUMOS/processed/vertebral_rois/patient_115/AP/L3.png,True,D:/LUMOS/processed/vertebral_rois/patient_115/AP/L4.png,True
115,Lateral,D:/LUMOS/processed/preprocessed_images/patient_115/Lateral.png,D:/LUMOS/processed/segmentation/pseudo_labels/patient_115_Lateral_mask.png,True,0.586,0.6,0.595,0.586,0.567,0.564,0.573,2,train,D:/LUMOS/processed/vertebral_rois/patient_115/Lateral/L1.png,True,D:/LUMOS/processed/vertebral_rois/patient_115/Lateral/L2.png,True,D:/LUMOS/processed/vertebral_rois/patient_115/Lateral/L3.png,False,D:/LUMOS/processed/vertebral_rois/patient_115/Lateral/L4.png,True
116,AP,D:/LUMOS/processed/preprocessed_images/patient_116/AP.png,D:/LUMOS/processed/segmentation/pseudo_labels/patient_116_AP_mask.png,True,0.814,0.731,0.787,0.814,0.797,0.828,0.885,2,test,D:/LUMOS/processed/vertebral_rois/patient_116/AP/L1.png,True,D:/LUMOS/processed/vertebral_rois/patient_116/AP/L2.png,True,D:/LUMOS/processed/vertebral_rois/patient_116/AP/L3.png,True,D:/LUMOS/processed/vertebral_rois/patient_116/AP/L4.png,True
116,Lateral,D:/LUMOS/processed/preprocessed_images/patient_116/Lateral.png,D:/LUMOS/processed/segmentation/pseudo_labels/patient_116_Lateral_mask.png,True,0.814,0.731,0.787,0.814,0.797,0.828,0.885,2,test,D:/LUMOS/processed/vertebral_rois/patient_116/Lateral/L1.png,True,D:/LUMOS/processed/vertebral_rois/patient_116/Lateral/L2.png,True,D:/LUMOS/processed/vertebral_rois/patient_116/Lateral/L3.png,True,D:/LUMOS/processed/vertebral_rois/patient_116/Lateral/L4.png,True
117,AP,D:/LUMOS/processed/preprocessed_images/patient_117/AP.png,D:/LUMOS/processed/segmentation/pseudo_labels/patient_117_AP_mask.png,True,1.22,1.061,1.157,1.22,1.205,1.269,1.356,0,train,D:/LUMOS/processed/vertebral_rois/patient_117/AP/L1.png,True,D:/LUMOS/processed/vertebral_rois/patient_117/AP/L2.png,True,D:/LUMOS/processed/vertebral_rois/patient_117/AP/L3.png,True,D:/LUMOS/processed/vertebral_rois/patient_117/AP/L4.png,True
117,Lateral,D:/LUMOS/processed/preprocessed_images/patient_117/Lateral.png,D:/LUMOS/processed/segmentation/pseudo_labels/patient_117_Lateral_mask.png,True,1.22,1.061,1.157,1.22,1.205,1.269,1.356,0,train,D:/LUMOS/processed/vertebral_rois/patient_117/Lateral/L1.png,True,D:/LUMOS/processed/vertebral_rois/patient_117/Lateral/L2.png,True,D:/LUMOS/processed/vertebral_rois/patient_117/Lateral/L3.png,True,D:/LUMOS/processed/vertebral_rois/patient_117/Lateral/L4.png,True
118,AP,D:/LUMOS/processed/preprocessed_images/patient_118/AP.png,D:/LUMOS/processed/segmentation/pseudo_labels/patient_118_AP_mask.png,True,0.967,0.967,0.992,0.967,0.998,0.964,0.966,1,train,D:/LUMOS/processed/vertebral_rois/patient_118/AP/L1.png,True,D:/LUMOS/processed/vertebral_rois/patient_118/AP/L2.png,True,D:/LUMOS/processed/vertebral_rois/patient_118/AP/L3.png,True,D:/LUMOS/processed/vertebral_rois/patient_118/AP/L4.png,True
118,Lateral,D:/LUMOS/processed/preprocessed_images/patient_118/Lateral.png,D:/LUMOS/processed/segmentation/pseudo_labels/patient_118_Lateral_mask.png,True,0.967,0.967,0.992,0.967,0.998,0.964,0.966,1,train,D:/LUMOS/processed/vertebral_rois/patient_118/Lateral/L1.png,True,D:/LUMOS/processed/vertebral_rois/patient_118/Lateral/L2.png,True,D:/LUMOS/processed/vertebral_rois/patient_118/Lateral/L3.png,True,D:/LUMOS/processed/vertebral_rois/patient_118/Lateral/L4.png,True
119,AP,D:/LUMOS/processed/preprocessed_images/patient_119/AP.png,D:/LUMOS/processed/segmentation/pseudo_labels/patient_119_AP_mask.png,True,0.974,0.929,0.928,0.974,0.945,0.997,1.011,1,validation,D:/LUMOS/processed/vertebral_rois/patient_119/AP/L1.png,True,D:/LUMOS/processed/vertebral_rois/patient_119/AP/L2.png,True,D:/LUMOS/processed/vertebral_rois/patient_119/AP/L3.png,True,D:/LUMOS/processed/vertebral_rois/patient_119/AP/L4.png,True
119,Lateral,D:/LUMOS/processed/preprocessed_images/patient_119/Lateral.png,D:/LUMOS/processed/segmentation/pseudo_labels/patient_119_Lateral_mask.png,True,0.974,0.929,0.928,0.974,0.945,0.997,1.011,1,validation,D:/LUMOS/processed/vertebral_rois/patient_119/Lateral/L1.png,True,D:/LUMOS/processed/vertebral_rois/patient_119/Lateral/L2.png,True,D:/LUMOS/processed/vertebral_rois/patient_119/Lateral/L3.png,True,D:/LUMOS/processed/vertebral_rois/patient_119/Lateral/L4.png,True
120,AP,D:/LUMOS/processed/preprocessed_images/patient_120/AP.png,D:/LUMOS/processed/segmentation/pseudo_labels/patient_120_AP_mask.png,True,0.925,0.916,0.906,0.925,0.872,0.909,0.932,1,test,D:/LUMOS/processed/vertebral_rois/patient_120/AP/L1.png,True,D:/LUMOS/processed/vertebral_rois/patient_120/AP/L2.png,True,D:/LUMOS/processed/vertebral_rois/patient_120/AP/L3.png,True,D:/LUMOS/processed/vertebral_rois/patient_120/AP/L4.png,True
120,Lateral,D:/LUMOS/processed/preprocessed_images/patient_120/Lateral.png,D:/LUMOS/processed/segmentation/pseudo_labels/patient_120_Lateral_mask.png,True,0.925,0.916,0.906,0.925,0.872,0.909,0.932,1,test,D:/LUMOS/processed/vertebral_rois/patient_120/Lateral/L1.png,True,D:/LUMOS/processed/vertebral_rois/patient_120/Lateral/L2.png,True,D:/LUMOS/processed/vertebral_rois/patient_120/Lateral/L3.png,True,D:/LUMOS/processed/vertebral_rois/patient_120/Lateral/L4.png,True
121,AP,D:/LUMOS/processed/preprocessed_images/patient_121/AP.png,D:/LUMOS/processed/segmentation/pseudo_labels/patient_121_AP_mask.png,True,0.922,0.836,0.852,0.922,0.838,0.932,0.993,1,train,D:/LUMOS/processed/vertebral_rois/patient_121/AP/L1.png,True,D:/LUMOS/processed/vertebral_rois/patient_121/AP/L2.png,True,D:/LUMOS/processed/vertebral_rois/patient_121/AP/L3.png,True,D:/LUMOS/processed/vertebral_rois/patient_121/AP/L4.png,False
121,Lateral,D:/LUMOS/processed/preprocessed_images/patient_121/Lateral.png,D:/LUMOS/processed/segmentation/pseudo_labels/patient_121_Lateral_mask.png,True,0.922,0.836,0.852,0.922,0.838,0.932,0.993,1,train,D:/LUMOS/processed/vertebral_rois/patient_121/Lateral/L1.png,True,D:/LUMOS/processed/vertebral_rois/patient_121/Lateral/L2.png,True,D:/LUMOS/processed/vertebral_rois/patient_121/Lateral/L3.png,True,D:/LUMOS/processed/vertebral_rois/patient_121/Lateral/L4.png,True
122,AP,D:/LUMOS/processed/preprocessed_images/patient_122/AP.png,D:/LUMOS/processed/segmentation/pseudo_labels/patient_122_AP_mask.png,True,0.993,0.996,0.992,0.993,0.974,0.982,0.99,1,validation,D:/LUMOS/processed/vertebral_rois/patient_122/AP/L1.png,True,D:/LUMOS/processed/vertebral_rois/patient_122/AP/L2.png,True,D:/LUMOS/processed/vertebral_rois/patient_122/AP/L3.png,True,D:/LUMOS/processed/vertebral_rois/patient_122/AP/L4.png,True
122,Lateral,D:/LUMOS/processed/preprocessed_images/patient_122/Lateral.png,D:/LUMOS/processed/segmentation/pseudo_labels/patient_122_Lateral_mask.png,True,0.993,0.996,0.992,0.993,0.974,0.982,0.99,1,validation,D:/LUMOS/processed/vertebral_rois/patient_122/Lateral/L1.png,True,D:/LUMOS/processed/vertebral_rois/patient_122/Lateral/L2.png,True,D:/LUMOS/processed/vertebral_rois/patient_122/Lateral/L3.png,True,D:/LUMOS/processed/vertebral_rois/patient_122/Lateral/L4.png,True
123,AP,D:/LUMOS/processed/preprocessed_images/patient_123/AP.png,D:/LUMOS/processed/segmentation/pseudo_labels/patient_123_AP_mask.png,True,0.978,0.975,0.979,0.978,0.991,0.985,0.981,1,test,D:/LUMOS/processed/vertebral_rois/patient_123/AP/L1.png,True,D:/LUMOS/processed/vertebral_rois/patient_123/AP/L2.png,True,D:/LUMOS/processed/vertebral_rois/patient_123/AP/L3.png,True,D:/LUMOS/processed/vertebral_rois/patient_123/AP/L4.png,True
123,Lateral,D:/LUMOS/processed/preprocessed_images/patient_123/Lateral.png,D:/LUMOS/processed/segmentation/pseudo_labels/patient_123_Lateral_mask.png,True,0.978,0.975,0.979,0.978,0.991,0.985,0.981,1,test,D:/LUMOS/processed/vertebral_rois/patient_123/Lateral/L1.png,True,D:/LUMOS/processed/vertebral_rois/patient_123/Lateral/L2.png,True,D:/LUMOS/processed/vertebral_rois/patient_123/Lateral/L3.png,True,D:/LUMOS/processed/vertebral_rois/patient_123/Lateral/L4.png,True
124,AP,D:/LUMOS/processed/preprocessed_images/patient_124/AP.png,D:/LUMOS/processed/segmentation/pseudo_labels/patient_124_AP_mask.png,True,1.035,0.959,0.99,1.035,1.028,1.076,1.107,0,train,D:/LUMOS/processed/vertebral_rois/patient_124/AP/L1.png,True,D:/LUMOS/processed/vertebral_rois/patient_124/AP/L2.png,True,D:/LUMOS/processed/vertebral_rois/patient_124/AP/L3.png,True,D:/LUMOS/processed/vertebral_rois/patient_124/AP/L4.png,True
124,Lateral,D:/LUMOS/processed/preprocessed_images/patient_124/Lateral.png,D:/LUMOS/processed/segmentation/pseudo_labels/patient_124_Lateral_mask.png,True,1.035,0.959,0.99,1.035,1.028,1.076,1.107,0,train,D:/LUMOS/processed/vertebral_rois/patient_124/Lateral/L1.png,True,D:/LUMOS/processed/vertebral_rois/patient_124/Lateral/L2.png,True,D:/LUMOS/processed/vertebral_rois/patient_124/Lateral/L3.png,True,D:/LUMOS/processed/vertebral_rois/patient_124/Lateral/L4.png,True
125,AP,D:/LUMOS/processed/preprocessed_images/patient_125/AP.png,D:/LUMOS/processed/segmentation/pseudo_labels/patient_125_AP_mask.png,True,0.834,0.846,0.849,0.834,0.863,0.839,0.825,1,validation,D:/LUMOS/processed/vertebral_rois/patient_125/AP/L1.png,True,D:/LUMOS/processed/vertebral_rois/patient_125/AP/L2.png,True,D:/LUMOS/processed/vertebral_rois/patient_125/AP/L3.png,True,D:/LUMOS/processed/vertebral_rois/patient_125/AP/L4.png,True
125,Lateral,D:/LUMOS/processed/preprocessed_images/patient_125/Lateral.png,D:/LUMOS/processed/segmentation/pseudo_labels/patient_125_Lateral_mask.png,True,0.834,0.846,0.849,0.834,0.863,0.839,0.825,1,validation,D:/LUMOS/processed/vertebral_rois/patient_125/Lateral/L1.png,True,D:/LUMOS/processed/vertebral_rois/patient_125/Lateral/L2.png,True,D:/LUMOS/processed/vertebral_rois/patient_125/Lateral/L3.png,True,D:/LUMOS/processed/vertebral_rois/patient_125/Lateral/L4.png,True
126,AP,D:/LUMOS/processed/preprocessed_images/patient_126/AP.png,D:/LUMOS/processed/segmentation/pseudo_labels/patient_126_AP_mask.png,True,0.675,0.754,0.721,0.675,0.688,0.643,0.617,2,train,D:/LUMOS/processed/vertebral_rois/patient_126/AP/L1.png,True,D:/LUMOS/processed/vertebral_rois/patient_126/AP/L2.png,True,D:/LUMOS/processed/vertebral_rois/patient_126/AP/L3.png,True,D:/LUMOS/processed/vertebral_rois/patient_126/AP/L4.png,False
126,Lateral,D:/LUMOS/processed/preprocessed_images/patient_126/Lateral.png,D:/LUMOS/processed/segmentation/pseudo_labels/patient_126_Lateral_mask.png,True,0.675,0.754,0.721,0.675,0.688,0.643,0.617,2,train,D:/LUMOS/processed/vertebral_rois/patient_126/Lateral/L1.png,True,D:/LUMOS/processed/vertebral_rois/patient_126/Lateral/L2.png,True,D:/LUMOS/processed/vertebral_rois/patient_126/Lateral/L3.png,True,D:/LUMOS/processed/vertebral_rois/patient_126/Lateral/L4.png,False
127,AP,D:/LUMOS/processed/preprocessed_images/patient_127/AP.png,D:/LUMOS/processed/segmentation/pseudo_labels/patient_127_AP_mask.png,True,0.864,0.792,0.824,0.864,0.822,0.874,0.924,1,validation,D:/LUMOS/processed/vertebral_rois/patient_127/AP/L1.png,True,D:/LUMOS/processed/vertebral_rois/patient_127/AP/L2.png,True,D:/LUMOS/processed/vertebral_rois/patient_127/AP/L3.png,True,D:/LUMOS/processed/vertebral_rois/patient_127/AP/L4.png,True
127,Lateral,D:/LUMOS/processed/preprocessed_images/patient_127/Lateral.png,D:/LUMOS/processed/segmentation/pseudo_labels/patient_127_Lateral_mask.png,True,0.864,0.792,0.824,0.864,0.822,0.874,0.924,1,validation,D:/LUMOS/processed/vertebral_rois/patient_127/Lateral/L1.png,True,D:/LUMOS/processed/vertebral_rois/patient_127/Lateral/L2.png,True,D:/LUMOS/processed/vertebral_rois/patient_127/Lateral/L3.png,True,D:/LUMOS/processed/vertebral_rois/patient_127/Lateral/L4.png,True
128,AP,D:/LUMOS/processed/preprocessed_images/patient_128/AP.png,D:/LUMOS/processed/segmentation/pseudo_labels/patient_128_AP_mask.png,True,0.878,0.843,0.84,0.878,0.839,0.887,0.907,1,validation,D:/LUMOS/processed/vertebral_rois/patient_128/AP/L1.png,True,D:/LUMOS/processed/vertebral_rois/patient_128/AP/L2.png,True,D:/LUMOS/processed/vertebral_rois/patient_128/AP/L3.png,True,D:/LUMOS/processed/vertebral_rois/patient_128/AP/L4.png,True
128,Lateral,D:/LUMOS/processed/preprocessed_images/patient_128/Lateral.png,D:/LUMOS/processed/segmentation/pseudo_labels/patient_128_Lateral_mask.png,True,0.878,0.843,0.84,0.878,0.839,0.887,0.907,1,validation,D:/LUMOS/processed/vertebral_rois/patient_128/Lateral/L1.png,True,D:/LUMOS/processed/vertebral_rois/patient_128/Lateral/L2.png,True,D:/LUMOS/processed/vertebral_rois/patient_128/Lateral/L3.png,True,D:/LUMOS/processed/vertebral_rois/patient_128/Lateral/L4.png,True
129,AP,D:/LUMOS/processed/preprocessed_images/patient_129/AP.png,D:/LUMOS/processed/segmentation/pseudo_labels/patient_129_AP_mask.png,True,1.257,1.176,1.228,1.257,1.261,1.285,1.324,0,validation,D:/LUMOS/processed/vertebral_rois/patient_129/AP/L1.png,True,D:/LUMOS/processed/vertebral_rois/patient_129/AP/L2.png,True,D:/LUMOS/processed/vertebral_rois/patient_129/AP/L3.png,True,D:/LUMOS/processed/vertebral_rois/patient_129/AP/L4.png,True
129,Lateral,D:/LUMOS/processed/preprocessed_images/patient_129/Lateral.png,D:/LUMOS/processed/segmentation/pseudo_labels/patient_129_Lateral_mask.png,True,1.257,1.176,1.228,1.257,1.261,1.285,1.324,0,validation,D:/LUMOS/processed/vertebral_rois/patient_129/Lateral/L1.png,True,D:/LUMOS/processed/vertebral_rois/patient_129/Lateral/L2.png,True,D:/LUMOS/processed/vertebral_rois/patient_129/Lateral/L3.png,True,D:/LUMOS/processed/vertebral_rois/patient_129/Lateral/L4.png,True
130,AP,D:/LUMOS/processed/preprocessed_images/patient_130/AP.png,D:/LUMOS/processed/segmentation/pseudo_labels/patient_130_AP_mask.png,True,0.787,0.711,0.747,0.787,0.759,0.804,0.843,2,train,D:/LUMOS/processed/vertebral_rois/patient_130/AP/L1.png,True,D:/LUMOS/processed/vertebral_rois/patient_130/AP/L2.png,True,D:/LUMOS/processed/vertebral_rois/patient_130/AP/L3.png,True,D:/LUMOS/processed/vertebral_rois/patient_130/AP/L4.png,False
130,Lateral,D:/LUMOS/processed/preprocessed_images/patient_130/Lateral.png,D:/LUMOS/processed/segmentation/pseudo_labels/patient_130_Lateral_mask.png,True,0.787,0.711,0.747,0.787,0.759,0.804,0.843,2,train,D:/LUMOS/processed/vertebral_rois/patient_130/Lateral/L1.png,True,D:/LUMOS/processed/vertebral_rois/patient_130/Lateral/L2.png,True,D:/LUMOS/processed/vertebral_rois/patient_130/Lateral/L3.png,True,D:/LUMOS/processed/vertebral_rois/patient_130/Lateral/L4.png,True
131,AP,D:/LUMOS/processed/preprocessed_images/patient_131/AP.png,D:/LUMOS/processed/segmentation/pseudo_labels/patient_131_AP_mask.png,True,0.956,0.888,0.911,0.956,0.92,0.975,1.015,1,train,D:/LUMOS/processed/vertebral_rois/patient_131/AP/L1.png,True,D:/LUMOS/processed/vertebral_rois/patient_131/AP/L2.png,True,D:/LUMOS/processed/vertebral_rois/patient_131/AP/L3.png,True,D:/LUMOS/processed/vertebral_rois/patient_131/AP/L4.png,True
131,Lateral,D:/LUMOS/processed/preprocessed_images/patient_131/Lateral.png,D:/LUMOS/processed/segmentation/pseudo_labels/patient_131_Lateral_mask.png,True,0.956,0.888,0.911,0.956,0.92,0.975,1.015,1,train,D:/LUMOS/processed/vertebral_rois/patient_131/Lateral/L1.png,True,D:/LUMOS/processed/vertebral_rois/patient_131/Lateral/L2.png,True,D:/LUMOS/processed/vertebral_rois/patient_131/Lateral/L3.png,True,D:/LUMOS/processed/vertebral_rois/patient_131/Lateral/L4.png,True
132,AP,D:/LUMOS/processed/preprocessed_images/patient_132/AP.png,D:/LUMOS/processed/segmentation/pseudo_labels/patient_132_AP_mask.png,True,0.831,0.843,0.861,0.831,0.851,0.816,0.822,1,train,D:/LUMOS/processed/vertebral_rois/patient_132/AP/L1.png,True,D:/LUMOS/processed/vertebral_rois/patient_132/AP/L2.png,True,D:/LUMOS/processed/vertebral_rois/patient_132/AP/L3.png,True,D:/LUMOS/processed/vertebral_rois/patient_132/AP/L4.png,True
132,Lateral,D:/LUMOS/processed/preprocessed_images/patient_132/Lateral.png,D:/LUMOS/processed/segmentation/pseudo_labels/patient_132_Lateral_mask.png,True,0.831,0.843,0.861,0.831,0.851,0.816,0.822,1,train,D:/LUMOS/processed/vertebral_rois/patient_132/Lateral/L1.png,True,D:/LUMOS/processed/vertebral_rois/patient_132/Lateral/L2.png,True,D:/LUMOS/processed/vertebral_rois/patient_132/Lateral/L3.png,True,D:/LUMOS/processed/vertebral_rois/patient_132/Lateral/L4.png,True
133,AP,D:/LUMOS/processed/preprocessed_images/patient_133/AP.png,D:/LUMOS/processed/segmentation/pseudo_labels/patient_133_AP_mask.png,True,1.11,1.014,1.083,1.11,1.144,1.157,1.196,0,test,D:/LUMOS/processed/vertebral_rois/patient_133/AP/L1.png,True,D:/LUMOS/processed/vertebral_rois/patient_133/AP/L2.png,True,D:/LUMOS/processed/vertebral_rois/patient_133/AP/L3.png,True,D:/LUMOS/processed/vertebral_rois/patient_133/AP/L4.png,True
133,Lateral,D:/LUMOS/processed/preprocessed_images/patient_133/Lateral.png,D:/LUMOS/processed/segmentation/pseudo_labels/patient_133_Lateral_mask.png,True,1.11,1.014,1.083,1.11,1.144,1.157,1.196,0,test,D:/LUMOS/processed/vertebral_rois/patient_133/Lateral/L1.png,True,D:/LUMOS/processed/vertebral_rois/patient_133/Lateral/L2.png,True,D:/LUMOS/processed/vertebral_rois/patient_133/Lateral/L3.png,True,D:/LUMOS/processed/vertebral_rois/patient_133/Lateral/L4.png,True
134,AP,D:/LUMOS/processed/preprocessed_images/patient_134/AP.png,D:/LUMOS/processed/segmentation/pseudo_labels/patient_134_AP_mask.png,True,1.058,0.918,0.991,1.058,1.031,1.1,1.167,0,train,D:/LUMOS/processed/vertebral_rois/patient_134/AP/L1.png,True,D:/LUMOS/processed/vertebral_rois/patient_134/AP/L2.png,True,D:/LUMOS/processed/vertebral_rois/patient_134/AP/L3.png,True,D:/LUMOS/processed/vertebral_rois/patient_134/AP/L4.png,True
134,Lateral,D:/LUMOS/processed/preprocessed_images/patient_134/Lateral.png,D:/LUMOS/processed/segmentation/pseudo_labels/patient_134_Lateral_mask.png,True,1.058,0.918,0.991,1.058,1.031,1.1,1.167,0,train,D:/LUMOS/processed/vertebral_rois/patient_134/Lateral/L1.png,True,D:/LUMOS/processed/vertebral_rois/patient_134/Lateral/L2.png,True,D:/LUMOS/processed/vertebral_rois/patient_134/Lateral/L3.png,True,D:/LUMOS/processed/vertebral_rois/patient_134/Lateral/L4.png,True
135,AP,D:/LUMOS/processed/preprocessed_images/patient_135/AP.png,D:/LUMOS/processed/segmentation/pseudo_labels/patient_135_AP_mask.png,True,1.056,1.088,1.057,1.056,1.049,1.051,1.029,0,train,D:/LUMOS/processed/vertebral_rois/patient_135/AP/L1.png,True,D:/LUMOS/processed/vertebral_rois/patient_135/AP/L2.png,True,D:/LUMOS/processed/vertebral_rois/patient_135/AP/L3.png,True,D:/LUMOS/processed/vertebral_rois/patient_135/AP/L4.png,True
135,Lateral,D:/LUMOS/processed/preprocessed_images/patient_135/Lateral.png,D:/LUMOS/processed/segmentation/pseudo_labels/patient_135_Lateral_mask.png,True,1.056,1.088,1.057,1.056,1.049,1.051,1.029,0,train,D:/LUMOS/processed/vertebral_rois/patient_135/Lateral/L1.png,True,D:/LUMOS/processed/vertebral_rois/patient_135/Lateral/L2.png,True,D:/LUMOS/processed/vertebral_rois/patient_135/Lateral/L3.png,True,D:/LUMOS/processed/vertebral_rois/patient_135/Lateral/L4.png,True
136,AP,D:/LUMOS/processed/preprocessed_images/patient_136/AP.png,D:/LUMOS/processed/segmentation/pseudo_labels/patient_136_AP_mask.png,True,0.947,0.945,0.966,0.947,0.992,0.959,0.948,1,train,D:/LUMOS/processed/vertebral_rois/patient_136/AP/L1.png,True,D:/LUMOS/processed/vertebral_rois/patient_136/AP/L2.png,True,D:/LUMOS/processed/vertebral_rois/patient_136/AP/L3.png,True,D:/LUMOS/processed/vertebral_rois/patient_136/AP/L4.png,True
136,Lateral,D:/LUMOS/processed/preprocessed_images/patient_136/Lateral.png,D:/LUMOS/processed/segmentation/pseudo_labels/patient_136_Lateral_mask.png,True,0.947,0.945,0.966,0.947,0.992,0.959,0.948,1,train,D:/LUMOS/processed/vertebral_rois/patient_136/Lateral/L1.png,True,D:/LUMOS/processed/vertebral_rois/patient_136/Lateral/L2.png,True,D:/LUMOS/processed/vertebral_rois/patient_136/Lateral/L3.png,True,D:/LUMOS/processed/vertebral_rois/patient_136/Lateral/L4.png,True
137,AP,D:/LUMOS/processed/preprocessed_images/patient_137/AP.png,D:/LUMOS/processed/segmentation/pseudo_labels/patient_137_AP_mask.png,True,1.118,1.093,1.105,1.118,1.109,1.124,1.139,0,train,D:/LUMOS/processed/vertebral_rois/patient_137/AP/L1.png,True,D:/LUMOS/processed/vertebral_rois/patient_137/AP/L2.png,True,D:/LUMOS/processed/vertebral_rois/patient_137/AP/L3.png,True,D:/LUMOS/processed/vertebral_rois/patient_137/AP/L4.png,True
137,Lateral,D:/LUMOS/processed/preprocessed_images/patient_137/Lateral.png,D:/LUMOS/processed/segmentation/pseudo_labels/patient_137_Lateral_mask.png,True,1.118,1.093,1.105,1.118,1.109,1.124,1.139,0,train,D:/LUMOS/processed/vertebral_rois/patient_137/Lateral/L1.png,True,D:/LUMOS/processed/vertebral_rois/patient_137/Lateral/L2.png,True,D:/LUMOS/processed/vertebral_rois/patient_137/Lateral/L3.png,True,D:/LUMOS/processed/vertebral_rois/patient_137/Lateral/L4.png,True
138,AP,D:/LUMOS/processed/preprocessed_images/patient_138/AP.png,D:/LUMOS/processed/segmentation/pseudo_labels/patient_138_AP_mask.png,True,0.804,0.931,0.839,0.804,0.805,0.77,0.677,2,train,D:/LUMOS/processed/vertebral_rois/patient_138/AP/L1.png,True,D:/LUMOS/processed/vertebral_rois/patient_138/AP/L2.png,True,D:/LUMOS/processed/vertebral_rois/patient_138/AP/L3.png,True,D:/LUMOS/processed/vertebral_rois/patient_138/AP/L4.png,True
138,Lateral,D:/LUMOS/processed/preprocessed_images/patient_138/Lateral.png,D:/LUMOS/processed/segmentation/pseudo_labels/patient_138_Lateral_mask.png,True,0.804,0.931,0.839,0.804,0.805,0.77,0.677,2,train,D:/LUMOS/processed/vertebral_rois/patient_138/Lateral/L1.png,True,D:/LUMOS/processed/vertebral_rois/patient_138/Lateral/L2.png,True,D:/LUMOS/processed/vertebral_rois/patient_138/Lateral/L3.png,True,D:/LUMOS/processed/vertebral_rois/patient_138/Lateral/L4.png,True
139,AP,D:/LUMOS/processed/preprocessed_images/patient_139/AP.png,D:/LUMOS/processed/segmentation/pseudo_labels/patient_139_AP_mask.png,True,1.103,0.964,1.026,1.103,1.078,1.157,1.211,0,train,D:/LUMOS/processed/vertebral_rois/patient_139/AP/L1.png,True,D:/LUMOS/processed/vertebral_rois/patient_139/AP/L2.png,True,D:/LUMOS/processed/vertebral_rois/patient_139/AP/L3.png,True,D:/LUMOS/processed/vertebral_rois/patient_139/AP/L4.png,True
139,Lateral,D:/LUMOS/processed/preprocessed_images/patient_139/Lateral.png,D:/LUMOS/processed/segmentation/pseudo_labels/patient_139_Lateral_mask.png,True,1.103,0.964,1.026,1.103,1.078,1.157,1.211,0,train,D:/LUMOS/processed/vertebral_rois/patient_139/Lateral/L1.png,True,D:/LUMOS/processed/vertebral_rois/patient_139/Lateral/L2.png,True,D:/LUMOS/processed/vertebral_rois/patient_139/Lateral/L3.png,True,D:/LUMOS/processed/vertebral_rois/patient_139/Lateral/L4.png,True
140,AP,D:/LUMOS/processed/preprocessed_images/patient_140/AP.png,D:/LUMOS/processed/segmentation/pseudo_labels/patient_140_AP_mask.png,True,0.786,0.702,0.753,0.786,0.77,0.805,0.85,2,train,D:/LUMOS/processed/vertebral_rois/patient_140/AP/L1.png,True,D:/LUMOS/processed/vertebral_rois/patient_140/AP/L2.png,True,D:/LUMOS/processed/vertebral_rois/patient_140/AP/L3.png,True,D:/LUMOS/processed/vertebral_rois/patient_140/AP/L4.png,True
140,Lateral,D:/LUMOS/processed/preprocessed_images/patient_140/Lateral.png,D:/LUMOS/processed/segmentation/pseudo_labels/patient_140_Lateral_mask.png,True,0.786,0.702,0.753,0.786,0.77,0.805,0.85,2,train,D:/LUMOS/processed/vertebral_rois/patient_140/Lateral/L1.png,True,D:/LUMOS/processed/vertebral_rois/patient_140/Lateral/L2.png,True,D:/LUMOS/processed/vertebral_rois/patient_140/Lateral/L3.png,True,D:/LUMOS/processed/vertebral_rois/patient_140/Lateral/L4.png,True
141,AP,D:/LUMOS/processed/preprocessed_images/patient_141/AP.png,D:/LUMOS/processed/segmentation/pseudo_labels/patient_141_AP_mask.png,True,0.781,0.746,0.773,0.781,0.8,0.799,0.81,2,train,D:/LUMOS/processed/vertebral_rois/patient_141/AP/L1.png,True,D:/LUMOS/processed/vertebral_rois/patient_141/AP/L2.png,True,D:/LUMOS/processed/vertebral_rois/patient_141/AP/L3.png,True,D:/LUMOS/processed/vertebral_rois/patient_141/AP/L4.png,True
141,Lateral,D:/LUMOS/processed/preprocessed_images/patient_141/Lateral.png,D:/LUMOS/processed/segmentation/pseudo_labels/patient_141_Lateral_mask.png,True,0.781,0.746,0.773,0.781,0.8,0.799,0.81,2,train,D:/LUMOS/processed/vertebral_rois/patient_141/Lateral/L1.png,True,D:/LUMOS/processed/vertebral_rois/patient_141/Lateral/L2.png,True,D:/LUMOS/processed/vertebral_rois/patient_141/Lateral/L3.png,True,D:/LUMOS/processed/vertebral_rois/patient_141/Lateral/L4.png,True
142,AP,D:/LUMOS/processed/preprocessed_images/patient_142/AP.png,D:/LUMOS/processed/segmentation/pseudo_labels/patient_142_AP_mask.png,True,0.663,0.642,0.644,0.663,0.684,0.695,0.68,2,train,D:/LUMOS/processed/vertebral_rois/patient_142/AP/L1.png,True,D:/LUMOS/processed/vertebral_rois/patient_142/AP/L2.png,True,D:/LUMOS/processed/vertebral_rois/patient_142/AP/L3.png,True,D:/LUMOS/processed/vertebral_rois/patient_142/AP/L4.png,True
142,Lateral,D:/LUMOS/processed/preprocessed_images/patient_142/Lateral.png,D:/LUMOS/processed/segmentation/pseudo_labels/patient_142_Lateral_mask.png,True,0.663,0.642,0.644,0.663,0.684,0.695,0.68,2,train,D:/LUMOS/processed/vertebral_rois/patient_142/Lateral/L1.png,True,D:/LUMOS/processed/vertebral_rois/patient_142/Lateral/L2.png,True,D:/LUMOS/processed/vertebral_rois/patient_142/Lateral/L3.png,True,D:/LUMOS/processed/vertebral_rois/patient_142/Lateral/L4.png,True
143,AP,D:/LUMOS/processed/preprocessed_images/patient_143/AP.png,D:/LUMOS/processed/segmentation/pseudo_labels/patient_143_AP_mask.png,True,0.906,0.827,0.86,0.906,0.883,0.933,0.969,1,validation,D:/LUMOS/processed/vertebral_rois/patient_143/AP/L1.png,True,D:/LUMOS/processed/vertebral_rois/patient_143/AP/L2.png,True,D:/LUMOS/processed/vertebral_rois/patient_143/AP/L3.png,True,D:/LUMOS/processed/vertebral_rois/patient_143/AP/L4.png,True
143,Lateral,D:/LUMOS/processed/preprocessed_images/patient_143/Lateral.png,D:/LUMOS/processed/segmentation/pseudo_labels/patient_143_Lateral_mask.png,True,0.906,0.827,0.86,0.906,0.883,0.933,0.969,1,validation,D:/LUMOS/processed/vertebral_rois/patient_143/Lateral/L1.png,True,D:/LUMOS/processed/vertebral_rois/patient_143/Lateral/L2.png,True,D:/LUMOS/processed/vertebral_rois/patient_143/Lateral/L3.png,False,D:/LUMOS/processed/vertebral_rois/patient_143/Lateral/L4.png,True
144,AP,D:/LUMOS/processed/preprocessed_images/patient_144/AP.png,D:/LUMOS/processed/segmentation/pseudo_labels/patient_144_AP_mask.png,True,0.682638456751711,0.672,0.671,0.682,0.666,0.682,0.69,2,test,D:/LUMOS/processed/vertebral_rois/patient_144/AP/L1.png,True,D:/LUMOS/processed/vertebral_rois/patient_144/AP/L2.png,True,D:/LUMOS/processed/vertebral_rois/patient_144/AP/L3.png,True,D:/LUMOS/processed/vertebral_rois/patient_144/AP/L4.png,True
144,Lateral,D:/LUMOS/processed/preprocessed_images/patient_144/Lateral.png,D:/LUMOS/processed/segmentation/pseudo_labels/patient_144_Lateral_mask.png,True,0.682638456751711,0.672,0.671,0.682,0.666,0.682,0.69,2,test,D:/LUMOS/processed/vertebral_rois/patient_144/Lateral/L1.png,True,D:/LUMOS/processed/vertebral_rois/patient_144/Lateral/L2.png,True,D:/LUMOS/processed/vertebral_rois/patient_144/Lateral/L3.png,True,D:/LUMOS/processed/vertebral_rois/patient_144/Lateral/L4.png,True
145,AP,D:/LUMOS/processed/preprocessed_images/patient_145/AP.png,D:/LUMOS/processed/segmentation/pseudo_labels/patient_145_AP_mask.png,True,1.169,1.061,1.115,1.169,1.144,1.204,1.263,0,train,D:/LUMOS/processed/vertebral_rois/patient_145/AP/L1.png,True,D:/LUMOS/processed/vertebral_rois/patient_145/AP/L2.png,True,D:/LUMOS/processed/vertebral_rois/patient_145/AP/L3.png,True,D:/LUMOS/processed/vertebral_rois/patient_145/AP/L4.png,True
145,Lateral,D:/LUMOS/processed/preprocessed_images/patient_145/Lateral.png,D:/LUMOS/processed/segmentation/pseudo_labels/patient_145_Lateral_mask.png,True,1.169,1.061,1.115,1.169,1.144,1.204,1.263,0,train,D:/LUMOS/processed/vertebral_rois/patient_145/Lateral/L1.png,True,D:/LUMOS/processed/vertebral_rois/patient_145/Lateral/L2.png,True,D:/LUMOS/processed/vertebral_rois/patient_145/Lateral/L3.png,True,D:/LUMOS/processed/vertebral_rois/patient_145/Lateral/L4.png,True
146,AP,D:/LUMOS/processed/preprocessed_images/patient_146/AP.png,D:/LUMOS/processed/segmentation/pseudo_labels/patient_146_AP_mask.png,True,1.06,1.042,1.061,1.059,1.085,1.073,1.072,0,train,D:/LUMOS/processed/vertebral_rois/patient_146/AP/L1.png,True,D:/LUMOS/processed/vertebral_rois/patient_146/AP/L2.png,True,D:/LUMOS/processed/vertebral_rois/patient_146/AP/L3.png,True,D:/LUMOS/processed/vertebral_rois/patient_146/AP/L4.png,True
146,Lateral,D:/LUMOS/processed/preprocessed_images/patient_146/Lateral.png,D:/LUMOS/processed/segmentation/pseudo_labels/patient_146_Lateral_mask.png,True,1.06,1.042,1.061,1.059,1.085,1.073,1.072,0,train,D:/LUMOS/processed/vertebral_rois/patient_146/Lateral/L1.png,True,D:/LUMOS/processed/vertebral_rois/patient_146/Lateral/L2.png,True,D:/LUMOS/processed/vertebral_rois/patient_146/Lateral/L3.png,True,D:/LUMOS/processed/vertebral_rois/patient_146/Lateral/L4.png,True
147,AP,D:/LUMOS/processed/preprocessed_images/patient_147/AP.png,D:/LUMOS/processed/segmentation/pseudo_labels/patient_147_AP_mask.png,True,1.17052860246198,1.102,1.156,1.171,1.19,1.196,1.225,0,train,D:/LUMOS/processed/vertebral_rois/patient_147/AP/L1.png,True,D:/LUMOS/processed/vertebral_rois/patient_147/AP/L2.png,True,D:/LUMOS/processed/vertebral_rois/patient_147/AP/L3.png,True,D:/LUMOS/processed/vertebral_rois/patient_147/AP/L4.png,True
147,Lateral,D:/LUMOS/processed/preprocessed_images/patient_147/Lateral.png,D:/LUMOS/processed/segmentation/pseudo_labels/patient_147_Lateral_mask.png,True,1.17052860246198,1.102,1.156,1.171,1.19,1.196,1.225,0,train,D:/LUMOS/processed/vertebral_rois/patient_147/Lateral/L1.png,True,D:/LUMOS/processed/vertebral_rois/patient_147/Lateral/L2.png,True,D:/LUMOS/processed/vertebral_rois/patient_147/Lateral/L3.png,True,D:/LUMOS/processed/vertebral_rois/patient_147/Lateral/L4.png,True
148,AP,D:/LUMOS/processed/preprocessed_images/patient_148/AP.png,D:/LUMOS/processed/segmentation/pseudo_labels/patient_148_AP_mask.png,True,1.144,0.899,0.972,1.144,1.029,1.226,1.335,0,train,D:/LUMOS/processed/vertebral_rois/patient_148/AP/L1.png,True,D:/LUMOS/processed/vertebral_rois/patient_148/AP/L2.png,True,D:/LUMOS/processed/vertebral_rois/patient_148/AP/L3.png,False,D:/LUMOS/processed/vertebral_rois/patient_148/AP/L4.png,True
148,Lateral,D:/LUMOS/processed/preprocessed_images/patient_148/Lateral.png,D:/LUMOS/processed/segmentation/pseudo_labels/patient_148_Lateral_mask.png,True,1.144,0.899,0.972,1.144,1.029,1.226,1.335,0,train,D:/LUMOS/processed/vertebral_rois/patient_148/Lateral/L1.png,True,D:/LUMOS/processed/vertebral_rois/patient_148/Lateral/L2.png,True,D:/LUMOS/processed/vertebral_rois/patient_148/Lateral/L3.png,True,D:/LUMOS/processed/vertebral_rois/patient_148/Lateral/L4.png,True
149,AP,D:/LUMOS/processed/preprocessed_images/patient_149/AP.png,D:/LUMOS/processed/segmentation/pseudo_labels/patient_149_AP_mask.png,True,0.844618907425581,0.745,0.8,0.845,0.821,0.87,0.925,1,train,D:/LUMOS/processed/vertebral_rois/patient_149/AP/L1.png,True,D:/LUMOS/processed/vertebral_rois/patient_149/AP/L2.png,False,D:/LUMOS/processed/vertebral_rois/patient_149/AP/L3.png,False,D:/LUMOS/processed/vertebral_rois/patient_149/AP/L4.png,True
149,Lateral,D:/LUMOS/processed/preprocessed_images/patient_149/Lateral.png,D:/LUMOS/processed/segmentation/pseudo_labels/patient_149_Lateral_mask.png,True,0.844618907425581,0.745,0.8,0.845,0.821,0.87,0.925,1,train,D:/LUMOS/processed/vertebral_rois/patient_149/Lateral/L1.png,True,D:/LUMOS/processed/vertebral_rois/patient_149/Lateral/L2.png,True,D:/LUMOS/processed/vertebral_rois/patient_149/Lateral/L3.png,True,D:/LUMOS/processed/vertebral_rois/patient_149/Lateral/L4.png,True
150,AP,D:/LUMOS/processed/preprocessed_images/patient_150/AP.png,D:/LUMOS/processed/segmentation/pseudo_labels/patient_150_AP_mask.png,True,0.72,0.742,0.705,0.72,0.665,0.7,0.701,2,train,D:/LUMOS/processed/vertebral_rois/patient_150/AP/L1.png,True,D:/LUMOS/processed/vertebral_rois/patient_150/AP/L2.png,True,D:/LUMOS/processed/vertebral_rois/patient_150/AP/L3.png,True,D:/LUMOS/processed/vertebral_rois/patient_150/AP/L4.png,True
150,Lateral,D:/LUMOS/processed/preprocessed_images/patient_150/Lateral.png,D:/LUMOS/processed/segmentation/pseudo_labels/patient_150_Lateral_mask.png,True,0.72,0.742,0.705,0.72,0.665,0.7,0.701,2,train,D:/LUMOS/processed/vertebral_rois/patient_150/Lateral/L1.png,True,D:/LUMOS/processed/vertebral_rois/patient_150/Lateral/L2.png,True,D:/LUMOS/processed/vertebral_rois/patient_150/Lateral/L3.png,True,D:/LUMOS/processed/vertebral_rois/patient_150/Lateral/L4.png,True
151,AP,D:/LUMOS/processed/preprocessed_images/patient_151/AP.png,D:/LUMOS/processed/segmentation/pseudo_labels/patient_151_AP_mask.png,True,0.998,0.89,0.936,0.998,0.971,1.036,1.084,0,train,D:/LUMOS/processed/vertebral_rois/patient_151/AP/L1.png,True,D:/LUMOS/processed/vertebral_rois/patient_151/AP/L2.png,True,D:/LUMOS/processed/vertebral_rois/patient_151/AP/L3.png,True,D:/LUMOS/processed/vertebral_rois/patient_151/AP/L4.png,True
151,Lateral,D:/LUMOS/processed/preprocessed_images/patient_151/Lateral.png,D:/LUMOS/processed/segmentation/pseudo_labels/patient_151_Lateral_mask.png,True,0.998,0.89,0.936,0.998,0.971,1.036,1.084,0,train,D:/LUMOS/processed/vertebral_rois/patient_151/Lateral/L1.png,True,D:/LUMOS/processed/vertebral_rois/patient_151/Lateral/L2.png,True,D:/LUMOS/processed/vertebral_rois/patient_151/Lateral/L3.png,True,D:/LUMOS/processed/vertebral_rois/patient_151/Lateral/L4.png,True
152,AP,D:/LUMOS/processed/preprocessed_images/patient_152/AP.png,D:/LUMOS/processed/segmentation/pseudo_labels/patient_152_AP_mask.png,True,1.127,1.086,1.09,1.127,1.111,1.15,1.162,0,train,D:/LUMOS/processed/vertebral_rois/patient_152/AP/L1.png,True,D:/LUMOS/processed/vertebral_rois/patient_152/AP/L2.png,True,D:/LUMOS/processed/vertebral_rois/patient_152/AP/L3.png,True,D:/LUMOS/processed/vertebral_rois/patient_152/AP/L4.png,True
152,Lateral,D:/LUMOS/processed/preprocessed_images/patient_152/Lateral.png,D:/LUMOS/processed/segmentation/pseudo_labels/patient_152_Lateral_mask.png,True,1.127,1.086,1.09,1.127,1.111,1.15,1.162,0,train,D:/LUMOS/processed/vertebral_rois/patient_152/Lateral/L1.png,True,D:/LUMOS/processed/vertebral_rois/patient_152/Lateral/L2.png,True,D:/LUMOS/processed/vertebral_rois/patient_152/Lateral/L3.png,True,D:/LUMOS/processed/vertebral_rois/patient_152/Lateral/L4.png,True
153,AP,D:/LUMOS/processed/preprocessed_images/patient_153/AP.png,D:/LUMOS/processed/segmentation/pseudo_labels/patient_153_AP_mask.png,True,1.00996828273675,0.938,0.983,1.01,1.019,1.039,1.066,0,train,D:/LUMOS/processed/vertebral_rois/patient_153/AP/L1.png,True,D:/LUMOS/processed/vertebral_rois/patient_153/AP/L2.png,True,D:/LUMOS/processed/vertebral_rois/patient_153/AP/L3.png,True,D:/LUMOS/processed/vertebral_rois/patient_153/AP/L4.png,True
153,Lateral,D:/LUMOS/processed/preprocessed_images/patient_153/Lateral.png,D:/LUMOS/processed/segmentation/pseudo_labels/patient_153_Lateral_mask.png,True,1.00996828273675,0.938,0.983,1.01,1.019,1.039,1.066,0,train,D:/LUMOS/processed/vertebral_rois/patient_153/Lateral/L1.png,True,D:/LUMOS/processed/vertebral_rois/patient_153/Lateral/L2.png,True,D:/LUMOS/processed/vertebral_rois/patient_153/Lateral/L3.png,True,D:/LUMOS/processed/vertebral_rois/patient_153/Lateral/L4.png,True
154,AP,D:/LUMOS/processed/preprocessed_images/patient_154/AP.png,D:/LUMOS/processed/segmentation/pseudo_labels/patient_154_AP_mask.png,True,0.951,0.855,0.9,0.951,0.942,0.992,1.031,1,train,D:/LUMOS/processed/vertebral_rois/patient_154/AP/L1.png,True,D:/LUMOS/processed/vertebral_rois/patient_154/AP/L2.png,True,D:/LUMOS/processed/vertebral_rois/patient_154/AP/L3.png,True,D:/LUMOS/processed/vertebral_rois/patient_154/AP/L4.png,True
154,Lateral,D:/LUMOS/processed/preprocessed_images/patient_154/Lateral.png,D:/LUMOS/processed/segmentation/pseudo_labels/patient_154_Lateral_mask.png,True,0.951,0.855,0.9,0.951,0.942,0.992,1.031,1,train,D:/LUMOS/processed/vertebral_rois/patient_154/Lateral/L1.png,True,D:/LUMOS/processed/vertebral_rois/patient_154/Lateral/L2.png,True,D:/LUMOS/processed/vertebral_rois/patient_154/Lateral/L3.png,True,D:/LUMOS/processed/vertebral_rois/patient_154/Lateral/L4.png,True
155,AP,D:/LUMOS/processed/preprocessed_images/patient_155/AP.png,D:/LUMOS/processed/segmentation/pseudo_labels/patient_155_AP_mask.png,True,0.809,0.786,0.82,0.809,0.831,0.814,0.826,2,train,D:/LUMOS/processed/vertebral_rois/patient_155/AP/L1.png,True,D:/LUMOS/processed/vertebral_rois/patient_155/AP/L2.png,True,D:/LUMOS/processed/vertebral_rois/patient_155/AP/L3.png,True,D:/LUMOS/processed/vertebral_rois/patient_155/AP/L4.png,True
155,Lateral,D:/LUMOS/processed/preprocessed_images/patient_155/Lateral.png,D:/LUMOS/processed/segmentation/pseudo_labels/patient_155_Lateral_mask.png,True,0.809,0.786,0.82,0.809,0.831,0.814,0.826,2,train,D:/LUMOS/processed/vertebral_rois/patient_155/Lateral/L1.png,True,D:/LUMOS/processed/vertebral_rois/patient_155/Lateral/L2.png,True,D:/LUMOS/processed/vertebral_rois/patient_155/Lateral/L3.png,True,D:/LUMOS/processed/vertebral_rois/patient_155/Lateral/L4.png,True
156,AP,D:/LUMOS/processed/preprocessed_images/patient_156/AP.png,D:/LUMOS/processed/segmentation/pseudo_labels/patient_156_AP_mask.png,True,1.058,0.971,1.032,1.058,1.074,1.091,1.126,0,test,D:/LUMOS/processed/vertebral_rois/patient_156/AP/L1.png,True,D:/LUMOS/processed/vertebral_rois/patient_156/AP/L2.png,True,D:/LUMOS/processed/vertebral_rois/patient_156/AP/L3.png,True,D:/LUMOS/processed/vertebral_rois/patient_156/AP/L4.png,True
156,Lateral,D:/LUMOS/processed/preprocessed_images/patient_156/Lateral.png,D:/LUMOS/processed/segmentation/pseudo_labels/patient_156_Lateral_mask.png,True,1.058,0.971,1.032,1.058,1.074,1.091,1.126,0,test,D:/LUMOS/processed/vertebral_rois/patient_156/Lateral/L1.png,True,D:/LUMOS/processed/vertebral_rois/patient_156/Lateral/L2.png,True,D:/LUMOS/processed/vertebral_rois/patient_156/Lateral/L3.png,True,D:/LUMOS/processed/vertebral_rois/patient_156/Lateral/L4.png,True
157,AP,D:/LUMOS/processed/preprocessed_images/patient_157/AP.png,D:/LUMOS/processed/segmentation/pseudo_labels/patient_157_AP_mask.png,True,0.75,0.811,0.768,0.75,0.763,0.743,0.702,2,validation,D:/LUMOS/processed/vertebral_rois/patient_157/AP/L1.png,True,D:/LUMOS/processed/vertebral_rois/patient_157/AP/L2.png,False,D:/LUMOS/processed/vertebral_rois/patient_157/AP/L3.png,True,D:/LUMOS/processed/vertebral_rois/patient_157/AP/L4.png,True
157,Lateral,D:/LUMOS/processed/preprocessed_images/patient_157/Lateral.png,D:/LUMOS/processed/segmentation/pseudo_labels/patient_157_Lateral_mask.png,True,0.75,0.811,0.768,0.75,0.763,0.743,0.702,2,validation,D:/LUMOS/processed/vertebral_rois/patient_157/Lateral/L1.png,True,D:/LUMOS/processed/vertebral_rois/patient_157/Lateral/L2.png,True,D:/LUMOS/processed/vertebral_rois/patient_157/Lateral/L3.png,True,D:/LUMOS/processed/vertebral_rois/patient_157/Lateral/L4.png,True
158,AP,D:/LUMOS/processed/preprocessed_images/patient_158/AP.png,D:/LUMOS/processed/segmentation/pseudo_labels/patient_158_AP_mask.png,True,0.95,0.914,0.938,0.95,0.965,0.97,0.978,1,test,D:/LUMOS/processed/vertebral_rois/patient_158/AP/L1.png,True,D:/LUMOS/processed/vertebral_rois/patient_158/AP/L2.png,True,D:/LUMOS/processed/vertebral_rois/patient_158/AP/L3.png,True,D:/LUMOS/processed/vertebral_rois/patient_158/AP/L4.png,True
158,Lateral,D:/LUMOS/processed/preprocessed_images/patient_158/Lateral.png,D:/LUMOS/processed/segmentation/pseudo_labels/patient_158_Lateral_mask.png,True,0.95,0.914,0.938,0.95,0.965,0.97,0.978,1,test,D:/LUMOS/processed/vertebral_rois/patient_158/Lateral/L1.png,True,D:/LUMOS/processed/vertebral_rois/patient_158/Lateral/L2.png,True,D:/LUMOS/processed/vertebral_rois/patient_158/Lateral/L3.png,True,D:/LUMOS/processed/vertebral_rois/patient_158/Lateral/L4.png,True
159,AP,D:/LUMOS/processed/preprocessed_images/patient_159/AP.png,D:/LUMOS/processed/segmentation/pseudo_labels/patient_159_AP_mask.png,True,0.875,0.81,0.871,0.875,0.873,0.878,0.932,1,train,D:/LUMOS/processed/vertebral_rois/patient_159/AP/L1.png,True,D:/LUMOS/processed/vertebral_rois/patient_159/AP/L2.png,True,D:/LUMOS/processed/vertebral_rois/patient_159/AP/L3.png,True,D:/LUMOS/processed/vertebral_rois/patient_159/AP/L4.png,True
159,Lateral,D:/LUMOS/processed/preprocessed_images/patient_159/Lateral.png,D:/LUMOS/processed/segmentation/pseudo_labels/patient_159_Lateral_mask.png,True,0.875,0.81,0.871,0.875,0.873,0.878,0.932,1,train,D:/LUMOS/processed/vertebral_rois/patient_159/Lateral/L1.png,True,D:/LUMOS/processed/vertebral_rois/patient_159/Lateral/L2.png,True,D:/LUMOS/processed/vertebral_rois/patient_159/Lateral/L3.png,True,D:/LUMOS/processed/vertebral_rois/patient_159/Lateral/L4.png,True
160,AP,D:/LUMOS/processed/preprocessed_images/patient_160/AP.png,D:/LUMOS/processed/segmentation/pseudo_labels/patient_160_AP_mask.png,True,0.623,0.577,0.587,0.623,0.598,0.64,0.663,2,train,D:/LUMOS/processed/vertebral_rois/patient_160/AP/L1.png,True,D:/LUMOS/processed/vertebral_rois/patient_160/AP/L2.png,True,D:/LUMOS/processed/vertebral_rois/patient_160/AP/L3.png,True,D:/LUMOS/processed/vertebral_rois/patient_160/AP/L4.png,True
160,Lateral,D:/LUMOS/processed/preprocessed_images/patient_160/Lateral.png,D:/LUMOS/processed/segmentation/pseudo_labels/patient_160_Lateral_mask.png,True,0.623,0.577,0.587,0.623,0.598,0.64,0.663,2,train,D:/LUMOS/processed/vertebral_rois/patient_160/Lateral/L1.png,True,D:/LUMOS/processed/vertebral_rois/patient_160/Lateral/L2.png,True,D:/LUMOS/processed/vertebral_rois/patient_160/Lateral/L3.png,True,D:/LUMOS/processed/vertebral_rois/patient_160/Lateral/L4.png,True
161,AP,D:/LUMOS/processed/preprocessed_images/patient_161/AP.png,D:/LUMOS/processed/segmentation/pseudo_labels/patient_161_AP_mask.png,True,0.919091847,0.879,0.916,0.919,0.935,0.931,0.949,1,train,D:/LUMOS/processed/vertebral_rois/patient_161/AP/L1.png,True,D:/LUMOS/processed/vertebral_rois/patient_161/AP/L2.png,True,D:/LUMOS/processed/vertebral_rois/patient_161/AP/L3.png,True,D:/LUMOS/processed/vertebral_rois/patient_161/AP/L4.png,True
161,Lateral,D:/LUMOS/processed/preprocessed_images/patient_161/Lateral.png,D:/LUMOS/processed/segmentation/pseudo_labels/patient_161_Lateral_mask.png,True,0.919091847,0.879,0.916,0.919,0.935,0.931,0.949,1,train,D:/LUMOS/processed/vertebral_rois/patient_161/Lateral/L1.png,True,D:/LUMOS/processed/vertebral_rois/patient_161/Lateral/L2.png,True,D:/LUMOS/processed/vertebral_rois/patient_161/Lateral/L3.png,True,D:/LUMOS/processed/vertebral_rois/patient_161/Lateral/L4.png,False
162,AP,D:/LUMOS/processed/preprocessed_images/patient_162/AP.png,D:/LUMOS/processed/segmentation/pseudo_labels/patient_162_AP_mask.png,True,1.558,1.458,1.51,1.558,1.575,1.614,1.636,0,test,D:/LUMOS/processed/vertebral_rois/patient_162/AP/L1.png,True,D:/LUMOS/processed/vertebral_rois/patient_162/AP/L2.png,True,D:/LUMOS/processed/vertebral_rois/patient_162/AP/L3.png,True,D:/LUMOS/processed/vertebral_rois/patient_162/AP/L4.png,True
162,Lateral,D:/LUMOS/processed/preprocessed_images/patient_162/Lateral.png,D:/LUMOS/processed/segmentation/pseudo_labels/patient_162_Lateral_mask.png,True,1.558,1.458,1.51,1.558,1.575,1.614,1.636,0,test,D:/LUMOS/processed/vertebral_rois/patient_162/Lateral/L1.png,True,D:/LUMOS/processed/vertebral_rois/patient_162/Lateral/L2.png,True,D:/LUMOS/processed/vertebral_rois/patient_162/Lateral/L3.png,True,D:/LUMOS/processed/vertebral_rois/patient_162/Lateral/L4.png,True
163,AP,D:/LUMOS/processed/preprocessed_images/patient_163/AP.png,D:/LUMOS/processed/segmentation/pseudo_labels/patient_163_AP_mask.png,True,0.81,0.737,0.766,0.81,0.757,0.818,0.874,2,train,D:/LUMOS/processed/vertebral_rois/patient_163/AP/L1.png,True,D:/LUMOS/processed/vertebral_rois/patient_163/AP/L2.png,True,D:/LUMOS/processed/vertebral_rois/patient_163/AP/L3.png,True,D:/LUMOS/processed/vertebral_rois/patient_163/AP/L4.png,True
163,Lateral,D:/LUMOS/processed/preprocessed_images/patient_163/Lateral.png,D:/LUMOS/processed/segmentation/pseudo_labels/patient_163_Lateral_mask.png,True,0.81,0.737,0.766,0.81,0.757,0.818,0.874,2,train,D:/LUMOS/processed/vertebral_rois/patient_163/Lateral/L1.png,True,D:/LUMOS/processed/vertebral_rois/patient_163/Lateral/L2.png,False,D:/LUMOS/processed/vertebral_rois/patient_163/Lateral/L3.png,True,D:/LUMOS/processed/vertebral_rois/patient_163/Lateral/L4.png,True
164,AP,D:/LUMOS/processed/preprocessed_images/patient_164/AP.png,D:/LUMOS/processed/segmentation/pseudo_labels/patient_164_AP_mask.png,True,0.904,0.876,0.892,0.904,0.922,0.927,0.928,1,validation,D:/LUMOS/processed/vertebral_rois/patient_164/AP/L1.png,True,D:/LUMOS/processed/vertebral_rois/patient_164/AP/L2.png,True,D:/LUMOS/processed/vertebral_rois/patient_164/AP/L3.png,True,D:/LUMOS/processed/vertebral_rois/patient_164/AP/L4.png,True
164,Lateral,D:/LUMOS/processed/preprocessed_images/patient_164/Lateral.png,D:/LUMOS/processed/segmentation/pseudo_labels/patient_164_Lateral_mask.png,True,0.904,0.876,0.892,0.904,0.922,0.927,0.928,1,validation,D:/LUMOS/processed/vertebral_rois/patient_164/Lateral/L1.png,True,D:/LUMOS/processed/vertebral_rois/patient_164/Lateral/L2.png,True,D:/LUMOS/processed/vertebral_rois/patient_164/Lateral/L3.png,True,D:/LUMOS/processed/vertebral_rois/patient_164/Lateral/L4.png,True
165,AP,D:/LUMOS/processed/preprocessed_images/patient_165/AP.png,D:/LUMOS/processed/segmentation/pseudo_labels/patient_165_AP_mask.png,True,0.680791677239279,0.619,0.656,0.68,0.669,0.694,0.727,2,validation,D:/LUMOS/processed/vertebral_rois/patient_165/AP/L1.png,True,D:/LUMOS/processed/vertebral_rois/patient_165/AP/L2.png,True,D:/LUMOS/processed/vertebral_rois/patient_165/AP/L3.png,True,D:/LUMOS/processed/vertebral_rois/patient_165/AP/L4.png,True
165,Lateral,D:/LUMOS/processed/preprocessed_images/patient_165/Lateral.png,D:/LUMOS/processed/segmentation/pseudo_labels/patient_165_Lateral_mask.png,True,0.680791677239279,0.619,0.656,0.68,0.669,0.694,0.727,2,validation,D:/LUMOS/processed/vertebral_rois/patient_165/Lateral/L1.png,True,D:/LUMOS/processed/vertebral_rois/patient_165/Lateral/L2.png,True,D:/LUMOS/processed/vertebral_rois/patient_165/Lateral/L3.png,True,D:/LUMOS/processed/vertebral_rois/patient_165/Lateral/L4.png,True
166,AP,D:/LUMOS/processed/preprocessed_images/patient_166/AP.png,D:/LUMOS/processed/segmentation/pseudo_labels/patient_166_AP_mask.png,True,0.887,0.831,0.863,0.887,0.872,0.899,0.935,1,validation,D:/LUMOS/processed/vertebral_rois/patient_166/AP/L1.png,True,D:/LUMOS/processed/vertebral_rois/patient_166/AP/L2.png,True,D:/LUMOS/processed/vertebral_rois/patient_166/AP/L3.png,True,D:/LUMOS/processed/vertebral_rois/patient_166/AP/L4.png,True
166,Lateral,D:/LUMOS/processed/preprocessed_images/patient_166/Lateral.png,D:/LUMOS/processed/segmentation/pseudo_labels/patient_166_Lateral_mask.png,True,0.887,0.831,0.863,0.887,0.872,0.899,0.935,1,validation,D:/LUMOS/processed/vertebral_rois/patient_166/Lateral/L1.png,True,D:/LUMOS/processed/vertebral_rois/patient_166/Lateral/L2.png,True,D:/LUMOS/processed/vertebral_rois/patient_166/Lateral/L3.png,True,D:/LUMOS/processed/vertebral_rois/patient_166/Lateral/L4.png,True
167,AP,D:/LUMOS/processed/preprocessed_images/patient_167/AP.png,D:/LUMOS/processed/segmentation/pseudo_labels/patient_167_AP_mask.png,True,1.516,1.271,1.4,1.516,1.504,1.616,1.733,0,train,D:/LUMOS/processed/vertebral_rois/patient_167/AP/L1.png,True,D:/LUMOS/processed/vertebral_rois/patient_167/AP/L2.png,True,D:/LUMOS/processed/vertebral_rois/patient_167/AP/L3.png,True,D:/LUMOS/processed/vertebral_rois/patient_167/AP/L4.png,True
167,Lateral,D:/LUMOS/processed/preprocessed_images/patient_167/Lateral.png,D:/LUMOS/processed/segmentation/pseudo_labels/patient_167_Lateral_mask.png,True,1.516,1.271,1.4,1.516,1.504,1.616,1.733,0,train,D:/LUMOS/processed/vertebral_rois/patient_167/Lateral/L1.png,True,D:/LUMOS/processed/vertebral_rois/patient_167/Lateral/L2.png,True,D:/LUMOS/processed/vertebral_rois/patient_167/Lateral/L3.png,True,D:/LUMOS/processed/vertebral_rois/patient_167/Lateral/L4.png,True
168,AP,D:/LUMOS/processed/preprocessed_images/patient_168/AP.png,D:/LUMOS/processed/segmentation/pseudo_labels/patient_168_AP_mask.png,True,0.829,0.77,0.795,0.829,0.807,0.846,0.88,1,test,D:/LUMOS/processed/vertebral_rois/patient_168/AP/L1.png,True,D:/LUMOS/processed/vertebral_rois/patient_168/AP/L2.png,True,D:/LUMOS/processed/vertebral_rois/patient_168/AP/L3.png,True,D:/LUMOS/processed/vertebral_rois/patient_168/AP/L4.png,True
168,Lateral,D:/LUMOS/processed/preprocessed_images/patient_168/Lateral.png,D:/LUMOS/processed/segmentation/pseudo_labels/patient_168_Lateral_mask.png,True,0.829,0.77,0.795,0.829,0.807,0.846,0.88,1,test,D:/LUMOS/processed/vertebral_rois/patient_168/Lateral/L1.png,True,D:/LUMOS/processed/vertebral_rois/patient_168/Lateral/L2.png,True,D:/LUMOS/processed/vertebral_rois/patient_168/Lateral/L3.png,True,D:/LUMOS/processed/vertebral_rois/patient_168/Lateral/L4.png,True
169,AP,D:/LUMOS/processed/preprocessed_images/patient_169/AP.png,D:/LUMOS/processed/segmentation/pseudo_labels/patient_169_AP_mask.png,True,1.055,0.973,1.02,1.055,1.046,1.082,1.122,0,train,D:/LUMOS/processed/vertebral_rois/patient_169/AP/L1.png,True,D:/LUMOS/processed/vertebral_rois/patient_169/AP/L2.png,True,D:/LUMOS/processed/vertebral_rois/patient_169/AP/L3.png,True,D:/LUMOS/processed/vertebral_rois/patient_169/AP/L4.png,True
169,Lateral,D:/LUMOS/processed/preprocessed_images/patient_169/Lateral.png,D:/LUMOS/processed/segmentation/pseudo_labels/patient_169_Lateral_mask.png,True,1.055,0.973,1.02,1.055,1.046,1.082,1.122,0,train,D:/LUMOS/processed/vertebral_rois/patient_169/Lateral/L1.png,True,D:/LUMOS/processed/vertebral_rois/patient_169/Lateral/L2.png,True,D:/LUMOS/processed/vertebral_rois/patient_169/Lateral/L3.png,True,D:/LUMOS/processed/vertebral_rois/patient_169/Lateral/L4.png,True
170,AP,D:/LUMOS/processed/preprocessed_images/patient_170/AP.png,D:/LUMOS/processed/segmentation/pseudo_labels/patient_170_AP_mask.png,True,0.981894990947496,0.92,0.962,0.982,1.008,1.019,1.04,1,train,D:/LUMOS/processed/vertebral_rois/patient_170/AP/L1.png,True,D:/LUMOS/processed/vertebral_rois/patient_170/AP/L2.png,True,D:/LUMOS/processed/vertebral_rois/patient_170/AP/L3.png,True,D:/LUMOS/processed/vertebral_rois/patient_170/AP/L4.png,True
170,Lateral,D:/LUMOS/processed/preprocessed_images/patient_170/Lateral.png,D:/LUMOS/processed/segmentation/pseudo_labels/patient_170_Lateral_mask.png,True,0.981894990947496,0.92,0.962,0.982,1.008,1.019,1.04,1,train,D:/LUMOS/processed/vertebral_rois/patient_170/Lateral/L1.png,True,D:/LUMOS/processed/vertebral_rois/patient_170/Lateral/L2.png,True,D:/LUMOS/processed/vertebral_rois/patient_170/Lateral/L3.png,True,D:/LUMOS/processed/vertebral_rois/patient_170/Lateral/L4.png,True
171,AP,D:/LUMOS/processed/preprocessed_images/patient_171/AP.png,D:/LUMOS/processed/segmentation/pseudo_labels/patient_171_AP_mask.png,True,0.885,0.865,0.869,0.885,0.876,0.894,0.901,1,train,D:/LUMOS/processed/vertebral_rois/patient_171/AP/L1.png,True,D:/LUMOS/processed/vertebral_rois/patient_171/AP/L2.png,True,D:/LUMOS/processed/vertebral_rois/patient_171/AP/L3.png,True,D:/LUMOS/processed/vertebral_rois/patient_171/AP/L4.png,True
171,Lateral,D:/LUMOS/processed/preprocessed_images/patient_171/Lateral.png,D:/LUMOS/processed/segmentation/pseudo_labels/patient_171_Lateral_mask.png,True,0.885,0.865,0.869,0.885,0.876,0.894,0.901,1,train,D:/LUMOS/processed/vertebral_rois/patient_171/Lateral/L1.png,True,D:/LUMOS/processed/vertebral_rois/patient_171/Lateral/L2.png,True,D:/LUMOS/processed/vertebral_rois/patient_171/Lateral/L3.png,True,D:/LUMOS/processed/vertebral_rois/patient_171/Lateral/L4.png,True
172,AP,D:/LUMOS/processed/preprocessed_images/patient_172/AP.png,D:/LUMOS/processed/segmentation/pseudo_labels/patient_172_AP_mask.png,True,1.05,1.022,1.059,1.05,1.086,1.064,1.073,0,train,D:/LUMOS/processed/vertebral_rois/patient_172/AP/L1.png,True,D:/LUMOS/processed/vertebral_rois/patient_172/AP/L2.png,True,D:/LUMOS/processed/vertebral_rois/patient_172/AP/L3.png,True,D:/LUMOS/processed/vertebral_rois/patient_172/AP/L4.png,True
172,Lateral,D:/LUMOS/processed/preprocessed_images/patient_172/Lateral.png,D:/LUMOS/processed/segmentation/pseudo_labels/patient_172_Lateral_mask.png,True,1.05,1.022,1.059,1.05,1.086,1.064,1.073,0,train,D:/LUMOS/processed/vertebral_rois/patient_172/Lateral/L1.png,True,D:/LUMOS/processed/vertebral_rois/patient_172/Lateral/L2.png,True,D:/LUMOS/processed/vertebral_rois/patient_172/Lateral/L3.png,True,D:/LUMOS/processed/vertebral_rois/patient_172/Lateral/L4.png,True
173,AP,D:/LUMOS/processed/preprocessed_images/patient_173/AP.png,D:/LUMOS/processed/segmentation/pseudo_labels/patient_173_AP_mask.png,True,1.131,1.129,1.135,1.131,1.149,1.139,1.132,0,train,D:/LUMOS/processed/vertebral_rois/patient_173/AP/L1.png,True,D:/LUMOS/processed/vertebral_rois/patient_173/AP/L2.png,True,D:/LUMOS/processed/vertebral_rois/patient_173/AP/L3.png,True,D:/LUMOS/processed/vertebral_rois/patient_173/AP/L4.png,True
173,Lateral,D:/LUMOS/processed/preprocessed_images/patient_173/Lateral.png,D:/LUMOS/processed/segmentation/pseudo_labels/patient_173_Lateral_mask.png,True,1.131,1.129,1.135,1.131,1.149,1.139,1.132,0,train,D:/LUMOS/processed/vertebral_rois/patient_173/Lateral/L1.png,True,D:/LUMOS/processed/vertebral_rois/patient_173/Lateral/L2.png,True,D:/LUMOS/processed/vertebral_rois/patient_173/Lateral/L3.png,True,D:/LUMOS/processed/vertebral_rois/patient_173/Lateral/L4.png,True
174,AP,D:/LUMOS/processed/preprocessed_images/patient_174/AP.png,D:/LUMOS/processed/segmentation/pseudo_labels/patient_174_AP_mask.png,True,0.865,0.767,0.826,0.865,0.865,0.901,0.949,1,test,D:/LUMOS/processed/vertebral_rois/patient_174/AP/L1.png,True,D:/LUMOS/processed/vertebral_rois/patient_174/AP/L2.png,True,D:/LUMOS/processed/vertebral_rois/patient_174/AP/L3.png,True,D:/LUMOS/processed/vertebral_rois/patient_174/AP/L4.png,True
174,Lateral,D:/LUMOS/processed/preprocessed_images/patient_174/Lateral.png,D:/LUMOS/processed/segmentation/pseudo_labels/patient_174_Lateral_mask.png,True,0.865,0.767,0.826,0.865,0.865,0.901,0.949,1,test,D:/LUMOS/processed/vertebral_rois/patient_174/Lateral/L1.png,True,D:/LUMOS/processed/vertebral_rois/patient_174/Lateral/L2.png,True,D:/LUMOS/processed/vertebral_rois/patient_174/Lateral/L3.png,True,D:/LUMOS/processed/vertebral_rois/patient_174/Lateral/L4.png,True
175,AP,D:/LUMOS/processed/preprocessed_images/patient_175/AP.png,D:/LUMOS/processed/segmentation/pseudo_labels/patient_175_AP_mask.png,True,1.282,1.263,1.286,1.282,1.311,1.296,1.297,0,train,D:/LUMOS/processed/vertebral_rois/patient_175/AP/L1.png,True,D:/LUMOS/processed/vertebral_rois/patient_175/AP/L2.png,True,D:/LUMOS/processed/vertebral_rois/patient_175/AP/L3.png,True,D:/LUMOS/processed/vertebral_rois/patient_175/AP/L4.png,True
175,Lateral,D:/LUMOS/processed/preprocessed_images/patient_175/Lateral.png,D:/LUMOS/processed/segmentation/pseudo_labels/patient_175_Lateral_mask.png,True,1.282,1.263,1.286,1.282,1.311,1.296,1.297,0,train,D:/LUMOS/processed/vertebral_rois/patient_175/Lateral/L1.png,True,D:/LUMOS/processed/vertebral_rois/patient_175/Lateral/L2.png,True,D:/LUMOS/processed/vertebral_rois/patient_175/Lateral/L3.png,True,D:/LUMOS/processed/vertebral_rois/patient_175/Lateral/L4.png,True
176,AP,D:/LUMOS/processed/preprocessed_images/patient_176/AP.png,D:/LUMOS/processed/segmentation/pseudo_labels/patient_176_AP_mask.png,True,0.934,0.851,0.881,0.934,0.919,0.973,1.003,1,train,D:/LUMOS/processed/vertebral_rois/patient_176/AP/L1.png,True,D:/LUMOS/processed/vertebral_rois/patient_176/AP/L2.png,True,D:/LUMOS/processed/vertebral_rois/patient_176/AP/L3.png,True,D:/LUMOS/processed/vertebral_rois/patient_176/AP/L4.png,True
176,Lateral,D:/LUMOS/processed/preprocessed_images/patient_176/Lateral.png,D:/LUMOS/processed/segmentation/pseudo_labels/patient_176_Lateral_mask.png,True,0.934,0.851,0.881,0.934,0.919,0.973,1.003,1,train,D:/LUMOS/processed/vertebral_rois/patient_176/Lateral/L1.png,True,D:/LUMOS/processed/vertebral_rois/patient_176/Lateral/L2.png,True,D:/LUMOS/processed/vertebral_rois/patient_176/Lateral/L3.png,True,D:/LUMOS/processed/vertebral_rois/patient_176/Lateral/L4.png,True
177,AP,D:/LUMOS/processed/preprocessed_images/patient_177/AP.png,D:/LUMOS/processed/segmentation/pseudo_labels/patient_177_AP_mask.png,True,0.762553001562151,0.755,0.768,0.763,0.813,0.789,0.77,2,train,D:/LUMOS/processed/vertebral_rois/patient_177/AP/L1.png,True,D:/LUMOS/processed/vertebral_rois/patient_177/AP/L2.png,True,D:/LUMOS/processed/vertebral_rois/patient_177/AP/L3.png,True,D:/LUMOS/processed/vertebral_rois/patient_177/AP/L4.png,True
177,Lateral,D:/LUMOS/processed/preprocessed_images/patient_177/Lateral.png,D:/LUMOS/processed/segmentation/pseudo_labels/patient_177_Lateral_mask.png,True,0.762553001562151,0.755,0.768,0.763,0.813,0.789,0.77,2,train,D:/LUMOS/processed/vertebral_rois/patient_177/Lateral/L1.png,True,D:/LUMOS/processed/vertebral_rois/patient_177/Lateral/L2.png,False,D:/LUMOS/processed/vertebral_rois/patient_177/Lateral/L3.png,True,D:/LUMOS/processed/vertebral_rois/patient_177/Lateral/L4.png,False
178,AP,D:/LUMOS/processed/preprocessed_images/patient_178/AP.png,D:/LUMOS/processed/segmentation/pseudo_labels/patient_178_AP_mask.png,True,1.253,1.177,1.209,1.253,1.242,1.287,1.318,0,train,D:/LUMOS/processed/vertebral_rois/patient_178/AP/L1.png,True,D:/LUMOS/processed/vertebral_rois/patient_178/AP/L2.png,True,D:/LUMOS/processed/vertebral_rois/patient_178/AP/L3.png,True,D:/LUMOS/processed/vertebral_rois/patient_178/AP/L4.png,True
178,Lateral,D:/LUMOS/processed/preprocessed_images/patient_178/Lateral.png,D:/LUMOS/processed/segmentation/pseudo_labels/patient_178_Lateral_mask.png,True,1.253,1.177,1.209,1.253,1.242,1.287,1.318,0,train,D:/LUMOS/processed/vertebral_rois/patient_178/Lateral/L1.png,True,D:/LUMOS/processed/vertebral_rois/patient_178/Lateral/L2.png,True,D:/LUMOS/processed/vertebral_rois/patient_178/Lateral/L3.png,True,D:/LUMOS/processed/vertebral_rois/patient_178/Lateral/L4.png,True
179,AP,D:/LUMOS/processed/preprocessed_images/patient_179/AP.png,D:/LUMOS/processed/segmentation/pseudo_labels/patient_179_AP_mask.png,True,0.897,0.903,0.918,0.897,0.955,0.915,0.891,1,train,D:/LUMOS/processed/vertebral_rois/patient_179/AP/L1.png,True,D:/LUMOS/processed/vertebral_rois/patient_179/AP/L2.png,True,D:/LUMOS/processed/vertebral_rois/patient_179/AP/L3.png,True,D:/LUMOS/processed/vertebral_rois/patient_179/AP/L4.png,True
179,Lateral,D:/LUMOS/processed/preprocessed_images/patient_179/Lateral.png,D:/LUMOS/processed/segmentation/pseudo_labels/patient_179_Lateral_mask.png,True,0.897,0.903,0.918,0.897,0.955,0.915,0.891,1,train,D:/LUMOS/processed/vertebral_rois/patient_179/Lateral/L1.png,True,D:/LUMOS/processed/vertebral_rois/patient_179/Lateral/L2.png,True,D:/LUMOS/processed/vertebral_rois/patient_179/Lateral/L3.png,True,D:/LUMOS/processed/vertebral_rois/patient_179/Lateral/L4.png,True
180,AP,D:/LUMOS/processed/preprocessed_images/patient_180/AP.png,D:/LUMOS/processed/segmentation/pseudo_labels/patient_180_AP_mask.png,True,0.835369774919614,0.812,0.831,0.836,0.856,0.853,0.856,1,test,D:/LUMOS/processed/vertebral_rois/patient_180/AP/L1.png,True,D:/LUMOS/processed/vertebral_rois/patient_180/AP/L2.png,True,D:/LUMOS/processed/vertebral_rois/patient_180/AP/L3.png,True,D:/LUMOS/processed/vertebral_rois/patient_180/AP/L4.png,True
180,Lateral,D:/LUMOS/processed/preprocessed_images/patient_180/Lateral.png,D:/LUMOS/processed/segmentation/pseudo_labels/patient_180_Lateral_mask.png,True,0.835369774919614,0.812,0.831,0.836,0.856,0.853,0.856,1,test,D:/LUMOS/processed/vertebral_rois/patient_180/Lateral/L1.png,True,D:/LUMOS/processed/vertebral_rois/patient_180/Lateral/L2.png,True,D:/LUMOS/processed/vertebral_rois/patient_180/Lateral/L3.png,True,D:/LUMOS/processed/vertebral_rois/patient_180/Lateral/L4.png,True
181,AP,D:/LUMOS/processed/preprocessed_images/patient_181/AP.png,D:/LUMOS/processed/segmentation/pseudo_labels/patient_181_AP_mask.png,True,0.844,0.809,0.815,0.844,0.803,0.845,0.873,1,test,D:/LUMOS/processed/vertebral_rois/patient_181/AP/L1.png,True,D:/LUMOS/processed/vertebral_rois/patient_181/AP/L2.png,True,D:/LUMOS/processed/vertebral_rois/patient_181/AP/L3.png,True,D:/LUMOS/processed/vertebral_rois/patient_181/AP/L4.png,True
181,Lateral,D:/LUMOS/processed/preprocessed_images/patient_181/Lateral.png,D:/LUMOS/processed/segmentation/pseudo_labels/patient_181_Lateral_mask.png,True,0.844,0.809,0.815,0.844,0.803,0.845,0.873,1,test,D:/LUMOS/processed/vertebral_rois/patient_181/Lateral/L1.png,True,D:/LUMOS/processed/vertebral_rois/patient_181/Lateral/L2.png,True,D:/LUMOS/processed/vertebral_rois/patient_181/Lateral/L3.png,True,D:/LUMOS/processed/vertebral_rois/patient_181/Lateral/L4.png,True
182,AP,D:/LUMOS/processed/preprocessed_images/patient_182/AP.png,D:/LUMOS/processed/segmentation/pseudo_labels/patient_182_AP_mask.png,True,0.687,0.659,0.688,0.687,0.719,0.707,0.712,2,train,D:/LUMOS/processed/vertebral_rois/patient_182/AP/L1.png,True,D:/LUMOS/processed/vertebral_rois/patient_182/AP/L2.png,True,D:/LUMOS/processed/vertebral_rois/patient_182/AP/L3.png,True,D:/LUMOS/processed/vertebral_rois/patient_182/AP/L4.png,True
182,Lateral,D:/LUMOS/processed/preprocessed_images/patient_182/Lateral.png,D:/LUMOS/processed/segmentation/pseudo_labels/patient_182_Lateral_mask.png,True,0.687,0.659,0.688,0.687,0.719,0.707,0.712,2,train,D:/LUMOS/processed/vertebral_rois/patient_182/Lateral/L1.png,True,D:/LUMOS/processed/vertebral_rois/patient_182/Lateral/L2.png,True,D:/LUMOS/processed/vertebral_rois/patient_182/Lateral/L3.png,True,D:/LUMOS/processed/vertebral_rois/patient_182/Lateral/L4.png,True
183,AP,D:/LUMOS/processed/preprocessed_images/patient_183/AP.png,D:/LUMOS/processed/segmentation/pseudo_labels/patient_183_AP_mask.png,True,0.704,0.69,0.695,0.704,0.674,0.693,0.715,2,test,D:/LUMOS/processed/vertebral_rois/patient_183/AP/L1.png,True,D:/LUMOS/processed/vertebral_rois/patient_183/AP/L2.png,False,D:/LUMOS/processed/vertebral_rois/patient_183/AP/L3.png,True,D:/LUMOS/processed/vertebral_rois/patient_183/AP/L4.png,True
183,Lateral,D:/LUMOS/processed/preprocessed_images/patient_183/Lateral.png,D:/LUMOS/processed/segmentation/pseudo_labels/patient_183_Lateral_mask.png,True,0.704,0.69,0.695,0.704,0.674,0.693,0.715,2,test,D:/LUMOS/processed/vertebral_rois/patient_183/Lateral/L1.png,True,D:/LUMOS/processed/vertebral_rois/patient_183/Lateral/L2.png,True,D:/LUMOS/processed/vertebral_rois/patient_183/Lateral/L3.png,True,D:/LUMOS/processed/vertebral_rois/patient_183/Lateral/L4.png,True
184,AP,D:/LUMOS/processed/preprocessed_images/patient_184/AP.png,D:/LUMOS/processed/segmentation/pseudo_labels/patient_184_AP_mask.png,True,1.10105757931845,1.036,1.066,1.101,1.09,1.127,1.157,0,train,D:/LUMOS/processed/vertebral_rois/patient_184/AP/L1.png,True,D:/LUMOS/processed/vertebral_rois/patient_184/AP/L2.png,True,D:/LUMOS/processed/vertebral_rois/patient_184/AP/L3.png,True,D:/LUMOS/processed/vertebral_rois/patient_184/AP/L4.png,True
184,Lateral,D:/LUMOS/processed/preprocessed_images/patient_184/Lateral.png,D:/LUMOS/processed/segmentation/pseudo_labels/patient_184_Lateral_mask.png,True,1.10105757931845,1.036,1.066,1.101,1.09,1.127,1.157,0,train,D:/LUMOS/processed/vertebral_rois/patient_184/Lateral/L1.png,True,D:/LUMOS/processed/vertebral_rois/patient_184/Lateral/L2.png,True,D:/LUMOS/processed/vertebral_rois/patient_184/Lateral/L3.png,True,D:/LUMOS/processed/vertebral_rois/patient_184/Lateral/L4.png,True
185,AP,D:/LUMOS/processed/preprocessed_images/patient_185/AP.png,D:/LUMOS/processed/segmentation/pseudo_labels/patient_185_AP_mask.png,True,0.897,0.822,0.848,0.897,0.871,0.926,0.962,1,train,D:/LUMOS/processed/vertebral_rois/patient_185/AP/L1.png,True,D:/LUMOS/processed/vertebral_rois/patient_185/AP/L2.png,True,D:/LUMOS/processed/vertebral_rois/patient_185/AP/L3.png,True,D:/LUMOS/processed/vertebral_rois/patient_185/AP/L4.png,True
185,Lateral,D:/LUMOS/processed/preprocessed_images/patient_185/Lateral.png,D:/LUMOS/processed/segmentation/pseudo_labels/patient_185_Lateral_mask.png,True,0.897,0.822,0.848,0.897,0.871,0.926,0.962,1,train,D:/LUMOS/processed/vertebral_rois/patient_185/Lateral/L1.png,True,D:/LUMOS/processed/vertebral_rois/patient_185/Lateral/L2.png,True,D:/LUMOS/processed/vertebral_rois/patient_185/Lateral/L3.png,True,D:/LUMOS/processed/vertebral_rois/patient_185/Lateral/L4.png,True
186,AP,D:/LUMOS/processed/preprocessed_images/patient_186/AP.png,D:/LUMOS/processed/segmentation/pseudo_labels/patient_186_AP_mask.png,True,1.11686390532544,1.032,1.085,1.117,1.121,1.149,1.189,0,validation,D:/LUMOS/processed/vertebral_rois/patient_186/AP/L1.png,True,D:/LUMOS/processed/vertebral_rois/patient_186/AP/L2.png,True,D:/LUMOS/processed/vertebral_rois/patient_186/AP/L3.png,True,D:/LUMOS/processed/vertebral_rois/patient_186/AP/L4.png,True
186,Lateral,D:/LUMOS/processed/preprocessed_images/patient_186/Lateral.png,D:/LUMOS/processed/segmentation/pseudo_labels/patient_186_Lateral_mask.png,True,1.11686390532544,1.032,1.085,1.117,1.121,1.149,1.189,0,validation,D:/LUMOS/processed/vertebral_rois/patient_186/Lateral/L1.png,True,D:/LUMOS/processed/vertebral_rois/patient_186/Lateral/L2.png,True,D:/LUMOS/processed/vertebral_rois/patient_186/Lateral/L3.png,True,D:/LUMOS/processed/vertebral_rois/patient_186/Lateral/L4.png,True
187,AP,D:/LUMOS/processed/preprocessed_images/patient_187/AP.png,D:/LUMOS/processed/segmentation/pseudo_labels/patient_187_AP_mask.png,True,0.89,0.781,0.827,0.89,0.821,0.904,0.973,1,test,D:/LUMOS/processed/vertebral_rois/patient_187/AP/L1.png,True,D:/LUMOS/processed/vertebral_rois/patient_187/AP/L2.png,True,D:/LUMOS/processed/vertebral_rois/patient_187/AP/L3.png,True,D:/LUMOS/processed/vertebral_rois/patient_187/AP/L4.png,True
187,Lateral,D:/LUMOS/processed/preprocessed_images/patient_187/Lateral.png,D:/LUMOS/processed/segmentation/pseudo_labels/patient_187_Lateral_mask.png,True,0.89,0.781,0.827,0.89,0.821,0.904,0.973,1,test,D:/LUMOS/processed/vertebral_rois/patient_187/Lateral/L1.png,True,D:/LUMOS/processed/vertebral_rois/patient_187/Lateral/L2.png,True,D:/LUMOS/processed/vertebral_rois/patient_187/Lateral/L3.png,True,D:/LUMOS/processed/vertebral_rois/patient_187/Lateral/L4.png,True
188,AP,D:/LUMOS/processed/preprocessed_images/patient_188/AP.png,D:/LUMOS/processed/segmentation/pseudo_labels/patient_188_AP_mask.png,True,0.835250536166894,0.913,0.918,0.915,0.92,0.916,0.917,1,train,D:/LUMOS/processed/vertebral_rois/patient_188/AP/L1.png,True,D:/LUMOS/processed/vertebral_rois/patient_188/AP/L2.png,True,D:/LUMOS/processed/vertebral_rois/patient_188/AP/L3.png,True,D:/LUMOS/processed/vertebral_rois/patient_188/AP/L4.png,True
188,Lateral,D:/LUMOS/processed/preprocessed_images/patient_188/Lateral.png,D:/LUMOS/processed/segmentation/pseudo_labels/patient_188_Lateral_mask.png,True,0.835250536166894,0.913,0.918,0.915,0.92,0.916,0.917,1,train,D:/LUMOS/processed/vertebral_rois/patient_188/Lateral/L1.png,True,D:/LUMOS/processed/vertebral_rois/patient_188/Lateral/L2.png,True,D:/LUMOS/processed/vertebral_rois/patient_188/Lateral/L3.png,True,D:/LUMOS/processed/vertebral_rois/patient_188/Lateral/L4.png,True
189,AP,D:/LUMOS/processed/preprocessed_images/patient_189/AP.png,D:/LUMOS/processed/segmentation/pseudo_labels/patient_189_AP_mask.png,True,0.759,0.908,0.934,0.936,0.971,0.959,0.958,2,train,D:/LUMOS/processed/vertebral_rois/patient_189/AP/L1.png,True,D:/LUMOS/processed/vertebral_rois/patient_189/AP/L2.png,True,D:/LUMOS/processed/vertebral_rois/patient_189/AP/L3.png,True,D:/LUMOS/processed/vertebral_rois/patient_189/AP/L4.png,True
189,Lateral,D:/LUMOS/processed/preprocessed_images/patient_189/Lateral.png,D:/LUMOS/processed/segmentation/pseudo_labels/patient_189_Lateral_mask.png,True,0.759,0.908,0.934,0.936,0.971,0.959,0.958,2,train,D:/LUMOS/processed/vertebral_rois/patient_189/Lateral/L1.png,True,D:/LUMOS/processed/vertebral_rois/patient_189/Lateral/L2.png,True,D:/LUMOS/processed/vertebral_rois/patient_189/Lateral/L3.png,True,D:/LUMOS/processed/vertebral_rois/patient_189/Lateral/L4.png,True
190,AP,D:/LUMOS/processed/preprocessed_images/patient_190/AP.png,D:/LUMOS/processed/segmentation/pseudo_labels/patient_190_AP_mask.png,True,1.144,1.082,1.082,1.144,1.089,1.165,1.193,0,test,D:/LUMOS/processed/vertebral_rois/patient_190/AP/L1.png,True,D:/LUMOS/processed/vertebral_rois/patient_190/AP/L2.png,True,D:/LUMOS/processed/vertebral_rois/patient_190/AP/L3.png,True,D:/LUMOS/processed/vertebral_rois/patient_190/AP/L4.png,True
190,Lateral,D:/LUMOS/processed/preprocessed_images/patient_190/Lateral.png,D:/LUMOS/processed/segmentation/pseudo_labels/patient_190_Lateral_mask.png,True,1.144,1.082,1.082,1.144,1.089,1.165,1.193,0,test,D:/LUMOS/processed/vertebral_rois/patient_190/Lateral/L1.png,True,D:/LUMOS/processed/vertebral_rois/patient_190/Lateral/L2.png,True,D:/LUMOS/processed/vertebral_rois/patient_190/Lateral/L3.png,True,D:/LUMOS/processed/vertebral_rois/patient_190/Lateral/L4.png,False
191,AP,D:/LUMOS/processed/preprocessed_images/patient_191/AP.png,D:/LUMOS/processed/segmentation/pseudo_labels/patient_191_AP_mask.png,True,0.652,0.699,0.673,0.652,0.606,0.605,0.616,2,train,D:/LUMOS/processed/vertebral_rois/patient_191/AP/L1.png,True,D:/LUMOS/processed/vertebral_rois/patient_191/AP/L2.png,True,D:/LUMOS/processed/vertebral_rois/patient_191/AP/L3.png,True,D:/LUMOS/processed/vertebral_rois/patient_191/AP/L4.png,True
191,Lateral,D:/LUMOS/processed/preprocessed_images/patient_191/Lateral.png,D:/LUMOS/processed/segmentation/pseudo_labels/patient_191_Lateral_mask.png,True,0.652,0.699,0.673,0.652,0.606,0.605,0.616,2,train,D:/LUMOS/processed/vertebral_rois/patient_191/Lateral/L1.png,True,D:/LUMOS/processed/vertebral_rois/patient_191/Lateral/L2.png,True,D:/LUMOS/processed/vertebral_rois/patient_191/Lateral/L3.png,True,D:/LUMOS/processed/vertebral_rois/patient_191/Lateral/L4.png,True
192,AP,D:/LUMOS/processed/preprocessed_images/patient_192/AP.png,D:/LUMOS/processed/segmentation/pseudo_labels/patient_192_AP_mask.png,True,0.803318105313777,0.77,0.767,0.803,0.77,0.815,0.83,2,train,D:/LUMOS/processed/vertebral_rois/patient_192/AP/L1.png,True,D:/LUMOS/processed/vertebral_rois/patient_192/AP/L2.png,False,D:/LUMOS/processed/vertebral_rois/patient_192/AP/L3.png,True,D:/LUMOS/processed/vertebral_rois/patient_192/AP/L4.png,True
192,Lateral,D:/LUMOS/processed/preprocessed_images/patient_192/Lateral.png,D:/LUMOS/processed/segmentation/pseudo_labels/patient_192_Lateral_mask.png,True,0.803318105313777,0.77,0.767,0.803,0.77,0.815,0.83,2,train,D:/LUMOS/processed/vertebral_rois/patient_192/Lateral/L1.png,True,D:/LUMOS/processed/vertebral_rois/patient_192/Lateral/L2.png,True,D:/LUMOS/processed/vertebral_rois/patient_192/Lateral/L3.png,True,D:/LUMOS/processed/vertebral_rois/patient_192/Lateral/L4.png,True
193,AP,D:/LUMOS/processed/preprocessed_images/patient_193/AP.png,D:/LUMOS/processed/segmentation/pseudo_labels/patient_193_AP_mask.png,True,0.9569222432945,0.88,0.95,0.957,0.976,0.976,1.023,1,train,D:/LUMOS/processed/vertebral_rois/patient_193/AP/L1.png,True,D:/LUMOS/processed/vertebral_rois/patient_193/AP/L2.png,True,D:/LUMOS/processed/vertebral_rois/patient_193/AP/L3.png,True,D:/LUMOS/processed/vertebral_rois/patient_193/AP/L4.png,True
193,Lateral,D:/LUMOS/processed/preprocessed_images/patient_193/Lateral.png,D:/LUMOS/processed/segmentation/pseudo_labels/patient_193_Lateral_mask.png,True,0.9569222432945,0.88,0.95,0.957,0.976,0.976,1.023,1,train,D:/LUMOS/processed/vertebral_rois/patient_193/Lateral/L1.png,True,D:/LUMOS/processed/vertebral_rois/patient_193/Lateral/L2.png,True,D:/LUMOS/processed/vertebral_rois/patient_193/Lateral/L3.png,True,D:/LUMOS/processed/vertebral_rois/patient_193/Lateral/L4.png,True
194,AP,D:/LUMOS/processed/preprocessed_images/patient_194/AP.png,D:/LUMOS/processed/segmentation/pseudo_labels/patient_194_AP_mask.png,True,1.433,1.424,1.428,1.433,1.477,1.465,1.44,0,train,D:/LUMOS/processed/vertebral_rois/patient_194/AP/L1.png,True,D:/LUMOS/processed/vertebral_rois/patient_194/AP/L2.png,True,D:/LUMOS/processed/vertebral_rois/patient_194/AP/L3.png,True,D:/LUMOS/processed/vertebral_rois/patient_194/AP/L4.png,True
194,Lateral,D:/LUMOS/processed/preprocessed_images/patient_194/Lateral.png,D:/LUMOS/processed/segmentation/pseudo_labels/patient_194_Lateral_mask.png,True,1.433,1.424,1.428,1.433,1.477,1.465,1.44,0,train,D:/LUMOS/processed/vertebral_rois/patient_194/Lateral/L1.png,True,D:/LUMOS/processed/vertebral_rois/patient_194/Lateral/L2.png,True,D:/LUMOS/processed/vertebral_rois/patient_194/Lateral/L3.png,True,D:/LUMOS/processed/vertebral_rois/patient_194/Lateral/L4.png,True
195,AP,D:/LUMOS/processed/preprocessed_images/patient_195/AP.png,D:/LUMOS/processed/segmentation/pseudo_labels/patient_195_AP_mask.png,True,0.681,0.647,0.644,0.681,0.635,0.687,0.71,2,train,D:/LUMOS/processed/vertebral_rois/patient_195/AP/L1.png,True,D:/LUMOS/processed/vertebral_rois/patient_195/AP/L2.png,True,D:/LUMOS/processed/vertebral_rois/patient_195/AP/L3.png,True,D:/LUMOS/processed/vertebral_rois/patient_195/AP/L4.png,True
195,Lateral,D:/LUMOS/processed/preprocessed_images/patient_195/Lateral.png,D:/LUMOS/processed/segmentation/pseudo_labels/patient_195_Lateral_mask.png,True,0.681,0.647,0.644,0.681,0.635,0.687,0.71,2,train,D:/LUMOS/processed/vertebral_rois/patient_195/Lateral/L1.png,True,D:/LUMOS/processed/vertebral_rois/patient_195/Lateral/L2.png,True,D:/LUMOS/processed/vertebral_rois/patient_195/Lateral/L3.png,True,D:/LUMOS/processed/vertebral_rois/patient_195/Lateral/L4.png,True
196,AP,D:/LUMOS/processed/preprocessed_images/patient_196/AP.png,D:/LUMOS/processed/segmentation/pseudo_labels/patient_196_AP_mask.png,True,1.08285573931554,1.08,1.09,1.083,1.124,1.103,1.085,0,test,D:/LUMOS/processed/vertebral_rois/patient_196/AP/L1.png,True,D:/LUMOS/processed/vertebral_rois/patient_196/AP/L2.png,True,D:/LUMOS/processed/vertebral_rois/patient_196/AP/L3.png,True,D:/LUMOS/processed/vertebral_rois/patient_196/AP/L4.png,True
196,Lateral,D:/LUMOS/processed/preprocessed_images/patient_196/Lateral.png,D:/LUMOS/processed/segmentation/pseudo_labels/patient_196_Lateral_mask.png,True,1.08285573931554,1.08,1.09,1.083,1.124,1.103,1.085,0,test,D:/LUMOS/processed/vertebral_rois/patient_196/Lateral/L1.png,True,D:/LUMOS/processed/vertebral_rois/patient_196/Lateral/L2.png,True,D:/LUMOS/processed/vertebral_rois/patient_196/Lateral/L3.png,True,D:/LUMOS/processed/vertebral_rois/patient_196/Lateral/L4.png,True
197,AP,D:/LUMOS/processed/preprocessed_images/patient_197/AP.png,D:/LUMOS/processed/segmentation/pseudo_labels/patient_197_AP_mask.png,True,1.062,0.981,1.015,1.062,1.016,1.076,1.128,0,train,D:/LUMOS/processed/vertebral_rois/patient_197/AP/L1.png,True,D:/LUMOS/processed/vertebral_rois/patient_197/AP/L2.png,True,D:/LUMOS/processed/vertebral_rois/patient_197/AP/L3.png,True,D:/LUMOS/processed/vertebral_rois/patient_197/AP/L4.png,True
197,Lateral,D:/LUMOS/processed/preprocessed_images/patient_197/Lateral.png,D:/LUMOS/processed/segmentation/pseudo_labels/patient_197_Lateral_mask.png,True,1.062,0.981,1.015,1.062,1.016,1.076,1.128,0,train,D:/LUMOS/processed/vertebral_rois/patient_197/Lateral/L1.png,True,D:/LUMOS/processed/vertebral_rois/patient_197/Lateral/L2.png,True,D:/LUMOS/processed/vertebral_rois/patient_197/Lateral/L3.png,True,D:/LUMOS/processed/vertebral_rois/patient_197/Lateral/L4.png,True
198,AP,D:/LUMOS/processed/preprocessed_images/patient_198/AP.png,D:/LUMOS/processed/segmentation/pseudo_labels/patient_198_AP_mask.png,True,0.918,0.865,0.898,0.924,0.902,0.934,0.969,1,train,D:/LUMOS/processed/vertebral_rois/patient_198/AP/L1.png,True,D:/LUMOS/processed/vertebral_rois/patient_198/AP/L2.png,True,D:/LUMOS/processed/vertebral_rois/patient_198/AP/L3.png,True,D:/LUMOS/processed/vertebral_rois/patient_198/AP/L4.png,True
198,Lateral,D:/LUMOS/processed/preprocessed_images/patient_198/Lateral.png,D:/LUMOS/processed/segmentation/pseudo_labels/patient_198_Lateral_mask.png,True,0.918,0.865,0.898,0.924,0.902,0.934,0.969,1,train,D:/LUMOS/processed/vertebral_rois/patient_198/Lateral/L1.png,True,D:/LUMOS/processed/vertebral_rois/patient_198/Lateral/L2.png,True,D:/LUMOS/processed/vertebral_rois/patient_198/Lateral/L3.png,True,D:/LUMOS/processed/vertebral_rois/patient_198/Lateral/L4.png,True
199,AP,D:/LUMOS/processed/preprocessed_images/patient_199/AP.png,D:/LUMOS/processed/segmentation/pseudo_labels/patient_199_AP_mask.png,True,0.972847446,0.899,0.973,0.971,1.064,1.031,1.044,1,train,D:/LUMOS/processed/vertebral_rois/patient_199/AP/L1.png,True,D:/LUMOS/processed/vertebral_rois/patient_199/AP/L2.png,True,D:/LUMOS/processed/vertebral_rois/patient_199/AP/L3.png,True,D:/LUMOS/processed/vertebral_rois/patient_199/AP/L4.png,True
199,Lateral,D:/LUMOS/processed/preprocessed_images/patient_199/Lateral.png,D:/LUMOS/processed/segmentation/pseudo_labels/patient_199_Lateral_mask.png,True,0.972847446,0.899,0.973,0.971,1.064,1.031,1.044,1,train,D:/LUMOS/processed/vertebral_rois/patient_199/Lateral/L1.png,True,D:/LUMOS/processed/vertebral_rois/patient_199/Lateral/L2.png,True,D:/LUMOS/processed/vertebral_rois/patient_199/Lateral/L3.png,True,D:/LUMOS/processed/vertebral_rois/patient_199/Lateral/L4.png,True
200,AP,D:/LUMOS/processed/preprocessed_images/patient_200/AP.png,D:/LUMOS/processed/segmentation/pseudo_labels/patient_200_AP_mask.png,True,1.056,0.949,1.003,1.056,1.039,1.096,1.155,0,train,D:/LUMOS/processed/vertebral_rois/patient_200/AP/L1.png,True,D:/LUMOS/processed/vertebral_rois/patient_200/AP/L2.png,True,D:/LUMOS/processed/vertebral_rois/patient_200/AP/L3.png,True,D:/LUMOS/processed/vertebral_rois/patient_200/AP/L4.png,True
200,Lateral,D:/LUMOS/processed/preprocessed_images/patient_200/Lateral.png,D:/LUMOS/processed/segmentation/pseudo_labels/patient_200_Lateral_mask.png,True,1.056,0.949,1.003,1.056,1.039,1.096,1.155,0,train,D:/LUMOS/processed/vertebral_rois/patient_200/Lateral/L1.png,True,D:/LUMOS/processed/vertebral_rois/patient_200/Lateral/L2.png,True,D:/LUMOS/processed/vertebral_rois/patient_200/Lateral/L3.png,True,D:/LUMOS/processed/vertebral_rois/patient_200/Lateral/L4.png,True
201,AP,D:/LUMOS/processed/preprocessed_images/patient_201/AP.png,D:/LUMOS/processed/segmentation/pseudo_labels/patient_201_AP_mask.png,True,1.116,1.114,1.104,1.116,1.065,1.096,1.117,0,train,D:/LUMOS/processed/vertebral_rois/patient_201/AP/L1.png,True,D:/LUMOS/processed/vertebral_rois/patient_201/AP/L2.png,True,D:/LUMOS/processed/vertebral_rois/patient_201/AP/L3.png,True,D:/LUMOS/processed/vertebral_rois/patient_201/AP/L4.png,True
201,Lateral,D:/LUMOS/processed/preprocessed_images/patient_201/Lateral.png,D:/LUMOS/processed/segmentation/pseudo_labels/patient_201_Lateral_mask.png,True,1.116,1.114,1.104,1.116,1.065,1.096,1.117,0,train,D:/LUMOS/processed/vertebral_rois/patient_201/Lateral/L1.png,True,D:/LUMOS/processed/vertebral_rois/patient_201/Lateral/L2.png,True,D:/LUMOS/processed/vertebral_rois/patient_201/Lateral/L3.png,True,D:/LUMOS/processed/vertebral_rois/patient_201/Lateral/L4.png,True
202,AP,D:/LUMOS/processed/preprocessed_images/patient_202/AP.png,D:/LUMOS/processed/segmentation/pseudo_labels/patient_202_AP_mask.png,True,0.81,0.751,0.796,0.81,0.812,0.823,0.857,2,train,D:/LUMOS/processed/vertebral_rois/patient_202/AP/L1.png,True,D:/LUMOS/processed/vertebral_rois/patient_202/AP/L2.png,True,D:/LUMOS/processed/vertebral_rois/patient_202/AP/L3.png,True,D:/LUMOS/processed/vertebral_rois/patient_202/AP/L4.png,True
202,Lateral,D:/LUMOS/processed/preprocessed_images/patient_202/Lateral.png,D:/LUMOS/processed/segmentation/pseudo_labels/patient_202_Lateral_mask.png,True,0.81,0.751,0.796,0.81,0.812,0.823,0.857,2,train,D:/LUMOS/processed/vertebral_rois/patient_202/Lateral/L1.png,True,D:/LUMOS/processed/vertebral_rois/patient_202/Lateral/L2.png,True,D:/LUMOS/processed/vertebral_rois/patient_202/Lateral/L3.png,True,D:/LUMOS/processed/vertebral_rois/patient_202/Lateral/L4.png,True
203,AP,D:/LUMOS/processed/preprocessed_images/patient_203/AP.png,D:/LUMOS/processed/segmentation/pseudo_labels/patient_203_AP_mask.png,True,1.066,1.01,1.067,1.069,1.121,1.103,1.118,0,test,D:/LUMOS/processed/vertebral_rois/patient_203/AP/L1.png,True,D:/LUMOS/processed/vertebral_rois/patient_203/AP/L2.png,True,D:/LUMOS/processed/vertebral_rois/patient_203/AP/L3.png,True,D:/LUMOS/processed/vertebral_rois/patient_203/AP/L4.png,True
203,Lateral,D:/LUMOS/processed/preprocessed_images/patient_203/Lateral.png,D:/LUMOS/processed/segmentation/pseudo_labels/patient_203_Lateral_mask.png,True,1.066,1.01,1.067,1.069,1.121,1.103,1.118,0,test,D:/LUMOS/processed/vertebral_rois/patient_203/Lateral/L1.png,True,D:/LUMOS/processed/vertebral_rois/patient_203/Lateral/L2.png,True,D:/LUMOS/processed/vertebral_rois/patient_203/Lateral/L3.png,True,D:/LUMOS/processed/vertebral_rois/patient_203/Lateral/L4.png,True
204,AP,D:/LUMOS/processed/preprocessed_images/patient_204/AP.png,D:/LUMOS/processed/segmentation/pseudo_labels/patient_204_AP_mask.png,True,1.019,0.982,1.001,1.019,1.035,1.046,1.048,0,test,D:/LUMOS/processed/vertebral_rois/patient_204/AP/L1.png,True,D:/LUMOS/processed/vertebral_rois/patient_204/AP/L2.png,True,D:/LUMOS/processed/vertebral_rois/patient_204/AP/L3.png,True,D:/LUMOS/processed/vertebral_rois/patient_204/AP/L4.png,True
204,Lateral,D:/LUMOS/processed/preprocessed_images/patient_204/Lateral.png,D:/LUMOS/processed/segmentation/pseudo_labels/patient_204_Lateral_mask.png,True,1.019,0.982,1.001,1.019,1.035,1.046,1.048,0,test,D:/LUMOS/processed/vertebral_rois/patient_204/Lateral/L1.png,True,D:/LUMOS/processed/vertebral_rois/patient_204/Lateral/L2.png,True,D:/LUMOS/processed/vertebral_rois/patient_204/Lateral/L3.png,True,D:/LUMOS/processed/vertebral_rois/patient_204/Lateral/L4.png,True
205,AP,D:/LUMOS/processed/preprocessed_images/patient_205/AP.png,D:/LUMOS/processed/segmentation/pseudo_labels/patient_205_AP_mask.png,True,0.797,0.727,0.743,0.797,0.768,0.83,0.865,2,train,D:/LUMOS/processed/vertebral_rois/patient_205/AP/L1.png,True,D:/LUMOS/processed/vertebral_rois/patient_205/AP/L2.png,True,D:/LUMOS/processed/vertebral_rois/patient_205/AP/L3.png,True,D:/LUMOS/processed/vertebral_rois/patient_205/AP/L4.png,True
205,Lateral,D:/LUMOS/processed/preprocessed_images/patient_205/Lateral.png,D:/LUMOS/processed/segmentation/pseudo_labels/patient_205_Lateral_mask.png,True,0.797,0.727,0.743,0.797,0.768,0.83,0.865,2,train,D:/LUMOS/processed/vertebral_rois/patient_205/Lateral/L1.png,True,D:/LUMOS/processed/vertebral_rois/patient_205/Lateral/L2.png,True,D:/LUMOS/processed/vertebral_rois/patient_205/Lateral/L3.png,True,D:/LUMOS/processed/vertebral_rois/patient_205/Lateral/L4.png,True
206,AP,D:/LUMOS/processed/preprocessed_images/patient_206/AP.png,D:/LUMOS/processed/segmentation/pseudo_labels/patient_206_AP_mask.png,True,1.228,1.238,1.225,1.229,1.227,1.232,1.222,0,test,D:/LUMOS/processed/vertebral_rois/patient_206/AP/L1.png,True,D:/LUMOS/processed/vertebral_rois/patient_206/AP/L2.png,True,D:/LUMOS/processed/vertebral_rois/patient_206/AP/L3.png,True,D:/LUMOS/processed/vertebral_rois/patient_206/AP/L4.png,True
206,Lateral,D:/LUMOS/processed/preprocessed_images/patient_206/Lateral.png,D:/LUMOS/processed/segmentation/pseudo_labels/patient_206_Lateral_mask.png,True,1.228,1.238,1.225,1.229,1.227,1.232,1.222,0,test,D:/LUMOS/processed/vertebral_rois/patient_206/Lateral/L1.png,True,D:/LUMOS/processed/vertebral_rois/patient_206/Lateral/L2.png,True,D:/LUMOS/processed/vertebral_rois/patient_206/Lateral/L3.png,True,D:/LUMOS/processed/vertebral_rois/patient_206/Lateral/L4.png,True
207,AP,D:/LUMOS/processed/preprocessed_images/patient_207/AP.png,D:/LUMOS/processed/segmentation/pseudo_labels/patient_207_AP_mask.png,True,0.816012725344645,0.808,0.806,0.816,0.793,0.81,0.822,1,validation,D:/LUMOS/processed/vertebral_rois/patient_207/AP/L1.png,True,D:/LUMOS/processed/vertebral_rois/patient_207/AP/L2.png,True,D:/LUMOS/processed/vertebral_rois/patient_207/AP/L3.png,True,D:/LUMOS/processed/vertebral_rois/patient_207/AP/L4.png,True
207,Lateral,D:/LUMOS/processed/preprocessed_images/patient_207/Lateral.png,D:/LUMOS/processed/segmentation/pseudo_labels/patient_207_Lateral_mask.png,True,0.816012725344645,0.808,0.806,0.816,0.793,0.81,0.822,1,validation,D:/LUMOS/processed/vertebral_rois/patient_207/Lateral/L1.png,True,D:/LUMOS/processed/vertebral_rois/patient_207/Lateral/L2.png,True,D:/LUMOS/processed/vertebral_rois/patient_207/Lateral/L3.png,True,D:/LUMOS/processed/vertebral_rois/patient_207/Lateral/L4.png,True
208,AP,D:/LUMOS/processed/preprocessed_images/patient_208/AP.png,D:/LUMOS/processed/segmentation/pseudo_labels/patient_208_AP_mask.png,True,1.454,1.389,1.409,1.454,1.415,1.472,1.511,0,train,D:/LUMOS/processed/vertebral_rois/patient_208/AP/L1.png,True,D:/LUMOS/processed/vertebral_rois/patient_208/AP/L2.png,True,D:/LUMOS/processed/vertebral_rois/patient_208/AP/L3.png,True,D:/LUMOS/processed/vertebral_rois/patient_208/AP/L4.png,True
208,Lateral,D:/LUMOS/processed/preprocessed_images/patient_208/Lateral.png,D:/LUMOS/processed/segmentation/pseudo_labels/patient_208_Lateral_mask.png,True,1.454,1.389,1.409,1.454,1.415,1.472,1.511,0,train,D:/LUMOS/processed/vertebral_rois/patient_208/Lateral/L1.png,True,D:/LUMOS/processed/vertebral_rois/patient_208/Lateral/L2.png,True,D:/LUMOS/processed/vertebral_rois/patient_208/Lateral/L3.png,True,D:/LUMOS/processed/vertebral_rois/patient_208/Lateral/L4.png,True
209,AP,D:/LUMOS/processed/preprocessed_images/patient_209/AP.png,D:/LUMOS/processed/segmentation/pseudo_labels/patient_209_AP_mask.png,True,0.763,0.731,0.755,0.763,0.771,0.777,0.793,2,train,D:/LUMOS/processed/vertebral_rois/patient_209/AP/L1.png,True,D:/LUMOS/processed/vertebral_rois/patient_209/AP/L2.png,True,D:/LUMOS/processed/vertebral_rois/patient_209/AP/L3.png,True,D:/LUMOS/processed/vertebral_rois/patient_209/AP/L4.png,True
209,Lateral,D:/LUMOS/processed/preprocessed_images/patient_209/Lateral.png,D:/LUMOS/processed/segmentation/pseudo_labels/patient_209_Lateral_mask.png,True,0.763,0.731,0.755,0.763,0.771,0.777,0.793,2,train,D:/LUMOS/processed/vertebral_rois/patient_209/Lateral/L1.png,True,D:/LUMOS/processed/vertebral_rois/patient_209/Lateral/L2.png,True,D:/LUMOS/processed/vertebral_rois/patient_209/Lateral/L3.png,True,D:/LUMOS/processed/vertebral_rois/patient_209/Lateral/L4.png,True
210,AP,D:/LUMOS/processed/preprocessed_images/patient_210/AP.png,D:/LUMOS/processed/segmentation/pseudo_labels/patient_210_AP_mask.png,True,0.758,0.68,0.705,0.758,0.719,0.78,0.822,2,validation,D:/LUMOS/processed/vertebral_rois/patient_210/AP/L1.png,True,D:/LUMOS/processed/vertebral_rois/patient_210/AP/L2.png,True,D:/LUMOS/processed/vertebral_rois/patient_210/AP/L3.png,True,D:/LUMOS/processed/vertebral_rois/patient_210/AP/L4.png,True
210,Lateral,D:/LUMOS/processed/preprocessed_images/patient_210/Lateral.png,D:/LUMOS/processed/segmentation/pseudo_labels/patient_210_Lateral_mask.png,True,0.758,0.68,0.705,0.758,0.719,0.78,0.822,2,validation,D:/LUMOS/processed/vertebral_rois/patient_210/Lateral/L1.png,True,D:/LUMOS/processed/vertebral_rois/patient_210/Lateral/L2.png,True,D:/LUMOS/processed/vertebral_rois/patient_210/Lateral/L3.png,True,D:/LUMOS/processed/vertebral_rois/patient_210/Lateral/L4.png,True
211,AP,D:/LUMOS/processed/preprocessed_images/patient_211/AP.png,D:/LUMOS/processed/segmentation/pseudo_labels/patient_211_AP_mask.png,True,1.068,1.016,1.041,1.068,1.033,1.071,1.114,0,validation,D:/LUMOS/processed/vertebral_rois/patient_211/AP/L1.png,True,D:/LUMOS/processed/vertebral_rois/patient_211/AP/L2.png,True,D:/LUMOS/processed/vertebral_rois/patient_211/AP/L3.png,True,D:/LUMOS/processed/vertebral_rois/patient_211/AP/L4.png,True
211,Lateral,D:/LUMOS/processed/preprocessed_images/patient_211/Lateral.png,D:/LUMOS/processed/segmentation/pseudo_labels/patient_211_Lateral_mask.png,True,1.068,1.016,1.041,1.068,1.033,1.071,1.114,0,validation,D:/LUMOS/processed/vertebral_rois/patient_211/Lateral/L1.png,True,D:/LUMOS/processed/vertebral_rois/patient_211/Lateral/L2.png,True,D:/LUMOS/processed/vertebral_rois/patient_211/Lateral/L3.png,True,D:/LUMOS/processed/vertebral_rois/patient_211/Lateral/L4.png,True
212,AP,D:/LUMOS/processed/preprocessed_images/patient_212/AP.png,D:/LUMOS/processed/segmentation/pseudo_labels/patient_212_AP_mask.png,True,0.741,0.743,0.714,0.741,0.695,0.737,0.738,2,train,D:/LUMOS/processed/vertebral_rois/patient_212/AP/L1.png,True,D:/LUMOS/processed/vertebral_rois/patient_212/AP/L2.png,True,D:/LUMOS/processed/vertebral_rois/patient_212/AP/L3.png,True,D:/LUMOS/processed/vertebral_rois/patient_212/AP/L4.png,True
212,Lateral,D:/LUMOS/processed/preprocessed_images/patient_212/Lateral.png,D:/LUMOS/processed/segmentation/pseudo_labels/patient_212_Lateral_mask.png,True,0.741,0.743,0.714,0.741,0.695,0.737,0.738,2,train,D:/LUMOS/processed/vertebral_rois/patient_212/Lateral/L1.png,True,D:/LUMOS/processed/vertebral_rois/patient_212/Lateral/L2.png,True,D:/LUMOS/processed/vertebral_rois/patient_212/Lateral/L3.png,True,D:/LUMOS/processed/vertebral_rois/patient_212/Lateral/L4.png,True
213,AP,D:/LUMOS/processed/preprocessed_images/patient_213/AP.png,D:/LUMOS/processed/segmentation/pseudo_labels/patient_213_AP_mask.png,True,1.113,1.074,1.09,1.113,1.115,1.134,1.144,0,train,D:/LUMOS/processed/vertebral_rois/patient_213/AP/L1.png,True,D:/LUMOS/processed/vertebral_rois/patient_213/AP/L2.png,True,D:/LUMOS/processed/vertebral_rois/patient_213/AP/L3.png,True,D:/LUMOS/processed/vertebral_rois/patient_213/AP/L4.png,True
213,Lateral,D:/LUMOS/processed/preprocessed_images/patient_213/Lateral.png,D:/LUMOS/processed/segmentation/pseudo_labels/patient_213_Lateral_mask.png,True,1.113,1.074,1.09,1.113,1.115,1.134,1.144,0,train,D:/LUMOS/processed/vertebral_rois/patient_213/Lateral/L1.png,True,D:/LUMOS/processed/vertebral_rois/patient_213/Lateral/L2.png,True,D:/LUMOS/processed/vertebral_rois/patient_213/Lateral/L3.png,True,D:/LUMOS/processed/vertebral_rois/patient_213/Lateral/L4.png,True
214,AP,D:/LUMOS/processed/preprocessed_images/patient_214/AP.png,D:/LUMOS/processed/segmentation/pseudo_labels/patient_214_AP_mask.png,True,1.636,1.465,1.573,1.636,1.698,1.735,1.793,0,train,D:/LUMOS/processed/vertebral_rois/patient_214/AP/L1.png,True,D:/LUMOS/processed/vertebral_rois/patient_214/AP/L2.png,True,D:/LUMOS/processed/vertebral_rois/patient_214/AP/L3.png,True,D:/LUMOS/processed/vertebral_rois/patient_214/AP/L4.png,True
214,Lateral,D:/LUMOS/processed/preprocessed_images/patient_214/Lateral.png,D:/LUMOS/processed/segmentation/pseudo_labels/patient_214_Lateral_mask.png,True,1.636,1.465,1.573,1.636,1.698,1.735,1.793,0,train,D:/LUMOS/processed/vertebral_rois/patient_214/Lateral/L1.png,True,D:/LUMOS/processed/vertebral_rois/patient_214/Lateral/L2.png,True,D:/LUMOS/processed/vertebral_rois/patient_214/Lateral/L3.png,True,D:/LUMOS/processed/vertebral_rois/patient_214/Lateral/L4.png,True
215,AP,D:/LUMOS/processed/preprocessed_images/patient_215/AP.png,D:/LUMOS/processed/segmentation/pseudo_labels/patient_215_AP_mask.png,True,0.844,0.768,0.803,0.844,0.823,0.866,0.9,1,train,D:/LUMOS/processed/vertebral_rois/patient_215/AP/L1.png,True,D:/LUMOS/processed/vertebral_rois/patient_215/AP/L2.png,True,D:/LUMOS/processed/vertebral_rois/patient_215/AP/L3.png,True,D:/LUMOS/processed/vertebral_rois/patient_215/AP/L4.png,True
215,Lateral,D:/LUMOS/processed/preprocessed_images/patient_215/Lateral.png,D:/LUMOS/processed/segmentation/pseudo_labels/patient_215_Lateral_mask.png,True,0.844,0.768,0.803,0.844,0.823,0.866,0.9,1,train,D:/LUMOS/processed/vertebral_rois/patient_215/Lateral/L1.png,True,D:/LUMOS/processed/vertebral_rois/patient_215/Lateral/L2.png,True,D:/LUMOS/processed/vertebral_rois/patient_215/Lateral/L3.png,True,D:/LUMOS/processed/vertebral_rois/patient_215/Lateral/L4.png,True
216,AP,D:/LUMOS/processed/preprocessed_images/patient_216/AP.png,D:/LUMOS/processed/segmentation/pseudo_labels/patient_216_AP_mask.png,True,1.54951345163137,1.501,1.524,1.563,1.566,1.602,1.621,0,test,D:/LUMOS/processed/vertebral_rois/patient_216/AP/L1.png,True,D:/LUMOS/processed/vertebral_rois/patient_216/AP/L2.png,True,D:/LUMOS/processed/vertebral_rois/patient_216/AP/L3.png,False,D:/LUMOS/processed/vertebral_rois/patient_216/AP/L4.png,True
216,Lateral,D:/LUMOS/processed/preprocessed_images/patient_216/Lateral.png,D:/LUMOS/processed/segmentation/pseudo_labels/patient_216_Lateral_mask.png,True,1.54951345163137,1.501,1.524,1.563,1.566,1.602,1.621,0,test,D:/LUMOS/processed/vertebral_rois/patient_216/Lateral/L1.png,True,D:/LUMOS/processed/vertebral_rois/patient_216/Lateral/L2.png,True,D:/LUMOS/processed/vertebral_rois/patient_216/Lateral/L3.png,True,D:/LUMOS/processed/vertebral_rois/patient_216/Lateral/L4.png,True
217,AP,D:/LUMOS/processed/preprocessed_images/patient_217/AP.png,D:/LUMOS/processed/segmentation/pseudo_labels/patient_217_AP_mask.png,True,1.06032575909914,0.999,1.043,1.06,1.061,1.076,1.112,0,train,D:/LUMOS/processed/vertebral_rois/patient_217/AP/L1.png,True,D:/LUMOS/processed/vertebral_rois/patient_217/AP/L2.png,True,D:/LUMOS/processed/vertebral_rois/patient_217/AP/L3.png,True,D:/LUMOS/processed/vertebral_rois/patient_217/AP/L4.png,True
217,Lateral,D:/LUMOS/processed/preprocessed_images/patient_217/Lateral.png,D:/LUMOS/processed/segmentation/pseudo_labels/patient_217_Lateral_mask.png,True,1.06032575909914,0.999,1.043,1.06,1.061,1.076,1.112,0,train,D:/LUMOS/processed/vertebral_rois/patient_217/Lateral/L1.png,True,D:/LUMOS/processed/vertebral_rois/patient_217/Lateral/L2.png,True,D:/LUMOS/processed/vertebral_rois/patient_217/Lateral/L3.png,True,D:/LUMOS/processed/vertebral_rois/patient_217/Lateral/L4.png,True
218,AP,D:/LUMOS/processed/preprocessed_images/patient_218/AP.png,D:/LUMOS/processed/segmentation/pseudo_labels/patient_218_AP_mask.png,True,1.122,0.964,1.044,1.122,1.11,1.181,1.242,0,train,D:/LUMOS/processed/vertebral_rois/patient_218/AP/L1.png,True,D:/LUMOS/processed/vertebral_rois/patient_218/AP/L2.png,False,D:/LUMOS/processed/vertebral_rois/patient_218/AP/L3.png,True,D:/LUMOS/processed/vertebral_rois/patient_218/AP/L4.png,True
218,Lateral,D:/LUMOS/processed/preprocessed_images/patient_218/Lateral.png,D:/LUMOS/processed/segmentation/pseudo_labels/patient_218_Lateral_mask.png,True,1.122,0.964,1.044,1.122,1.11,1.181,1.242,0,train,D:/LUMOS/processed/vertebral_rois/patient_218/Lateral/L1.png,True,D:/LUMOS/processed/vertebral_rois/patient_218/Lateral/L2.png,True,D:/LUMOS/processed/vertebral_rois/patient_218/Lateral/L3.png,True,D:/LUMOS/processed/vertebral_rois/patient_218/Lateral/L4.png,True
219,AP,D:/LUMOS/processed/preprocessed_images/patient_219/AP.png,D:/LUMOS/processed/segmentation/pseudo_labels/patient_219_AP_mask.png,True,1.535,1.432,1.473,1.557,1.506,1.602,1.663,0,train,D:/LUMOS/processed/vertebral_rois/patient_219/AP/L1.png,True,D:/LUMOS/processed/vertebral_rois/patient_219/AP/L2.png,True,D:/LUMOS/processed/vertebral_rois/patient_219/AP/L3.png,False,D:/LUMOS/processed/vertebral_rois/patient_219/AP/L4.png,True
219,Lateral,D:/LUMOS/processed/preprocessed_images/patient_219/Lateral.png,D:/LUMOS/processed/segmentation/pseudo_labels/patient_219_Lateral_mask.png,True,1.535,1.432,1.473,1.557,1.506,1.602,1.663,0,train,D:/LUMOS/processed/vertebral_rois/patient_219/Lateral/L1.png,True,D:/LUMOS/processed/vertebral_rois/patient_219/Lateral/L2.png,True,D:/LUMOS/processed/vertebral_rois/patient_219/Lateral/L3.png,True,D:/LUMOS/processed/vertebral_rois/patient_219/Lateral/L4.png,True
220,AP,D:/LUMOS/processed/preprocessed_images/patient_220/AP.png,D:/LUMOS/processed/segmentation/pseudo_labels/patient_220_AP_mask.png,True,1.145,1.075,1.1,1.145,1.128,1.174,1.203,0,train,D:/LUMOS/processed/vertebral_rois/patient_220/AP/L1.png,True,D:/LUMOS/processed/vertebral_rois/patient_220/AP/L2.png,True,D:/LUMOS/processed/vertebral_rois/patient_220/AP/L3.png,True,D:/LUMOS/processed/vertebral_rois/patient_220/AP/L4.png,True
220,Lateral,D:/LUMOS/processed/preprocessed_images/patient_220/Lateral.png,D:/LUMOS/processed/segmentation/pseudo_labels/patient_220_Lateral_mask.png,True,1.145,1.075,1.1,1.145,1.128,1.174,1.203,0,train,D:/LUMOS/processed/vertebral_rois/patient_220/Lateral/L1.png,True,D:/LUMOS/processed/vertebral_rois/patient_220/Lateral/L2.png,True,D:/LUMOS/processed/vertebral_rois/patient_220/Lateral/L3.png,True,D:/LUMOS/processed/vertebral_rois/patient_220/Lateral/L4.png,True
221,AP,D:/LUMOS/processed/preprocessed_images/patient_221/AP.png,D:/LUMOS/processed/segmentation/pseudo_labels/patient_221_AP_mask.png,True,1.067,0.986,1.022,1.067,1.045,1.097,1.141,0,validation,D:/LUMOS/processed/vertebral_rois/patient_221/AP/L1.png,True,D:/LUMOS/processed/vertebral_rois/patient_221/AP/L2.png,True,D:/LUMOS/processed/vertebral_rois/patient_221/AP/L3.png,True,D:/LUMOS/processed/vertebral_rois/patient_221/AP/L4.png,True
221,Lateral,D:/LUMOS/processed/preprocessed_images/patient_221/Lateral.png,D:/LUMOS/processed/segmentation/pseudo_labels/patient_221_Lateral_mask.png,True,1.067,0.986,1.022,1.067,1.045,1.097,1.141,0,validation,D:/LUMOS/processed/vertebral_rois/patient_221/Lateral/L1.png,True,D:/LUMOS/processed/vertebral_rois/patient_221/Lateral/L2.png,True,D:/LUMOS/processed/vertebral_rois/patient_221/Lateral/L3.png,True,D:/LUMOS/processed/vertebral_rois/patient_221/Lateral/L4.png,True
222,AP,D:/LUMOS/processed/preprocessed_images/patient_222/AP.png,D:/LUMOS/processed/segmentation/pseudo_labels/patient_222_AP_mask.png,True,0.758,0.707,0.737,0.758,0.748,0.77,0.799,2,train,D:/LUMOS/processed/vertebral_rois/patient_222/AP/L1.png,True,D:/LUMOS/processed/vertebral_rois/patient_222/AP/L2.png,True,D:/LUMOS/processed/vertebral_rois/patient_222/AP/L3.png,True,D:/LUMOS/processed/vertebral_rois/patient_222/AP/L4.png,True
222,Lateral,D:/LUMOS/processed/preprocessed_images/patient_222/Lateral.png,D:/LUMOS/processed/segmentation/pseudo_labels/patient_222_Lateral_mask.png,True,0.758,0.707,0.737,0.758,0.748,0.77,0.799,2,train,D:/LUMOS/processed/vertebral_rois/patient_222/Lateral/L1.png,True,D:/LUMOS/processed/vertebral_rois/patient_222/Lateral/L2.png,True,D:/LUMOS/processed/vertebral_rois/patient_222/Lateral/L3.png,True,D:/LUMOS/processed/vertebral_rois/patient_222/Lateral/L4.png,True
223,AP,D:/LUMOS/processed/preprocessed_images/patient_223/AP.png,D:/LUMOS/processed/segmentation/pseudo_labels/patient_223_AP_mask.png,True,1.206,1.059,1.114,1.206,1.159,1.26,1.328,0,train,D:/LUMOS/processed/vertebral_rois/patient_223/AP/L1.png,True,D:/LUMOS/processed/vertebral_rois/patient_223/AP/L2.png,True,D:/LUMOS/processed/vertebral_rois/patient_223/AP/L3.png,True,D:/LUMOS/processed/vertebral_rois/patient_223/AP/L4.png,True
223,Lateral,D:/LUMOS/processed/preprocessed_images/patient_223/Lateral.png,D:/LUMOS/processed/segmentation/pseudo_labels/patient_223_Lateral_mask.png,True,1.206,1.059,1.114,1.206,1.159,1.26,1.328,0,train,D:/LUMOS/processed/vertebral_rois/patient_223/Lateral/L1.png,True,D:/LUMOS/processed/vertebral_rois/patient_223/Lateral/L2.png,True,D:/LUMOS/processed/vertebral_rois/patient_223/Lateral/L3.png,True,D:/LUMOS/processed/vertebral_rois/patient_223/Lateral/L4.png,True
224,AP,D:/LUMOS/processed/preprocessed_images/patient_224/AP.png,D:/LUMOS/processed/segmentation/pseudo_labels/patient_224_AP_mask.png,True,1.315,0.875,1.02,1.316,1.098,1.436,1.631,0,train,D:/LUMOS/processed/vertebral_rois/patient_224/AP/L1.png,True,D:/LUMOS/processed/vertebral_rois/patient_224/AP/L2.png,True,D:/LUMOS/processed/vertebral_rois/patient_224/AP/L3.png,False,D:/LUMOS/processed/vertebral_rois/patient_224/AP/L4.png,True
224,Lateral,D:/LUMOS/processed/preprocessed_images/patient_224/Lateral.png,D:/LUMOS/processed/segmentation/pseudo_labels/patient_224_Lateral_mask.png,True,1.315,0.875,1.02,1.316,1.098,1.436,1.631,0,train,D:/LUMOS/processed/vertebral_rois/patient_224/Lateral/L1.png,True,D:/LUMOS/processed/vertebral_rois/patient_224/Lateral/L2.png,True,D:/LUMOS/processed/vertebral_rois/patient_224/Lateral/L3.png,True,D:/LUMOS/processed/vertebral_rois/patient_224/Lateral/L4.png,True
225,AP,D:/LUMOS/processed/preprocessed_images/patient_225/AP.png,D:/LUMOS/processed/segmentation/pseudo_labels/patient_225_AP_mask.png,True,1.327,1.078,1.178,1.327,1.243,1.413,1.548,0,validation,D:/LUMOS/processed/vertebral_rois/patient_225/AP/L1.png,True,D:/LUMOS/processed/vertebral_rois/patient_225/AP/L2.png,True,D:/LUMOS/processed/vertebral_rois/patient_225/AP/L3.png,True,D:/LUMOS/processed/vertebral_rois/patient_225/AP/L4.png,True
225,Lateral,D:/LUMOS/processed/preprocessed_images/patient_225/Lateral.png,D:/LUMOS/processed/segmentation/pseudo_labels/patient_225_Lateral_mask.png,True,1.327,1.078,1.178,1.327,1.243,1.413,1.548,0,validation,D:/LUMOS/processed/vertebral_rois/patient_225/Lateral/L1.png,True,D:/LUMOS/processed/vertebral_rois/patient_225/Lateral/L2.png,True,D:/LUMOS/processed/vertebral_rois/patient_225/Lateral/L3.png,True,D:/LUMOS/processed/vertebral_rois/patient_225/Lateral/L4.png,True
226,AP,D:/LUMOS/processed/preprocessed_images/patient_226/AP.png,D:/LUMOS/processed/segmentation/pseudo_labels/patient_226_AP_mask.png,True,1.015,0.898,0.968,1.016,1.013,1.055,1.104,0,validation,D:/LUMOS/processed/vertebral_rois/patient_226/AP/L1.png,True,D:/LUMOS/processed/vertebral_rois/patient_226/AP/L2.png,True,D:/LUMOS/processed/vertebral_rois/patient_226/AP/L3.png,True,D:/LUMOS/processed/vertebral_rois/patient_226/AP/L4.png,True
226,Lateral,D:/LUMOS/processed/preprocessed_images/patient_226/Lateral.png,D:/LUMOS/processed/segmentation/pseudo_labels/patient_226_Lateral_mask.png,True,1.015,0.898,0.968,1.016,1.013,1.055,1.104,0,validation,D:/LUMOS/processed/vertebral_rois/patient_226/Lateral/L1.png,True,D:/LUMOS/processed/vertebral_rois/patient_226/Lateral/L2.png,True,D:/LUMOS/processed/vertebral_rois/patient_226/Lateral/L3.png,True,D:/LUMOS/processed/vertebral_rois/patient_226/Lateral/L4.png,True
227,AP,D:/LUMOS/processed/preprocessed_images/patient_227/AP.png,D:/LUMOS/processed/segmentation/pseudo_labels/patient_227_AP_mask.png,True,0.601,0.537,0.565,0.593,0.582,0.611,0.638,2,train,D:/LUMOS/processed/vertebral_rois/patient_227/AP/L1.png,True,D:/LUMOS/processed/vertebral_rois/patient_227/AP/L2.png,True,D:/LUMOS/processed/vertebral_rois/patient_227/AP/L3.png,True,D:/LUMOS/processed/vertebral_rois/patient_227/AP/L4.png,True
227,Lateral,D:/LUMOS/processed/preprocessed_images/patient_227/Lateral.png,D:/LUMOS/processed/segmentation/pseudo_labels/patient_227_Lateral_mask.png,True,0.601,0.537,0.565,0.593,0.582,0.611,0.638,2,train,D:/LUMOS/processed/vertebral_rois/patient_227/Lateral/L1.png,True,D:/LUMOS/processed/vertebral_rois/patient_227/Lateral/L2.png,True,D:/LUMOS/processed/vertebral_rois/patient_227/Lateral/L3.png,True,D:/LUMOS/processed/vertebral_rois/patient_227/Lateral/L4.png,True
228,AP,D:/LUMOS/processed/preprocessed_images/patient_228/AP.png,D:/LUMOS/processed/segmentation/pseudo_labels/patient_228_AP_mask.png,True,0.872,0.856,0.847,0.872,0.854,0.884,0.885,1,validation,D:/LUMOS/processed/vertebral_rois/patient_228/AP/L1.png,True,D:/LUMOS/processed/vertebral_rois/patient_228/AP/L2.png,True,D:/LUMOS/processed/vertebral_rois/patient_228/AP/L3.png,True,D:/LUMOS/processed/vertebral_rois/patient_228/AP/L4.png,True
228,Lateral,D:/LUMOS/processed/preprocessed_images/patient_228/Lateral.png,D:/LUMOS/processed/segmentation/pseudo_labels/patient_228_Lateral_mask.png,True,0.872,0.856,0.847,0.872,0.854,0.884,0.885,1,validation,D:/LUMOS/processed/vertebral_rois/patient_228/Lateral/L1.png,True,D:/LUMOS/processed/vertebral_rois/patient_228/Lateral/L2.png,True,D:/LUMOS/processed/vertebral_rois/patient_228/Lateral/L3.png,True,D:/LUMOS/processed/vertebral_rois/patient_228/Lateral/L4.png,True
229,AP,D:/LUMOS/processed/preprocessed_images/patient_229/AP.png,D:/LUMOS/processed/segmentation/pseudo_labels/patient_229_AP_mask.png,True,0.962,0.886,0.935,0.962,0.991,1.005,1.026,1,test,D:/LUMOS/processed/vertebral_rois/patient_229/AP/L1.png,True,D:/LUMOS/processed/vertebral_rois/patient_229/AP/L2.png,True,D:/LUMOS/processed/vertebral_rois/patient_229/AP/L3.png,True,D:/LUMOS/processed/vertebral_rois/patient_229/AP/L4.png,True
229,Lateral,D:/LUMOS/processed/preprocessed_images/patient_229/Lateral.png,D:/LUMOS/processed/segmentation/pseudo_labels/patient_229_Lateral_mask.png,True,0.962,0.886,0.935,0.962,0.991,1.005,1.026,1,test,D:/LUMOS/processed/vertebral_rois/patient_229/Lateral/L1.png,True,D:/LUMOS/processed/vertebral_rois/patient_229/Lateral/L2.png,True,D:/LUMOS/processed/vertebral_rois/patient_229/Lateral/L3.png,True,D:/LUMOS/processed/vertebral_rois/patient_229/Lateral/L4.png,True
230,AP,D:/LUMOS/processed/preprocessed_images/patient_230/AP.png,D:/LUMOS/processed/segmentation/pseudo_labels/patient_230_AP_mask.png,True,0.912979351032448,0.926,0.931,0.913,0.953,0.921,0.902,1,train,D:/LUMOS/processed/vertebral_rois/patient_230/AP/L1.png,True,D:/LUMOS/processed/vertebral_rois/patient_230/AP/L2.png,True,D:/LUMOS/processed/vertebral_rois/patient_230/AP/L3.png,True,D:/LUMOS/processed/vertebral_rois/patient_230/AP/L4.png,True
230,Lateral,D:/LUMOS/processed/preprocessed_images/patient_230/Lateral.png,D:/LUMOS/processed/segmentation/pseudo_labels/patient_230_Lateral_mask.png,True,0.912979351032448,0.926,0.931,0.913,0.953,0.921,0.902,1,train,D:/LUMOS/processed/vertebral_rois/patient_230/Lateral/L1.png,True,D:/LUMOS/processed/vertebral_rois/patient_230/Lateral/L2.png,True,D:/LUMOS/processed/vertebral_rois/patient_230/Lateral/L3.png,True,D:/LUMOS/processed/vertebral_rois/patient_230/Lateral/L4.png,True
231,AP,D:/LUMOS/processed/preprocessed_images/patient_231/AP.png,D:/LUMOS/processed/segmentation/pseudo_labels/patient_231_AP_mask.png,True,0.792,0.841,0.823,0.792,0.814,0.776,0.746,2,test,D:/LUMOS/processed/vertebral_rois/patient_231/AP/L1.png,True,D:/LUMOS/processed/vertebral_rois/patient_231/AP/L2.png,True,D:/LUMOS/processed/vertebral_rois/patient_231/AP/L3.png,True,D:/LUMOS/processed/vertebral_rois/patient_231/AP/L4.png,True
231,Lateral,D:/LUMOS/processed/preprocessed_images/patient_231/Lateral.png,D:/LUMOS/processed/segmentation/pseudo_labels/patient_231_Lateral_mask.png,True,0.792,0.841,0.823,0.792,0.814,0.776,0.746,2,test,D:/LUMOS/processed/vertebral_rois/patient_231/Lateral/L1.png,True,D:/LUMOS/processed/vertebral_rois/patient_231/Lateral/L2.png,True,D:/LUMOS/processed/vertebral_rois/patient_231/Lateral/L3.png,True,D:/LUMOS/processed/vertebral_rois/patient_231/Lateral/L4.png,True
232,AP,D:/LUMOS/processed/preprocessed_images/patient_232/AP.png,D:/LUMOS/processed/segmentation/pseudo_labels/patient_232_AP_mask.png,True,1.023,0.705,0.913,1.023,1.039,1.147,1.35,0,train,D:/LUMOS/processed/vertebral_rois/patient_232/AP/L1.png,True,D:/LUMOS/processed/vertebral_rois/patient_232/AP/L2.png,True,D:/LUMOS/processed/vertebral_rois/patient_232/AP/L3.png,True,D:/LUMOS/processed/vertebral_rois/patient_232/AP/L4.png,True
232,Lateral,D:/LUMOS/processed/preprocessed_images/patient_232/Lateral.png,D:/LUMOS/processed/segmentation/pseudo_labels/patient_232_Lateral_mask.png,True,1.023,0.705,0.913,1.023,1.039,1.147,1.35,0,train,D:/LUMOS/processed/vertebral_rois/patient_232/Lateral/L1.png,True,D:/LUMOS/processed/vertebral_rois/patient_232/Lateral/L2.png,True,D:/LUMOS/processed/vertebral_rois/patient_232/Lateral/L3.png,True,D:/LUMOS/processed/vertebral_rois/patient_232/Lateral/L4.png,True
233,AP,D:/LUMOS/processed/preprocessed_images/patient_233/AP.png,D:/LUMOS/processed/segmentation/pseudo_labels/patient_233_AP_mask.png,True,0.65,0.692,0.687,0.65,0.706,0.65,0.62,2,validation,D:/LUMOS/processed/vertebral_rois/patient_233/AP/L1.png,True,D:/LUMOS/processed/vertebral_rois/patient_233/AP/L2.png,True,D:/LUMOS/processed/vertebral_rois/patient_233/AP/L3.png,False,D:/LUMOS/processed/vertebral_rois/patient_233/AP/L4.png,True
233,Lateral,D:/LUMOS/processed/preprocessed_images/patient_233/Lateral.png,D:/LUMOS/processed/segmentation/pseudo_labels/patient_233_Lateral_mask.png,True,0.65,0.692,0.687,0.65,0.706,0.65,0.62,2,validation,D:/LUMOS/processed/vertebral_rois/patient_233/Lateral/L1.png,True,D:/LUMOS/processed/vertebral_rois/patient_233/Lateral/L2.png,True,D:/LUMOS/processed/vertebral_rois/patient_233/Lateral/L3.png,True,D:/LUMOS/processed/vertebral_rois/patient_233/Lateral/L4.png,True
234,AP,D:/LUMOS/processed/preprocessed_images/patient_234/AP.png,D:/LUMOS/processed/segmentation/pseudo_labels/patient_234_AP_mask.png,True,0.84,0.889,0.863,0.84,0.841,0.82,0.802,1,train,D:/LUMOS/processed/vertebral_rois/patient_234/AP/L1.png,True,D:/LUMOS/processed/vertebral_rois/patient_234/AP/L2.png,True,D:/LUMOS/processed/vertebral_rois/patient_234/AP/L3.png,True,D:/LUMOS/processed/vertebral_rois/patient_234/AP/L4.png,True
234,Lateral,D:/LUMOS/processed/preprocessed_images/patient_234/Lateral.png,D:/LUMOS/processed/segmentation/pseudo_labels/patient_234_Lateral_mask.png,True,0.84,0.889,0.863,0.84,0.841,0.82,0.802,1,train,D:/LUMOS/processed/vertebral_rois/patient_234/Lateral/L1.png,True,D:/LUMOS/processed/vertebral_rois/patient_234/Lateral/L2.png,True,D:/LUMOS/processed/vertebral_rois/patient_234/Lateral/L3.png,True,D:/LUMOS/processed/vertebral_rois/patient_234/Lateral/L4.png,True
235,AP,D:/LUMOS/processed/preprocessed_images/patient_235/AP.png,D:/LUMOS/processed/segmentation/pseudo_labels/patient_235_AP_mask.png,True,0.807,0.796,0.805,0.807,0.811,0.811,0.816,2,train,D:/LUMOS/processed/vertebral_rois/patient_235/AP/L1.png,True,D:/LUMOS/processed/vertebral_rois/patient_235/AP/L2.png,True,D:/LUMOS/processed/vertebral_rois/patient_235/AP/L3.png,True,D:/LUMOS/processed/vertebral_rois/patient_235/AP/L4.png,True
235,Lateral,D:/LUMOS/processed/preprocessed_images/patient_235/Lateral.png,D:/LUMOS/processed/segmentation/pseudo_labels/patient_235_Lateral_mask.png,True,0.807,0.796,0.805,0.807,0.811,0.811,0.816,2,train,D:/LUMOS/processed/vertebral_rois/patient_235/Lateral/L1.png,True,D:/LUMOS/processed/vertebral_rois/patient_235/Lateral/L2.png,True,D:/LUMOS/processed/vertebral_rois/patient_235/Lateral/L3.png,True,D:/LUMOS/processed/vertebral_rois/patient_235/Lateral/L4.png,False
236,AP,D:/LUMOS/processed/preprocessed_images/patient_236/AP.png,D:/LUMOS/processed/segmentation/pseudo_labels/patient_236_AP_mask.png,True,0.904,0.863,0.898,0.904,0.92,0.92,0.94,1,train,D:/LUMOS/processed/vertebral_rois/patient_236/AP/L1.png,True,D:/LUMOS/processed/vertebral_rois/patient_236/AP/L2.png,False,D:/LUMOS/processed/vertebral_rois/patient_236/AP/L3.png,True,D:/LUMOS/processed/vertebral_rois/patient_236/AP/L4.png,True
236,Lateral,D:/LUMOS/processed/preprocessed_images/patient_236/Lateral.png,D:/LUMOS/processed/segmentation/pseudo_labels/patient_236_Lateral_mask.png,True,0.904,0.863,0.898,0.904,0.92,0.92,0.94,1,train,D:/LUMOS/processed/vertebral_rois/patient_236/Lateral/L1.png,True,D:/LUMOS/processed/vertebral_rois/patient_236/Lateral/L2.png,True,D:/LUMOS/processed/vertebral_rois/patient_236/Lateral/L3.png,True,D:/LUMOS/processed/vertebral_rois/patient_236/Lateral/L4.png,True
237,AP,D:/LUMOS/processed/preprocessed_images/patient_237/AP.png,D:/LUMOS/processed/segmentation/pseudo_labels/patient_237_AP_mask.png,True,0.891,0.868,0.889,0.891,0.88,0.886,0.911,1,train,D:/LUMOS/processed/vertebral_rois/patient_237/AP/L1.png,True,D:/LUMOS/processed/vertebral_rois/patient_237/AP/L2.png,True,D:/LUMOS/processed/vertebral_rois/patient_237/AP/L3.png,True,D:/LUMOS/processed/vertebral_rois/patient_237/AP/L4.png,True
237,Lateral,D:/LUMOS/processed/preprocessed_images/patient_237/Lateral.png,D:/LUMOS/processed/segmentation/pseudo_labels/patient_237_Lateral_mask.png,True,0.891,0.868,0.889,0.891,0.88,0.886,0.911,1,train,D:/LUMOS/processed/vertebral_rois/patient_237/Lateral/L1.png,True,D:/LUMOS/processed/vertebral_rois/patient_237/Lateral/L2.png,True,D:/LUMOS/processed/vertebral_rois/patient_237/Lateral/L3.png,True,D:/LUMOS/processed/vertebral_rois/patient_237/Lateral/L4.png,True
238,AP,D:/LUMOS/processed/preprocessed_images/patient_238/AP.png,D:/LUMOS/processed/segmentation/pseudo_labels/patient_238_AP_mask.png,True,1.211,1.154,1.176,1.211,1.18,1.224,1.261,0,validation,D:/LUMOS/processed/vertebral_rois/patient_238/AP/L1.png,True,D:/LUMOS/processed/vertebral_rois/patient_238/AP/L2.png,True,D:/LUMOS/processed/vertebral_rois/patient_238/AP/L3.png,True,D:/LUMOS/processed/vertebral_rois/patient_238/AP/L4.png,True
238,Lateral,D:/LUMOS/processed/preprocessed_images/patient_238/Lateral.png,D:/LUMOS/processed/segmentation/pseudo_labels/patient_238_Lateral_mask.png,True,1.211,1.154,1.176,1.211,1.18,1.224,1.261,0,validation,D:/LUMOS/processed/vertebral_rois/patient_238/Lateral/L1.png,True,D:/LUMOS/processed/vertebral_rois/patient_238/Lateral/L2.png,True,D:/LUMOS/processed/vertebral_rois/patient_238/Lateral/L3.png,True,D:/LUMOS/processed/vertebral_rois/patient_238/Lateral/L4.png,True
239,AP,D:/LUMOS/processed/preprocessed_images/patient_239/AP.png,D:/LUMOS/processed/segmentation/pseudo_labels/patient_239_AP_mask.png,True,0.736,0.731,0.758,0.735,0.768,0.735,0.738,2,train,D:/LUMOS/processed/vertebral_rois/patient_239/AP/L1.png,True,D:/LUMOS/processed/vertebral_rois/patient_239/AP/L2.png,True,D:/LUMOS/processed/vertebral_rois/patient_239/AP/L3.png,True,D:/LUMOS/processed/vertebral_rois/patient_239/AP/L4.png,True
239,Lateral,D:/LUMOS/processed/preprocessed_images/patient_239/Lateral.png,D:/LUMOS/processed/segmentation/pseudo_labels/patient_239_Lateral_mask.png,True,0.736,0.731,0.758,0.735,0.768,0.735,0.738,2,train,D:/LUMOS/processed/vertebral_rois/patient_239/Lateral/L1.png,True,D:/LUMOS/processed/vertebral_rois/patient_239/Lateral/L2.png,True,D:/LUMOS/processed/vertebral_rois/patient_239/Lateral/L3.png,True,D:/LUMOS/processed/vertebral_rois/patient_239/Lateral/L4.png,True
240,AP,D:/LUMOS/processed/preprocessed_images/patient_240/AP.png,D:/LUMOS/processed/segmentation/pseudo_labels/patient_240_AP_mask.png,True,0.852,0.852,0.86,0.852,0.841,0.838,0.852,1,train,D:/LUMOS/processed/vertebral_rois/patient_240/AP/L1.png,True,D:/LUMOS/processed/vertebral_rois/patient_240/AP/L2.png,True,D:/LUMOS/processed/vertebral_rois/patient_240/AP/L3.png,True,D:/LUMOS/processed/vertebral_rois/patient_240/AP/L4.png,True
240,Lateral,D:/LUMOS/processed/preprocessed_images/patient_240/Lateral.png,D:/LUMOS/processed/segmentation/pseudo_labels/patient_240_Lateral_mask.png,True,0.852,0.852,0.86,0.852,0.841,0.838,0.852,1,train,D:/LUMOS/processed/vertebral_rois/patient_240/Lateral/L1.png,True,D:/LUMOS/processed/vertebral_rois/patient_240/Lateral/L2.png,True,D:/LUMOS/processed/vertebral_rois/patient_240/Lateral/L3.png,True,D:/LUMOS/processed/vertebral_rois/patient_240/Lateral/L4.png,True
241,AP,D:/LUMOS/processed/preprocessed_images/patient_241/AP.png,D:/LUMOS/processed/segmentation/pseudo_labels/patient_241_AP_mask.png,True,0.784,0.761,0.759,0.784,0.755,0.788,0.803,2,test,D:/LUMOS/processed/vertebral_rois/patient_241/AP/L1.png,True,D:/LUMOS/processed/vertebral_rois/patient_241/AP/L2.png,True,D:/LUMOS/processed/vertebral_rois/patient_241/AP/L3.png,True,D:/LUMOS/processed/vertebral_rois/patient_241/AP/L4.png,True
241,Lateral,D:/LUMOS/processed/preprocessed_images/patient_241/Lateral.png,D:/LUMOS/processed/segmentation/pseudo_labels/patient_241_Lateral_mask.png,True,0.784,0.761,0.759,0.784,0.755,0.788,0.803,2,test,D:/LUMOS/processed/vertebral_rois/patient_241/Lateral/L1.png,True,D:/LUMOS/processed/vertebral_rois/patient_241/Lateral/L2.png,True,D:/LUMOS/processed/vertebral_rois/patient_241/Lateral/L3.png,True,D:/LUMOS/processed/vertebral_rois/patient_241/Lateral/L4.png,True
242,AP,D:/LUMOS/processed/preprocessed_images/patient_242/AP.png,D:/LUMOS/processed/segmentation/pseudo_labels/patient_242_AP_mask.png,True,0.915,0.898,0.936,0.943,0.979,0.972,0.978,1,train,D:/LUMOS/processed/vertebral_rois/patient_242/AP/L1.png,True,D:/LUMOS/processed/vertebral_rois/patient_242/AP/L2.png,True,D:/LUMOS/processed/vertebral_rois/patient_242/AP/L3.png,True,D:/LUMOS/processed/vertebral_rois/patient_242/AP/L4.png,True
242,Lateral,D:/LUMOS/processed/preprocessed_images/patient_242/Lateral.png,D:/LUMOS/processed/segmentation/pseudo_labels/patient_242_Lateral_mask.png,True,0.915,0.898,0.936,0.943,0.979,0.972,0.978,1,train,D:/LUMOS/processed/vertebral_rois/patient_242/Lateral/L1.png,True,D:/LUMOS/processed/vertebral_rois/patient_242/Lateral/L2.png,True,D:/LUMOS/processed/vertebral_rois/patient_242/Lateral/L3.png,True,D:/LUMOS/processed/vertebral_rois/patient_242/Lateral/L4.png,True
243,AP,D:/LUMOS/processed/preprocessed_images/patient_243/AP.png,D:/LUMOS/processed/segmentation/pseudo_labels/patient_243_AP_mask.png,True,1.032,0.993,1.019,1.033,1.047,1.057,1.071,0,test,D:/LUMOS/processed/vertebral_rois/patient_243/AP/L1.png,True,D:/LUMOS/processed/vertebral_rois/patient_243/AP/L2.png,True,D:/LUMOS/processed/vertebral_rois/patient_243/AP/L3.png,True,D:/LUMOS/processed/vertebral_rois/patient_243/AP/L4.png,True
243,Lateral,D:/LUMOS/processed/preprocessed_images/patient_243/Lateral.png,D:/LUMOS/processed/segmentation/pseudo_labels/patient_243_Lateral_mask.png,True,1.032,0.993,1.019,1.033,1.047,1.057,1.071,0,test,D:/LUMOS/processed/vertebral_rois/patient_243/Lateral/L1.png,True,D:/LUMOS/processed/vertebral_rois/patient_243/Lateral/L2.png,True,D:/LUMOS/processed/vertebral_rois/patient_243/Lateral/L3.png,True,D:/LUMOS/processed/vertebral_rois/patient_243/Lateral/L4.png,True
244,AP,D:/LUMOS/processed/preprocessed_images/patient_244/AP.png,D:/LUMOS/processed/segmentation/pseudo_labels/patient_244_AP_mask.png,True,1.474,1.334,1.436,1.474,1.531,1.545,1.591,0,train,D:/LUMOS/processed/vertebral_rois/patient_244/AP/L1.png,True,D:/LUMOS/processed/vertebral_rois/patient_244/AP/L2.png,True,D:/LUMOS/processed/vertebral_rois/patient_244/AP/L3.png,True,D:/LUMOS/processed/vertebral_rois/patient_244/AP/L4.png,True
244,Lateral,D:/LUMOS/processed/preprocessed_images/patient_244/Lateral.png,D:/LUMOS/processed/segmentation/pseudo_labels/patient_244_Lateral_mask.png,True,1.474,1.334,1.436,1.474,1.531,1.545,1.591,0,train,D:/LUMOS/processed/vertebral_rois/patient_244/Lateral/L1.png,True,D:/LUMOS/processed/vertebral_rois/patient_244/Lateral/L2.png,True,D:/LUMOS/processed/vertebral_rois/patient_244/Lateral/L3.png,True,D:/LUMOS/processed/vertebral_rois/patient_244/Lateral/L4.png,True
245,AP,D:/LUMOS/processed/preprocessed_images/patient_245/AP.png,D:/LUMOS/processed/segmentation/pseudo_labels/patient_245_AP_mask.png,True,0.714117647058824,0.599,0.688,0.713,0.75,0.76,0.813,2,train,D:/LUMOS/processed/vertebral_rois/patient_245/AP/L1.png,True,D:/LUMOS/processed/vertebral_rois/patient_245/AP/L2.png,True,D:/LUMOS/processed/vertebral_rois/patient_245/AP/L3.png,True,D:/LUMOS/processed/vertebral_rois/patient_245/AP/L4.png,True
245,Lateral,D:/LUMOS/processed/preprocessed_images/patient_245/Lateral.png,D:/LUMOS/processed/segmentation/pseudo_labels/patient_245_Lateral_mask.png,True,0.714117647058824,0.599,0.688,0.713,0.75,0.76,0.813,2,train,D:/LUMOS/processed/vertebral_rois/patient_245/Lateral/L1.png,True,D:/LUMOS/processed/vertebral_rois/patient_245/Lateral/L2.png,True,D:/LUMOS/processed/vertebral_rois/patient_245/Lateral/L3.png,False,D:/LUMOS/processed/vertebral_rois/patient_245/Lateral/L4.png,True
246,AP,D:/LUMOS/processed/preprocessed_images/patient_246/AP.png,D:/LUMOS/processed/segmentation/pseudo_labels/patient_246_AP_mask.png,True,0.732265910012161,0.768,0.728,0.732,0.684,0.703,0.696,2,train,D:/LUMOS/processed/vertebral_rois/patient_246/AP/L1.png,True,D:/LUMOS/processed/vertebral_rois/patient_246/AP/L2.png,True,D:/LUMOS/processed/vertebral_rois/patient_246/AP/L3.png,True,D:/LUMOS/processed/vertebral_rois/patient_246/AP/L4.png,True
246,Lateral,D:/LUMOS/processed/preprocessed_images/patient_246/Lateral.png,D:/LUMOS/processed/segmentation/pseudo_labels/patient_246_Lateral_mask.png,True,0.732265910012161,0.768,0.728,0.732,0.684,0.703,0.696,2,train,D:/LUMOS/processed/vertebral_rois/patient_246/Lateral/L1.png,True,D:/LUMOS/processed/vertebral_rois/patient_246/Lateral/L2.png,True,D:/LUMOS/processed/vertebral_rois/patient_246/Lateral/L3.png,True,D:/LUMOS/processed/vertebral_rois/patient_246/Lateral/L4.png,True
247,AP,D:/LUMOS/processed/preprocessed_images/patient_247/AP.png,D:/LUMOS/processed/segmentation/pseudo_labels/patient_247_AP_mask.png,True,1.09606481481481,0.991,1.053,1.096,1.093,1.131,1.175,0,train,D:/LUMOS/processed/vertebral_rois/patient_247/AP/L1.png,True,D:/LUMOS/processed/vertebral_rois/patient_247/AP/L2.png,True,D:/LUMOS/processed/vertebral_rois/patient_247/AP/L3.png,True,D:/LUMOS/processed/vertebral_rois/patient_247/AP/L4.png,True
247,Lateral,D:/LUMOS/processed/preprocessed_images/patient_247/Lateral.png,D:/LUMOS/processed/segmentation/pseudo_labels/patient_247_Lateral_mask.png,True,1.09606481481481,0.991,1.053,1.096,1.093,1.131,1.175,0,train,D:/LUMOS/processed/vertebral_rois/patient_247/Lateral/L1.png,True,D:/LUMOS/processed/vertebral_rois/patient_247/Lateral/L2.png,True,D:/LUMOS/processed/vertebral_rois/patient_247/Lateral/L3.png,True,D:/LUMOS/processed/vertebral_rois/patient_247/Lateral/L4.png,False
248,AP,D:/LUMOS/processed/preprocessed_images/patient_248/AP.png,D:/LUMOS/processed/segmentation/pseudo_labels/patient_248_AP_mask.png,True,0.985,0.903,0.934,0.985,0.972,1.022,1.052,1,train,D:/LUMOS/processed/vertebral_rois/patient_248/AP/L1.png,True,D:/LUMOS/processed/vertebral_rois/patient_248/AP/L2.png,True,D:/LUMOS/processed/vertebral_rois/patient_248/AP/L3.png,True,D:/LUMOS/processed/vertebral_rois/patient_248/AP/L4.png,True
248,Lateral,D:/LUMOS/processed/preprocessed_images/patient_248/Lateral.png,D:/LUMOS/processed/segmentation/pseudo_labels/patient_248_Lateral_mask.png,True,0.985,0.903,0.934,0.985,0.972,1.022,1.052,1,train,D:/LUMOS/processed/vertebral_rois/patient_248/Lateral/L1.png,True,D:/LUMOS/processed/vertebral_rois/patient_248/Lateral/L2.png,True,D:/LUMOS/processed/vertebral_rois/patient_248/Lateral/L3.png,True,D:/LUMOS/processed/vertebral_rois/patient_248/Lateral/L4.png,True
249,AP,D:/LUMOS/processed/preprocessed_images/patient_249/AP.png,D:/LUMOS/processed/segmentation/pseudo_labels/patient_249_AP_mask.png,True,1.06,1.076,1.075,1.06,1.109,1.079,1.044,0,train,D:/LUMOS/processed/vertebral_rois/patient_249/AP/L1.png,True,D:/LUMOS/processed/vertebral_rois/patient_249/AP/L2.png,True,D:/LUMOS/processed/vertebral_rois/patient_249/AP/L3.png,True,D:/LUMOS/processed/vertebral_rois/patient_249/AP/L4.png,True
249,Lateral,D:/LUMOS/processed/preprocessed_images/patient_249/Lateral.png,D:/LUMOS/processed/segmentation/pseudo_labels/patient_249_Lateral_mask.png,True,1.06,1.076,1.075,1.06,1.109,1.079,1.044,0,train,D:/LUMOS/processed/vertebral_rois/patient_249/Lateral/L1.png,True,D:/LUMOS/processed/vertebral_rois/patient_249/Lateral/L2.png,True,D:/LUMOS/processed/vertebral_rois/patient_249/Lateral/L3.png,True,D:/LUMOS/processed/vertebral_rois/patient_249/Lateral/L4.png,True
250,AP,D:/LUMOS/processed/preprocessed_images/patient_250/AP.png,D:/LUMOS/processed/segmentation/pseudo_labels/patient_250_AP_mask.png,True,1.06,0.965,1.032,1.06,1.09,1.105,1.144,0,test,D:/LUMOS/processed/vertebral_rois/patient_250/AP/L1.png,True,D:/LUMOS/processed/vertebral_rois/patient_250/AP/L2.png,True,D:/LUMOS/processed/vertebral_rois/patient_250/AP/L3.png,True,D:/LUMOS/processed/vertebral_rois/patient_250/AP/L4.png,True
250,Lateral,D:/LUMOS/processed/preprocessed_images/patient_250/Lateral.png,D:/LUMOS/processed/segmentation/pseudo_labels/patient_250_Lateral_mask.png,True,1.06,0.965,1.032,1.06,1.09,1.105,1.144,0,test,D:/LUMOS/processed/vertebral_rois/patient_250/Lateral/L1.png,True,D:/LUMOS/processed/vertebral_rois/patient_250/Lateral/L2.png,True,D:/LUMOS/processed/vertebral_rois/patient_250/Lateral/L3.png,True,D:/LUMOS/processed/vertebral_rois/patient_250/Lateral/L4.png,True
251,AP,D:/LUMOS/processed/preprocessed_images/patient_251/AP.png,D:/LUMOS/processed/segmentation/pseudo_labels/patient_251_AP_mask.png,True,1.061,0.962,1.026,1.061,1.062,1.093,1.145,0,train,D:/LUMOS/processed/vertebral_rois/patient_251/AP/L1.png,True,D:/LUMOS/processed/vertebral_rois/patient_251/AP/L2.png,True,D:/LUMOS/processed/vertebral_rois/patient_251/AP/L3.png,True,D:/LUMOS/processed/vertebral_rois/patient_251/AP/L4.png,True
251,Lateral,D:/LUMOS/processed/preprocessed_images/patient_251/Lateral.png,D:/LUMOS/processed/segmentation/pseudo_labels/patient_251_Lateral_mask.png,True,1.061,0.962,1.026,1.061,1.062,1.093,1.145,0,train,D:/LUMOS/processed/vertebral_rois/patient_251/Lateral/L1.png,True,D:/LUMOS/processed/vertebral_rois/patient_251/Lateral/L2.png,True,D:/LUMOS/processed/vertebral_rois/patient_251/Lateral/L3.png,True,D:/LUMOS/processed/vertebral_rois/patient_251/Lateral/L4.png,True
252,AP,D:/LUMOS/processed/preprocessed_images/patient_252/AP.png,D:/LUMOS/processed/segmentation/pseudo_labels/patient_252_AP_mask.png,True,1.196,1.123,1.163,1.196,1.174,1.213,1.259,0,train,D:/LUMOS/processed/vertebral_rois/patient_252/AP/L1.png,True,D:/LUMOS/processed/vertebral_rois/patient_252/AP/L2.png,True,D:/LUMOS/processed/vertebral_rois/patient_252/AP/L3.png,True,D:/LUMOS/processed/vertebral_rois/patient_252/AP/L4.png,False
252,Lateral,D:/LUMOS/processed/preprocessed_images/patient_252/Lateral.png,D:/LUMOS/processed/segmentation/pseudo_labels/patient_252_Lateral_mask.png,True,1.196,1.123,1.163,1.196,1.174,1.213,1.259,0,train,D:/LUMOS/processed/vertebral_rois/patient_252/Lateral/L1.png,True,D:/LUMOS/processed/vertebral_rois/patient_252/Lateral/L2.png,True,D:/LUMOS/processed/vertebral_rois/patient_252/Lateral/L3.png,True,D:/LUMOS/processed/vertebral_rois/patient_252/Lateral/L4.png,True
253,AP,D:/LUMOS/processed/preprocessed_images/patient_253/AP.png,D:/LUMOS/processed/segmentation/pseudo_labels/patient_253_AP_mask.png,True,0.745,0.665,0.723,0.745,0.775,0.783,0.811,2,train,D:/LUMOS/processed/vertebral_rois/patient_253/AP/L1.png,True,D:/LUMOS/processed/vertebral_rois/patient_253/AP/L2.png,True,D:/LUMOS/processed/vertebral_rois/patient_253/AP/L3.png,True,D:/LUMOS/processed/vertebral_rois/patient_253/AP/L4.png,True
253,Lateral,D:/LUMOS/processed/preprocessed_images/patient_253/Lateral.png,D:/LUMOS/processed/segmentation/pseudo_labels/patient_253_Lateral_mask.png,True,0.745,0.665,0.723,0.745,0.775,0.783,0.811,2,train,D:/LUMOS/processed/vertebral_rois/patient_253/Lateral/L1.png,True,D:/LUMOS/processed/vertebral_rois/patient_253/Lateral/L2.png,True,D:/LUMOS/processed/vertebral_rois/patient_253/Lateral/L3.png,True,D:/LUMOS/processed/vertebral_rois/patient_253/Lateral/L4.png,True
254,AP,D:/LUMOS/processed/preprocessed_images/patient_254/AP.png,D:/LUMOS/processed/segmentation/pseudo_labels/patient_254_AP_mask.png,True,0.84,0.844,0.849,0.84,0.845,0.836,0.837,1,train,D:/LUMOS/processed/vertebral_rois/patient_254/AP/L1.png,True,D:/LUMOS/processed/vertebral_rois/patient_254/AP/L2.png,True,D:/LUMOS/processed/vertebral_rois/patient_254/AP/L3.png,True,D:/LUMOS/processed/vertebral_rois/patient_254/AP/L4.png,True
254,Lateral,D:/LUMOS/processed/preprocessed_images/patient_254/Lateral.png,D:/LUMOS/processed/segmentation/pseudo_labels/patient_254_Lateral_mask.png,True,0.84,0.844,0.849,0.84,0.845,0.836,0.837,1,train,D:/LUMOS/processed/vertebral_rois/patient_254/Lateral/L1.png,True,D:/LUMOS/processed/vertebral_rois/patient_254/Lateral/L2.png,True,D:/LUMOS/processed/vertebral_rois/patient_254/Lateral/L3.png,True,D:/LUMOS/processed/vertebral_rois/patient_254/Lateral/L4.png,True
255,AP,D:/LUMOS/processed/preprocessed_images/patient_255/AP.png,D:/LUMOS/processed/segmentation/pseudo_labels/patient_255_AP_mask.png,True,1.085,1.03,1.06,1.085,1.098,1.115,1.131,0,train,D:/LUMOS/processed/vertebral_rois/patient_255/AP/L1.png,True,D:/LUMOS/processed/vertebral_rois/patient_255/AP/L2.png,True,D:/LUMOS/processed/vertebral_rois/patient_255/AP/L3.png,True,D:/LUMOS/processed/vertebral_rois/patient_255/AP/L4.png,True
255,Lateral,D:/LUMOS/processed/preprocessed_images/patient_255/Lateral.png,D:/LUMOS/processed/segmentation/pseudo_labels/patient_255_Lateral_mask.png,True,1.085,1.03,1.06,1.085,1.098,1.115,1.131,0,train,D:/LUMOS/processed/vertebral_rois/patient_255/Lateral/L1.png,True,D:/LUMOS/processed/vertebral_rois/patient_255/Lateral/L2.png,True,D:/LUMOS/processed/vertebral_rois/patient_255/Lateral/L3.png,True,D:/LUMOS/processed/vertebral_rois/patient_255/Lateral/L4.png,True
256,AP,D:/LUMOS/processed/preprocessed_images/patient_256/AP.png,D:/LUMOS/processed/segmentation/pseudo_labels/patient_256_AP_mask.png,True,0.504,0.501,0.527,0.504,0.524,0.496,0.507,2,validation,D:/LUMOS/processed/vertebral_rois/patient_256/AP/L1.png,True,D:/LUMOS/processed/vertebral_rois/patient_256/AP/L2.png,True,D:/LUMOS/processed/vertebral_rois/patient_256/AP/L3.png,True,D:/LUMOS/processed/vertebral_rois/patient_256/AP/L4.png,True
256,Lateral,D:/LUMOS/processed/preprocessed_images/patient_256/Lateral.png,D:/LUMOS/processed/segmentation/pseudo_labels/patient_256_Lateral_mask.png,True,0.504,0.501,0.527,0.504,0.524,0.496,0.507,2,validation,D:/LUMOS/processed/vertebral_rois/patient_256/Lateral/L1.png,True,D:/LUMOS/processed/vertebral_rois/patient_256/Lateral/L2.png,False,D:/LUMOS/processed/vertebral_rois/patient_256/Lateral/L3.png,False,D:/LUMOS/processed/vertebral_rois/patient_256/Lateral/L4.png,True
257,AP,D:/LUMOS/processed/preprocessed_images/patient_257/AP.png,D:/LUMOS/processed/segmentation/pseudo_labels/patient_257_AP_mask.png,True,1.26901628373857,1.109,1.196,1.273,1.275,1.346,1.419,0,train,D:/LUMOS/processed/vertebral_rois/patient_257/AP/L1.png,True,D:/LUMOS/processed/vertebral_rois/patient_257/AP/L2.png,True,D:/LUMOS/processed/vertebral_rois/patient_257/AP/L3.png,True,D:/LUMOS/processed/vertebral_rois/patient_257/AP/L4.png,True
257,Lateral,D:/LUMOS/processed/preprocessed_images/patient_257/Lateral.png,D:/LUMOS/processed/segmentation/pseudo_labels/patient_257_Lateral_mask.png,True,1.26901628373857,1.109,1.196,1.273,1.275,1.346,1.419,0,train,D:/LUMOS/processed/vertebral_rois/patient_257/Lateral/L1.png,True,D:/LUMOS/processed/vertebral_rois/patient_257/Lateral/L2.png,True,D:/LUMOS/processed/vertebral_rois/patient_257/Lateral/L3.png,True,D:/LUMOS/processed/vertebral_rois/patient_257/Lateral/L4.png,True
258,AP,D:/LUMOS/processed/preprocessed_images/patient_258/AP.png,D:/LUMOS/processed/segmentation/pseudo_labels/patient_258_AP_mask.png,True,1.30515423662632,1.231,1.306,1.305,1.34,1.327,1.365,0,train,D:/LUMOS/processed/vertebral_rois/patient_258/AP/L1.png,True,D:/LUMOS/processed/vertebral_rois/patient_258/AP/L2.png,True,D:/LUMOS/processed/vertebral_rois/patient_258/AP/L3.png,True,D:/LUMOS/processed/vertebral_rois/patient_258/AP/L4.png,True
258,Lateral,D:/LUMOS/processed/preprocessed_images/patient_258/Lateral.png,D:/LUMOS/processed/segmentation/pseudo_labels/patient_258_Lateral_mask.png,True,1.30515423662632,1.231,1.306,1.305,1.34,1.327,1.365,0,train,D:/LUMOS/processed/vertebral_rois/patient_258/Lateral/L1.png,True,D:/LUMOS/processed/vertebral_rois/patient_258/Lateral/L2.png,True,D:/LUMOS/processed/vertebral_rois/patient_258/Lateral/L3.png,True,D:/LUMOS/processed/vertebral_rois/patient_258/Lateral/L4.png,True
259,AP,D:/LUMOS/processed/preprocessed_images/patient_259/AP.png,D:/LUMOS/processed/segmentation/pseudo_labels/patient_259_AP_mask.png,True,0.59,0.549,0.562,0.59,0.568,0.6,0.623,2,train,D:/LUMOS/processed/vertebral_rois/patient_259/AP/L1.png,True,D:/LUMOS/processed/vertebral_rois/patient_259/AP/L2.png,True,D:/LUMOS/processed/vertebral_rois/patient_259/AP/L3.png,True,D:/LUMOS/processed/vertebral_rois/patient_259/AP/L4.png,True
259,Lateral,D:/LUMOS/processed/preprocessed_images/patient_259/Lateral.png,D:/LUMOS/processed/segmentation/pseudo_labels/patient_259_Lateral_mask.png,True,0.59,0.549,0.562,0.59,0.568,0.6,0.623,2,train,D:/LUMOS/processed/vertebral_rois/patient_259/Lateral/L1.png,True,D:/LUMOS/processed/vertebral_rois/patient_259/Lateral/L2.png,True,D:/LUMOS/processed/vertebral_rois/patient_259/Lateral/L3.png,True,D:/LUMOS/processed/vertebral_rois/patient_259/Lateral/L4.png,True
260,AP,D:/LUMOS/processed/preprocessed_images/patient_260/AP.png,D:/LUMOS/processed/segmentation/pseudo_labels/patient_260_AP_mask.png,True,1.055,1.027,1.03,1.055,1.025,1.059,1.08,0,train,D:/LUMOS/processed/vertebral_rois/patient_260/AP/L1.png,True,D:/LUMOS/processed/vertebral_rois/patient_260/AP/L2.png,True,D:/LUMOS/processed/vertebral_rois/patient_260/AP/L3.png,True,D:/LUMOS/processed/vertebral_rois/patient_260/AP/L4.png,True
260,Lateral,D:/LUMOS/processed/preprocessed_images/patient_260/Lateral.png,D:/LUMOS/processed/segmentation/pseudo_labels/patient_260_Lateral_mask.png,True,1.055,1.027,1.03,1.055,1.025,1.059,1.08,0,train,D:/LUMOS/processed/vertebral_rois/patient_260/Lateral/L1.png,True,D:/LUMOS/processed/vertebral_rois/patient_260/Lateral/L2.png,True,D:/LUMOS/processed/vertebral_rois/patient_260/Lateral/L3.png,True,D:/LUMOS/processed/vertebral_rois/patient_260/Lateral/L4.png,True
261,AP,D:/LUMOS/processed/preprocessed_images/patient_261/AP.png,D:/LUMOS/processed/segmentation/pseudo_labels/patient_261_AP_mask.png,True,0.761797752808989,0.677,0.719,0.759,0.772,0.801,0.821,2,train,D:/LUMOS/processed/vertebral_rois/patient_261/AP/L1.png,True,D:/LUMOS/processed/vertebral_rois/patient_261/AP/L2.png,True,D:/LUMOS/processed/vertebral_rois/patient_261/AP/L3.png,True,D:/LUMOS/processed/vertebral_rois/patient_261/AP/L4.png,True
261,Lateral,D:/LUMOS/processed/preprocessed_images/patient_261/Lateral.png,D:/LUMOS/processed/segmentation/pseudo_labels/patient_261_Lateral_mask.png,True,0.761797752808989,0.677,0.719,0.759,0.772,0.801,0.821,2,train,D:/LUMOS/processed/vertebral_rois/patient_261/Lateral/L1.png,True,D:/LUMOS/processed/vertebral_rois/patient_261/Lateral/L2.png,True,D:/LUMOS/processed/vertebral_rois/patient_261/Lateral/L3.png,True,D:/LUMOS/processed/vertebral_rois/patient_261/Lateral/L4.png,True
262,AP,D:/LUMOS/processed/preprocessed_images/patient_262/AP.png,D:/LUMOS/processed/segmentation/pseudo_labels/patient_262_AP_mask.png,True,1.212,1.11,1.149,1.212,1.199,1.262,1.301,0,train,D:/LUMOS/processed/vertebral_rois/patient_262/AP/L1.png,True,D:/LUMOS/processed/vertebral_rois/patient_262/AP/L2.png,True,D:/LUMOS/processed/vertebral_rois/patient_262/AP/L3.png,True,D:/LUMOS/processed/vertebral_rois/patient_262/AP/L4.png,True
262,Lateral,D:/LUMOS/processed/preprocessed_images/patient_262/Lateral.png,D:/LUMOS/processed/segmentation/pseudo_labels/patient_262_Lateral_mask.png,True,1.212,1.11,1.149,1.212,1.199,1.262,1.301,0,train,D:/LUMOS/processed/vertebral_rois/patient_262/Lateral/L1.png,True,D:/LUMOS/processed/vertebral_rois/patient_262/Lateral/L2.png,True,D:/LUMOS/processed/vertebral_rois/patient_262/Lateral/L3.png,True,D:/LUMOS/processed/vertebral_rois/patient_262/Lateral/L4.png,True
263,AP,D:/LUMOS/processed/preprocessed_images/patient_263/AP.png,D:/LUMOS/processed/segmentation/pseudo_labels/patient_263_AP_mask.png,True,0.851,0.766,0.8,0.851,0.853,0.9,0.927,1,train,D:/LUMOS/processed/vertebral_rois/patient_263/AP/L1.png,True,D:/LUMOS/processed/vertebral_rois/patient_263/AP/L2.png,True,D:/LUMOS/processed/vertebral_rois/patient_263/AP/L3.png,True,D:/LUMOS/processed/vertebral_rois/patient_263/AP/L4.png,True
263,Lateral,D:/LUMOS/processed/preprocessed_images/patient_263/Lateral.png,D:/LUMOS/processed/segmentation/pseudo_labels/patient_263_Lateral_mask.png,True,0.851,0.766,0.8,0.851,0.853,0.9,0.927,1,train,D:/LUMOS/processed/vertebral_rois/patient_263/Lateral/L1.png,True,D:/LUMOS/processed/vertebral_rois/patient_263/Lateral/L2.png,True,D:/LUMOS/processed/vertebral_rois/patient_263/Lateral/L3.png,True,D:/LUMOS/processed/vertebral_rois/patient_263/Lateral/L4.png,True
264,AP,D:/LUMOS/processed/preprocessed_images/patient_264/AP.png,D:/LUMOS/processed/segmentation/pseudo_labels/patient_264_AP_mask.png,True,0.739,0.727,0.748,0.739,0.755,0.741,0.749,2,train,D:/LUMOS/processed/vertebral_rois/patient_264/AP/L1.png,True,D:/LUMOS/processed/vertebral_rois/patient_264/AP/L2.png,True,D:/LUMOS/processed/vertebral_rois/patient_264/AP/L3.png,True,D:/LUMOS/processed/vertebral_rois/patient_264/AP/L4.png,True
264,Lateral,D:/LUMOS/processed/preprocessed_images/patient_264/Lateral.png,D:/LUMOS/processed/segmentation/pseudo_labels/patient_264_Lateral_mask.png,True,0.739,0.727,0.748,0.739,0.755,0.741,0.749,2,train,D:/LUMOS/processed/vertebral_rois/patient_264/Lateral/L1.png,True,D:/LUMOS/processed/vertebral_rois/patient_264/Lateral/L2.png,True,D:/LUMOS/processed/vertebral_rois/patient_264/Lateral/L3.png,True,D:/LUMOS/processed/vertebral_rois/patient_264/Lateral/L4.png,True
265,AP,D:/LUMOS/processed/preprocessed_images/patient_265/AP.png,D:/LUMOS/processed/segmentation/pseudo_labels/patient_265_AP_mask.png,True,1.342,1.222,1.3,1.342,1.361,1.393,1.447,0,train,D:/LUMOS/processed/vertebral_rois/patient_265/AP/L1.png,True,D:/LUMOS/processed/vertebral_rois/patient_265/AP/L2.png,True,D:/LUMOS/processed/vertebral_rois/patient_265/AP/L3.png,False,D:/LUMOS/processed/vertebral_rois/patient_265/AP/L4.png,True
265,Lateral,D:/LUMOS/processed/preprocessed_images/patient_265/Lateral.png,D:/LUMOS/processed/segmentation/pseudo_labels/patient_265_Lateral_mask.png,True,1.342,1.222,1.3,1.342,1.361,1.393,1.447,0,train,D:/LUMOS/processed/vertebral_rois/patient_265/Lateral/L1.png,True,D:/LUMOS/processed/vertebral_rois/patient_265/Lateral/L2.png,True,D:/LUMOS/processed/vertebral_rois/patient_265/Lateral/L3.png,True,D:/LUMOS/processed/vertebral_rois/patient_265/Lateral/L4.png,True
266,AP,D:/LUMOS/processed/preprocessed_images/patient_266/AP.png,D:/LUMOS/processed/segmentation/pseudo_labels/patient_266_AP_mask.png,True,1.075,0.977,1.019,1.075,1.049,1.114,1.17,0,train,D:/LUMOS/processed/vertebral_rois/patient_266/AP/L1.png,True,D:/LUMOS/processed/vertebral_rois/patient_266/AP/L2.png,True,D:/LUMOS/processed/vertebral_rois/patient_266/AP/L3.png,True,D:/LUMOS/processed/vertebral_rois/patient_266/AP/L4.png,True
266,Lateral,D:/LUMOS/processed/preprocessed_images/patient_266/Lateral.png,D:/LUMOS/processed/segmentation/pseudo_labels/patient_266_Lateral_mask.png,True,1.075,0.977,1.019,1.075,1.049,1.114,1.17,0,train,D:/LUMOS/processed/vertebral_rois/patient_266/Lateral/L1.png,True,D:/LUMOS/processed/vertebral_rois/patient_266/Lateral/L2.png,True,D:/LUMOS/processed/vertebral_rois/patient_266/Lateral/L3.png,True,D:/LUMOS/processed/vertebral_rois/patient_266/Lateral/L4.png,True
267,AP,D:/LUMOS/processed/preprocessed_images/patient_267/AP.png,D:/LUMOS/processed/segmentation/pseudo_labels/patient_267_AP_mask.png,True,0.863,0.78,0.815,0.863,0.844,0.893,0.923,1,train,D:/LUMOS/processed/vertebral_rois/patient_267/AP/L1.png,True,D:/LUMOS/processed/vertebral_rois/patient_267/AP/L2.png,True,D:/LUMOS/processed/vertebral_rois/patient_267/AP/L3.png,True,D:/LUMOS/processed/vertebral_rois/patient_267/AP/L4.png,True
267,Lateral,D:/LUMOS/processed/preprocessed_images/patient_267/Lateral.png,D:/LUMOS/processed/segmentation/pseudo_labels/patient_267_Lateral_mask.png,True,0.863,0.78,0.815,0.863,0.844,0.893,0.923,1,train,D:/LUMOS/processed/vertebral_rois/patient_267/Lateral/L1.png,True,D:/LUMOS/processed/vertebral_rois/patient_267/Lateral/L2.png,True,D:/LUMOS/processed/vertebral_rois/patient_267/Lateral/L3.png,True,D:/LUMOS/processed/vertebral_rois/patient_267/Lateral/L4.png,True
268,AP,D:/LUMOS/processed/preprocessed_images/patient_268/AP.png,D:/LUMOS/processed/segmentation/pseudo_labels/patient_268_AP_mask.png,True,0.777,0.8,0.785,0.777,0.774,0.769,0.759,2,train,D:/LUMOS/processed/vertebral_rois/patient_268/AP/L1.png,True,D:/LUMOS/processed/vertebral_rois/patient_268/AP/L2.png,True,D:/LUMOS/processed/vertebral_rois/patient_268/AP/L3.png,True,D:/LUMOS/processed/vertebral_rois/patient_268/AP/L4.png,True
268,Lateral,D:/LUMOS/processed/preprocessed_images/patient_268/Lateral.png,D:/LUMOS/processed/segmentation/pseudo_labels/patient_268_Lateral_mask.png,True,0.777,0.8,0.785,0.777,0.774,0.769,0.759,2,train,D:/LUMOS/processed/vertebral_rois/patient_268/Lateral/L1.png,True,D:/LUMOS/processed/vertebral_rois/patient_268/Lateral/L2.png,True,D:/LUMOS/processed/vertebral_rois/patient_268/Lateral/L3.png,True,D:/LUMOS/processed/vertebral_rois/patient_268/Lateral/L4.png,True
269,AP,D:/LUMOS/processed/preprocessed_images/patient_269/AP.png,D:/LUMOS/processed/segmentation/pseudo_labels/patient_269_AP_mask.png,True,1.281,1.241,1.276,1.281,1.333,1.319,1.317,0,train,D:/LUMOS/processed/vertebral_rois/patient_269/AP/L1.png,True,D:/LUMOS/processed/vertebral_rois/patient_269/AP/L2.png,True,D:/LUMOS/processed/vertebral_rois/patient_269/AP/L3.png,True,D:/LUMOS/processed/vertebral_rois/patient_269/AP/L4.png,True
269,Lateral,D:/LUMOS/processed/preprocessed_images/patient_269/Lateral.png,D:/LUMOS/processed/segmentation/pseudo_labels/patient_269_Lateral_mask.png,True,1.281,1.241,1.276,1.281,1.333,1.319,1.317,0,train,D:/LUMOS/processed/vertebral_rois/patient_269/Lateral/L1.png,True,D:/LUMOS/processed/vertebral_rois/patient_269/Lateral/L2.png,True,D:/LUMOS/processed/vertebral_rois/patient_269/Lateral/L3.png,True,D:/LUMOS/processed/vertebral_rois/patient_269/Lateral/L4.png,True
270,AP,D:/LUMOS/processed/preprocessed_images/patient_270/AP.png,D:/LUMOS/processed/segmentation/pseudo_labels/patient_270_AP_mask.png,True,0.676,0.622,0.652,0.676,0.669,0.694,0.723,2,test,D:/LUMOS/processed/vertebral_rois/patient_270/AP/L1.png,True,D:/LUMOS/processed/vertebral_rois/patient_270/AP/L2.png,True,D:/LUMOS/processed/vertebral_rois/patient_270/AP/L3.png,True,D:/LUMOS/processed/vertebral_rois/patient_270/AP/L4.png,True
270,Lateral,D:/LUMOS/processed/preprocessed_images/patient_270/Lateral.png,D:/LUMOS/processed/segmentation/pseudo_labels/patient_270_Lateral_mask.png,True,0.676,0.622,0.652,0.676,0.669,0.694,0.723,2,test,D:/LUMOS/processed/vertebral_rois/patient_270/Lateral/L1.png,True,D:/LUMOS/processed/vertebral_rois/patient_270/Lateral/L2.png,True,D:/LUMOS/processed/vertebral_rois/patient_270/Lateral/L3.png,True,D:/LUMOS/processed/vertebral_rois/patient_270/Lateral/L4.png,True
271,AP,D:/LUMOS/processed/preprocessed_images/patient_271/AP.png,D:/LUMOS/processed/segmentation/pseudo_labels/patient_271_AP_mask.png,True,1.013,1.045,1.049,1.013,1.069,1.016,0.987,0,test,D:/LUMOS/processed/vertebral_rois/patient_271/AP/L1.png,True,D:/LUMOS/processed/vertebral_rois/patient_271/AP/L2.png,True,D:/LUMOS/processed/vertebral_rois/patient_271/AP/L3.png,True,D:/LUMOS/processed/vertebral_rois/patient_271/AP/L4.png,True
271,Lateral,D:/LUMOS/processed/preprocessed_images/patient_271/Lateral.png,D:/LUMOS/processed/segmentation/pseudo_labels/patient_271_Lateral_mask.png,True,1.013,1.045,1.049,1.013,1.069,1.016,0.987,0,test,D:/LUMOS/processed/vertebral_rois/patient_271/Lateral/L1.png,True,D:/LUMOS/processed/vertebral_rois/patient_271/Lateral/L2.png,True,D:/LUMOS/processed/vertebral_rois/patient_271/Lateral/L3.png,True,D:/LUMOS/processed/vertebral_rois/patient_271/Lateral/L4.png,True
272,AP,D:/LUMOS/processed/preprocessed_images/patient_272/AP.png,D:/LUMOS/processed/segmentation/pseudo_labels/patient_272_AP_mask.png,True,0.995,1.0,1.016,0.995,1.041,1.004,0.99,0,train,D:/LUMOS/processed/vertebral_rois/patient_272/AP/L1.png,True,D:/LUMOS/processed/vertebral_rois/patient_272/AP/L2.png,True,D:/LUMOS/processed/vertebral_rois/patient_272/AP/L3.png,True,D:/LUMOS/processed/vertebral_rois/patient_272/AP/L4.png,True
272,Lateral,D:/LUMOS/processed/preprocessed_images/patient_272/Lateral.png,D:/LUMOS/processed/segmentation/pseudo_labels/patient_272_Lateral_mask.png,True,0.995,1.0,1.016,0.995,1.041,1.004,0.99,0,train,D:/LUMOS/processed/vertebral_rois/patient_272/Lateral/L1.png,True,D:/LUMOS/processed/vertebral_rois/patient_272/Lateral/L2.png,True,D:/LUMOS/processed/vertebral_rois/patient_272/Lateral/L3.png,True,D:/LUMOS/processed/vertebral_rois/patient_272/Lateral/L4.png,True
273,AP,D:/LUMOS/processed/preprocessed_images/patient_273/AP.png,D:/LUMOS/processed/segmentation/pseudo_labels/patient_273_AP_mask.png,True,0.964,0.925,0.942,0.964,0.934,0.965,0.998,1,train,D:/LUMOS/processed/vertebral_rois/patient_273/AP/L1.png,True,D:/LUMOS/processed/vertebral_rois/patient_273/AP/L2.png,True,D:/LUMOS/processed/vertebral_rois/patient_273/AP/L3.png,True,D:/LUMOS/processed/vertebral_rois/patient_273/AP/L4.png,True
273,Lateral,D:/LUMOS/processed/preprocessed_images/patient_273/Lateral.png,D:/LUMOS/processed/segmentation/pseudo_labels/patient_273_Lateral_mask.png,True,0.964,0.925,0.942,0.964,0.934,0.965,0.998,1,train,D:/LUMOS/processed/vertebral_rois/patient_273/Lateral/L1.png,True,D:/LUMOS/processed/vertebral_rois/patient_273/Lateral/L2.png,True,D:/LUMOS/processed/vertebral_rois/patient_273/Lateral/L3.png,True,D:/LUMOS/processed/vertebral_rois/patient_273/Lateral/L4.png,True
274,AP,D:/LUMOS/processed/preprocessed_images/patient_274/AP.png,D:/LUMOS/processed/segmentation/pseudo_labels/patient_274_AP_mask.png,True,0.621,0.548,0.568,0.621,0.604,0.658,0.674,2,validation,D:/LUMOS/processed/vertebral_rois/patient_274/AP/L1.png,True,D:/LUMOS/processed/vertebral_rois/patient_274/AP/L2.png,True,D:/LUMOS/processed/vertebral_rois/patient_274/AP/L3.png,True,D:/LUMOS/processed/vertebral_rois/patient_274/AP/L4.png,True
274,Lateral,D:/LUMOS/processed/preprocessed_images/patient_274/Lateral.png,D:/LUMOS/processed/segmentation/pseudo_labels/patient_274_Lateral_mask.png,True,0.621,0.548,0.568,0.621,0.604,0.658,0.674,2,validation,D:/LUMOS/processed/vertebral_rois/patient_274/Lateral/L1.png,True,D:/LUMOS/processed/vertebral_rois/patient_274/Lateral/L2.png,False,D:/LUMOS/processed/vertebral_rois/patient_274/Lateral/L3.png,True,D:/LUMOS/processed/vertebral_rois/patient_274/Lateral/L4.png,True
275,AP,D:/LUMOS/processed/preprocessed_images/patient_275/AP.png,D:/LUMOS/processed/segmentation/pseudo_labels/patient_275_AP_mask.png,True,0.619,0.607,0.607,0.619,0.591,0.611,0.627,2,train,D:/LUMOS/processed/vertebral_rois/patient_275/AP/L1.png,True,D:/LUMOS/processed/vertebral_rois/patient_275/AP/L2.png,True,D:/LUMOS/processed/vertebral_rois/patient_275/AP/L3.png,True,D:/LUMOS/processed/vertebral_rois/patient_275/AP/L4.png,True
275,Lateral,D:/LUMOS/processed/preprocessed_images/patient_275/Lateral.png,D:/LUMOS/processed/segmentation/pseudo_labels/patient_275_Lateral_mask.png,True,0.619,0.607,0.607,0.619,0.591,0.611,0.627,2,train,D:/LUMOS/processed/vertebral_rois/patient_275/Lateral/L1.png,True,D:/LUMOS/processed/vertebral_rois/patient_275/Lateral/L2.png,True,D:/LUMOS/processed/vertebral_rois/patient_275/Lateral/L3.png,True,D:/LUMOS/processed/vertebral_rois/patient_275/Lateral/L4.png,False
276,AP,D:/LUMOS/processed/preprocessed_images/patient_276/AP.png,D:/LUMOS/processed/segmentation/pseudo_labels/patient_276_AP_mask.png,True,0.655,0.666,0.656,0.655,0.644,0.647,0.644,2,train,D:/LUMOS/processed/vertebral_rois/patient_276/AP/L1.png,True,D:/LUMOS/processed/vertebral_rois/patient_276/AP/L2.png,False,D:/LUMOS/processed/vertebral_rois/patient_276/AP/L3.png,True,D:/LUMOS/processed/vertebral_rois/patient_276/AP/L4.png,True
276,Lateral,D:/LUMOS/processed/preprocessed_images/patient_276/Lateral.png,D:/LUMOS/processed/segmentation/pseudo_labels/patient_276_Lateral_mask.png,True,0.655,0.666,0.656,0.655,0.644,0.647,0.644,2,train,D:/LUMOS/processed/vertebral_rois/patient_276/Lateral/L1.png,True,D:/LUMOS/processed/vertebral_rois/patient_276/Lateral/L2.png,True,D:/LUMOS/processed/vertebral_rois/patient_276/Lateral/L3.png,True,D:/LUMOS/processed/vertebral_rois/patient_276/Lateral/L4.png,True
277,AP,D:/LUMOS/processed/preprocessed_images/patient_277/AP.png,D:/LUMOS/processed/segmentation/pseudo_labels/patient_277_AP_mask.png,True,1.2276882890727,1.206,1.227,1.229,1.25,1.244,1.248,0,train,D:/LUMOS/processed/vertebral_rois/patient_277/AP/L1.png,True,D:/LUMOS/processed/vertebral_rois/patient_277/AP/L2.png,True,D:/LUMOS/processed/vertebral_rois/patient_277/AP/L3.png,True,D:/LUMOS/processed/vertebral_rois/patient_277/AP/L4.png,True
277,Lateral,D:/LUMOS/processed/preprocessed_images/patient_277/Lateral.png,D:/LUMOS/processed/segmentation/pseudo_labels/patient_277_Lateral_mask.png,True,1.2276882890727,1.206,1.227,1.229,1.25,1.244,1.248,0,train,D:/LUMOS/processed/vertebral_rois/patient_277/Lateral/L1.png,True,D:/LUMOS/processed/vertebral_rois/patient_277/Lateral/L2.png,True,D:/LUMOS/processed/vertebral_rois/patient_277/Lateral/L3.png,True,D:/LUMOS/processed/vertebral_rois/patient_277/Lateral/L4.png,True
278,AP,D:/LUMOS/processed/preprocessed_images/patient_278/AP.png,D:/LUMOS/processed/segmentation/pseudo_labels/patient_278_AP_mask.png,True,1.142,0.996,1.07,1.142,1.131,1.199,1.242,0,train,D:/LUMOS/processed/vertebral_rois/patient_278/AP/L1.png,True,D:/LUMOS/processed/vertebral_rois/patient_278/AP/L2.png,True,D:/LUMOS/processed/vertebral_rois/patient_278/AP/L3.png,True,D:/LUMOS/processed/vertebral_rois/patient_278/AP/L4.png,True
278,Lateral,D:/LUMOS/processed/preprocessed_images/patient_278/Lateral.png,D:/LUMOS/processed/segmentation/pseudo_labels/patient_278_Lateral_mask.png,True,1.142,0.996,1.07,1.142,1.131,1.199,1.242,0,train,D:/LUMOS/processed/vertebral_rois/patient_278/Lateral/L1.png,True,D:/LUMOS/processed/vertebral_rois/patient_278/Lateral/L2.png,True,D:/LUMOS/processed/vertebral_rois/patient_278/Lateral/L3.png,True,D:/LUMOS/processed/vertebral_rois/patient_278/Lateral/L4.png,True
279,AP,D:/LUMOS/processed/preprocessed_images/patient_279/AP.png,D:/LUMOS/processed/segmentation/pseudo_labels/patient_279_AP_mask.png,True,1.046,0.989,1.016,1.046,1.03,1.064,1.095,0,train,D:/LUMOS/processed/vertebral_rois/patient_279/AP/L1.png,True,D:/LUMOS/processed/vertebral_rois/patient_279/AP/L2.png,True,D:/LUMOS/processed/vertebral_rois/patient_279/AP/L3.png,True,D:/LUMOS/processed/vertebral_rois/patient_279/AP/L4.png,True
279,Lateral,D:/LUMOS/processed/preprocessed_images/patient_279/Lateral.png,D:/LUMOS/processed/segmentation/pseudo_labels/patient_279_Lateral_mask.png,True,1.046,0.989,1.016,1.046,1.03,1.064,1.095,0,train,D:/LUMOS/processed/vertebral_rois/patient_279/Lateral/L1.png,True,D:/LUMOS/processed/vertebral_rois/patient_279/Lateral/L2.png,True,D:/LUMOS/processed/vertebral_rois/patient_279/Lateral/L3.png,True,D:/LUMOS/processed/vertebral_rois/patient_279/Lateral/L4.png,True
280,AP,D:/LUMOS/processed/preprocessed_images/patient_280/AP.png,D:/LUMOS/processed/segmentation/pseudo_labels/patient_280_AP_mask.png,True,0.97,0.99,0.996,0.97,1.015,0.974,0.954,1,train,D:/LUMOS/processed/vertebral_rois/patient_280/AP/L1.png,True,D:/LUMOS/processed/vertebral_rois/patient_280/AP/L2.png,True,D:/LUMOS/processed/vertebral_rois/patient_280/AP/L3.png,True,D:/LUMOS/processed/vertebral_rois/patient_280/AP/L4.png,True
280,Lateral,D:/LUMOS/processed/preprocessed_images/patient_280/Lateral.png,D:/LUMOS/processed/segmentation/pseudo_labels/patient_280_Lateral_mask.png,True,0.97,0.99,0.996,0.97,1.015,0.974,0.954,1,train,D:/LUMOS/processed/vertebral_rois/patient_280/Lateral/L1.png,True,D:/LUMOS/processed/vertebral_rois/patient_280/Lateral/L2.png,True,D:/LUMOS/processed/vertebral_rois/patient_280/Lateral/L3.png,True,D:/LUMOS/processed/vertebral_rois/patient_280/Lateral/L4.png,True
281,AP,D:/LUMOS/processed/preprocessed_images/patient_281/AP.png,D:/LUMOS/processed/segmentation/pseudo_labels/patient_281_AP_mask.png,True,0.886,0.853,0.865,0.886,0.88,0.902,0.917,1,train,D:/LUMOS/processed/vertebral_rois/patient_281/AP/L1.png,True,D:/LUMOS/processed/vertebral_rois/patient_281/AP/L2.png,True,D:/LUMOS/processed/vertebral_rois/patient_281/AP/L3.png,True,D:/LUMOS/processed/vertebral_rois/patient_281/AP/L4.png,True
281,Lateral,D:/LUMOS/processed/preprocessed_images/patient_281/Lateral.png,D:/LUMOS/processed/segmentation/pseudo_labels/patient_281_Lateral_mask.png,True,0.886,0.853,0.865,0.886,0.88,0.902,0.917,1,train,D:/LUMOS/processed/vertebral_rois/patient_281/Lateral/L1.png,True,D:/LUMOS/processed/vertebral_rois/patient_281/Lateral/L2.png,True,D:/LUMOS/processed/vertebral_rois/patient_281/Lateral/L3.png,True,D:/LUMOS/processed/vertebral_rois/patient_281/Lateral/L4.png,True
282,AP,D:/LUMOS/processed/preprocessed_images/patient_282/AP.png,D:/LUMOS/processed/segmentation/pseudo_labels/patient_282_AP_mask.png,True,0.91,0.869,0.89,0.91,0.908,0.927,0.942,1,train,D:/LUMOS/processed/vertebral_rois/patient_282/AP/L1.png,True,D:/LUMOS/processed/vertebral_rois/patient_282/AP/L2.png,True,D:/LUMOS/processed/vertebral_rois/patient_282/AP/L3.png,True,D:/LUMOS/processed/vertebral_rois/patient_282/AP/L4.png,True
282,Lateral,D:/LUMOS/processed/preprocessed_images/patient_282/Lateral.png,D:/LUMOS/processed/segmentation/pseudo_labels/patient_282_Lateral_mask.png,True,0.91,0.869,0.89,0.91,0.908,0.927,0.942,1,train,D:/LUMOS/processed/vertebral_rois/patient_282/Lateral/L1.png,True,D:/LUMOS/processed/vertebral_rois/patient_282/Lateral/L2.png,True,D:/LUMOS/processed/vertebral_rois/patient_282/Lateral/L3.png,True,D:/LUMOS/processed/vertebral_rois/patient_282/Lateral/L4.png,True
283,AP,D:/LUMOS/processed/preprocessed_images/patient_283/AP.png,D:/LUMOS/processed/segmentation/pseudo_labels/patient_283_AP_mask.png,True,1.029,0.999,1.036,1.029,1.073,1.051,1.054,0,train,D:/LUMOS/processed/vertebral_rois/patient_283/AP/L1.png,True,D:/LUMOS/processed/vertebral_rois/patient_283/AP/L2.png,True,D:/LUMOS/processed/vertebral_rois/patient_283/AP/L3.png,True,D:/LUMOS/processed/vertebral_rois/patient_283/AP/L4.png,True
283,Lateral,D:/LUMOS/processed/preprocessed_images/patient_283/Lateral.png,D:/LUMOS/processed/segmentation/pseudo_labels/patient_283_Lateral_mask.png,True,1.029,0.999,1.036,1.029,1.073,1.051,1.054,0,train,D:/LUMOS/processed/vertebral_rois/patient_283/Lateral/L1.png,True,D:/LUMOS/processed/vertebral_rois/patient_283/Lateral/L2.png,True,D:/LUMOS/processed/vertebral_rois/patient_283/Lateral/L3.png,True,D:/LUMOS/processed/vertebral_rois/patient_283/Lateral/L4.png,True
284,AP,D:/LUMOS/processed/preprocessed_images/patient_284/AP.png,D:/LUMOS/processed/segmentation/pseudo_labels/patient_284_AP_mask.png,True,0.687485958211638,0.687,0.69,0.694,0.686,0.693,0.699,2,validation,D:/LUMOS/processed/vertebral_rois/patient_284/AP/L1.png,True,D:/LUMOS/processed/vertebral_rois/patient_284/AP/L2.png,True,D:/LUMOS/processed/vertebral_rois/patient_284/AP/L3.png,True,D:/LUMOS/processed/vertebral_rois/patient_284/AP/L4.png,True
284,Lateral,D:/LUMOS/processed/preprocessed_images/patient_284/Lateral.png,D:/LUMOS/processed/segmentation/pseudo_labels/patient_284_Lateral_mask.png,True,0.687485958211638,0.687,0.69,0.694,0.686,0.693,0.699,2,validation,D:/LUMOS/processed/vertebral_rois/patient_284/Lateral/L1.png,True,D:/LUMOS/processed/vertebral_rois/patient_284/Lateral/L2.png,True,D:/LUMOS/processed/vertebral_rois/patient_284/Lateral/L3.png,True,D:/LUMOS/processed/vertebral_rois/patient_284/Lateral/L4.png,True
285,AP,D:/LUMOS/processed/preprocessed_images/patient_285/AP.png,D:/LUMOS/processed/segmentation/pseudo_labels/patient_285_AP_mask.png,True,0.641,0.572,0.601,0.641,0.634,0.672,0.694,2,test,D:/LUMOS/processed/vertebral_rois/patient_285/AP/L1.png,True,D:/LUMOS/processed/vertebral_rois/patient_285/AP/L2.png,True,D:/LUMOS/processed/vertebral_rois/patient_285/AP/L3.png,True,D:/LUMOS/processed/vertebral_rois/patient_285/AP/L4.png,True
285,Lateral,D:/LUMOS/processed/preprocessed_images/patient_285/Lateral.png,D:/LUMOS/processed/segmentation/pseudo_labels/patient_285_Lateral_mask.png,True,0.641,0.572,0.601,0.641,0.634,0.672,0.694,2,test,D:/LUMOS/processed/vertebral_rois/patient_285/Lateral/L1.png,True,D:/LUMOS/processed/vertebral_rois/patient_285/Lateral/L2.png,True,D:/LUMOS/processed/vertebral_rois/patient_285/Lateral/L3.png,True,D:/LUMOS/processed/vertebral_rois/patient_285/Lateral/L4.png,True
286,AP,D:/LUMOS/processed/preprocessed_images/patient_286/AP.png,D:/LUMOS/processed/segmentation/pseudo_labels/patient_286_AP_mask.png,True,1.46388542963885,1.234,1.319,1.466,1.361,1.537,1.681,0,train,D:/LUMOS/processed/vertebral_rois/patient_286/AP/L1.png,True,D:/LUMOS/processed/vertebral_rois/patient_286/AP/L2.png,True,D:/LUMOS/processed/vertebral_rois/patient_286/AP/L3.png,True,D:/LUMOS/processed/vertebral_rois/patient_286/AP/L4.png,True
286,Lateral,D:/LUMOS/processed/preprocessed_images/patient_286/Lateral.png,D:/LUMOS/processed/segmentation/pseudo_labels/patient_286_Lateral_mask.png,True,1.46388542963885,1.234,1.319,1.466,1.361,1.537,1.681,0,train,D:/LUMOS/processed/vertebral_rois/patient_286/Lateral/L1.png,True,D:/LUMOS/processed/vertebral_rois/patient_286/Lateral/L2.png,True,D:/LUMOS/processed/vertebral_rois/patient_286/Lateral/L3.png,True,D:/LUMOS/processed/vertebral_rois/patient_286/Lateral/L4.png,True
287,AP,D:/LUMOS/processed/preprocessed_images/patient_287/AP.png,D:/LUMOS/processed/segmentation/pseudo_labels/patient_287_AP_mask.png,True,1.206,1.167,1.204,1.206,1.229,1.222,1.238,0,train,D:/LUMOS/processed/vertebral_rois/patient_287/AP/L1.png,True,D:/LUMOS/processed/vertebral_rois/patient_287/AP/L2.png,True,D:/LUMOS/processed/vertebral_rois/patient_287/AP/L3.png,True,D:/LUMOS/processed/vertebral_rois/patient_287/AP/L4.png,True
287,Lateral,D:/LUMOS/processed/preprocessed_images/patient_287/Lateral.png,D:/LUMOS/processed/segmentation/pseudo_labels/patient_287_Lateral_mask.png,True,1.206,1.167,1.204,1.206,1.229,1.222,1.238,0,train,D:/LUMOS/processed/vertebral_rois/patient_287/Lateral/L1.png,True,D:/LUMOS/processed/vertebral_rois/patient_287/Lateral/L2.png,True,D:/LUMOS/processed/vertebral_rois/patient_287/Lateral/L3.png,True,D:/LUMOS/processed/vertebral_rois/patient_287/Lateral/L4.png,True
288,AP,D:/LUMOS/processed/preprocessed_images/patient_288/AP.png,D:/LUMOS/processed/segmentation/pseudo_labels/patient_288_AP_mask.png,True,0.954,0.828,0.901,0.954,0.922,0.98,1.055,1,train,D:/LUMOS/processed/vertebral_rois/patient_288/AP/L1.png,True,D:/LUMOS/processed/vertebral_rois/patient_288/AP/L2.png,True,D:/LUMOS/processed/vertebral_rois/patient_288/AP/L3.png,True,D:/LUMOS/processed/vertebral_rois/patient_288/AP/L4.png,True
288,Lateral,D:/LUMOS/processed/preprocessed_images/patient_288/Lateral.png,D:/LUMOS/processed/segmentation/pseudo_labels/patient_288_Lateral_mask.png,True,0.954,0.828,0.901,0.954,0.922,0.98,1.055,1,train,D:/LUMOS/processed/vertebral_rois/patient_288/Lateral/L1.png,True,D:/LUMOS/processed/vertebral_rois/patient_288/Lateral/L2.png,True,D:/LUMOS/processed/vertebral_rois/patient_288/Lateral/L3.png,True,D:/LUMOS/processed/vertebral_rois/patient_288/Lateral/L4.png,True
289,AP,D:/LUMOS/processed/preprocessed_images/patient_289/AP.png,D:/LUMOS/processed/segmentation/pseudo_labels/patient_289_AP_mask.png,True,1.225,1.054,1.155,1.225,1.237,1.3,1.378,0,test,D:/LUMOS/processed/vertebral_rois/patient_289/AP/L1.png,True,D:/LUMOS/processed/vertebral_rois/patient_289/AP/L2.png,True,D:/LUMOS/processed/vertebral_rois/patient_289/AP/L3.png,True,D:/LUMOS/processed/vertebral_rois/patient_289/AP/L4.png,True
289,Lateral,D:/LUMOS/processed/preprocessed_images/patient_289/Lateral.png,D:/LUMOS/processed/segmentation/pseudo_labels/patient_289_Lateral_mask.png,True,1.225,1.054,1.155,1.225,1.237,1.3,1.378,0,test,D:/LUMOS/processed/vertebral_rois/patient_289/Lateral/L1.png,True,D:/LUMOS/processed/vertebral_rois/patient_289/Lateral/L2.png,True,D:/LUMOS/processed/vertebral_rois/patient_289/Lateral/L3.png,True,D:/LUMOS/processed/vertebral_rois/patient_289/Lateral/L4.png,True
290,AP,D:/LUMOS/processed/preprocessed_images/patient_290/AP.png,D:/LUMOS/processed/segmentation/pseudo_labels/patient_290_AP_mask.png,True,1.127,1.053,1.12,1.127,1.144,1.145,1.192,0,validation,D:/LUMOS/processed/vertebral_rois/patient_290/AP/L1.png,True,D:/LUMOS/processed/vertebral_rois/patient_290/AP/L2.png,True,D:/LUMOS/processed/vertebral_rois/patient_290/AP/L3.png,True,D:/LUMOS/processed/vertebral_rois/patient_290/AP/L4.png,False
290,Lateral,D:/LUMOS/processed/preprocessed_images/patient_290/Lateral.png,D:/LUMOS/processed/segmentation/pseudo_labels/patient_290_Lateral_mask.png,True,1.127,1.053,1.12,1.127,1.144,1.145,1.192,0,validation,D:/LUMOS/processed/vertebral_rois/patient_290/Lateral/L1.png,True,D:/LUMOS/processed/vertebral_rois/patient_290/Lateral/L2.png,True,D:/LUMOS/processed/vertebral_rois/patient_290/Lateral/L3.png,True,D:/LUMOS/processed/vertebral_rois/patient_290/Lateral/L4.png,True
291,AP,D:/LUMOS/processed/preprocessed_images/patient_291/AP.png,D:/LUMOS/processed/segmentation/pseudo_labels/patient_291_AP_mask.png,True,1.063,0.952,1.0,1.063,1.033,1.102,1.154,0,test,D:/LUMOS/processed/vertebral_rois/patient_291/AP/L1.png,True,D:/LUMOS/processed/vertebral_rois/patient_291/AP/L2.png,True,D:/LUMOS/processed/vertebral_rois/patient_291/AP/L3.png,True,D:/LUMOS/processed/vertebral_rois/patient_291/AP/L4.png,True
291,Lateral,D:/LUMOS/processed/preprocessed_images/patient_291/Lateral.png,D:/LUMOS/processed/segmentation/pseudo_labels/patient_291_Lateral_mask.png,True,1.063,0.952,1.0,1.063,1.033,1.102,1.154,0,test,D:/LUMOS/processed/vertebral_rois/patient_291/Lateral/L1.png,True,D:/LUMOS/processed/vertebral_rois/patient_291/Lateral/L2.png,True,D:/LUMOS/processed/vertebral_rois/patient_291/Lateral/L3.png,True,D:/LUMOS/processed/vertebral_rois/patient_291/Lateral/L4.png,True
292,AP,D:/LUMOS/processed/preprocessed_images/patient_292/AP.png,D:/LUMOS/processed/segmentation/pseudo_labels/patient_292_AP_mask.png,True,0.721,0.721,0.721,0.721,0.708,0.713,0.721,2,test,D:/LUMOS/processed/vertebral_rois/patient_292/AP/L1.png,True,D:/LUMOS/processed/vertebral_rois/patient_292/AP/L2.png,True,D:/LUMOS/processed/vertebral_rois/patient_292/AP/L3.png,True,D:/LUMOS/processed/vertebral_rois/patient_292/AP/L4.png,True
292,Lateral,D:/LUMOS/processed/preprocessed_images/patient_292/Lateral.png,D:/LUMOS/processed/segmentation/pseudo_labels/patient_292_Lateral_mask.png,True,0.721,0.721,0.721,0.721,0.708,0.713,0.721,2,test,D:/LUMOS/processed/vertebral_rois/patient_292/Lateral/L1.png,True,D:/LUMOS/processed/vertebral_rois/patient_292/Lateral/L2.png,True,D:/LUMOS/processed/vertebral_rois/patient_292/Lateral/L3.png,True,D:/LUMOS/processed/vertebral_rois/patient_292/Lateral/L4.png,True
293,AP,D:/LUMOS/processed/preprocessed_images/patient_293/AP.png,D:/LUMOS/processed/segmentation/pseudo_labels/patient_293_AP_mask.png,True,0.8,0.757,0.79,0.8,0.804,0.811,0.834,2,train,D:/LUMOS/processed/vertebral_rois/patient_293/AP/L1.png,True,D:/LUMOS/processed/vertebral_rois/patient_293/AP/L2.png,True,D:/LUMOS/processed/vertebral_rois/patient_293/AP/L3.png,True,D:/LUMOS/processed/vertebral_rois/patient_293/AP/L4.png,True
293,Lateral,D:/LUMOS/processed/preprocessed_images/patient_293/Lateral.png,D:/LUMOS/processed/segmentation/pseudo_labels/patient_293_Lateral_mask.png,True,0.8,0.757,0.79,0.8,0.804,0.811,0.834,2,train,D:/LUMOS/processed/vertebral_rois/patient_293/Lateral/L1.png,True,D:/LUMOS/processed/vertebral_rois/patient_293/Lateral/L2.png,True,D:/LUMOS/processed/vertebral_rois/patient_293/Lateral/L3.png,True,D:/LUMOS/processed/vertebral_rois/patient_293/Lateral/L4.png,False
294,AP,D:/LUMOS/processed/preprocessed_images/patient_294/AP.png,D:/LUMOS/processed/segmentation/pseudo_labels/patient_294_AP_mask.png,True,1.26,1.218,1.262,1.26,1.294,1.28,1.297,0,train,D:/LUMOS/processed/vertebral_rois/patient_294/AP/L1.png,True,D:/LUMOS/processed/vertebral_rois/patient_294/AP/L2.png,True,D:/LUMOS/processed/vertebral_rois/patient_294/AP/L3.png,True,D:/LUMOS/processed/vertebral_rois/patient_294/AP/L4.png,True
294,Lateral,D:/LUMOS/processed/preprocessed_images/patient_294/Lateral.png,D:/LUMOS/processed/segmentation/pseudo_labels/patient_294_Lateral_mask.png,True,1.26,1.218,1.262,1.26,1.294,1.28,1.297,0,train,D:/LUMOS/processed/vertebral_rois/patient_294/Lateral/L1.png,True,D:/LUMOS/processed/vertebral_rois/patient_294/Lateral/L2.png,True,D:/LUMOS/processed/vertebral_rois/patient_294/Lateral/L3.png,True,D:/LUMOS/processed/vertebral_rois/patient_294/Lateral/L4.png,True
295,AP,D:/LUMOS/processed/preprocessed_images/patient_295/AP.png,D:/LUMOS/processed/segmentation/pseudo_labels/patient_295_AP_mask.png,True,0.963,0.931,0.96,0.963,0.979,0.975,0.989,1,train,D:/LUMOS/processed/vertebral_rois/patient_295/AP/L1.png,True,D:/LUMOS/processed/vertebral_rois/patient_295/AP/L2.png,True,D:/LUMOS/processed/vertebral_rois/patient_295/AP/L3.png,True,D:/LUMOS/processed/vertebral_rois/patient_295/AP/L4.png,True
295,Lateral,D:/LUMOS/processed/preprocessed_images/patient_295/Lateral.png,D:/LUMOS/processed/segmentation/pseudo_labels/patient_295_Lateral_mask.png,True,0.963,0.931,0.96,0.963,0.979,0.975,0.989,1,train,D:/LUMOS/processed/vertebral_rois/patient_295/Lateral/L1.png,True,D:/LUMOS/processed/vertebral_rois/patient_295/Lateral/L2.png,True,D:/LUMOS/processed/vertebral_rois/patient_295/Lateral/L3.png,True,D:/LUMOS/processed/vertebral_rois/patient_295/Lateral/L4.png,True
296,AP,D:/LUMOS/processed/preprocessed_images/patient_296/AP.png,D:/LUMOS/processed/segmentation/pseudo_labels/patient_296_AP_mask.png,True,0.824,0.762,0.797,0.824,0.825,0.85,0.877,1,train,D:/LUMOS/processed/vertebral_rois/patient_296/AP/L1.png,True,D:/LUMOS/processed/vertebral_rois/patient_296/AP/L2.png,True,D:/LUMOS/processed/vertebral_rois/patient_296/AP/L3.png,True,D:/LUMOS/processed/vertebral_rois/patient_296/AP/L4.png,True
296,Lateral,D:/LUMOS/processed/preprocessed_images/patient_296/Lateral.png,D:/LUMOS/processed/segmentation/pseudo_labels/patient_296_Lateral_mask.png,True,0.824,0.762,0.797,0.824,0.825,0.85,0.877,1,train,D:/LUMOS/processed/vertebral_rois/patient_296/Lateral/L1.png,True,D:/LUMOS/processed/vertebral_rois/patient_296/Lateral/L2.png,True,D:/LUMOS/processed/vertebral_rois/patient_296/Lateral/L3.png,True,D:/LUMOS/processed/vertebral_rois/patient_296/Lateral/L4.png,True
297,AP,D:/LUMOS/processed/preprocessed_images/patient_297/AP.png,D:/LUMOS/processed/segmentation/pseudo_labels/patient_297_AP_mask.png,True,0.739,0.728,0.746,0.739,0.757,0.743,0.747,2,train,D:/LUMOS/processed/vertebral_rois/patient_297/AP/L1.png,True,D:/LUMOS/processed/vertebral_rois/patient_297/AP/L2.png,True,D:/LUMOS/processed/vertebral_rois/patient_297/AP/L3.png,True,D:/LUMOS/processed/vertebral_rois/patient_297/AP/L4.png,True
297,Lateral,D:/LUMOS/processed/preprocessed_images/patient_297/Lateral.png,D:/LUMOS/processed/segmentation/pseudo_labels/patient_297_Lateral_mask.png,True,0.739,0.728,0.746,0.739,0.757,0.743,0.747,2,train,D:/LUMOS/processed/vertebral_rois/patient_297/Lateral/L1.png,True,D:/LUMOS/processed/vertebral_rois/patient_297/Lateral/L2.png,True,D:/LUMOS/processed/vertebral_rois/patient_297/Lateral/L3.png,True,D:/LUMOS/processed/vertebral_rois/patient_297/Lateral/L4.png,True
298,AP,D:/LUMOS/processed/preprocessed_images/patient_298/AP.png,D:/LUMOS/processed/segmentation/pseudo_labels/patient_298_AP_mask.png,True,0.973,0.894,0.928,0.973,0.937,0.991,1.036,1,test,D:/LUMOS/processed/vertebral_rois/patient_298/AP/L1.png,True,D:/LUMOS/processed/vertebral_rois/patient_298/AP/L2.png,True,D:/LUMOS/processed/vertebral_rois/patient_298/AP/L3.png,True,D:/LUMOS/processed/vertebral_rois/patient_298/AP/L4.png,True
298,Lateral,D:/LUMOS/processed/preprocessed_images/patient_298/Lateral.png,D:/LUMOS/processed/segmentation/pseudo_labels/patient_298_Lateral_mask.png,True,0.973,0.894,0.928,0.973,0.937,0.991,1.036,1,test,D:/LUMOS/processed/vertebral_rois/patient_298/Lateral/L1.png,True,D:/LUMOS/processed/vertebral_rois/patient_298/Lateral/L2.png,True,D:/LUMOS/processed/vertebral_rois/patient_298/Lateral/L3.png,False,D:/LUMOS/processed/vertebral_rois/patient_298/Lateral/L4.png,False
299,AP,D:/LUMOS/processed/preprocessed_images/patient_299/AP.png,D:/LUMOS/processed/segmentation/pseudo_labels/patient_299_AP_mask.png,True,0.834,0.833,0.837,0.834,0.851,0.841,0.834,1,train,D:/LUMOS/processed/vertebral_rois/patient_299/AP/L1.png,True,D:/LUMOS/processed/vertebral_rois/patient_299/AP/L2.png,True,D:/LUMOS/processed/vertebral_rois/patient_299/AP/L3.png,True,D:/LUMOS/processed/vertebral_rois/patient_299/AP/L4.png,True
299,Lateral,D:/LUMOS/processed/preprocessed_images/patient_299/Lateral.png,D:/LUMOS/processed/segmentation/pseudo_labels/patient_299_Lateral_mask.png,True,0.834,0.833,0.837,0.834,0.851,0.841,0.834,1,train,D:/LUMOS/processed/vertebral_rois/patient_299/Lateral/L1.png,True,D:/LUMOS/processed/vertebral_rois/patient_299/Lateral/L2.png,True,D:/LUMOS/processed/vertebral_rois/patient_299/Lateral/L3.png,True,D:/LUMOS/processed/vertebral_rois/patient_299/Lateral/L4.png,True
300,AP,D:/LUMOS/processed/preprocessed_images/patient_300/AP.png,D:/LUMOS/processed/segmentation/pseudo_labels/patient_300_AP_mask.png,True,0.903,0.827,0.891,0.903,0.943,0.94,0.979,1,train,D:/LUMOS/processed/vertebral_rois/patient_300/AP/L1.png,True,D:/LUMOS/processed/vertebral_rois/patient_300/AP/L2.png,True,D:/LUMOS/processed/vertebral_rois/patient_300/AP/L3.png,True,D:/LUMOS/processed/vertebral_rois/patient_300/AP/L4.png,True
300,Lateral,D:/LUMOS/processed/preprocessed_images/patient_300/Lateral.png,D:/LUMOS/processed/segmentation/pseudo_labels/patient_300_Lateral_mask.png,True,0.903,0.827,0.891,0.903,0.943,0.94,0.979,1,train,D:/LUMOS/processed/vertebral_rois/patient_300/Lateral/L1.png,True,D:/LUMOS/processed/vertebral_rois/patient_300/Lateral/L2.png,True,D:/LUMOS/processed/vertebral_rois/patient_300/Lateral/L3.png,True,D:/LUMOS/processed/vertebral_rois/patient_300/Lateral/L4.png,False
301,AP,D:/LUMOS/processed/preprocessed_images/patient_301/AP.png,D:/LUMOS/processed/segmentation/pseudo_labels/patient_301_AP_mask.png,True,1.138,1.104,1.111,1.138,1.129,1.158,1.168,0,validation,D:/LUMOS/processed/vertebral_rois/patient_301/AP/L1.png,True,D:/LUMOS/processed/vertebral_rois/patient_301/AP/L2.png,True,D:/LUMOS/processed/vertebral_rois/patient_301/AP/L3.png,True,D:/LUMOS/processed/vertebral_rois/patient_301/AP/L4.png,True
301,Lateral,D:/LUMOS/processed/preprocessed_images/patient_301/Lateral.png,D:/LUMOS/processed/segmentation/pseudo_labels/patient_301_Lateral_mask.png,True,1.138,1.104,1.111,1.138,1.129,1.158,1.168,0,validation,D:/LUMOS/processed/vertebral_rois/patient_301/Lateral/L1.png,True,D:/LUMOS/processed/vertebral_rois/patient_301/Lateral/L2.png,True,D:/LUMOS/processed/vertebral_rois/patient_301/Lateral/L3.png,True,D:/LUMOS/processed/vertebral_rois/patient_301/Lateral/L4.png,True
302,AP,D:/LUMOS/processed/preprocessed_images/patient_302/AP.png,D:/LUMOS/processed/segmentation/pseudo_labels/patient_302_AP_mask.png,True,0.876,0.793,0.836,0.876,0.873,0.911,0.945,1,train,D:/LUMOS/processed/vertebral_rois/patient_302/AP/L1.png,True,D:/LUMOS/processed/vertebral_rois/patient_302/AP/L2.png,True,D:/LUMOS/processed/vertebral_rois/patient_302/AP/L3.png,True,D:/LUMOS/processed/vertebral_rois/patient_302/AP/L4.png,True
302,Lateral,D:/LUMOS/processed/preprocessed_images/patient_302/Lateral.png,D:/LUMOS/processed/segmentation/pseudo_labels/patient_302_Lateral_mask.png,True,0.876,0.793,0.836,0.876,0.873,0.911,0.945,1,train,D:/LUMOS/processed/vertebral_rois/patient_302/Lateral/L1.png,True,D:/LUMOS/processed/vertebral_rois/patient_302/Lateral/L2.png,False,D:/LUMOS/processed/vertebral_rois/patient_302/Lateral/L3.png,True,D:/LUMOS/processed/vertebral_rois/patient_302/Lateral/L4.png,True
303,AP,D:/LUMOS/processed/preprocessed_images/patient_303/AP.png,D:/LUMOS/processed/segmentation/pseudo_labels/patient_303_AP_mask.png,True,0.729,0.683,0.718,0.729,0.719,0.733,0.767,2,train,D:/LUMOS/processed/vertebral_rois/patient_303/AP/L1.png,True,D:/LUMOS/processed/vertebral_rois/patient_303/AP/L2.png,True,D:/LUMOS/processed/vertebral_rois/patient_303/AP/L3.png,True,D:/LUMOS/processed/vertebral_rois/patient_303/AP/L4.png,False
303,Lateral,D:/LUMOS/processed/preprocessed_images/patient_303/Lateral.png,D:/LUMOS/processed/segmentation/pseudo_labels/patient_303_Lateral_mask.png,True,0.729,0.683,0.718,0.729,0.719,0.733,0.767,2,train,D:/LUMOS/processed/vertebral_rois/patient_303/Lateral/L1.png,True,D:/LUMOS/processed/vertebral_rois/patient_303/Lateral/L2.png,False,D:/LUMOS/processed/vertebral_rois/patient_303/Lateral/L3.png,True,D:/LUMOS/processed/vertebral_rois/patient_303/Lateral/L4.png,True
304,AP,D:/LUMOS/processed/preprocessed_images/patient_304/AP.png,D:/LUMOS/processed/segmentation/pseudo_labels/patient_304_AP_mask.png,True,0.698,0.715,0.717,0.703,0.7,0.688,0.693,2,train,D:/LUMOS/processed/vertebral_rois/patient_304/AP/L1.png,True,D:/LUMOS/processed/vertebral_rois/patient_304/AP/L2.png,True,D:/LUMOS/processed/vertebral_rois/patient_304/AP/L3.png,False,D:/LUMOS/processed/vertebral_rois/patient_304/AP/L4.png,True
304,Lateral,D:/LUMOS/processed/preprocessed_images/patient_304/Lateral.png,D:/LUMOS/processed/segmentation/pseudo_labels/patient_304_Lateral_mask.png,True,0.698,0.715,0.717,0.703,0.7,0.688,0.693,2,train,D:/LUMOS/processed/vertebral_rois/patient_304/Lateral/L1.png,True,D:/LUMOS/processed/vertebral_rois/patient_304/Lateral/L2.png,True,D:/LUMOS/processed/vertebral_rois/patient_304/Lateral/L3.png,False,D:/LUMOS/processed/vertebral_rois/patient_304/Lateral/L4.png,True
305,AP,D:/LUMOS/processed/preprocessed_images/patient_305/AP.png,D:/LUMOS/processed/segmentation/pseudo_labels/patient_305_AP_mask.png,True,0.968910891,0.843,0.895,0.969,0.939,1.018,1.081,1,train,D:/LUMOS/processed/vertebral_rois/patient_305/AP/L1.png,True,D:/LUMOS/processed/vertebral_rois/patient_305/AP/L2.png,False,D:/LUMOS/processed/vertebral_rois/patient_305/AP/L3.png,True,D:/LUMOS/processed/vertebral_rois/patient_305/AP/L4.png,True
305,Lateral,D:/LUMOS/processed/preprocessed_images/patient_305/Lateral.png,D:/LUMOS/processed/segmentation/pseudo_labels/patient_305_Lateral_mask.png,True,0.968910891,0.843,0.895,0.969,0.939,1.018,1.081,1,train,D:/LUMOS/processed/vertebral_rois/patient_305/Lateral/L1.png,True,D:/LUMOS/processed/vertebral_rois/patient_305/Lateral/L2.png,True,D:/LUMOS/processed/vertebral_rois/patient_305/Lateral/L3.png,True,D:/LUMOS/processed/vertebral_rois/patient_305/Lateral/L4.png,True
306,AP,D:/LUMOS/processed/preprocessed_images/patient_306/AP.png,D:/LUMOS/processed/segmentation/pseudo_labels/patient_306_AP_mask.png,True,1.001,0.943,0.972,1.001,0.992,1.021,1.051,0,validation,D:/LUMOS/processed/vertebral_rois/patient_306/AP/L1.png,True,D:/LUMOS/processed/vertebral_rois/patient_306/AP/L2.png,True,D:/LUMOS/processed/vertebral_rois/patient_306/AP/L3.png,True,D:/LUMOS/processed/vertebral_rois/patient_306/AP/L4.png,True
306,Lateral,D:/LUMOS/processed/preprocessed_images/patient_306/Lateral.png,D:/LUMOS/processed/segmentation/pseudo_labels/patient_306_Lateral_mask.png,True,1.001,0.943,0.972,1.001,0.992,1.021,1.051,0,validation,D:/LUMOS/processed/vertebral_rois/patient_306/Lateral/L1.png,True,D:/LUMOS/processed/vertebral_rois/patient_306/Lateral/L2.png,True,D:/LUMOS/processed/vertebral_rois/patient_306/Lateral/L3.png,True,D:/LUMOS/processed/vertebral_rois/patient_306/Lateral/L4.png,True
307,AP,D:/LUMOS/processed/preprocessed_images/patient_307/AP.png,D:/LUMOS/processed/segmentation/pseudo_labels/patient_307_AP_mask.png,True,0.749,0.868,0.786,0.749,0.678,0.672,0.651,2,train,D:/LUMOS/processed/vertebral_rois/patient_307/AP/L1.png,True,D:/LUMOS/processed/vertebral_rois/patient_307/AP/L2.png,True,D:/LUMOS/processed/vertebral_rois/patient_307/AP/L3.png,True,D:/LUMOS/processed/vertebral_rois/patient_307/AP/L4.png,False
307,Lateral,D:/LUMOS/processed/preprocessed_images/patient_307/Lateral.png,D:/LUMOS/processed/segmentation/pseudo_labels/patient_307_Lateral_mask.png,True,0.749,0.868,0.786,0.749,0.678,0.672,0.651,2,train,D:/LUMOS/processed/vertebral_rois/patient_307/Lateral/L1.png,True,D:/LUMOS/processed/vertebral_rois/patient_307/Lateral/L2.png,True,D:/LUMOS/processed/vertebral_rois/patient_307/Lateral/L3.png,True,D:/LUMOS/processed/vertebral_rois/patient_307/Lateral/L4.png,False
308,AP,D:/LUMOS/processed/preprocessed_images/patient_308/AP.png,D:/LUMOS/processed/segmentation/pseudo_labels/patient_308_AP_mask.png,True,0.938,0.903,0.926,0.938,0.93,0.945,0.974,1,train,D:/LUMOS/processed/vertebral_rois/patient_308/AP/L1.png,True,D:/LUMOS/processed/vertebral_rois/patient_308/AP/L2.png,True,D:/LUMOS/processed/vertebral_rois/patient_308/AP/L3.png,True,D:/LUMOS/processed/vertebral_rois/patient_308/AP/L4.png,True
308,Lateral,D:/LUMOS/processed/preprocessed_images/patient_308/Lateral.png,D:/LUMOS/processed/segmentation/pseudo_labels/patient_308_Lateral_mask.png,True,0.938,0.903,0.926,0.938,0.93,0.945,0.974,1,train,D:/LUMOS/processed/vertebral_rois/patient_308/Lateral/L1.png,True,D:/LUMOS/processed/vertebral_rois/patient_308/Lateral/L2.png,True,D:/LUMOS/processed/vertebral_rois/patient_308/Lateral/L3.png,False,D:/LUMOS/processed/vertebral_rois/patient_308/Lateral/L4.png,False
309,AP,D:/LUMOS/processed/preprocessed_images/patient_309/AP.png,D:/LUMOS/processed/segmentation/pseudo_labels/patient_309_AP_mask.png,True,1.202,1.07,1.165,1.202,1.237,1.258,1.31,0,train,D:/LUMOS/processed/vertebral_rois/patient_309/AP/L1.png,True,D:/LUMOS/processed/vertebral_rois/patient_309/AP/L2.png,False,D:/LUMOS/processed/vertebral_rois/patient_309/AP/L3.png,True,D:/LUMOS/processed/vertebral_rois/patient_309/AP/L4.png,True
309,Lateral,D:/LUMOS/processed/preprocessed_images/patient_309/Lateral.png,D:/LUMOS/processed/segmentation/pseudo_labels/patient_309_Lateral_mask.png,True,1.202,1.07,1.165,1.202,1.237,1.258,1.31,0,train,D:/LUMOS/processed/vertebral_rois/patient_309/Lateral/L1.png,True,D:/LUMOS/processed/vertebral_rois/patient_309/Lateral/L2.png,True,D:/LUMOS/processed/vertebral_rois/patient_309/Lateral/L3.png,True,D:/LUMOS/processed/vertebral_rois/patient_309/Lateral/L4.png,True
310,AP,D:/LUMOS/processed/preprocessed_images/patient_310/AP.png,D:/LUMOS/processed/segmentation/pseudo_labels/patient_310_AP_mask.png,True,1.261,1.169,1.224,1.261,1.244,1.284,1.332,0,train,D:/LUMOS/processed/vertebral_rois/patient_310/AP/L1.png,True,D:/LUMOS/processed/vertebral_rois/patient_310/AP/L2.png,True,D:/LUMOS/processed/vertebral_rois/patient_310/AP/L3.png,True,D:/LUMOS/processed/vertebral_rois/patient_310/AP/L4.png,True
310,Lateral,D:/LUMOS/processed/preprocessed_images/patient_310/Lateral.png,D:/LUMOS/processed/segmentation/pseudo_labels/patient_310_Lateral_mask.png,True,1.261,1.169,1.224,1.261,1.244,1.284,1.332,0,train,D:/LUMOS/processed/vertebral_rois/patient_310/Lateral/L1.png,True,D:/LUMOS/processed/vertebral_rois/patient_310/Lateral/L2.png,True,D:/LUMOS/processed/vertebral_rois/patient_310/Lateral/L3.png,True,D:/LUMOS/processed/vertebral_rois/patient_310/Lateral/L4.png,True
311,AP,D:/LUMOS/processed/preprocessed_images/patient_311/AP.png,D:/LUMOS/processed/segmentation/pseudo_labels/patient_311_AP_mask.png,True,0.796,0.762,0.78,0.796,0.789,0.806,0.823,2,train,D:/LUMOS/processed/vertebral_rois/patient_311/AP/L1.png,True,D:/LUMOS/processed/vertebral_rois/patient_311/AP/L2.png,True,D:/LUMOS/processed/vertebral_rois/patient_311/AP/L3.png,True,D:/LUMOS/processed/vertebral_rois/patient_311/AP/L4.png,True
311,Lateral,D:/LUMOS/processed/preprocessed_images/patient_311/Lateral.png,D:/LUMOS/processed/segmentation/pseudo_labels/patient_311_Lateral_mask.png,True,0.796,0.762,0.78,0.796,0.789,0.806,0.823,2,train,D:/LUMOS/processed/vertebral_rois/patient_311/Lateral/L1.png,True,D:/LUMOS/processed/vertebral_rois/patient_311/Lateral/L2.png,True,D:/LUMOS/processed/vertebral_rois/patient_311/Lateral/L3.png,True,D:/LUMOS/processed/vertebral_rois/patient_311/Lateral/L4.png,True
312,AP,D:/LUMOS/processed/preprocessed_images/patient_312/AP.png,D:/LUMOS/processed/segmentation/pseudo_labels/patient_312_AP_mask.png,True,0.815126050420168,0.775,0.819,0.816,0.859,0.841,0.847,1,train,D:/LUMOS/processed/vertebral_rois/patient_312/AP/L1.png,True,D:/LUMOS/processed/vertebral_rois/patient_312/AP/L2.png,True,D:/LUMOS/processed/vertebral_rois/patient_312/AP/L3.png,True,D:/LUMOS/processed/vertebral_rois/patient_312/AP/L4.png,True
312,Lateral,D:/LUMOS/processed/preprocessed_images/patient_312/Lateral.png,D:/LUMOS/processed/segmentation/pseudo_labels/patient_312_Lateral_mask.png,True,0.815126050420168,0.775,0.819,0.816,0.859,0.841,0.847,1,train,D:/LUMOS/processed/vertebral_rois/patient_312/Lateral/L1.png,True,D:/LUMOS/processed/vertebral_rois/patient_312/Lateral/L2.png,True,D:/LUMOS/processed/vertebral_rois/patient_312/Lateral/L3.png,True,D:/LUMOS/processed/vertebral_rois/patient_312/Lateral/L4.png,True
313,AP,D:/LUMOS/processed/preprocessed_images/patient_313/AP.png,D:/LUMOS/processed/segmentation/pseudo_labels/patient_313_AP_mask.png,True,1.123,0.985,1.075,1.123,1.164,1.193,1.233,0,train,D:/LUMOS/processed/vertebral_rois/patient_313/AP/L1.png,True,D:/LUMOS/processed/vertebral_rois/patient_313/AP/L2.png,True,D:/LUMOS/processed/vertebral_rois/patient_313/AP/L3.png,True,D:/LUMOS/processed/vertebral_rois/patient_313/AP/L4.png,True
313,Lateral,D:/LUMOS/processed/preprocessed_images/patient_313/Lateral.png,D:/LUMOS/processed/segmentation/pseudo_labels/patient_313_Lateral_mask.png,True,1.123,0.985,1.075,1.123,1.164,1.193,1.233,0,train,D:/LUMOS/processed/vertebral_rois/patient_313/Lateral/L1.png,True,D:/LUMOS/processed/vertebral_rois/patient_313/Lateral/L2.png,False,D:/LUMOS/processed/vertebral_rois/patient_313/Lateral/L3.png,True,D:/LUMOS/processed/vertebral_rois/patient_313/Lateral/L4.png,True
314,AP,D:/LUMOS/processed/preprocessed_images/patient_314/AP.png,D:/LUMOS/processed/segmentation/pseudo_labels/patient_314_AP_mask.png,True,0.979,0.913,0.938,0.979,0.968,1.01,1.036,1,train,D:/LUMOS/processed/vertebral_rois/patient_314/AP/L1.png,True,D:/LUMOS/processed/vertebral_rois/patient_314/AP/L2.png,True,D:/LUMOS/processed/vertebral_rois/patient_314/AP/L3.png,True,D:/LUMOS/processed/vertebral_rois/patient_314/AP/L4.png,True
314,Lateral,D:/LUMOS/processed/preprocessed_images/patient_314/Lateral.png,D:/LUMOS/processed/segmentation/pseudo_labels/patient_314_Lateral_mask.png,True,0.979,0.913,0.938,0.979,0.968,1.01,1.036,1,train,D:/LUMOS/processed/vertebral_rois/patient_314/Lateral/L1.png,True,D:/LUMOS/processed/vertebral_rois/patient_314/Lateral/L2.png,True,D:/LUMOS/processed/vertebral_rois/patient_314/Lateral/L3.png,True,D:/LUMOS/processed/vertebral_rois/patient_314/Lateral/L4.png,True
315,AP,D:/LUMOS/processed/preprocessed_images/patient_315/AP.png,D:/LUMOS/processed/segmentation/pseudo_labels/patient_315_AP_mask.png,True,0.702,0.684,0.69,0.702,0.707,0.717,0.718,2,validation,D:/LUMOS/processed/vertebral_rois/patient_315/AP/L1.png,True,D:/LUMOS/processed/vertebral_rois/patient_315/AP/L2.png,True,D:/LUMOS/processed/vertebral_rois/patient_315/AP/L3.png,True,D:/LUMOS/processed/vertebral_rois/patient_315/AP/L4.png,True
315,Lateral,D:/LUMOS/processed/preprocessed_images/patient_315/Lateral.png,D:/LUMOS/processed/segmentation/pseudo_labels/patient_315_Lateral_mask.png,True,0.702,0.684,0.69,0.702,0.707,0.717,0.718,2,validation,D:/LUMOS/processed/vertebral_rois/patient_315/Lateral/L1.png,True,D:/LUMOS/processed/vertebral_rois/patient_315/Lateral/L2.png,True,D:/LUMOS/processed/vertebral_rois/patient_315/Lateral/L3.png,True,D:/LUMOS/processed/vertebral_rois/patient_315/Lateral/L4.png,True
316,AP,D:/LUMOS/processed/preprocessed_images/patient_316/AP.png,D:/LUMOS/processed/segmentation/pseudo_labels/patient_316_AP_mask.png,True,1.017,0.946,0.985,1.017,1.016,1.047,1.08,0,train,D:/LUMOS/processed/vertebral_rois/patient_316/AP/L1.png,True,D:/LUMOS/processed/vertebral_rois/patient_316/AP/L2.png,True,D:/LUMOS/processed/vertebral_rois/patient_316/AP/L3.png,True,D:/LUMOS/processed/vertebral_rois/patient_316/AP/L4.png,True
316,Lateral,D:/LUMOS/processed/preprocessed_images/patient_316/Lateral.png,D:/LUMOS/processed/segmentation/pseudo_labels/patient_316_Lateral_mask.png,True,1.017,0.946,0.985,1.017,1.016,1.047,1.08,0,train,D:/LUMOS/processed/vertebral_rois/patient_316/Lateral/L1.png,True,D:/LUMOS/processed/vertebral_rois/patient_316/Lateral/L2.png,True,D:/LUMOS/processed/vertebral_rois/patient_316/Lateral/L3.png,True,D:/LUMOS/processed/vertebral_rois/patient_316/Lateral/L4.png,True
317,AP,D:/LUMOS/processed/preprocessed_images/patient_317/AP.png,D:/LUMOS/processed/segmentation/pseudo_labels/patient_317_AP_mask.png,True,1.019,0.95,0.978,1.019,1.007,1.049,1.074,0,train,D:/LUMOS/processed/vertebral_rois/patient_317/AP/L1.png,True,D:/LUMOS/processed/vertebral_rois/patient_317/AP/L2.png,True,D:/LUMOS/processed/vertebral_rois/patient_317/AP/L3.png,True,D:/LUMOS/processed/vertebral_rois/patient_317/AP/L4.png,True
317,Lateral,D:/LUMOS/processed/preprocessed_images/patient_317/Lateral.png,D:/LUMOS/processed/segmentation/pseudo_labels/patient_317_Lateral_mask.png,True,1.019,0.95,0.978,1.019,1.007,1.049,1.074,0,train,D:/LUMOS/processed/vertebral_rois/patient_317/Lateral/L1.png,True,D:/LUMOS/processed/vertebral_rois/patient_317/Lateral/L2.png,True,D:/LUMOS/processed/vertebral_rois/patient_317/Lateral/L3.png,True,D:/LUMOS/processed/vertebral_rois/patient_317/Lateral/L4.png,True
318,AP,D:/LUMOS/processed/preprocessed_images/patient_318/AP.png,D:/LUMOS/processed/segmentation/pseudo_labels/patient_318_AP_mask.png,True,1.045,0.987,1.011,1.045,1.004,1.052,1.1,0,train,D:/LUMOS/processed/vertebral_rois/patient_318/AP/L1.png,True,D:/LUMOS/processed/vertebral_rois/patient_318/AP/L2.png,True,D:/LUMOS/processed/vertebral_rois/patient_318/AP/L3.png,True,D:/LUMOS/processed/vertebral_rois/patient_318/AP/L4.png,True
318,Lateral,D:/LUMOS/processed/preprocessed_images/patient_318/Lateral.png,D:/LUMOS/processed/segmentation/pseudo_labels/patient_318_Lateral_mask.png,True,1.045,0.987,1.011,1.045,1.004,1.052,1.1,0,train,D:/LUMOS/processed/vertebral_rois/patient_318/Lateral/L1.png,True,D:/LUMOS/processed/vertebral_rois/patient_318/Lateral/L2.png,True,D:/LUMOS/processed/vertebral_rois/patient_318/Lateral/L3.png,True,D:/LUMOS/processed/vertebral_rois/patient_318/Lateral/L4.png,True
319,AP,D:/LUMOS/processed/preprocessed_images/patient_319/AP.png,D:/LUMOS/processed/segmentation/pseudo_labels/patient_319_AP_mask.png,True,0.931,0.926,0.938,0.931,0.954,0.938,0.934,1,train,D:/LUMOS/processed/vertebral_rois/patient_319/AP/L1.png,True,D:/LUMOS/processed/vertebral_rois/patient_319/AP/L2.png,True,D:/LUMOS/processed/vertebral_rois/patient_319/AP/L3.png,True,D:/LUMOS/processed/vertebral_rois/patient_319/AP/L4.png,True
319,Lateral,D:/LUMOS/processed/preprocessed_images/patient_319/Lateral.png,D:/LUMOS/processed/segmentation/pseudo_labels/patient_319_Lateral_mask.png,True,0.931,0.926,0.938,0.931,0.954,0.938,0.934,1,train,D:/LUMOS/processed/vertebral_rois/patient_319/Lateral/L1.png,True,D:/LUMOS/processed/vertebral_rois/patient_319/Lateral/L2.png,True,D:/LUMOS/processed/vertebral_rois/patient_319/Lateral/L3.png,True,D:/LUMOS/processed/vertebral_rois/patient_319/Lateral/L4.png,True
320,AP,D:/LUMOS/processed/preprocessed_images/patient_320/AP.png,D:/LUMOS/processed/segmentation/pseudo_labels/patient_320_AP_mask.png,True,1.668,1.59,1.612,1.668,1.639,1.7,1.727,0,train,D:/LUMOS/processed/vertebral_rois/patient_320/AP/L1.png,True,D:/LUMOS/processed/vertebral_rois/patient_320/AP/L2.png,True,D:/LUMOS/processed/vertebral_rois/patient_320/AP/L3.png,True,D:/LUMOS/processed/vertebral_rois/patient_320/AP/L4.png,True
320,Lateral,D:/LUMOS/processed/preprocessed_images/patient_320/Lateral.png,D:/LUMOS/processed/segmentation/pseudo_labels/patient_320_Lateral_mask.png,True,1.668,1.59,1.612,1.668,1.639,1.7,1.727,0,train,D:/LUMOS/processed/vertebral_rois/patient_320/Lateral/L1.png,True,D:/LUMOS/processed/vertebral_rois/patient_320/Lateral/L2.png,True,D:/LUMOS/processed/vertebral_rois/patient_320/Lateral/L3.png,True,D:/LUMOS/processed/vertebral_rois/patient_320/Lateral/L4.png,True
321,AP,D:/LUMOS/processed/preprocessed_images/patient_321/AP.png,D:/LUMOS/processed/segmentation/pseudo_labels/patient_321_AP_mask.png,True,0.77,0.712,0.746,0.77,0.779,0.798,0.819,2,train,D:/LUMOS/processed/vertebral_rois/patient_321/AP/L1.png,True,D:/LUMOS/processed/vertebral_rois/patient_321/AP/L2.png,True,D:/LUMOS/processed/vertebral_rois/patient_321/AP/L3.png,True,D:/LUMOS/processed/vertebral_rois/patient_321/AP/L4.png,True
321,Lateral,D:/LUMOS/processed/preprocessed_images/patient_321/Lateral.png,D:/LUMOS/processed/segmentation/pseudo_labels/patient_321_Lateral_mask.png,True,0.77,0.712,0.746,0.77,0.779,0.798,0.819,2,train,D:/LUMOS/processed/vertebral_rois/patient_321/Lateral/L1.png,True,D:/LUMOS/processed/vertebral_rois/patient_321/Lateral/L2.png,True,D:/LUMOS/processed/vertebral_rois/patient_321/Lateral/L3.png,True,D:/LUMOS/processed/vertebral_rois/patient_321/Lateral/L4.png,True
322,AP,D:/LUMOS/processed/preprocessed_images/patient_322/AP.png,D:/LUMOS/processed/segmentation/pseudo_labels/patient_322_AP_mask.png,True,0.998804542737597,0.935,0.969,0.999,1.013,1.034,1.049,0,train,D:/LUMOS/processed/vertebral_rois/patient_322/AP/L1.png,True,D:/LUMOS/processed/vertebral_rois/patient_322/AP/L2.png,True,D:/LUMOS/processed/vertebral_rois/patient_322/AP/L3.png,True,D:/LUMOS/processed/vertebral_rois/patient_322/AP/L4.png,False
322,Lateral,D:/LUMOS/processed/preprocessed_images/patient_322/Lateral.png,D:/LUMOS/processed/segmentation/pseudo_labels/patient_322_Lateral_mask.png,True,0.998804542737597,0.935,0.969,0.999,1.013,1.034,1.049,0,train,D:/LUMOS/processed/vertebral_rois/patient_322/Lateral/L1.png,True,D:/LUMOS/processed/vertebral_rois/patient_322/Lateral/L2.png,True,D:/LUMOS/processed/vertebral_rois/patient_322/Lateral/L3.png,True,D:/LUMOS/processed/vertebral_rois/patient_322/Lateral/L4.png,True
323,AP,D:/LUMOS/processed/preprocessed_images/patient_323/AP.png,D:/LUMOS/processed/segmentation/pseudo_labels/patient_323_AP_mask.png,True,0.905,0.802,0.86,0.904,0.9,0.942,0.995,1,validation,D:/LUMOS/processed/vertebral_rois/patient_323/AP/L1.png,True,D:/LUMOS/processed/vertebral_rois/patient_323/AP/L2.png,True,D:/LUMOS/processed/vertebral_rois/patient_323/AP/L3.png,True,D:/LUMOS/processed/vertebral_rois/patient_323/AP/L4.png,True
323,Lateral,D:/LUMOS/processed/preprocessed_images/patient_323/Lateral.png,D:/LUMOS/processed/segmentation/pseudo_labels/patient_323_Lateral_mask.png,True,0.905,0.802,0.86,0.904,0.9,0.942,0.995,1,validation,D:/LUMOS/processed/vertebral_rois/patient_323/Lateral/L1.png,True,D:/LUMOS/processed/vertebral_rois/patient_323/Lateral/L2.png,True,D:/LUMOS/processed/vertebral_rois/patient_323/Lateral/L3.png,True,D:/LUMOS/processed/vertebral_rois/patient_323/Lateral/L4.png,True
324,AP,D:/LUMOS/processed/preprocessed_images/patient_324/AP.png,D:/LUMOS/processed/segmentation/pseudo_labels/patient_324_AP_mask.png,True,1.158,1.046,1.128,1.158,1.186,1.204,1.252,0,train,D:/LUMOS/processed/vertebral_rois/patient_324/AP/L1.png,True,D:/LUMOS/processed/vertebral_rois/patient_324/AP/L2.png,True,D:/LUMOS/processed/vertebral_rois/patient_324/AP/L3.png,False,D:/LUMOS/processed/vertebral_rois/patient_324/AP/L4.png,True
324,Lateral,D:/LUMOS/processed/preprocessed_images/patient_324/Lateral.png,D:/LUMOS/processed/segmentation/pseudo_labels/patient_324_Lateral_mask.png,True,1.158,1.046,1.128,1.158,1.186,1.204,1.252,0,train,D:/LUMOS/processed/vertebral_rois/patient_324/Lateral/L1.png,True,D:/LUMOS/processed/vertebral_rois/patient_324/Lateral/L2.png,True,D:/LUMOS/processed/vertebral_rois/patient_324/Lateral/L3.png,True,D:/LUMOS/processed/vertebral_rois/patient_324/Lateral/L4.png,True
325,AP,D:/LUMOS/processed/preprocessed_images/patient_325/AP.png,D:/LUMOS/processed/segmentation/pseudo_labels/patient_325_AP_mask.png,True,1.077,1.018,1.042,1.076,1.047,1.089,1.124,0,train,D:/LUMOS/processed/vertebral_rois/patient_325/AP/L1.png,True,D:/LUMOS/processed/vertebral_rois/patient_325/AP/L2.png,True,D:/LUMOS/processed/vertebral_rois/patient_325/AP/L3.png,True,D:/LUMOS/processed/vertebral_rois/patient_325/AP/L4.png,True
325,Lateral,D:/LUMOS/processed/preprocessed_images/patient_325/Lateral.png,D:/LUMOS/processed/segmentation/pseudo_labels/patient_325_Lateral_mask.png,True,1.077,1.018,1.042,1.076,1.047,1.089,1.124,0,train,D:/LUMOS/processed/vertebral_rois/patient_325/Lateral/L1.png,True,D:/LUMOS/processed/vertebral_rois/patient_325/Lateral/L2.png,True,D:/LUMOS/processed/vertebral_rois/patient_325/Lateral/L3.png,True,D:/LUMOS/processed/vertebral_rois/patient_325/Lateral/L4.png,True
326,AP,D:/LUMOS/processed/preprocessed_images/patient_326/AP.png,D:/LUMOS/processed/segmentation/pseudo_labels/patient_326_AP_mask.png,True,1.217,1.203,1.204,1.217,1.233,1.239,1.227,0,test,D:/LUMOS/processed/vertebral_rois/patient_326/AP/L1.png,True,D:/LUMOS/processed/vertebral_rois/patient_326/AP/L2.png,True,D:/LUMOS/processed/vertebral_rois/patient_326/AP/L3.png,True,D:/LUMOS/processed/vertebral_rois/patient_326/AP/L4.png,True
326,Lateral,D:/LUMOS/processed/preprocessed_images/patient_326/Lateral.png,D:/LUMOS/processed/segmentation/pseudo_labels/patient_326_Lateral_mask.png,True,1.217,1.203,1.204,1.217,1.233,1.239,1.227,0,test,D:/LUMOS/processed/vertebral_rois/patient_326/Lateral/L1.png,True,D:/LUMOS/processed/vertebral_rois/patient_326/Lateral/L2.png,True,D:/LUMOS/processed/vertebral_rois/patient_326/Lateral/L3.png,True,D:/LUMOS/processed/vertebral_rois/patient_326/Lateral/L4.png,True
327,AP,D:/LUMOS/processed/preprocessed_images/patient_327/AP.png,D:/LUMOS/processed/segmentation/pseudo_labels/patient_327_AP_mask.png,True,0.85,0.802,0.814,0.85,0.821,0.864,0.885,1,train,D:/LUMOS/processed/vertebral_rois/patient_327/AP/L1.png,True,D:/LUMOS/processed/vertebral_rois/patient_327/AP/L2.png,True,D:/LUMOS/processed/vertebral_rois/patient_327/AP/L3.png,True,D:/LUMOS/processed/vertebral_rois/patient_327/AP/L4.png,True
327,Lateral,D:/LUMOS/processed/preprocessed_images/patient_327/Lateral.png,D:/LUMOS/processed/segmentation/pseudo_labels/patient_327_Lateral_mask.png,True,0.85,0.802,0.814,0.85,0.821,0.864,0.885,1,train,D:/LUMOS/processed/vertebral_rois/patient_327/Lateral/L1.png,True,D:/LUMOS/processed/vertebral_rois/patient_327/Lateral/L2.png,True,D:/LUMOS/processed/vertebral_rois/patient_327/Lateral/L3.png,True,D:/LUMOS/processed/vertebral_rois/patient_327/Lateral/L4.png,True
328,AP,D:/LUMOS/processed/preprocessed_images/patient_328/AP.png,D:/LUMOS/processed/segmentation/pseudo_labels/patient_328_AP_mask.png,True,1.098,1.026,1.079,1.098,1.122,1.129,1.157,0,train,D:/LUMOS/processed/vertebral_rois/patient_328/AP/L1.png,True,D:/LUMOS/processed/vertebral_rois/patient_328/AP/L2.png,True,D:/LUMOS/processed/vertebral_rois/patient_328/AP/L3.png,True,D:/LUMOS/processed/vertebral_rois/patient_328/AP/L4.png,True
328,Lateral,D:/LUMOS/processed/preprocessed_images/patient_328/Lateral.png,D:/LUMOS/processed/segmentation/pseudo_labels/patient_328_Lateral_mask.png,True,1.098,1.026,1.079,1.098,1.122,1.129,1.157,0,train,D:/LUMOS/processed/vertebral_rois/patient_328/Lateral/L1.png,True,D:/LUMOS/processed/vertebral_rois/patient_328/Lateral/L2.png,True,D:/LUMOS/processed/vertebral_rois/patient_328/Lateral/L3.png,True,D:/LUMOS/processed/vertebral_rois/patient_328/Lateral/L4.png,True
329,AP,D:/LUMOS/processed/preprocessed_images/patient_329/AP.png,D:/LUMOS/processed/segmentation/pseudo_labels/patient_329_AP_mask.png,True,1.046,1.016,1.052,1.046,1.087,1.066,1.071,0,train,D:/LUMOS/processed/vertebral_rois/patient_329/AP/L1.png,True,D:/LUMOS/processed/vertebral_rois/patient_329/AP/L2.png,True,D:/LUMOS/processed/vertebral_rois/patient_329/AP/L3.png,True,D:/LUMOS/processed/vertebral_rois/patient_329/AP/L4.png,True
329,Lateral,D:/LUMOS/processed/preprocessed_images/patient_329/Lateral.png,D:/LUMOS/processed/segmentation/pseudo_labels/patient_329_Lateral_mask.png,True,1.046,1.016,1.052,1.046,1.087,1.066,1.071,0,train,D:/LUMOS/processed/vertebral_rois/patient_329/Lateral/L1.png,True,D:/LUMOS/processed/vertebral_rois/patient_329/Lateral/L2.png,True,D:/LUMOS/processed/vertebral_rois/patient_329/Lateral/L3.png,True,D:/LUMOS/processed/vertebral_rois/patient_329/Lateral/L4.png,True
330,AP,D:/LUMOS/processed/preprocessed_images/patient_330/AP.png,D:/LUMOS/processed/segmentation/pseudo_labels/patient_330_AP_mask.png,True,0.729,0.682,0.703,0.729,0.715,0.743,0.766,2,train,D:/LUMOS/processed/vertebral_rois/patient_330/AP/L1.png,True,D:/LUMOS/processed/vertebral_rois/patient_330/AP/L2.png,True,D:/LUMOS/processed/vertebral_rois/patient_330/AP/L3.png,True,D:/LUMOS/processed/vertebral_rois/patient_330/AP/L4.png,True
330,Lateral,D:/LUMOS/processed/preprocessed_images/patient_330/Lateral.png,D:/LUMOS/processed/segmentation/pseudo_labels/patient_330_Lateral_mask.png,True,0.729,0.682,0.703,0.729,0.715,0.743,0.766,2,train,D:/LUMOS/processed/vertebral_rois/patient_330/Lateral/L1.png,True,D:/LUMOS/processed/vertebral_rois/patient_330/Lateral/L2.png,True,D:/LUMOS/processed/vertebral_rois/patient_330/Lateral/L3.png,True,D:/LUMOS/processed/vertebral_rois/patient_330/Lateral/L4.png,True
331,AP,D:/LUMOS/processed/preprocessed_images/patient_331/AP.png,D:/LUMOS/processed/segmentation/pseudo_labels/patient_331_AP_mask.png,True,0.997,0.935,0.97,0.997,1.011,1.029,1.044,0,train,D:/LUMOS/processed/vertebral_rois/patient_331/AP/L1.png,True,D:/LUMOS/processed/vertebral_rois/patient_331/AP/L2.png,True,D:/LUMOS/processed/vertebral_rois/patient_331/AP/L3.png,True,D:/LUMOS/processed/vertebral_rois/patient_331/AP/L4.png,True
331,Lateral,D:/LUMOS/processed/preprocessed_images/patient_331/Lateral.png,D:/LUMOS/processed/segmentation/pseudo_labels/patient_331_Lateral_mask.png,True,0.997,0.935,0.97,0.997,1.011,1.029,1.044,0,train,D:/LUMOS/processed/vertebral_rois/patient_331/Lateral/L1.png,True,D:/LUMOS/processed/vertebral_rois/patient_331/Lateral/L2.png,True,D:/LUMOS/processed/vertebral_rois/patient_331/Lateral/L3.png,True,D:/LUMOS/processed/vertebral_rois/patient_331/Lateral/L4.png,True
332,AP,D:/LUMOS/processed/preprocessed_images/patient_332/AP.png,D:/LUMOS/processed/segmentation/pseudo_labels/patient_332_AP_mask.png,True,1.337,1.235,1.294,1.337,1.36,1.389,1.418,0,validation,D:/LUMOS/processed/vertebral_rois/patient_332/AP/L1.png,True,D:/LUMOS/processed/vertebral_rois/patient_332/AP/L2.png,True,D:/LUMOS/processed/vertebral_rois/patient_332/AP/L3.png,False,D:/LUMOS/processed/vertebral_rois/patient_332/AP/L4.png,True
332,Lateral,D:/LUMOS/processed/preprocessed_images/patient_332/Lateral.png,D:/LUMOS/processed/segmentation/pseudo_labels/patient_332_Lateral_mask.png,True,1.337,1.235,1.294,1.337,1.36,1.389,1.418,0,validation,D:/LUMOS/processed/vertebral_rois/patient_332/Lateral/L1.png,True,D:/LUMOS/processed/vertebral_rois/patient_332/Lateral/L2.png,True,D:/LUMOS/processed/vertebral_rois/patient_332/Lateral/L3.png,True,D:/LUMOS/processed/vertebral_rois/patient_332/Lateral/L4.png,True
333,AP,D:/LUMOS/processed/preprocessed_images/patient_333/AP.png,D:/LUMOS/processed/segmentation/pseudo_labels/patient_333_AP_mask.png,True,1.29,1.297,1.284,1.29,1.212,1.246,1.285,0,train,D:/LUMOS/processed/vertebral_rois/patient_333/AP/L1.png,True,D:/LUMOS/processed/vertebral_rois/patient_333/AP/L2.png,False,D:/LUMOS/processed/vertebral_rois/patient_333/AP/L3.png,True,D:/LUMOS/processed/vertebral_rois/patient_333/AP/L4.png,True
333,Lateral,D:/LUMOS/processed/preprocessed_images/patient_333/Lateral.png,D:/LUMOS/processed/segmentation/pseudo_labels/patient_333_Lateral_mask.png,True,1.29,1.297,1.284,1.29,1.212,1.246,1.285,0,train,D:/LUMOS/processed/vertebral_rois/patient_333/Lateral/L1.png,True,D:/LUMOS/processed/vertebral_rois/patient_333/Lateral/L2.png,True,D:/LUMOS/processed/vertebral_rois/patient_333/Lateral/L3.png,True,D:/LUMOS/processed/vertebral_rois/patient_333/Lateral/L4.png,True
334,AP,D:/LUMOS/processed/preprocessed_images/patient_334/AP.png,D:/LUMOS/processed/segmentation/pseudo_labels/patient_334_AP_mask.png,True,0.893,0.812,0.847,0.893,0.89,0.934,0.964,1,test,D:/LUMOS/processed/vertebral_rois/patient_334/AP/L1.png,True,D:/LUMOS/processed/vertebral_rois/patient_334/AP/L2.png,True,D:/LUMOS/processed/vertebral_rois/patient_334/AP/L3.png,True,D:/LUMOS/processed/vertebral_rois/patient_334/AP/L4.png,True
334,Lateral,D:/LUMOS/processed/preprocessed_images/patient_334/Lateral.png,D:/LUMOS/processed/segmentation/pseudo_labels/patient_334_Lateral_mask.png,True,0.893,0.812,0.847,0.893,0.89,0.934,0.964,1,test,D:/LUMOS/processed/vertebral_rois/patient_334/Lateral/L1.png,True,D:/LUMOS/processed/vertebral_rois/patient_334/Lateral/L2.png,True,D:/LUMOS/processed/vertebral_rois/patient_334/Lateral/L3.png,True,D:/LUMOS/processed/vertebral_rois/patient_334/Lateral/L4.png,False
335,AP,D:/LUMOS/processed/preprocessed_images/patient_335/AP.png,D:/LUMOS/processed/segmentation/pseudo_labels/patient_335_AP_mask.png,True,0.925,0.811,0.879,0.925,0.947,0.979,1.011,1,train,D:/LUMOS/processed/vertebral_rois/patient_335/AP/L1.png,True,D:/LUMOS/processed/vertebral_rois/patient_335/AP/L2.png,True,D:/LUMOS/processed/vertebral_rois/patient_335/AP/L3.png,True,D:/LUMOS/processed/vertebral_rois/patient_335/AP/L4.png,True
335,Lateral,D:/LUMOS/processed/preprocessed_images/patient_335/Lateral.png,D:/LUMOS/processed/segmentation/pseudo_labels/patient_335_Lateral_mask.png,True,0.925,0.811,0.879,0.925,0.947,0.979,1.011,1,train,D:/LUMOS/processed/vertebral_rois/patient_335/Lateral/L1.png,True,D:/LUMOS/processed/vertebral_rois/patient_335/Lateral/L2.png,True,D:/LUMOS/processed/vertebral_rois/patient_335/Lateral/L3.png,True,D:/LUMOS/processed/vertebral_rois/patient_335/Lateral/L4.png,True
336,AP,D:/LUMOS/processed/preprocessed_images/patient_336/AP.png,D:/LUMOS/processed/segmentation/pseudo_labels/patient_336_AP_mask.png,True,1.113,1.014,1.078,1.113,1.118,1.147,1.193,0,test,D:/LUMOS/processed/vertebral_rois/patient_336/AP/L1.png,True,D:/LUMOS/processed/vertebral_rois/patient_336/AP/L2.png,True,D:/LUMOS/processed/vertebral_rois/patient_336/AP/L3.png,True,D:/LUMOS/processed/vertebral_rois/patient_336/AP/L4.png,True
336,Lateral,D:/LUMOS/processed/preprocessed_images/patient_336/Lateral.png,D:/LUMOS/processed/segmentation/pseudo_labels/patient_336_Lateral_mask.png,True,1.113,1.014,1.078,1.113,1.118,1.147,1.193,0,test,D:/LUMOS/processed/vertebral_rois/patient_336/Lateral/L1.png,True,D:/LUMOS/processed/vertebral_rois/patient_336/Lateral/L2.png,True,D:/LUMOS/processed/vertebral_rois/patient_336/Lateral/L3.png,True,D:/LUMOS/processed/vertebral_rois/patient_336/Lateral/L4.png,True
337,AP,D:/LUMOS/processed/preprocessed_images/patient_337/AP.png,D:/LUMOS/processed/segmentation/pseudo_labels/patient_337_AP_mask.png,True,1.012,0.981,1.019,1.012,1.046,1.027,1.037,0,train,D:/LUMOS/processed/vertebral_rois/patient_337/AP/L1.png,True,D:/LUMOS/processed/vertebral_rois/patient_337/AP/L2.png,True,D:/LUMOS/processed/vertebral_rois/patient_337/AP/L3.png,True,D:/LUMOS/processed/vertebral_rois/patient_337/AP/L4.png,True
337,Lateral,D:/LUMOS/processed/preprocessed_images/patient_337/Lateral.png,D:/LUMOS/processed/segmentation/pseudo_labels/patient_337_Lateral_mask.png,True,1.012,0.981,1.019,1.012,1.046,1.027,1.037,0,train,D:/LUMOS/processed/vertebral_rois/patient_337/Lateral/L1.png,True,D:/LUMOS/processed/vertebral_rois/patient_337/Lateral/L2.png,True,D:/LUMOS/processed/vertebral_rois/patient_337/Lateral/L3.png,True,D:/LUMOS/processed/vertebral_rois/patient_337/Lateral/L4.png,True
338,AP,D:/LUMOS/processed/preprocessed_images/patient_338/AP.png,D:/LUMOS/processed/segmentation/pseudo_labels/patient_338_AP_mask.png,True,0.906,0.887,0.919,0.906,0.967,0.932,0.921,1,validation,D:/LUMOS/processed/vertebral_rois/patient_338/AP/L1.png,True,D:/LUMOS/processed/vertebral_rois/patient_338/AP/L2.png,True,D:/LUMOS/processed/vertebral_rois/patient_338/AP/L3.png,True,D:/LUMOS/processed/vertebral_rois/patient_338/AP/L4.png,True
338,Lateral,D:/LUMOS/processed/preprocessed_images/patient_338/Lateral.png,D:/LUMOS/processed/segmentation/pseudo_labels/patient_338_Lateral_mask.png,True,0.906,0.887,0.919,0.906,0.967,0.932,0.921,1,validation,D:/LUMOS/processed/vertebral_rois/patient_338/Lateral/L1.png,True,D:/LUMOS/processed/vertebral_rois/patient_338/Lateral/L2.png,True,D:/LUMOS/processed/vertebral_rois/patient_338/Lateral/L3.png,True,D:/LUMOS/processed/vertebral_rois/patient_338/Lateral/L4.png,True
339,AP,D:/LUMOS/processed/preprocessed_images/patient_339/AP.png,D:/LUMOS/processed/segmentation/pseudo_labels/patient_339_AP_mask.png,True,0.957,0.865,0.918,0.957,0.945,0.985,1.029,1,train,D:/LUMOS/processed/vertebral_rois/patient_339/AP/L1.png,True,D:/LUMOS/processed/vertebral_rois/patient_339/AP/L2.png,True,D:/LUMOS/processed/vertebral_rois/patient_339/AP/L3.png,True,D:/LUMOS/processed/vertebral_rois/patient_339/AP/L4.png,True
339,Lateral,D:/LUMOS/processed/preprocessed_images/patient_339/Lateral.png,D:/LUMOS/processed/segmentation/pseudo_labels/patient_339_Lateral_mask.png,True,0.957,0.865,0.918,0.957,0.945,0.985,1.029,1,train,D:/LUMOS/processed/vertebral_rois/patient_339/Lateral/L1.png,True,D:/LUMOS/processed/vertebral_rois/patient_339/Lateral/L2.png,True,D:/LUMOS/processed/vertebral_rois/patient_339/Lateral/L3.png,True,D:/LUMOS/processed/vertebral_rois/patient_339/Lateral/L4.png,True
340,AP,D:/LUMOS/processed/preprocessed_images/patient_340/AP.png,D:/LUMOS/processed/segmentation/pseudo_labels/patient_340_AP_mask.png,True,0.961,0.864,0.91,0.961,0.908,0.974,1.032,1,train,D:/LUMOS/processed/vertebral_rois/patient_340/AP/L1.png,True,D:/LUMOS/processed/vertebral_rois/patient_340/AP/L2.png,True,D:/LUMOS/processed/vertebral_rois/patient_340/AP/L3.png,True,D:/LUMOS/processed/vertebral_rois/patient_340/AP/L4.png,True
340,Lateral,D:/LUMOS/processed/preprocessed_images/patient_340/Lateral.png,D:/LUMOS/processed/segmentation/pseudo_labels/patient_340_Lateral_mask.png,True,0.961,0.864,0.91,0.961,0.908,0.974,1.032,1,train,D:/LUMOS/processed/vertebral_rois/patient_340/Lateral/L1.png,True,D:/LUMOS/processed/vertebral_rois/patient_340/Lateral/L2.png,True,D:/LUMOS/processed/vertebral_rois/patient_340/Lateral/L3.png,False,D:/LUMOS/processed/vertebral_rois/patient_340/Lateral/L4.png,True
341,AP,D:/LUMOS/processed/preprocessed_images/patient_341/AP.png,D:/LUMOS/processed/segmentation/pseudo_labels/patient_341_AP_mask.png,True,0.883,0.853,0.881,0.883,0.904,0.898,0.908,1,train,D:/LUMOS/processed/vertebral_rois/patient_341/AP/L1.png,True,D:/LUMOS/processed/vertebral_rois/patient_341/AP/L2.png,True,D:/LUMOS/processed/vertebral_rois/patient_341/AP/L3.png,True,D:/LUMOS/processed/vertebral_rois/patient_341/AP/L4.png,True
341,Lateral,D:/LUMOS/processed/preprocessed_images/patient_341/Lateral.png,D:/LUMOS/processed/segmentation/pseudo_labels/patient_341_Lateral_mask.png,True,0.883,0.853,0.881,0.883,0.904,0.898,0.908,1,train,D:/LUMOS/processed/vertebral_rois/patient_341/Lateral/L1.png,True,D:/LUMOS/processed/vertebral_rois/patient_341/Lateral/L2.png,True,D:/LUMOS/processed/vertebral_rois/patient_341/Lateral/L3.png,True,D:/LUMOS/processed/vertebral_rois/patient_341/Lateral/L4.png,True
342,AP,D:/LUMOS/processed/preprocessed_images/patient_342/AP.png,D:/LUMOS/processed/segmentation/pseudo_labels/patient_342_AP_mask.png,True,0.839,0.796,0.833,0.839,0.881,0.871,0.873,1,train,D:/LUMOS/processed/vertebral_rois/patient_342/AP/L1.png,True,D:/LUMOS/processed/vertebral_rois/patient_342/AP/L2.png,True,D:/LUMOS/processed/vertebral_rois/patient_342/AP/L3.png,True,D:/LUMOS/processed/vertebral_rois/patient_342/AP/L4.png,True
342,Lateral,D:/LUMOS/processed/preprocessed_images/patient_342/Lateral.png,D:/LUMOS/processed/segmentation/pseudo_labels/patient_342_Lateral_mask.png,True,0.839,0.796,0.833,0.839,0.881,0.871,0.873,1,train,D:/LUMOS/processed/vertebral_rois/patient_342/Lateral/L1.png,True,D:/LUMOS/processed/vertebral_rois/patient_342/Lateral/L2.png,True,D:/LUMOS/processed/vertebral_rois/patient_342/Lateral/L3.png,True,D:/LUMOS/processed/vertebral_rois/patient_342/Lateral/L4.png,True
343,AP,D:/LUMOS/processed/preprocessed_images/patient_343/AP.png,D:/LUMOS/processed/segmentation/pseudo_labels/patient_343_AP_mask.png,True,0.757,0.725,0.742,0.757,0.743,0.762,0.782,2,validation,D:/LUMOS/processed/vertebral_rois/patient_343/AP/L1.png,True,D:/LUMOS/processed/vertebral_rois/patient_343/AP/L2.png,True,D:/LUMOS/processed/vertebral_rois/patient_343/AP/L3.png,True,D:/LUMOS/processed/vertebral_rois/patient_343/AP/L4.png,True
343,Lateral,D:/LUMOS/processed/preprocessed_images/patient_343/Lateral.png,D:/LUMOS/processed/segmentation/pseudo_labels/patient_343_Lateral_mask.png,True,0.757,0.725,0.742,0.757,0.743,0.762,0.782,2,validation,D:/LUMOS/processed/vertebral_rois/patient_343/Lateral/L1.png,True,D:/LUMOS/processed/vertebral_rois/patient_343/Lateral/L2.png,False,D:/LUMOS/processed/vertebral_rois/patient_343/Lateral/L3.png,False,D:/LUMOS/processed/vertebral_rois/patient_343/Lateral/L4.png,True
344,AP,D:/LUMOS/processed/preprocessed_images/patient_344/AP.png,D:/LUMOS/processed/segmentation/pseudo_labels/patient_344_AP_mask.png,True,0.966,0.939,0.94,0.966,0.935,0.97,0.986,1,validation,D:/LUMOS/processed/vertebral_rois/patient_344/AP/L1.png,True,D:/LUMOS/processed/vertebral_rois/patient_344/AP/L2.png,True,D:/LUMOS/processed/vertebral_rois/patient_344/AP/L3.png,True,D:/LUMOS/processed/vertebral_rois/patient_344/AP/L4.png,False
344,Lateral,D:/LUMOS/processed/preprocessed_images/patient_344/Lateral.png,D:/LUMOS/processed/segmentation/pseudo_labels/patient_344_Lateral_mask.png,True,0.966,0.939,0.94,0.966,0.935,0.97,0.986,1,validation,D:/LUMOS/processed/vertebral_rois/patient_344/Lateral/L1.png,True,D:/LUMOS/processed/vertebral_rois/patient_344/Lateral/L2.png,True,D:/LUMOS/processed/vertebral_rois/patient_344/Lateral/L3.png,True,D:/LUMOS/processed/vertebral_rois/patient_344/Lateral/L4.png,False
345,AP,D:/LUMOS/processed/preprocessed_images/patient_345/AP.png,D:/LUMOS/processed/segmentation/pseudo_labels/patient_345_AP_mask.png,True,0.885,0.807,0.851,0.885,0.87,0.906,0.95,1,train,D:/LUMOS/processed/vertebral_rois/patient_345/AP/L1.png,True,D:/LUMOS/processed/vertebral_rois/patient_345/AP/L2.png,True,D:/LUMOS/processed/vertebral_rois/patient_345/AP/L3.png,True,D:/LUMOS/processed/vertebral_rois/patient_345/AP/L4.png,True
345,Lateral,D:/LUMOS/processed/preprocessed_images/patient_345/Lateral.png,D:/LUMOS/processed/segmentation/pseudo_labels/patient_345_Lateral_mask.png,True,0.885,0.807,0.851,0.885,0.87,0.906,0.95,1,train,D:/LUMOS/processed/vertebral_rois/patient_345/Lateral/L1.png,True,D:/LUMOS/processed/vertebral_rois/patient_345/Lateral/L2.png,True,D:/LUMOS/processed/vertebral_rois/patient_345/Lateral/L3.png,True,D:/LUMOS/processed/vertebral_rois/patient_345/Lateral/L4.png,True
346,AP,D:/LUMOS/processed/preprocessed_images/patient_346/AP.png,D:/LUMOS/processed/segmentation/pseudo_labels/patient_346_AP_mask.png,True,0.821,0.791,0.791,0.822,0.78,0.823,0.845,1,train,D:/LUMOS/processed/vertebral_rois/patient_346/AP/L1.png,True,D:/LUMOS/processed/vertebral_rois/patient_346/AP/L2.png,True,D:/LUMOS/processed/vertebral_rois/patient_346/AP/L3.png,True,D:/LUMOS/processed/vertebral_rois/patient_346/AP/L4.png,True
346,Lateral,D:/LUMOS/processed/preprocessed_images/patient_346/Lateral.png,D:/LUMOS/processed/segmentation/pseudo_labels/patient_346_Lateral_mask.png,True,0.821,0.791,0.791,0.822,0.78,0.823,0.845,1,train,D:/LUMOS/processed/vertebral_rois/patient_346/Lateral/L1.png,True,D:/LUMOS/processed/vertebral_rois/patient_346/Lateral/L2.png,True,D:/LUMOS/processed/vertebral_rois/patient_346/Lateral/L3.png,True,D:/LUMOS/processed/vertebral_rois/patient_346/Lateral/L4.png,True
347,AP,D:/LUMOS/processed/preprocessed_images/patient_347/AP.png,D:/LUMOS/processed/segmentation/pseudo_labels/patient_347_AP_mask.png,True,1.08,1.087,1.102,1.08,1.108,1.078,1.074,0,validation,D:/LUMOS/processed/vertebral_rois/patient_347/AP/L1.png,True,D:/LUMOS/processed/vertebral_rois/patient_347/AP/L2.png,True,D:/LUMOS/processed/vertebral_rois/patient_347/AP/L3.png,True,D:/LUMOS/processed/vertebral_rois/patient_347/AP/L4.png,True
347,Lateral,D:/LUMOS/processed/preprocessed_images/patient_347/Lateral.png,D:/LUMOS/processed/segmentation/pseudo_labels/patient_347_Lateral_mask.png,True,1.08,1.087,1.102,1.08,1.108,1.078,1.074,0,validation,D:/LUMOS/processed/vertebral_rois/patient_347/Lateral/L1.png,True,D:/LUMOS/processed/vertebral_rois/patient_347/Lateral/L2.png,True,D:/LUMOS/processed/vertebral_rois/patient_347/Lateral/L3.png,True,D:/LUMOS/processed/vertebral_rois/patient_347/Lateral/L4.png,True
348,AP,D:/LUMOS/processed/preprocessed_images/patient_348/AP.png,D:/LUMOS/processed/segmentation/pseudo_labels/patient_348_AP_mask.png,True,0.82506175611947,0.775,0.801,0.826,0.825,0.848,0.871,1,train,D:/LUMOS/processed/vertebral_rois/patient_348/AP/L1.png,True,D:/LUMOS/processed/vertebral_rois/patient_348/AP/L2.png,True,D:/LUMOS/processed/vertebral_rois/patient_348/AP/L3.png,True,D:/LUMOS/processed/vertebral_rois/patient_348/AP/L4.png,True
348,Lateral,D:/LUMOS/processed/preprocessed_images/patient_348/Lateral.png,D:/LUMOS/processed/segmentation/pseudo_labels/patient_348_Lateral_mask.png,True,0.82506175611947,0.775,0.801,0.826,0.825,0.848,0.871,1,train,D:/LUMOS/processed/vertebral_rois/patient_348/Lateral/L1.png,True,D:/LUMOS/processed/vertebral_rois/patient_348/Lateral/L2.png,True,D:/LUMOS/processed/vertebral_rois/patient_348/Lateral/L3.png,True,D:/LUMOS/processed/vertebral_rois/patient_348/Lateral/L4.png,True
349,AP,D:/LUMOS/processed/preprocessed_images/patient_349/AP.png,D:/LUMOS/processed/segmentation/pseudo_labels/patient_349_AP_mask.png,True,0.814,0.768,0.79,0.814,0.807,0.831,0.853,2,train,D:/LUMOS/processed/vertebral_rois/patient_349/AP/L1.png,True,D:/LUMOS/processed/vertebral_rois/patient_349/AP/L2.png,True,D:/LUMOS/processed/vertebral_rois/patient_349/AP/L3.png,True,D:/LUMOS/processed/vertebral_rois/patient_349/AP/L4.png,True
349,Lateral,D:/LUMOS/processed/preprocessed_images/patient_349/Lateral.png,D:/LUMOS/processed/segmentation/pseudo_labels/patient_349_Lateral_mask.png,True,0.814,0.768,0.79,0.814,0.807,0.831,0.853,2,train,D:/LUMOS/processed/vertebral_rois/patient_349/Lateral/L1.png,True,D:/LUMOS/processed/vertebral_rois/patient_349/Lateral/L2.png,True,D:/LUMOS/processed/vertebral_rois/patient_349/Lateral/L3.png,True,D:/LUMOS/processed/vertebral_rois/patient_349/Lateral/L4.png,True
350,AP,D:/LUMOS/processed/preprocessed_images/patient_350/AP.png,D:/LUMOS/processed/segmentation/pseudo_labels/patient_350_AP_mask.png,True,1.381,1.342,1.36,1.381,1.398,1.412,1.417,0,train,D:/LUMOS/processed/vertebral_rois/patient_350/AP/L1.png,True,D:/LUMOS/processed/vertebral_rois/patient_350/AP/L2.png,True,D:/LUMOS/processed/vertebral_rois/patient_350/AP/L3.png,True,D:/LUMOS/processed/vertebral_rois/patient_350/AP/L4.png,True
350,Lateral,D:/LUMOS/processed/preprocessed_images/patient_350/Lateral.png,D:/LUMOS/processed/segmentation/pseudo_labels/patient_350_Lateral_mask.png,True,1.381,1.342,1.36,1.381,1.398,1.412,1.417,0,train,D:/LUMOS/processed/vertebral_rois/patient_350/Lateral/L1.png,True,D:/LUMOS/processed/vertebral_rois/patient_350/Lateral/L2.png,True,D:/LUMOS/processed/vertebral_rois/patient_350/Lateral/L3.png,True,D:/LUMOS/processed/vertebral_rois/patient_350/Lateral/L4.png,True
351,AP,D:/LUMOS/processed/preprocessed_images/patient_351/AP.png,D:/LUMOS/processed/segmentation/pseudo_labels/patient_351_AP_mask.png,True,0.73,0.662,0.703,0.73,0.718,0.746,0.784,2,train,D:/LUMOS/processed/vertebral_rois/patient_351/AP/L1.png,True,D:/LUMOS/processed/vertebral_rois/patient_351/AP/L2.png,True,D:/LUMOS/processed/vertebral_rois/patient_351/AP/L3.png,True,D:/LUMOS/processed/vertebral_rois/patient_351/AP/L4.png,True
351,Lateral,D:/LUMOS/processed/preprocessed_images/patient_351/Lateral.png,D:/LUMOS/processed/segmentation/pseudo_labels/patient_351_Lateral_mask.png,True,0.73,0.662,0.703,0.73,0.718,0.746,0.784,2,train,D:/LUMOS/processed/vertebral_rois/patient_351/Lateral/L1.png,True,D:/LUMOS/processed/vertebral_rois/patient_351/Lateral/L2.png,True,D:/LUMOS/processed/vertebral_rois/patient_351/Lateral/L3.png,True,D:/LUMOS/processed/vertebral_rois/patient_351/Lateral/L4.png,False
352,AP,D:/LUMOS/processed/preprocessed_images/patient_352/AP.png,D:/LUMOS/processed/segmentation/pseudo_labels/patient_352_AP_mask.png,True,0.786,0.769,0.79,0.786,0.795,0.788,0.799,2,train,D:/LUMOS/processed/vertebral_rois/patient_352/AP/L1.png,True,D:/LUMOS/processed/vertebral_rois/patient_352/AP/L2.png,True,D:/LUMOS/processed/vertebral_rois/patient_352/AP/L3.png,True,D:/LUMOS/processed/vertebral_rois/patient_352/AP/L4.png,True
352,Lateral,D:/LUMOS/processed/preprocessed_images/patient_352/Lateral.png,D:/LUMOS/processed/segmentation/pseudo_labels/patient_352_Lateral_mask.png,True,0.786,0.769,0.79,0.786,0.795,0.788,0.799,2,train,D:/LUMOS/processed/vertebral_rois/patient_352/Lateral/L1.png,True,D:/LUMOS/processed/vertebral_rois/patient_352/Lateral/L2.png,True,D:/LUMOS/processed/vertebral_rois/patient_352/Lateral/L3.png,True,D:/LUMOS/processed/vertebral_rois/patient_352/Lateral/L4.png,True
353,AP,D:/LUMOS/processed/preprocessed_images/patient_353/AP.png,D:/LUMOS/processed/segmentation/pseudo_labels/patient_353_AP_mask.png,True,0.817,0.75,0.805,0.817,0.831,0.837,0.867,1,train,D:/LUMOS/processed/vertebral_rois/patient_353/AP/L1.png,True,D:/LUMOS/processed/vertebral_rois/patient_353/AP/L2.png,True,D:/LUMOS/processed/vertebral_rois/patient_353/AP/L3.png,True,D:/LUMOS/processed/vertebral_rois/patient_353/AP/L4.png,True
353,Lateral,D:/LUMOS/processed/preprocessed_images/patient_353/Lateral.png,D:/LUMOS/processed/segmentation/pseudo_labels/patient_353_Lateral_mask.png,True,0.817,0.75,0.805,0.817,0.831,0.837,0.867,1,train,D:/LUMOS/processed/vertebral_rois/patient_353/Lateral/L1.png,True,D:/LUMOS/processed/vertebral_rois/patient_353/Lateral/L2.png,True,D:/LUMOS/processed/vertebral_rois/patient_353/Lateral/L3.png,True,D:/LUMOS/processed/vertebral_rois/patient_353/Lateral/L4.png,True
354,AP,D:/LUMOS/processed/preprocessed_images/patient_354/AP.png,D:/LUMOS/processed/segmentation/pseudo_labels/patient_354_AP_mask.png,True,0.924,0.871,0.892,0.924,0.899,0.939,0.968,1,train,D:/LUMOS/processed/vertebral_rois/patient_354/AP/L1.png,True,D:/LUMOS/processed/vertebral_rois/patient_354/AP/L2.png,False,D:/LUMOS/processed/vertebral_rois/patient_354/AP/L3.png,True,D:/LUMOS/processed/vertebral_rois/patient_354/AP/L4.png,True
354,Lateral,D:/LUMOS/processed/preprocessed_images/patient_354/Lateral.png,D:/LUMOS/processed/segmentation/pseudo_labels/patient_354_Lateral_mask.png,True,0.924,0.871,0.892,0.924,0.899,0.939,0.968,1,train,D:/LUMOS/processed/vertebral_rois/patient_354/Lateral/L1.png,True,D:/LUMOS/processed/vertebral_rois/patient_354/Lateral/L2.png,True,D:/LUMOS/processed/vertebral_rois/patient_354/Lateral/L3.png,True,D:/LUMOS/processed/vertebral_rois/patient_354/Lateral/L4.png,True
355,AP,D:/LUMOS/processed/preprocessed_images/patient_355/AP.png,D:/LUMOS/processed/segmentation/pseudo_labels/patient_355_AP_mask.png,True,0.762,0.7,0.727,0.762,0.738,0.777,0.809,2,validation,D:/LUMOS/processed/vertebral_rois/patient_355/AP/L1.png,True,D:/LUMOS/processed/vertebral_rois/patient_355/AP/L2.png,True,D:/LUMOS/processed/vertebral_rois/patient_355/AP/L3.png,True,D:/LUMOS/processed/vertebral_rois/patient_355/AP/L4.png,True
355,Lateral,D:/LUMOS/processed/preprocessed_images/patient_355/Lateral.png,D:/LUMOS/processed/segmentation/pseudo_labels/patient_355_Lateral_mask.png,True,0.762,0.7,0.727,0.762,0.738,0.777,0.809,2,validation,D:/LUMOS/processed/vertebral_rois/patient_355/Lateral/L1.png,True,D:/LUMOS/processed/vertebral_rois/patient_355/Lateral/L2.png,True,D:/LUMOS/processed/vertebral_rois/patient_355/Lateral/L3.png,False,D:/LUMOS/processed/vertebral_rois/patient_355/Lateral/L4.png,False
356,AP,D:/LUMOS/processed/preprocessed_images/patient_356/AP.png,D:/LUMOS/processed/segmentation/pseudo_labels/patient_356_AP_mask.png,True,1.002,0.994,1.015,1.002,1.053,1.021,1.008,0,train,D:/LUMOS/processed/vertebral_rois/patient_356/AP/L1.png,True,D:/LUMOS/processed/vertebral_rois/patient_356/AP/L2.png,True,D:/LUMOS/processed/vertebral_rois/patient_356/AP/L3.png,True,D:/LUMOS/processed/vertebral_rois/patient_356/AP/L4.png,True
356,Lateral,D:/LUMOS/processed/preprocessed_images/patient_356/Lateral.png,D:/LUMOS/processed/segmentation/pseudo_labels/patient_356_Lateral_mask.png,True,1.002,0.994,1.015,1.002,1.053,1.021,1.008,0,train,D:/LUMOS/processed/vertebral_rois/patient_356/Lateral/L1.png,True,D:/LUMOS/processed/vertebral_rois/patient_356/Lateral/L2.png,True,D:/LUMOS/processed/vertebral_rois/patient_356/Lateral/L3.png,True,D:/LUMOS/processed/vertebral_rois/patient_356/Lateral/L4.png,True
357,AP,D:/LUMOS/processed/preprocessed_images/patient_357/AP.png,D:/LUMOS/processed/segmentation/pseudo_labels/patient_357_AP_mask.png,True,1.146,1.027,1.089,1.146,1.154,1.204,1.249,0,train,D:/LUMOS/processed/vertebral_rois/patient_357/AP/L1.png,True,D:/LUMOS/processed/vertebral_rois/patient_357/AP/L2.png,True,D:/LUMOS/processed/vertebral_rois/patient_357/AP/L3.png,True,D:/LUMOS/processed/vertebral_rois/patient_357/AP/L4.png,True
357,Lateral,D:/LUMOS/processed/preprocessed_images/patient_357/Lateral.png,D:/LUMOS/processed/segmentation/pseudo_labels/patient_357_Lateral_mask.png,True,1.146,1.027,1.089,1.146,1.154,1.204,1.249,0,train,D:/LUMOS/processed/vertebral_rois/patient_357/Lateral/L1.png,True,D:/LUMOS/processed/vertebral_rois/patient_357/Lateral/L2.png,True,D:/LUMOS/processed/vertebral_rois/patient_357/Lateral/L3.png,True,D:/LUMOS/processed/vertebral_rois/patient_357/Lateral/L4.png,True
358,AP,D:/LUMOS/processed/preprocessed_images/patient_358/AP.png,D:/LUMOS/processed/segmentation/pseudo_labels/patient_358_AP_mask.png,True,1.08153946510111,0.941,1.011,1.082,1.028,1.117,1.223,0,train,D:/LUMOS/processed/vertebral_rois/patient_358/AP/L1.png,True,D:/LUMOS/processed/vertebral_rois/patient_358/AP/L2.png,True,D:/LUMOS/processed/vertebral_rois/patient_358/AP/L3.png,True,D:/LUMOS/processed/vertebral_rois/patient_358/AP/L4.png,True
358,Lateral,D:/LUMOS/processed/preprocessed_images/patient_358/Lateral.png,D:/LUMOS/processed/segmentation/pseudo_labels/patient_358_Lateral_mask.png,True,1.08153946510111,0.941,1.011,1.082,1.028,1.117,1.223,0,train,D:/LUMOS/processed/vertebral_rois/patient_358/Lateral/L1.png,True,D:/LUMOS/processed/vertebral_rois/patient_358/Lateral/L2.png,True,D:/LUMOS/processed/vertebral_rois/patient_358/Lateral/L3.png,True,D:/LUMOS/processed/vertebral_rois/patient_358/Lateral/L4.png,True
359,AP,D:/LUMOS/processed/preprocessed_images/patient_359/AP.png,D:/LUMOS/processed/segmentation/pseudo_labels/patient_359_AP_mask.png,True,0.796,0.735,0.794,0.796,0.814,0.809,0.843,2,test,D:/LUMOS/processed/vertebral_rois/patient_359/AP/L1.png,True,D:/LUMOS/processed/vertebral_rois/patient_359/AP/L2.png,True,D:/LUMOS/processed/vertebral_rois/patient_359/AP/L3.png,True,D:/LUMOS/processed/vertebral_rois/patient_359/AP/L4.png,False
359,Lateral,D:/LUMOS/processed/preprocessed_images/patient_359/Lateral.png,D:/LUMOS/processed/segmentation/pseudo_labels/patient_359_Lateral_mask.png,True,0.796,0.735,0.794,0.796,0.814,0.809,0.843,2,test,D:/LUMOS/processed/vertebral_rois/patient_359/Lateral/L1.png,True,D:/LUMOS/processed/vertebral_rois/patient_359/Lateral/L2.png,True,D:/LUMOS/processed/vertebral_rois/patient_359/Lateral/L3.png,True,D:/LUMOS/processed/vertebral_rois/patient_359/Lateral/L4.png,True
360,AP,D:/LUMOS/processed/preprocessed_images/patient_360/AP.png,D:/LUMOS/processed/segmentation/pseudo_labels/patient_360_AP_mask.png,True,1.01138014527845,0.932,0.984,1.011,1.026,1.046,1.078,0,train,D:/LUMOS/processed/vertebral_rois/patient_360/AP/L1.png,True,D:/LUMOS/processed/vertebral_rois/patient_360/AP/L2.png,True,D:/LUMOS/processed/vertebral_rois/patient_360/AP/L3.png,True,D:/LUMOS/processed/vertebral_rois/patient_360/AP/L4.png,True
360,Lateral,D:/LUMOS/processed/preprocessed_images/patient_360/Lateral.png,D:/LUMOS/processed/segmentation/pseudo_labels/patient_360_Lateral_mask.png,True,1.01138014527845,0.932,0.984,1.011,1.026,1.046,1.078,0,train,D:/LUMOS/processed/vertebral_rois/patient_360/Lateral/L1.png,True,D:/LUMOS/processed/vertebral_rois/patient_360/Lateral/L2.png,True,D:/LUMOS/processed/vertebral_rois/patient_360/Lateral/L3.png,True,D:/LUMOS/processed/vertebral_rois/patient_360/Lateral/L4.png,True
361,AP,D:/LUMOS/processed/preprocessed_images/patient_361/AP.png,D:/LUMOS/processed/segmentation/pseudo_labels/patient_361_AP_mask.png,True,0.839,0.795,0.82,0.839,0.855,0.865,0.875,1,train,D:/LUMOS/processed/vertebral_rois/patient_361/AP/L1.png,True,D:/LUMOS/processed/vertebral_rois/patient_361/AP/L2.png,True,D:/LUMOS/processed/vertebral_rois/patient_361/AP/L3.png,True,D:/LUMOS/processed/vertebral_rois/patient_361/AP/L4.png,True
361,Lateral,D:/LUMOS/processed/preprocessed_images/patient_361/Lateral.png,D:/LUMOS/processed/segmentation/pseudo_labels/patient_361_Lateral_mask.png,True,0.839,0.795,0.82,0.839,0.855,0.865,0.875,1,train,D:/LUMOS/processed/vertebral_rois/patient_361/Lateral/L1.png,True,D:/LUMOS/processed/vertebral_rois/patient_361/Lateral/L2.png,True,D:/LUMOS/processed/vertebral_rois/patient_361/Lateral/L3.png,True,D:/LUMOS/processed/vertebral_rois/patient_361/Lateral/L4.png,True
362,AP,D:/LUMOS/processed/preprocessed_images/patient_362/AP.png,D:/LUMOS/processed/segmentation/pseudo_labels/patient_362_AP_mask.png,True,1.136,1.033,1.098,1.136,1.136,1.171,1.224,0,train,D:/LUMOS/processed/vertebral_rois/patient_362/AP/L1.png,True,D:/LUMOS/processed/vertebral_rois/patient_362/AP/L2.png,True,D:/LUMOS/processed/vertebral_rois/patient_362/AP/L3.png,True,D:/LUMOS/processed/vertebral_rois/patient_362/AP/L4.png,True
362,Lateral,D:/LUMOS/processed/preprocessed_images/patient_362/Lateral.png,D:/LUMOS/processed/segmentation/pseudo_labels/patient_362_Lateral_mask.png,True,1.136,1.033,1.098,1.136,1.136,1.171,1.224,0,train,D:/LUMOS/processed/vertebral_rois/patient_362/Lateral/L1.png,True,D:/LUMOS/processed/vertebral_rois/patient_362/Lateral/L2.png,True,D:/LUMOS/processed/vertebral_rois/patient_362/Lateral/L3.png,True,D:/LUMOS/processed/vertebral_rois/patient_362/Lateral/L4.png,True
363,AP,D:/LUMOS/processed/preprocessed_images/patient_363/AP.png,D:/LUMOS/processed/segmentation/pseudo_labels/patient_363_AP_mask.png,True,0.772,0.727,0.76,0.772,0.802,0.801,0.808,2,validation,D:/LUMOS/processed/vertebral_rois/patient_363/AP/L1.png,True,D:/LUMOS/processed/vertebral_rois/patient_363/AP/L2.png,True,D:/LUMOS/processed/vertebral_rois/patient_363/AP/L3.png,True,D:/LUMOS/processed/vertebral_rois/patient_363/AP/L4.png,True
363,Lateral,D:/LUMOS/processed/preprocessed_images/patient_363/Lateral.png,D:/LUMOS/processed/segmentation/pseudo_labels/patient_363_Lateral_mask.png,True,0.772,0.727,0.76,0.772,0.802,0.801,0.808,2,validation,D:/LUMOS/processed/vertebral_rois/patient_363/Lateral/L1.png,True,D:/LUMOS/processed/vertebral_rois/patient_363/Lateral/L2.png,True,D:/LUMOS/processed/vertebral_rois/patient_363/Lateral/L3.png,True,D:/LUMOS/processed/vertebral_rois/patient_363/Lateral/L4.png,True
364,AP,D:/LUMOS/processed/preprocessed_images/patient_364/AP.png,D:/LUMOS/processed/segmentation/pseudo_labels/patient_364_AP_mask.png,True,1.086,1.054,1.087,1.086,1.116,1.103,1.113,0,validation,D:/LUMOS/processed/vertebral_rois/patient_364/AP/L1.png,True,D:/LUMOS/processed/vertebral_rois/patient_364/AP/L2.png,True,D:/LUMOS/processed/vertebral_rois/patient_364/AP/L3.png,True,D:/LUMOS/processed/vertebral_rois/patient_364/AP/L4.png,True
364,Lateral,D:/LUMOS/processed/preprocessed_images/patient_364/Lateral.png,D:/LUMOS/processed/segmentation/pseudo_labels/patient_364_Lateral_mask.png,True,1.086,1.054,1.087,1.086,1.116,1.103,1.113,0,validation,D:/LUMOS/processed/vertebral_rois/patient_364/Lateral/L1.png,True,D:/LUMOS/processed/vertebral_rois/patient_364/Lateral/L2.png,True,D:/LUMOS/processed/vertebral_rois/patient_364/Lateral/L3.png,True,D:/LUMOS/processed/vertebral_rois/patient_364/Lateral/L4.png,False
365,AP,D:/LUMOS/processed/preprocessed_images/patient_365/AP.png,D:/LUMOS/processed/segmentation/pseudo_labels/patient_365_AP_mask.png,True,0.821,0.63,0.782,0.821,0.888,0.9,0.985,1,train,D:/LUMOS/processed/vertebral_rois/patient_365/AP/L1.png,True,D:/LUMOS/processed/vertebral_rois/patient_365/AP/L2.png,True,D:/LUMOS/processed/vertebral_rois/patient_365/AP/L3.png,True,D:/LUMOS/processed/vertebral_rois/patient_365/AP/L4.png,True
365,Lateral,D:/LUMOS/processed/preprocessed_images/patient_365/Lateral.png,D:/LUMOS/processed/segmentation/pseudo_labels/patient_365_Lateral_mask.png,True,0.821,0.63,0.782,0.821,0.888,0.9,0.985,1,train,D:/LUMOS/processed/vertebral_rois/patient_365/Lateral/L1.png,True,D:/LUMOS/processed/vertebral_rois/patient_365/Lateral/L2.png,True,D:/LUMOS/processed/vertebral_rois/patient_365/Lateral/L3.png,True,D:/LUMOS/processed/vertebral_rois/patient_365/Lateral/L4.png,True
366,AP,D:/LUMOS/processed/preprocessed_images/patient_366/AP.png,D:/LUMOS/processed/segmentation/pseudo_labels/patient_366_AP_mask.png,True,0.926,0.917,0.924,0.926,0.943,0.939,0.934,1,train,D:/LUMOS/processed/vertebral_rois/patient_366/AP/L1.png,True,D:/LUMOS/processed/vertebral_rois/patient_366/AP/L2.png,True,D:/LUMOS/processed/vertebral_rois/patient_366/AP/L3.png,True,D:/LUMOS/processed/vertebral_rois/patient_366/AP/L4.png,True
366,Lateral,D:/LUMOS/processed/preprocessed_images/patient_366/Lateral.png,D:/LUMOS/processed/segmentation/pseudo_labels/patient_366_Lateral_mask.png,True,0.926,0.917,0.924,0.926,0.943,0.939,0.934,1,train,D:/LUMOS/processed/vertebral_rois/patient_366/Lateral/L1.png,True,D:/LUMOS/processed/vertebral_rois/patient_366/Lateral/L2.png,True,D:/LUMOS/processed/vertebral_rois/patient_366/Lateral/L3.png,True,D:/LUMOS/processed/vertebral_rois/patient_366/Lateral/L4.png,True
367,AP,D:/LUMOS/processed/preprocessed_images/patient_367/AP.png,D:/LUMOS/processed/segmentation/pseudo_labels/patient_367_AP_mask.png,True,0.805,0.743,0.799,0.805,0.825,0.823,0.853,2,train,D:/LUMOS/processed/vertebral_rois/patient_367/AP/L1.png,True,D:/LUMOS/processed/vertebral_rois/patient_367/AP/L2.png,True,D:/LUMOS/processed/vertebral_rois/patient_367/AP/L3.png,True,D:/LUMOS/processed/vertebral_rois/patient_367/AP/L4.png,True
367,Lateral,D:/LUMOS/processed/preprocessed_images/patient_367/Lateral.png,D:/LUMOS/processed/segmentation/pseudo_labels/patient_367_Lateral_mask.png,True,0.805,0.743,0.799,0.805,0.825,0.823,0.853,2,train,D:/LUMOS/processed/vertebral_rois/patient_367/Lateral/L1.png,True,D:/LUMOS/processed/vertebral_rois/patient_367/Lateral/L2.png,False,D:/LUMOS/processed/vertebral_rois/patient_367/Lateral/L3.png,True,D:/LUMOS/processed/vertebral_rois/patient_367/Lateral/L4.png,True
368,AP,D:/LUMOS/processed/preprocessed_images/patient_368/AP.png,D:/LUMOS/processed/segmentation/pseudo_labels/patient_368_AP_mask.png,True,0.855,0.726,0.806,0.855,0.868,0.907,0.958,1,train,D:/LUMOS/processed/vertebral_rois/patient_368/AP/L1.png,True,D:/LUMOS/processed/vertebral_rois/patient_368/AP/L2.png,True,D:/LUMOS/processed/vertebral_rois/patient_368/AP/L3.png,True,D:/LUMOS/processed/vertebral_rois/patient_368/AP/L4.png,True
368,Lateral,D:/LUMOS/processed/preprocessed_images/patient_368/Lateral.png,D:/LUMOS/processed/segmentation/pseudo_labels/patient_368_Lateral_mask.png,True,0.855,0.726,0.806,0.855,0.868,0.907,0.958,1,train,D:/LUMOS/processed/vertebral_rois/patient_368/Lateral/L1.png,True,D:/LUMOS/processed/vertebral_rois/patient_368/Lateral/L2.png,True,D:/LUMOS/processed/vertebral_rois/patient_368/Lateral/L3.png,True,D:/LUMOS/processed/vertebral_rois/patient_368/Lateral/L4.png,True
369,AP,D:/LUMOS/processed/preprocessed_images/patient_369/AP.png,D:/LUMOS/processed/segmentation/pseudo_labels/patient_369_AP_mask.png,True,0.861,0.956,0.974,0.861,0.967,0.823,0.781,1,validation,D:/LUMOS/processed/vertebral_rois/patient_369/AP/L1.png,True,D:/LUMOS/processed/vertebral_rois/patient_369/AP/L2.png,True,D:/LUMOS/processed/vertebral_rois/patient_369/AP/L3.png,True,D:/LUMOS/processed/vertebral_rois/patient_369/AP/L4.png,True
369,Lateral,D:/LUMOS/processed/preprocessed_images/patient_369/Lateral.png,D:/LUMOS/processed/segmentation/pseudo_labels/patient_369_Lateral_mask.png,True,0.861,0.956,0.974,0.861,0.967,0.823,0.781,1,validation,D:/LUMOS/processed/vertebral_rois/patient_369/Lateral/L1.png,True,D:/LUMOS/processed/vertebral_rois/patient_369/Lateral/L2.png,True,D:/LUMOS/processed/vertebral_rois/patient_369/Lateral/L3.png,True,D:/LUMOS/processed/vertebral_rois/patient_369/Lateral/L4.png,True
370,AP,D:/LUMOS/processed/preprocessed_images/patient_370/AP.png,D:/LUMOS/processed/segmentation/pseudo_labels/patient_370_AP_mask.png,True,0.866,0.739,0.779,0.866,0.808,0.906,0.97,1,train,D:/LUMOS/processed/vertebral_rois/patient_370/AP/L1.png,True,D:/LUMOS/processed/vertebral_rois/patient_370/AP/L2.png,True,D:/LUMOS/processed/vertebral_rois/patient_370/AP/L3.png,True,D:/LUMOS/processed/vertebral_rois/patient_370/AP/L4.png,True
370,Lateral,D:/LUMOS/processed/preprocessed_images/patient_370/Lateral.png,D:/LUMOS/processed/segmentation/pseudo_labels/patient_370_Lateral_mask.png,True,0.866,0.739,0.779,0.866,0.808,0.906,0.97,1,train,D:/LUMOS/processed/vertebral_rois/patient_370/Lateral/L1.png,True,D:/LUMOS/processed/vertebral_rois/patient_370/Lateral/L2.png,True,D:/LUMOS/processed/vertebral_rois/patient_370/Lateral/L3.png,True,D:/LUMOS/processed/vertebral_rois/patient_370/Lateral/L4.png,True
371,AP,D:/LUMOS/processed/preprocessed_images/patient_371/AP.png,D:/LUMOS/processed/segmentation/pseudo_labels/patient_371_AP_mask.png,True,0.733,0.681,0.702,0.729,0.747,0.767,0.77,2,train,D:/LUMOS/processed/vertebral_rois/patient_371/AP/L1.png,True,D:/LUMOS/processed/vertebral_rois/patient_371/AP/L2.png,True,D:/LUMOS/processed/vertebral_rois/patient_371/AP/L3.png,True,D:/LUMOS/processed/vertebral_rois/patient_371/AP/L4.png,True
371,Lateral,D:/LUMOS/processed/preprocessed_images/patient_371/Lateral.png,D:/LUMOS/processed/segmentation/pseudo_labels/patient_371_Lateral_mask.png,True,0.733,0.681,0.702,0.729,0.747,0.767,0.77,2,train,D:/LUMOS/processed/vertebral_rois/patient_371/Lateral/L1.png,True,D:/LUMOS/processed/vertebral_rois/patient_371/Lateral/L2.png,True,D:/LUMOS/processed/vertebral_rois/patient_371/Lateral/L3.png,True,D:/LUMOS/processed/vertebral_rois/patient_371/Lateral/L4.png,True
372,AP,D:/LUMOS/processed/preprocessed_images/patient_372/AP.png,D:/LUMOS/processed/segmentation/pseudo_labels/patient_372_AP_mask.png,True,0.943,0.849,0.865,0.943,0.88,0.978,1.019,1,test,D:/LUMOS/processed/vertebral_rois/patient_372/AP/L1.png,True,D:/LUMOS/processed/vertebral_rois/patient_372/AP/L2.png,True,D:/LUMOS/processed/vertebral_rois/patient_372/AP/L3.png,True,D:/LUMOS/processed/vertebral_rois/patient_372/AP/L4.png,True
372,Lateral,D:/LUMOS/processed/preprocessed_images/patient_372/Lateral.png,D:/LUMOS/processed/segmentation/pseudo_labels/patient_372_Lateral_mask.png,True,0.943,0.849,0.865,0.943,0.88,0.978,1.019,1,test,D:/LUMOS/processed/vertebral_rois/patient_372/Lateral/L1.png,True,D:/LUMOS/processed/vertebral_rois/patient_372/Lateral/L2.png,True,D:/LUMOS/processed/vertebral_rois/patient_372/Lateral/L3.png,False,D:/LUMOS/processed/vertebral_rois/patient_372/Lateral/L4.png,False
373,AP,D:/LUMOS/processed/preprocessed_images/patient_373/AP.png,D:/LUMOS/processed/segmentation/pseudo_labels/patient_373_AP_mask.png,True,0.949,0.963,0.935,0.949,0.926,0.947,0.936,1,train,D:/LUMOS/processed/vertebral_rois/patient_373/AP/L1.png,True,D:/LUMOS/processed/vertebral_rois/patient_373/AP/L2.png,True,D:/LUMOS/processed/vertebral_rois/patient_373/AP/L3.png,True,D:/LUMOS/processed/vertebral_rois/patient_373/AP/L4.png,True
373,Lateral,D:/LUMOS/processed/preprocessed_images/patient_373/Lateral.png,D:/LUMOS/processed/segmentation/pseudo_labels/patient_373_Lateral_mask.png,True,0.949,0.963,0.935,0.949,0.926,0.947,0.936,1,train,D:/LUMOS/processed/vertebral_rois/patient_373/Lateral/L1.png,True,D:/LUMOS/processed/vertebral_rois/patient_373/Lateral/L2.png,True,D:/LUMOS/processed/vertebral_rois/patient_373/Lateral/L3.png,True,D:/LUMOS/processed/vertebral_rois/patient_373/Lateral/L4.png,True
374,AP,D:/LUMOS/processed/preprocessed_images/patient_374/AP.png,D:/LUMOS/processed/segmentation/pseudo_labels/patient_374_AP_mask.png,True,0.88,0.815,0.851,0.88,0.883,0.907,0.932,1,train,D:/LUMOS/processed/vertebral_rois/patient_374/AP/L1.png,True,D:/LUMOS/processed/vertebral_rois/patient_374/AP/L2.png,True,D:/LUMOS/processed/vertebral_rois/patient_374/AP/L3.png,True,D:/LUMOS/processed/vertebral_rois/patient_374/AP/L4.png,True
374,Lateral,D:/LUMOS/processed/preprocessed_images/patient_374/Lateral.png,D:/LUMOS/processed/segmentation/pseudo_labels/patient_374_Lateral_mask.png,True,0.88,0.815,0.851,0.88,0.883,0.907,0.932,1,train,D:/LUMOS/processed/vertebral_rois/patient_374/Lateral/L1.png,True,D:/LUMOS/processed/vertebral_rois/patient_374/Lateral/L2.png,True,D:/LUMOS/processed/vertebral_rois/patient_374/Lateral/L3.png,True,D:/LUMOS/processed/vertebral_rois/patient_374/Lateral/L4.png,True
375,AP,D:/LUMOS/processed/preprocessed_images/patient_375/AP.png,D:/LUMOS/processed/segmentation/pseudo_labels/patient_375_AP_mask.png,True,0.48,0.447,0.47,0.48,0.49,0.496,0.508,2,train,D:/LUMOS/processed/vertebral_rois/patient_375/AP/L1.png,True,D:/LUMOS/processed/vertebral_rois/patient_375/AP/L2.png,True,D:/LUMOS/processed/vertebral_rois/patient_375/AP/L3.png,True,D:/LUMOS/processed/vertebral_rois/patient_375/AP/L4.png,True
375,Lateral,D:/LUMOS/processed/preprocessed_images/patient_375/Lateral.png,D:/LUMOS/processed/segmentation/pseudo_labels/patient_375_Lateral_mask.png,True,0.48,0.447,0.47,0.48,0.49,0.496,0.508,2,train,D:/LUMOS/processed/vertebral_rois/patient_375/Lateral/L1.png,True,D:/LUMOS/processed/vertebral_rois/patient_375/Lateral/L2.png,True,D:/LUMOS/processed/vertebral_rois/patient_375/Lateral/L3.png,True,D:/LUMOS/processed/vertebral_rois/patient_375/Lateral/L4.png,True
376,AP,D:/LUMOS/processed/preprocessed_images/patient_376/AP.png,D:/LUMOS/processed/segmentation/pseudo_labels/patient_376_AP_mask.png,True,0.742,0.721,0.721,0.742,0.732,0.755,0.761,2,train,D:/LUMOS/processed/vertebral_rois/patient_376/AP/L1.png,True,D:/LUMOS/processed/vertebral_rois/patient_376/AP/L2.png,False,D:/LUMOS/processed/vertebral_rois/patient_376/AP/L3.png,True,D:/LUMOS/processed/vertebral_rois/patient_376/AP/L4.png,False
376,Lateral,D:/LUMOS/processed/preprocessed_images/patient_376/Lateral.png,D:/LUMOS/processed/segmentation/pseudo_labels/patient_376_Lateral_mask.png,True,0.742,0.721,0.721,0.742,0.732,0.755,0.761,2,train,D:/LUMOS/processed/vertebral_rois/patient_376/Lateral/L1.png,True,D:/LUMOS/processed/vertebral_rois/patient_376/Lateral/L2.png,True,D:/LUMOS/processed/vertebral_rois/patient_376/Lateral/L3.png,True,D:/LUMOS/processed/vertebral_rois/patient_376/Lateral/L4.png,True
377,AP,D:/LUMOS/processed/preprocessed_images/patient_377/AP.png,D:/LUMOS/processed/segmentation/pseudo_labels/patient_377_AP_mask.png,True,1.38,1.325,1.359,1.38,1.414,1.423,1.431,0,validation,D:/LUMOS/processed/vertebral_rois/patient_377/AP/L1.png,True,D:/LUMOS/processed/vertebral_rois/patient_377/AP/L2.png,True,D:/LUMOS/processed/vertebral_rois/patient_377/AP/L3.png,True,D:/LUMOS/processed/vertebral_rois/patient_377/AP/L4.png,True
377,Lateral,D:/LUMOS/processed/preprocessed_images/patient_377/Lateral.png,D:/LUMOS/processed/segmentation/pseudo_labels/patient_377_Lateral_mask.png,True,1.38,1.325,1.359,1.38,1.414,1.423,1.431,0,validation,D:/LUMOS/processed/vertebral_rois/patient_377/Lateral/L1.png,True,D:/LUMOS/processed/vertebral_rois/patient_377/Lateral/L2.png,True,D:/LUMOS/processed/vertebral_rois/patient_377/Lateral/L3.png,True,D:/LUMOS/processed/vertebral_rois/patient_377/Lateral/L4.png,True
378,AP,D:/LUMOS/processed/preprocessed_images/patient_378/AP.png,D:/LUMOS/processed/segmentation/pseudo_labels/patient_378_AP_mask.png,True,1.16,1.123,1.162,1.16,1.209,1.189,1.19,0,train,D:/LUMOS/processed/vertebral_rois/patient_378/AP/L1.png,True,D:/LUMOS/processed/vertebral_rois/patient_378/AP/L2.png,True,D:/LUMOS/processed/vertebral_rois/patient_378/AP/L3.png,True,D:/LUMOS/processed/vertebral_rois/patient_378/AP/L4.png,True
378,Lateral,D:/LUMOS/processed/preprocessed_images/patient_378/Lateral.png,D:/LUMOS/processed/segmentation/pseudo_labels/patient_378_Lateral_mask.png,True,1.16,1.123,1.162,1.16,1.209,1.189,1.19,0,train,D:/LUMOS/processed/vertebral_rois/patient_378/Lateral/L1.png,True,D:/LUMOS/processed/vertebral_rois/patient_378/Lateral/L2.png,True,D:/LUMOS/processed/vertebral_rois/patient_378/Lateral/L3.png,True,D:/LUMOS/processed/vertebral_rois/patient_378/Lateral/L4.png,False
379,AP,D:/LUMOS/processed/preprocessed_images/patient_379/AP.png,D:/LUMOS/processed/segmentation/pseudo_labels/patient_379_AP_mask.png,True,0.864,0.777,0.826,0.864,0.848,0.889,0.937,1,train,D:/LUMOS/processed/vertebral_rois/patient_379/AP/L1.png,True,D:/LUMOS/processed/vertebral_rois/patient_379/AP/L2.png,True,D:/LUMOS/processed/vertebral_rois/patient_379/AP/L3.png,True,D:/LUMOS/processed/vertebral_rois/patient_379/AP/L4.png,True
379,Lateral,D:/LUMOS/processed/preprocessed_images/patient_379/Lateral.png,D:/LUMOS/processed/segmentation/pseudo_labels/patient_379_Lateral_mask.png,True,0.864,0.777,0.826,0.864,0.848,0.889,0.937,1,train,D:/LUMOS/processed/vertebral_rois/patient_379/Lateral/L1.png,True,D:/LUMOS/processed/vertebral_rois/patient_379/Lateral/L2.png,True,D:/LUMOS/processed/vertebral_rois/patient_379/Lateral/L3.png,True,D:/LUMOS/processed/vertebral_rois/patient_379/Lateral/L4.png,False
380,AP,D:/LUMOS/processed/preprocessed_images/patient_380/AP.png,D:/LUMOS/processed/segmentation/pseudo_labels/patient_380_AP_mask.png,True,1.226,1.174,1.217,1.226,1.271,1.264,1.274,0,validation,D:/LUMOS/processed/vertebral_rois/patient_380/AP/L1.png,True,D:/LUMOS/processed/vertebral_rois/patient_380/AP/L2.png,True,D:/LUMOS/processed/vertebral_rois/patient_380/AP/L3.png,True,D:/LUMOS/processed/vertebral_rois/patient_380/AP/L4.png,True
380,Lateral,D:/LUMOS/processed/preprocessed_images/patient_380/Lateral.png,D:/LUMOS/processed/segmentation/pseudo_labels/patient_380_Lateral_mask.png,True,1.226,1.174,1.217,1.226,1.271,1.264,1.274,0,validation,D:/LUMOS/processed/vertebral_rois/patient_380/Lateral/L1.png,True,D:/LUMOS/processed/vertebral_rois/patient_380/Lateral/L2.png,True,D:/LUMOS/processed/vertebral_rois/patient_380/Lateral/L3.png,True,D:/LUMOS/processed/vertebral_rois/patient_380/Lateral/L4.png,True
381,AP,D:/LUMOS/processed/preprocessed_images/patient_381/AP.png,D:/LUMOS/processed/segmentation/pseudo_labels/patient_381_AP_mask.png,True,0.638,0.577,0.586,0.638,0.592,0.658,0.686,2,train,D:/LUMOS/processed/vertebral_rois/patient_381/AP/L1.png,True,D:/LUMOS/processed/vertebral_rois/patient_381/AP/L2.png,True,D:/LUMOS/processed/vertebral_rois/patient_381/AP/L3.png,True,D:/LUMOS/processed/vertebral_rois/patient_381/AP/L4.png,True
381,Lateral,D:/LUMOS/processed/preprocessed_images/patient_381/Lateral.png,D:/LUMOS/processed/segmentation/pseudo_labels/patient_381_Lateral_mask.png,True,0.638,0.577,0.586,0.638,0.592,0.658,0.686,2,train,D:/LUMOS/processed/vertebral_rois/patient_381/Lateral/L1.png,True,D:/LUMOS/processed/vertebral_rois/patient_381/Lateral/L2.png,True,D:/LUMOS/processed/vertebral_rois/patient_381/Lateral/L3.png,True,D:/LUMOS/processed/vertebral_rois/patient_381/Lateral/L4.png,True
382,AP,D:/LUMOS/processed/preprocessed_images/patient_382/AP.png,D:/LUMOS/processed/segmentation/pseudo_labels/patient_382_AP_mask.png,True,0.755,0.67,0.727,0.755,0.769,0.79,0.826,2,train,D:/LUMOS/processed/vertebral_rois/patient_382/AP/L1.png,True,D:/LUMOS/processed/vertebral_rois/patient_382/AP/L2.png,True,D:/LUMOS/processed/vertebral_rois/patient_382/AP/L3.png,True,D:/LUMOS/processed/vertebral_rois/patient_382/AP/L4.png,True
382,Lateral,D:/LUMOS/processed/preprocessed_images/patient_382/Lateral.png,D:/LUMOS/processed/segmentation/pseudo_labels/patient_382_Lateral_mask.png,True,0.755,0.67,0.727,0.755,0.769,0.79,0.826,2,train,D:/LUMOS/processed/vertebral_rois/patient_382/Lateral/L1.png,True,D:/LUMOS/processed/vertebral_rois/patient_382/Lateral/L2.png,True,D:/LUMOS/processed/vertebral_rois/patient_382/Lateral/L3.png,True,D:/LUMOS/processed/vertebral_rois/patient_382/Lateral/L4.png,True
383,AP,D:/LUMOS/processed/preprocessed_images/patient_383/AP.png,D:/LUMOS/processed/segmentation/pseudo_labels/patient_383_AP_mask.png,True,1.473,1.487,1.496,1.473,1.491,1.465,1.463,0,train,D:/LUMOS/processed/vertebral_rois/patient_383/AP/L1.png,True,D:/LUMOS/processed/vertebral_rois/patient_383/AP/L2.png,True,D:/LUMOS/processed/vertebral_rois/patient_383/AP/L3.png,True,D:/LUMOS/processed/vertebral_rois/patient_383/AP/L4.png,True
383,Lateral,D:/LUMOS/processed/preprocessed_images/patient_383/Lateral.png,D:/LUMOS/processed/segmentation/pseudo_labels/patient_383_Lateral_mask.png,True,1.473,1.487,1.496,1.473,1.491,1.465,1.463,0,train,D:/LUMOS/processed/vertebral_rois/patient_383/Lateral/L1.png,True,D:/LUMOS/processed/vertebral_rois/patient_383/Lateral/L2.png,True,D:/LUMOS/processed/vertebral_rois/patient_383/Lateral/L3.png,True,D:/LUMOS/processed/vertebral_rois/patient_383/Lateral/L4.png,True
384,AP,D:/LUMOS/processed/preprocessed_images/patient_384/AP.png,D:/LUMOS/processed/segmentation/pseudo_labels/patient_384_AP_mask.png,True,0.752,0.709,0.741,0.752,0.771,0.773,0.785,2,train,D:/LUMOS/processed/vertebral_rois/patient_384/AP/L1.png,True,D:/LUMOS/processed/vertebral_rois/patient_384/AP/L2.png,False,D:/LUMOS/processed/vertebral_rois/patient_384/AP/L3.png,True,D:/LUMOS/processed/vertebral_rois/patient_384/AP/L4.png,True
384,Lateral,D:/LUMOS/processed/preprocessed_images/patient_384/Lateral.png,D:/LUMOS/processed/segmentation/pseudo_labels/patient_384_Lateral_mask.png,True,0.752,0.709,0.741,0.752,0.771,0.773,0.785,2,train,D:/LUMOS/processed/vertebral_rois/patient_384/Lateral/L1.png,True,D:/LUMOS/processed/vertebral_rois/patient_384/Lateral/L2.png,True,D:/LUMOS/processed/vertebral_rois/patient_384/Lateral/L3.png,True,D:/LUMOS/processed/vertebral_rois/patient_384/Lateral/L4.png,True
385,AP,D:/LUMOS/processed/preprocessed_images/patient_385/AP.png,D:/LUMOS/processed/segmentation/pseudo_labels/patient_385_AP_mask.png,True,0.662432966412645,0.59,0.622,0.662,0.617,0.67,0.721,2,train,D:/LUMOS/processed/vertebral_rois/patient_385/AP/L1.png,True,D:/LUMOS/processed/vertebral_rois/patient_385/AP/L2.png,True,D:/LUMOS/processed/vertebral_rois/patient_385/AP/L3.png,True,D:/LUMOS/processed/vertebral_rois/patient_385/AP/L4.png,True
385,Lateral,D:/LUMOS/processed/preprocessed_images/patient_385/Lateral.png,D:/LUMOS/processed/segmentation/pseudo_labels/patient_385_Lateral_mask.png,True,0.662432966412645,0.59,0.622,0.662,0.617,0.67,0.721,2,train,D:/LUMOS/processed/vertebral_rois/patient_385/Lateral/L1.png,True,D:/LUMOS/processed/vertebral_rois/patient_385/Lateral/L2.png,True,D:/LUMOS/processed/vertebral_rois/patient_385/Lateral/L3.png,True,D:/LUMOS/processed/vertebral_rois/patient_385/Lateral/L4.png,True
386,AP,D:/LUMOS/processed/preprocessed_images/patient_386/AP.png,D:/LUMOS/processed/segmentation/pseudo_labels/patient_386_AP_mask.png,True,0.983,0.973,0.966,0.983,0.98,0.997,0.992,1,train,D:/LUMOS/processed/vertebral_rois/patient_386/AP/L1.png,True,D:/LUMOS/processed/vertebral_rois/patient_386/AP/L2.png,True,D:/LUMOS/processed/vertebral_rois/patient_386/AP/L3.png,True,D:/LUMOS/processed/vertebral_rois/patient_386/AP/L4.png,True
386,Lateral,D:/LUMOS/processed/preprocessed_images/patient_386/Lateral.png,D:/LUMOS/processed/segmentation/pseudo_labels/patient_386_Lateral_mask.png,True,0.983,0.973,0.966,0.983,0.98,0.997,0.992,1,train,D:/LUMOS/processed/vertebral_rois/patient_386/Lateral/L1.png,True,D:/LUMOS/processed/vertebral_rois/patient_386/Lateral/L2.png,True,D:/LUMOS/processed/vertebral_rois/patient_386/Lateral/L3.png,True,D:/LUMOS/processed/vertebral_rois/patient_386/Lateral/L4.png,True
387,AP,D:/LUMOS/processed/preprocessed_images/patient_387/AP.png,D:/LUMOS/processed/segmentation/pseudo_labels/patient_387_AP_mask.png,True,0.893,0.851,0.88,0.893,0.897,0.907,0.926,1,train,D:/LUMOS/processed/vertebral_rois/patient_387/AP/L1.png,True,D:/LUMOS/processed/vertebral_rois/patient_387/AP/L2.png,True,D:/LUMOS/processed/vertebral_rois/patient_387/AP/L3.png,True,D:/LUMOS/processed/vertebral_rois/patient_387/AP/L4.png,True
387,Lateral,D:/LUMOS/processed/preprocessed_images/patient_387/Lateral.png,D:/LUMOS/processed/segmentation/pseudo_labels/patient_387_Lateral_mask.png,True,0.893,0.851,0.88,0.893,0.897,0.907,0.926,1,train,D:/LUMOS/processed/vertebral_rois/patient_387/Lateral/L1.png,True,D:/LUMOS/processed/vertebral_rois/patient_387/Lateral/L2.png,True,D:/LUMOS/processed/vertebral_rois/patient_387/Lateral/L3.png,True,D:/LUMOS/processed/vertebral_rois/patient_387/Lateral/L4.png,True
388,AP,D:/LUMOS/processed/preprocessed_images/patient_388/AP.png,D:/LUMOS/processed/segmentation/pseudo_labels/patient_388_AP_mask.png,True,0.814,0.805,0.796,0.814,0.792,0.817,0.821,2,train,D:/LUMOS/processed/vertebral_rois/patient_388/AP/L1.png,True,D:/LUMOS/processed/vertebral_rois/patient_388/AP/L2.png,True,D:/LUMOS/processed/vertebral_rois/patient_388/AP/L3.png,True,D:/LUMOS/processed/vertebral_rois/patient_388/AP/L4.png,True
388,Lateral,D:/LUMOS/processed/preprocessed_images/patient_388/Lateral.png,D:/LUMOS/processed/segmentation/pseudo_labels/patient_388_Lateral_mask.png,True,0.814,0.805,0.796,0.814,0.792,0.817,0.821,2,train,D:/LUMOS/processed/vertebral_rois/patient_388/Lateral/L1.png,True,D:/LUMOS/processed/vertebral_rois/patient_388/Lateral/L2.png,True,D:/LUMOS/processed/vertebral_rois/patient_388/Lateral/L3.png,True,D:/LUMOS/processed/vertebral_rois/patient_388/Lateral/L4.png,True
389,AP,D:/LUMOS/processed/preprocessed_images/patient_389/AP.png,D:/LUMOS/processed/segmentation/pseudo_labels/patient_389_AP_mask.png,True,0.763,0.718,0.747,0.763,0.779,0.789,0.8,2,train,D:/LUMOS/processed/vertebral_rois/patient_389/AP/L1.png,True,D:/LUMOS/processed/vertebral_rois/patient_389/AP/L2.png,True,D:/LUMOS/processed/vertebral_rois/patient_389/AP/L3.png,True,D:/LUMOS/processed/vertebral_rois/patient_389/AP/L4.png,True
389,Lateral,D:/LUMOS/processed/preprocessed_images/patient_389/Lateral.png,D:/LUMOS/processed/segmentation/pseudo_labels/patient_389_Lateral_mask.png,True,0.763,0.718,0.747,0.763,0.779,0.789,0.8,2,train,D:/LUMOS/processed/vertebral_rois/patient_389/Lateral/L1.png,True,D:/LUMOS/processed/vertebral_rois/patient_389/Lateral/L2.png,True,D:/LUMOS/processed/vertebral_rois/patient_389/Lateral/L3.png,True,D:/LUMOS/processed/vertebral_rois/patient_389/Lateral/L4.png,True
390,AP,D:/LUMOS/processed/preprocessed_images/patient_390/AP.png,D:/LUMOS/processed/segmentation/pseudo_labels/patient_390_AP_mask.png,True,0.897,0.888,0.91,0.897,0.911,0.895,0.904,1,train,D:/LUMOS/processed/vertebral_rois/patient_390/AP/L1.png,True,D:/LUMOS/processed/vertebral_rois/patient_390/AP/L2.png,True,D:/LUMOS/processed/vertebral_rois/patient_390/AP/L3.png,True,D:/LUMOS/processed/vertebral_rois/patient_390/AP/L4.png,True
390,Lateral,D:/LUMOS/processed/preprocessed_images/patient_390/Lateral.png,D:/LUMOS/processed/segmentation/pseudo_labels/patient_390_Lateral_mask.png,True,0.897,0.888,0.91,0.897,0.911,0.895,0.904,1,train,D:/LUMOS/processed/vertebral_rois/patient_390/Lateral/L1.png,True,D:/LUMOS/processed/vertebral_rois/patient_390/Lateral/L2.png,True,D:/LUMOS/processed/vertebral_rois/patient_390/Lateral/L3.png,True,D:/LUMOS/processed/vertebral_rois/patient_390/Lateral/L4.png,True
391,AP,D:/LUMOS/processed/preprocessed_images/patient_391/AP.png,D:/LUMOS/processed/segmentation/pseudo_labels/patient_391_AP_mask.png,True,1.052,0.979,1.026,1.052,1.039,1.068,1.114,0,train,D:/LUMOS/processed/vertebral_rois/patient_391/AP/L1.png,True,D:/LUMOS/processed/vertebral_rois/patient_391/AP/L2.png,True,D:/LUMOS/processed/vertebral_rois/patient_391/AP/L3.png,True,D:/LUMOS/processed/vertebral_rois/patient_391/AP/L4.png,True
391,Lateral,D:/LUMOS/processed/preprocessed_images/patient_391/Lateral.png,D:/LUMOS/processed/segmentation/pseudo_labels/patient_391_Lateral_mask.png,True,1.052,0.979,1.026,1.052,1.039,1.068,1.114,0,train,D:/LUMOS/processed/vertebral_rois/patient_391/Lateral/L1.png,True,D:/LUMOS/processed/vertebral_rois/patient_391/Lateral/L2.png,True,D:/LUMOS/processed/vertebral_rois/patient_391/Lateral/L3.png,True,D:/LUMOS/processed/vertebral_rois/patient_391/Lateral/L4.png,True
392,AP,D:/LUMOS/processed/preprocessed_images/patient_392/AP.png,D:/LUMOS/processed/segmentation/pseudo_labels/patient_392_AP_mask.png,True,0.861,1.034,0.931,0.861,0.872,0.8,0.708,1,train,D:/LUMOS/processed/vertebral_rois/patient_392/AP/L1.png,True,D:/LUMOS/processed/vertebral_rois/patient_392/AP/L2.png,False,D:/LUMOS/processed/vertebral_rois/patient_392/AP/L3.png,True,D:/LUMOS/processed/vertebral_rois/patient_392/AP/L4.png,False
392,Lateral,D:/LUMOS/processed/preprocessed_images/patient_392/Lateral.png,D:/LUMOS/processed/segmentation/pseudo_labels/patient_392_Lateral_mask.png,True,0.861,1.034,0.931,0.861,0.872,0.8,0.708,1,train,D:/LUMOS/processed/vertebral_rois/patient_392/Lateral/L1.png,True,D:/LUMOS/processed/vertebral_rois/patient_392/Lateral/L2.png,True,D:/LUMOS/processed/vertebral_rois/patient_392/Lateral/L3.png,True,D:/LUMOS/processed/vertebral_rois/patient_392/Lateral/L4.png,True
393,AP,D:/LUMOS/processed/preprocessed_images/patient_393/AP.png,D:/LUMOS/processed/segmentation/pseudo_labels/patient_393_AP_mask.png,True,0.837,0.802,0.812,0.837,0.808,0.842,0.867,1,train,D:/LUMOS/processed/vertebral_rois/patient_393/AP/L1.png,True,D:/LUMOS/processed/vertebral_rois/patient_393/AP/L2.png,True,D:/LUMOS/processed/vertebral_rois/patient_393/AP/L3.png,True,D:/LUMOS/processed/vertebral_rois/patient_393/AP/L4.png,False
393,Lateral,D:/LUMOS/processed/preprocessed_images/patient_393/Lateral.png,D:/LUMOS/processed/segmentation/pseudo_labels/patient_393_Lateral_mask.png,True,0.837,0.802,0.812,0.837,0.808,0.842,0.867,1,train,D:/LUMOS/processed/vertebral_rois/patient_393/Lateral/L1.png,True,D:/LUMOS/processed/vertebral_rois/patient_393/Lateral/L2.png,True,D:/LUMOS/processed/vertebral_rois/patient_393/Lateral/L3.png,True,D:/LUMOS/processed/vertebral_rois/patient_393/Lateral/L4.png,True
394,AP,D:/LUMOS/processed/preprocessed_images/patient_394/AP.png,D:/LUMOS/processed/segmentation/pseudo_labels/patient_394_AP_mask.png,True,1.128,1.005,1.085,1.128,1.156,1.185,1.231,0,validation,D:/LUMOS/processed/vertebral_rois/patient_394/AP/L1.png,True,D:/LUMOS/processed/vertebral_rois/patient_394/AP/L2.png,True,D:/LUMOS/processed/vertebral_rois/patient_394/AP/L3.png,True,D:/LUMOS/processed/vertebral_rois/patient_394/AP/L4.png,True
394,Lateral,D:/LUMOS/processed/preprocessed_images/patient_394/Lateral.png,D:/LUMOS/processed/segmentation/pseudo_labels/patient_394_Lateral_mask.png,True,1.128,1.005,1.085,1.128,1.156,1.185,1.231,0,validation,D:/LUMOS/processed/vertebral_rois/patient_394/Lateral/L1.png,True,D:/LUMOS/processed/vertebral_rois/patient_394/Lateral/L2.png,True,D:/LUMOS/processed/vertebral_rois/patient_394/Lateral/L3.png,True,D:/LUMOS/processed/vertebral_rois/patient_394/Lateral/L4.png,True
395,AP,D:/LUMOS/processed/preprocessed_images/patient_395/AP.png,D:/LUMOS/processed/segmentation/pseudo_labels/patient_395_AP_mask.png,True,0.99,0.987,1.011,0.99,0.995,0.975,0.993,1,train,D:/LUMOS/processed/vertebral_rois/patient_395/AP/L1.png,True,D:/LUMOS/processed/vertebral_rois/patient_395/AP/L2.png,True,D:/LUMOS/processed/vertebral_rois/patient_395/AP/L3.png,True,D:/LUMOS/processed/vertebral_rois/patient_395/AP/L4.png,True
395,Lateral,D:/LUMOS/processed/preprocessed_images/patient_395/Lateral.png,D:/LUMOS/processed/segmentation/pseudo_labels/patient_395_Lateral_mask.png,True,0.99,0.987,1.011,0.99,0.995,0.975,0.993,1,train,D:/LUMOS/processed/vertebral_rois/patient_395/Lateral/L1.png,True,D:/LUMOS/processed/vertebral_rois/patient_395/Lateral/L2.png,True,D:/LUMOS/processed/vertebral_rois/patient_395/Lateral/L3.png,True,D:/LUMOS/processed/vertebral_rois/patient_395/Lateral/L4.png,True
396,AP,D:/LUMOS/processed/preprocessed_images/patient_396/AP.png,D:/LUMOS/processed/segmentation/pseudo_labels/patient_396_AP_mask.png,True,0.864,0.771,0.836,0.864,0.858,0.886,0.941,1,train,D:/LUMOS/processed/vertebral_rois/patient_396/AP/L1.png,True,D:/LUMOS/processed/vertebral_rois/patient_396/AP/L2.png,True,D:/LUMOS/processed/vertebral_rois/patient_396/AP/L3.png,True,D:/LUMOS/processed/vertebral_rois/patient_396/AP/L4.png,True
396,Lateral,D:/LUMOS/processed/preprocessed_images/patient_396/Lateral.png,D:/LUMOS/processed/segmentation/pseudo_labels/patient_396_Lateral_mask.png,True,0.864,0.771,0.836,0.864,0.858,0.886,0.941,1,train,D:/LUMOS/processed/vertebral_rois/patient_396/Lateral/L1.png,True,D:/LUMOS/processed/vertebral_rois/patient_396/Lateral/L2.png,True,D:/LUMOS/processed/vertebral_rois/patient_396/Lateral/L3.png,True,D:/LUMOS/processed/vertebral_rois/patient_396/Lateral/L4.png,True
397,AP,D:/LUMOS/processed/preprocessed_images/patient_397/AP.png,D:/LUMOS/processed/segmentation/pseudo_labels/patient_397_AP_mask.png,True,0.712,0.663,0.7,0.712,0.733,0.736,0.759,2,train,D:/LUMOS/processed/vertebral_rois/patient_397/AP/L1.png,True,D:/LUMOS/processed/vertebral_rois/patient_397/AP/L2.png,True,D:/LUMOS/processed/vertebral_rois/patient_397/AP/L3.png,True,D:/LUMOS/processed/vertebral_rois/patient_397/AP/L4.png,True
397,Lateral,D:/LUMOS/processed/preprocessed_images/patient_397/Lateral.png,D:/LUMOS/processed/segmentation/pseudo_labels/patient_397_Lateral_mask.png,True,0.712,0.663,0.7,0.712,0.733,0.736,0.759,2,train,D:/LUMOS/processed/vertebral_rois/patient_397/Lateral/L1.png,True,D:/LUMOS/processed/vertebral_rois/patient_397/Lateral/L2.png,True,D:/LUMOS/processed/vertebral_rois/patient_397/Lateral/L3.png,True,D:/LUMOS/processed/vertebral_rois/patient_397/Lateral/L4.png,True
398,AP,D:/LUMOS/processed/preprocessed_images/patient_398/AP.png,D:/LUMOS/processed/segmentation/pseudo_labels/patient_398_AP_mask.png,True,0.76,0.722,0.715,0.76,0.716,0.772,0.79,2,train,D:/LUMOS/processed/vertebral_rois/patient_398/AP/L1.png,True,D:/LUMOS/processed/vertebral_rois/patient_398/AP/L2.png,True,D:/LUMOS/processed/vertebral_rois/patient_398/AP/L3.png,True,D:/LUMOS/processed/vertebral_rois/patient_398/AP/L4.png,True
398,Lateral,D:/LUMOS/processed/preprocessed_images/patient_398/Lateral.png,D:/LUMOS/processed/segmentation/pseudo_labels/patient_398_Lateral_mask.png,True,0.76,0.722,0.715,0.76,0.716,0.772,0.79,2,train,D:/LUMOS/processed/vertebral_rois/patient_398/Lateral/L1.png,True,D:/LUMOS/processed/vertebral_rois/patient_398/Lateral/L2.png,True,D:/LUMOS/processed/vertebral_rois/patient_398/Lateral/L3.png,True,D:/LUMOS/processed/vertebral_rois/patient_398/Lateral/L4.png,True
399,AP,D:/LUMOS/processed/preprocessed_images/patient_399/AP.png,D:/LUMOS/processed/segmentation/pseudo_labels/patient_399_AP_mask.png,True,0.663,0.632,0.641,0.663,0.641,0.669,0.69,2,test,D:/LUMOS/processed/vertebral_rois/patient_399/AP/L1.png,True,D:/LUMOS/processed/vertebral_rois/patient_399/AP/L2.png,True,D:/LUMOS/processed/vertebral_rois/patient_399/AP/L3.png,True,D:/LUMOS/processed/vertebral_rois/patient_399/AP/L4.png,True
399,Lateral,D:/LUMOS/processed/preprocessed_images/patient_399/Lateral.png,D:/LUMOS/processed/segmentation/pseudo_labels/patient_399_Lateral_mask.png,True,0.663,0.632,0.641,0.663,0.641,0.669,0.69,2,test,D:/LUMOS/processed/vertebral_rois/patient_399/Lateral/L1.png,True,D:/LUMOS/processed/vertebral_rois/patient_399/Lateral/L2.png,True,D:/LUMOS/processed/vertebral_rois/patient_399/Lateral/L3.png,True,D:/LUMOS/processed/vertebral_rois/patient_399/Lateral/L4.png,True
400,AP,D:/LUMOS/processed/preprocessed_images/patient_400/AP.png,D:/LUMOS/processed/segmentation/pseudo_labels/patient_400_AP_mask.png,True,0.747,0.683,0.704,0.747,0.706,0.759,0.796,2,train,D:/LUMOS/processed/vertebral_rois/patient_400/AP/L1.png,True,D:/LUMOS/processed/vertebral_rois/patient_400/AP/L2.png,True,D:/LUMOS/processed/vertebral_rois/patient_400/AP/L3.png,True,D:/LUMOS/processed/vertebral_rois/patient_400/AP/L4.png,True
400,Lateral,D:/LUMOS/processed/preprocessed_images/patient_400/Lateral.png,D:/LUMOS/processed/segmentation/pseudo_labels/patient_400_Lateral_mask.png,True,0.747,0.683,0.704,0.747,0.706,0.759,0.796,2,train,D:/LUMOS/processed/vertebral_rois/patient_400/Lateral/L1.png,True,D:/LUMOS/processed/vertebral_rois/patient_400/Lateral/L2.png,True,D:/LUMOS/processed/vertebral_rois/patient_400/Lateral/L3.png,True,D:/LUMOS/processed/vertebral_rois/patient_400/Lateral/L4.png,True
401,AP,D:/LUMOS/processed/preprocessed_images/patient_401/AP.png,D:/LUMOS/processed/segmentation/pseudo_labels/patient_401_AP_mask.png,True,0.855,0.803,0.826,0.855,0.848,0.876,0.897,1,test,D:/LUMOS/processed/vertebral_rois/patient_401/AP/L1.png,True,D:/LUMOS/processed/vertebral_rois/patient_401/AP/L2.png,True,D:/LUMOS/processed/vertebral_rois/patient_401/AP/L3.png,True,D:/LUMOS/processed/vertebral_rois/patient_401/AP/L4.png,True
401,Lateral,D:/LUMOS/processed/preprocessed_images/patient_401/Lateral.png,D:/LUMOS/processed/segmentation/pseudo_labels/patient_401_Lateral_mask.png,True,0.855,0.803,0.826,0.855,0.848,0.876,0.897,1,test,D:/LUMOS/processed/vertebral_rois/patient_401/Lateral/L1.png,True,D:/LUMOS/processed/vertebral_rois/patient_401/Lateral/L2.png,True,D:/LUMOS/processed/vertebral_rois/patient_401/Lateral/L3.png,True,D:/LUMOS/processed/vertebral_rois/patient_401/Lateral/L4.png,True
402,AP,D:/LUMOS/processed/preprocessed_images/patient_402/AP.png,D:/LUMOS/processed/segmentation/pseudo_labels/patient_402_AP_mask.png,True,1.243,1.01,1.266,1.243,1.42,1.332,1.436,0,train,D:/LUMOS/processed/vertebral_rois/patient_402/AP/L1.png,True,D:/LUMOS/processed/vertebral_rois/patient_402/AP/L2.png,True,D:/LUMOS/processed/vertebral_rois/patient_402/AP/L3.png,True,D:/LUMOS/processed/vertebral_rois/patient_402/AP/L4.png,True
402,Lateral,D:/LUMOS/processed/preprocessed_images/patient_402/Lateral.png,D:/LUMOS/processed/segmentation/pseudo_labels/patient_402_Lateral_mask.png,True,1.243,1.01,1.266,1.243,1.42,1.332,1.436,0,train,D:/LUMOS/processed/vertebral_rois/patient_402/Lateral/L1.png,True,D:/LUMOS/processed/vertebral_rois/patient_402/Lateral/L2.png,True,D:/LUMOS/processed/vertebral_rois/patient_402/Lateral/L3.png,True,D:/LUMOS/processed/vertebral_rois/patient_402/Lateral/L4.png,True
403,AP,D:/LUMOS/processed/preprocessed_images/patient_403/AP.png,D:/LUMOS/processed/segmentation/pseudo_labels/patient_403_AP_mask.png,True,0.797,0.884,0.846,0.797,0.787,0.747,0.723,2,train,D:/LUMOS/processed/vertebral_rois/patient_403/AP/L1.png,True,D:/LUMOS/processed/vertebral_rois/patient_403/AP/L2.png,True,D:/LUMOS/processed/vertebral_rois/patient_403/AP/L3.png,True,D:/LUMOS/processed/vertebral_rois/patient_403/AP/L4.png,True
403,Lateral,D:/LUMOS/processed/preprocessed_images/patient_403/Lateral.png,D:/LUMOS/processed/segmentation/pseudo_labels/patient_403_Lateral_mask.png,True,0.797,0.884,0.846,0.797,0.787,0.747,0.723,2,train,D:/LUMOS/processed/vertebral_rois/patient_403/Lateral/L1.png,True,D:/LUMOS/processed/vertebral_rois/patient_403/Lateral/L2.png,True,D:/LUMOS/processed/vertebral_rois/patient_403/Lateral/L3.png,True,D:/LUMOS/processed/vertebral_rois/patient_403/Lateral/L4.png,True
404,AP,D:/LUMOS/processed/preprocessed_images/patient_404/AP.png,D:/LUMOS/processed/segmentation/pseudo_labels/patient_404_AP_mask.png,True,1.02854446803491,0.914,0.991,1.029,1.032,1.066,1.121,0,train,D:/LUMOS/processed/vertebral_rois/patient_404/AP/L1.png,True,D:/LUMOS/processed/vertebral_rois/patient_404/AP/L2.png,True,D:/LUMOS/processed/vertebral_rois/patient_404/AP/L3.png,True,D:/LUMOS/processed/vertebral_rois/patient_404/AP/L4.png,True
404,Lateral,D:/LUMOS/processed/preprocessed_images/patient_404/Lateral.png,D:/LUMOS/processed/segmentation/pseudo_labels/patient_404_Lateral_mask.png,True,1.02854446803491,0.914,0.991,1.029,1.032,1.066,1.121,0,train,D:/LUMOS/processed/vertebral_rois/patient_404/Lateral/L1.png,True,D:/LUMOS/processed/vertebral_rois/patient_404/Lateral/L2.png,True,D:/LUMOS/processed/vertebral_rois/patient_404/Lateral/L3.png,True,D:/LUMOS/processed/vertebral_rois/patient_404/Lateral/L4.png,True
405,AP,D:/LUMOS/processed/preprocessed_images/patient_405/AP.png,D:/LUMOS/processed/segmentation/pseudo_labels/patient_405_AP_mask.png,True,0.759,0.719,0.741,0.759,0.747,0.768,0.79,2,test,D:/LUMOS/processed/vertebral_rois/patient_405/AP/L1.png,True,D:/LUMOS/processed/vertebral_rois/patient_405/AP/L2.png,True,D:/LUMOS/processed/vertebral_rois/patient_405/AP/L3.png,True,D:/LUMOS/processed/vertebral_rois/patient_405/AP/L4.png,True
405,Lateral,D:/LUMOS/processed/preprocessed_images/patient_405/Lateral.png,D:/LUMOS/processed/segmentation/pseudo_labels/patient_405_Lateral_mask.png,True,0.759,0.719,0.741,0.759,0.747,0.768,0.79,2,test,D:/LUMOS/processed/vertebral_rois/patient_405/Lateral/L1.png,True,D:/LUMOS/processed/vertebral_rois/patient_405/Lateral/L2.png,True,D:/LUMOS/processed/vertebral_rois/patient_405/Lateral/L3.png,True,D:/LUMOS/processed/vertebral_rois/patient_405/Lateral/L4.png,False
406,AP,D:/LUMOS/processed/preprocessed_images/patient_406/AP.png,D:/LUMOS/processed/segmentation/pseudo_labels/patient_406_AP_mask.png,True,0.64,0.608,0.631,0.64,0.639,0.647,0.665,2,test,D:/LUMOS/processed/vertebral_rois/patient_406/AP/L1.png,True,D:/LUMOS/processed/vertebral_rois/patient_406/AP/L2.png,True,D:/LUMOS/processed/vertebral_rois/patient_406/AP/L3.png,True,D:/LUMOS/processed/vertebral_rois/patient_406/AP/L4.png,True
406,Lateral,D:/LUMOS/processed/preprocessed_images/patient_406/Lateral.png,D:/LUMOS/processed/segmentation/pseudo_labels/patient_406_Lateral_mask.png,True,0.64,0.608,0.631,0.64,0.639,0.647,0.665,2,test,D:/LUMOS/processed/vertebral_rois/patient_406/Lateral/L1.png,True,D:/LUMOS/processed/vertebral_rois/patient_406/Lateral/L2.png,True,D:/LUMOS/processed/vertebral_rois/patient_406/Lateral/L3.png,True,D:/LUMOS/processed/vertebral_rois/patient_406/Lateral/L4.png,True
407,AP,D:/LUMOS/processed/preprocessed_images/patient_407/AP.png,D:/LUMOS/processed/segmentation/pseudo_labels/patient_407_AP_mask.png,True,0.947731982500576,0.747,0.854,0.947,0.921,1.018,1.122,1,validation,D:/LUMOS/processed/vertebral_rois/patient_407/AP/L1.png,True,D:/LUMOS/processed/vertebral_rois/patient_407/AP/L2.png,True,D:/LUMOS/processed/vertebral_rois/patient_407/AP/L3.png,True,D:/LUMOS/processed/vertebral_rois/patient_407/AP/L4.png,True
407,Lateral,D:/LUMOS/processed/preprocessed_images/patient_407/Lateral.png,D:/LUMOS/processed/segmentation/pseudo_labels/patient_407_Lateral_mask.png,True,0.947731982500576,0.747,0.854,0.947,0.921,1.018,1.122,1,validation,D:/LUMOS/processed/vertebral_rois/patient_407/Lateral/L1.png,True,D:/LUMOS/processed/vertebral_rois/patient_407/Lateral/L2.png,True,D:/LUMOS/processed/vertebral_rois/patient_407/Lateral/L3.png,True,D:/LUMOS/processed/vertebral_rois/patient_407/Lateral/L4.png,True
408,AP,D:/LUMOS/processed/preprocessed_images/patient_408/AP.png,D:/LUMOS/processed/segmentation/pseudo_labels/patient_408_AP_mask.png,True,1.056,0.954,1.03,1.056,1.13,1.13,1.149,0,test,D:/LUMOS/processed/vertebral_rois/patient_408/AP/L1.png,True,D:/LUMOS/processed/vertebral_rois/patient_408/AP/L2.png,True,D:/LUMOS/processed/vertebral_rois/patient_408/AP/L3.png,True,D:/LUMOS/processed/vertebral_rois/patient_408/AP/L4.png,True
408,Lateral,D:/LUMOS/processed/preprocessed_images/patient_408/Lateral.png,D:/LUMOS/processed/segmentation/pseudo_labels/patient_408_Lateral_mask.png,True,1.056,0.954,1.03,1.056,1.13,1.13,1.149,0,test,D:/LUMOS/processed/vertebral_rois/patient_408/Lateral/L1.png,True,D:/LUMOS/processed/vertebral_rois/patient_408/Lateral/L2.png,True,D:/LUMOS/processed/vertebral_rois/patient_408/Lateral/L3.png,True,D:/LUMOS/processed/vertebral_rois/patient_408/Lateral/L4.png,True
409,AP,D:/LUMOS/processed/preprocessed_images/patient_409/AP.png,D:/LUMOS/processed/segmentation/pseudo_labels/patient_409_AP_mask.png,True,1.059,0.969,1.029,1.059,1.091,1.107,1.137,0,train,D:/LUMOS/processed/vertebral_rois/patient_409/AP/L1.png,True,D:/LUMOS/processed/vertebral_rois/patient_409/AP/L2.png,True,D:/LUMOS/processed/vertebral_rois/patient_409/AP/L3.png,True,D:/LUMOS/processed/vertebral_rois/patient_409/AP/L4.png,True
409,Lateral,D:/LUMOS/processed/preprocessed_images/patient_409/Lateral.png,D:/LUMOS/processed/segmentation/pseudo_labels/patient_409_Lateral_mask.png,True,1.059,0.969,1.029,1.059,1.091,1.107,1.137,0,train,D:/LUMOS/processed/vertebral_rois/patient_409/Lateral/L1.png,True,D:/LUMOS/processed/vertebral_rois/patient_409/Lateral/L2.png,True,D:/LUMOS/processed/vertebral_rois/patient_409/Lateral/L3.png,True,D:/LUMOS/processed/vertebral_rois/patient_409/Lateral/L4.png,True
410,AP,D:/LUMOS/processed/preprocessed_images/patient_410/AP.png,D:/LUMOS/processed/segmentation/pseudo_labels/patient_410_AP_mask.png,True,0.960635359,0.871,0.929,0.961,0.973,0.999,1.038,1,train,D:/LUMOS/processed/vertebral_rois/patient_410/AP/L1.png,True,D:/LUMOS/processed/vertebral_rois/patient_410/AP/L2.png,True,D:/LUMOS/processed/vertebral_rois/patient_410/AP/L3.png,True,D:/LUMOS/processed/vertebral_rois/patient_410/AP/L4.png,True
410,Lateral,D:/LUMOS/processed/preprocessed_images/patient_410/Lateral.png,D:/LUMOS/processed/segmentation/pseudo_labels/patient_410_Lateral_mask.png,True,0.960635359,0.871,0.929,0.961,0.973,0.999,1.038,1,train,D:/LUMOS/processed/vertebral_rois/patient_410/Lateral/L1.png,True,D:/LUMOS/processed/vertebral_rois/patient_410/Lateral/L2.png,True,D:/LUMOS/processed/vertebral_rois/patient_410/Lateral/L3.png,True,D:/LUMOS/processed/vertebral_rois/patient_410/Lateral/L4.png,True
411,AP,D:/LUMOS/processed/preprocessed_images/patient_411/AP.png,D:/LUMOS/processed/segmentation/pseudo_labels/patient_411_AP_mask.png,True,0.918,0.908,0.904,0.918,0.91,0.926,0.926,1,test,D:/LUMOS/processed/vertebral_rois/patient_411/AP/L1.png,True,D:/LUMOS/processed/vertebral_rois/patient_411/AP/L2.png,True,D:/LUMOS/processed/vertebral_rois/patient_411/AP/L3.png,True,D:/LUMOS/processed/vertebral_rois/patient_411/AP/L4.png,True
411,Lateral,D:/LUMOS/processed/preprocessed_images/patient_411/Lateral.png,D:/LUMOS/processed/segmentation/pseudo_labels/patient_411_Lateral_mask.png,True,0.918,0.908,0.904,0.918,0.91,0.926,0.926,1,test,D:/LUMOS/processed/vertebral_rois/patient_411/Lateral/L1.png,True,D:/LUMOS/processed/vertebral_rois/patient_411/Lateral/L2.png,True,D:/LUMOS/processed/vertebral_rois/patient_411/Lateral/L3.png,True,D:/LUMOS/processed/vertebral_rois/patient_411/Lateral/L4.png,True
412,AP,D:/LUMOS/processed/preprocessed_images/patient_412/AP.png,D:/LUMOS/processed/segmentation/pseudo_labels/patient_412_AP_mask.png,True,0.745,0.657,0.706,0.745,0.755,0.788,0.82,2,train,D:/LUMOS/processed/vertebral_rois/patient_412/AP/L1.png,True,D:/LUMOS/processed/vertebral_rois/patient_412/AP/L2.png,True,D:/LUMOS/processed/vertebral_rois/patient_412/AP/L3.png,False,D:/LUMOS/processed/vertebral_rois/patient_412/AP/L4.png,True
412,Lateral,D:/LUMOS/processed/preprocessed_images/patient_412/Lateral.png,D:/LUMOS/processed/segmentation/pseudo_labels/patient_412_Lateral_mask.png,True,0.745,0.657,0.706,0.745,0.755,0.788,0.82,2,train,D:/LUMOS/processed/vertebral_rois/patient_412/Lateral/L1.png,True,D:/LUMOS/processed/vertebral_rois/patient_412/Lateral/L2.png,True,D:/LUMOS/processed/vertebral_rois/patient_412/Lateral/L3.png,True,D:/LUMOS/processed/vertebral_rois/patient_412/Lateral/L4.png,True
413,AP,D:/LUMOS/processed/preprocessed_images/patient_413/AP.png,D:/LUMOS/processed/segmentation/pseudo_labels/patient_413_AP_mask.png,True,0.76420581655481,0.754,0.75,0.764,0.74,0.762,0.771,2,train,D:/LUMOS/processed/vertebral_rois/patient_413/AP/L1.png,True,D:/LUMOS/processed/vertebral_rois/patient_413/AP/L2.png,True,D:/LUMOS/processed/vertebral_rois/patient_413/AP/L3.png,True,D:/LUMOS/processed/vertebral_rois/patient_413/AP/L4.png,True
413,Lateral,D:/LUMOS/processed/preprocessed_images/patient_413/Lateral.png,D:/LUMOS/processed/segmentation/pseudo_labels/patient_413_Lateral_mask.png,True,0.76420581655481,0.754,0.75,0.764,0.74,0.762,0.771,2,train,D:/LUMOS/processed/vertebral_rois/patient_413/Lateral/L1.png,True,D:/LUMOS/processed/vertebral_rois/patient_413/Lateral/L2.png,True,D:/LUMOS/processed/vertebral_rois/patient_413/Lateral/L3.png,True,D:/LUMOS/processed/vertebral_rois/patient_413/Lateral/L4.png,True
414,AP,D:/LUMOS/processed/preprocessed_images/patient_414/AP.png,D:/LUMOS/processed/segmentation/pseudo_labels/patient_414_AP_mask.png,True,0.853,0.81,0.825,0.853,0.82,0.858,0.891,1,train,D:/LUMOS/processed/vertebral_rois/patient_414/AP/L1.png,True,D:/LUMOS/processed/vertebral_rois/patient_414/AP/L2.png,True,D:/LUMOS/processed/vertebral_rois/patient_414/AP/L3.png,True,D:/LUMOS/processed/vertebral_rois/patient_414/AP/L4.png,True
414,Lateral,D:/LUMOS/processed/preprocessed_images/patient_414/Lateral.png,D:/LUMOS/processed/segmentation/pseudo_labels/patient_414_Lateral_mask.png,True,0.853,0.81,0.825,0.853,0.82,0.858,0.891,1,train,D:/LUMOS/processed/vertebral_rois/patient_414/Lateral/L1.png,True,D:/LUMOS/processed/vertebral_rois/patient_414/Lateral/L2.png,True,D:/LUMOS/processed/vertebral_rois/patient_414/Lateral/L3.png,True,D:/LUMOS/processed/vertebral_rois/patient_414/Lateral/L4.png,True
415,AP,D:/LUMOS/processed/preprocessed_images/patient_415/AP.png,D:/LUMOS/processed/segmentation/pseudo_labels/patient_415_AP_mask.png,True,0.987,0.945,0.979,0.987,1.009,1.008,1.021,1,train,D:/LUMOS/processed/vertebral_rois/patient_415/AP/L1.png,True,D:/LUMOS/processed/vertebral_rois/patient_415/AP/L2.png,True,D:/LUMOS/processed/vertebral_rois/patient_415/AP/L3.png,True,D:/LUMOS/processed/vertebral_rois/patient_415/AP/L4.png,True
415,Lateral,D:/LUMOS/processed/preprocessed_images/patient_415/Lateral.png,D:/LUMOS/processed/segmentation/pseudo_labels/patient_415_Lateral_mask.png,True,0.987,0.945,0.979,0.987,1.009,1.008,1.021,1,train,D:/LUMOS/processed/vertebral_rois/patient_415/Lateral/L1.png,True,D:/LUMOS/processed/vertebral_rois/patient_415/Lateral/L2.png,True,D:/LUMOS/processed/vertebral_rois/patient_415/Lateral/L3.png,True,D:/LUMOS/processed/vertebral_rois/patient_415/Lateral/L4.png,True
416,AP,D:/LUMOS/processed/preprocessed_images/patient_416/AP.png,D:/LUMOS/processed/segmentation/pseudo_labels/patient_416_AP_mask.png,True,0.943,0.917,0.942,0.943,0.959,0.954,0.965,1,train,D:/LUMOS/processed/vertebral_rois/patient_416/AP/L1.png,True,D:/LUMOS/processed/vertebral_rois/patient_416/AP/L2.png,True,D:/LUMOS/processed/vertebral_rois/patient_416/AP/L3.png,True,D:/LUMOS/processed/vertebral_rois/patient_416/AP/L4.png,True
416,Lateral,D:/LUMOS/processed/preprocessed_images/patient_416/Lateral.png,D:/LUMOS/processed/segmentation/pseudo_labels/patient_416_Lateral_mask.png,True,0.943,0.917,0.942,0.943,0.959,0.954,0.965,1,train,D:/LUMOS/processed/vertebral_rois/patient_416/Lateral/L1.png,True,D:/LUMOS/processed/vertebral_rois/patient_416/Lateral/L2.png,True,D:/LUMOS/processed/vertebral_rois/patient_416/Lateral/L3.png,True,D:/LUMOS/processed/vertebral_rois/patient_416/Lateral/L4.png,True
417,AP,D:/LUMOS/processed/preprocessed_images/patient_417/AP.png,D:/LUMOS/processed/segmentation/pseudo_labels/patient_417_AP_mask.png,True,0.778,0.728,0.756,0.778,0.771,0.794,0.821,2,train,D:/LUMOS/processed/vertebral_rois/patient_417/AP/L1.png,True,D:/LUMOS/processed/vertebral_rois/patient_417/AP/L2.png,True,D:/LUMOS/processed/vertebral_rois/patient_417/AP/L3.png,True,D:/LUMOS/processed/vertebral_rois/patient_417/AP/L4.png,True
417,Lateral,D:/LUMOS/processed/preprocessed_images/patient_417/Lateral.png,D:/LUMOS/processed/segmentation/pseudo_labels/patient_417_Lateral_mask.png,True,0.778,0.728,0.756,0.778,0.771,0.794,0.821,2,train,D:/LUMOS/processed/vertebral_rois/patient_417/Lateral/L1.png,True,D:/LUMOS/processed/vertebral_rois/patient_417/Lateral/L2.png,True,D:/LUMOS/processed/vertebral_rois/patient_417/Lateral/L3.png,True,D:/LUMOS/processed/vertebral_rois/patient_417/Lateral/L4.png,True
418,AP,D:/LUMOS/processed/preprocessed_images/patient_418/AP.png,D:/LUMOS/processed/segmentation/pseudo_labels/patient_418_AP_mask.png,True,1.359,1.282,1.329,1.359,1.351,1.381,1.418,0,validation,D:/LUMOS/processed/vertebral_rois/patient_418/AP/L1.png,True,D:/LUMOS/processed/vertebral_rois/patient_418/AP/L2.png,True,D:/LUMOS/processed/vertebral_rois/patient_418/AP/L3.png,True,D:/LUMOS/processed/vertebral_rois/patient_418/AP/L4.png,True
418,Lateral,D:/LUMOS/processed/preprocessed_images/patient_418/Lateral.png,D:/LUMOS/processed/segmentation/pseudo_labels/patient_418_Lateral_mask.png,True,1.359,1.282,1.329,1.359,1.351,1.381,1.418,0,validation,D:/LUMOS/processed/vertebral_rois/patient_418/Lateral/L1.png,True,D:/LUMOS/processed/vertebral_rois/patient_418/Lateral/L2.png,True,D:/LUMOS/processed/vertebral_rois/patient_418/Lateral/L3.png,True,D:/LUMOS/processed/vertebral_rois/patient_418/Lateral/L4.png,True
419,AP,D:/LUMOS/processed/preprocessed_images/patient_419/AP.png,D:/LUMOS/processed/segmentation/pseudo_labels/patient_419_AP_mask.png,True,1.031,0.901,0.992,1.031,1.036,1.07,1.141,0,train,D:/LUMOS/processed/vertebral_rois/patient_419/AP/L1.png,True,D:/LUMOS/processed/vertebral_rois/patient_419/AP/L2.png,True,D:/LUMOS/processed/vertebral_rois/patient_419/AP/L3.png,True,D:/LUMOS/processed/vertebral_rois/patient_419/AP/L4.png,True
419,Lateral,D:/LUMOS/processed/preprocessed_images/patient_419/Lateral.png,D:/LUMOS/processed/segmentation/pseudo_labels/patient_419_Lateral_mask.png,True,1.031,0.901,0.992,1.031,1.036,1.07,1.141,0,train,D:/LUMOS/processed/vertebral_rois/patient_419/Lateral/L1.png,True,D:/LUMOS/processed/vertebral_rois/patient_419/Lateral/L2.png,True,D:/LUMOS/processed/vertebral_rois/patient_419/Lateral/L3.png,True,D:/LUMOS/processed/vertebral_rois/patient_419/Lateral/L4.png,True
420,AP,D:/LUMOS/processed/preprocessed_images/patient_420/AP.png,D:/LUMOS/processed/segmentation/pseudo_labels/patient_420_AP_mask.png,True,1.016,0.974,1.0,1.015,1.012,1.026,1.047,0,train,D:/LUMOS/processed/vertebral_rois/patient_420/AP/L1.png,True,D:/LUMOS/processed/vertebral_rois/patient_420/AP/L2.png,True,D:/LUMOS/processed/vertebral_rois/patient_420/AP/L3.png,True,D:/LUMOS/processed/vertebral_rois/patient_420/AP/L4.png,True
420,Lateral,D:/LUMOS/processed/preprocessed_images/patient_420/Lateral.png,D:/LUMOS/processed/segmentation/pseudo_labels/patient_420_Lateral_mask.png,True,1.016,0.974,1.0,1.015,1.012,1.026,1.047,0,train,D:/LUMOS/processed/vertebral_rois/patient_420/Lateral/L1.png,True,D:/LUMOS/processed/vertebral_rois/patient_420/Lateral/L2.png,True,D:/LUMOS/processed/vertebral_rois/patient_420/Lateral/L3.png,True,D:/LUMOS/processed/vertebral_rois/patient_420/Lateral/L4.png,True
421,AP,D:/LUMOS/processed/preprocessed_images/patient_421/AP.png,D:/LUMOS/processed/segmentation/pseudo_labels/patient_421_AP_mask.png,True,0.861271676,0.85,0.837,0.861,0.825,0.861,0.871,1,train,D:/LUMOS/processed/vertebral_rois/patient_421/AP/L1.png,True,D:/LUMOS/processed/vertebral_rois/patient_421/AP/L2.png,True,D:/LUMOS/processed/vertebral_rois/patient_421/AP/L3.png,True,D:/LUMOS/processed/vertebral_rois/patient_421/AP/L4.png,True
421,Lateral,D:/LUMOS/processed/preprocessed_images/patient_421/Lateral.png,D:/LUMOS/processed/segmentation/pseudo_labels/patient_421_Lateral_mask.png,True,0.861271676,0.85,0.837,0.861,0.825,0.861,0.871,1,train,D:/LUMOS/processed/vertebral_rois/patient_421/Lateral/L1.png,True,D:/LUMOS/processed/vertebral_rois/patient_421/Lateral/L2.png,True,D:/LUMOS/processed/vertebral_rois/patient_421/Lateral/L3.png,True,D:/LUMOS/processed/vertebral_rois/patient_421/Lateral/L4.png,True
422,AP,D:/LUMOS/processed/preprocessed_images/patient_422/AP.png,D:/LUMOS/processed/segmentation/pseudo_labels/patient_422_AP_mask.png,True,1.447,1.292,1.398,1.447,1.469,1.506,1.576,0,test,D:/LUMOS/processed/vertebral_rois/patient_422/AP/L1.png,True,D:/LUMOS/processed/vertebral_rois/patient_422/AP/L2.png,True,D:/LUMOS/processed/vertebral_rois/patient_422/AP/L3.png,True,D:/LUMOS/processed/vertebral_rois/patient_422/AP/L4.png,False
422,Lateral,D:/LUMOS/processed/preprocessed_images/patient_422/Lateral.png,D:/LUMOS/processed/segmentation/pseudo_labels/patient_422_Lateral_mask.png,True,1.447,1.292,1.398,1.447,1.469,1.506,1.576,0,test,D:/LUMOS/processed/vertebral_rois/patient_422/Lateral/L1.png,True,D:/LUMOS/processed/vertebral_rois/patient_422/Lateral/L2.png,True,D:/LUMOS/processed/vertebral_rois/patient_422/Lateral/L3.png,True,D:/LUMOS/processed/vertebral_rois/patient_422/Lateral/L4.png,True
423,AP,D:/LUMOS/processed/preprocessed_images/patient_423/AP.png,D:/LUMOS/processed/segmentation/pseudo_labels/patient_423_AP_mask.png,True,1.178,1.1,1.147,1.178,1.224,1.237,1.248,0,train,D:/LUMOS/processed/vertebral_rois/patient_423/AP/L1.png,True,D:/LUMOS/processed/vertebral_rois/patient_423/AP/L2.png,True,D:/LUMOS/processed/vertebral_rois/patient_423/AP/L3.png,True,D:/LUMOS/processed/vertebral_rois/patient_423/AP/L4.png,True
423,Lateral,D:/LUMOS/processed/preprocessed_images/patient_423/Lateral.png,D:/LUMOS/processed/segmentation/pseudo_labels/patient_423_Lateral_mask.png,True,1.178,1.1,1.147,1.178,1.224,1.237,1.248,0,train,D:/LUMOS/processed/vertebral_rois/patient_423/Lateral/L1.png,True,D:/LUMOS/processed/vertebral_rois/patient_423/Lateral/L2.png,True,D:/LUMOS/processed/vertebral_rois/patient_423/Lateral/L3.png,True,D:/LUMOS/processed/vertebral_rois/patient_423/Lateral/L4.png,True
424,AP,D:/LUMOS/processed/preprocessed_images/patient_424/AP.png,D:/LUMOS/processed/segmentation/pseudo_labels/patient_424_AP_mask.png,True,0.907,0.702,0.836,0.907,0.908,0.97,1.064,1,test,D:/LUMOS/processed/vertebral_rois/patient_424/AP/L1.png,True,D:/LUMOS/processed/vertebral_rois/patient_424/AP/L2.png,True,D:/LUMOS/processed/vertebral_rois/patient_424/AP/L3.png,True,D:/LUMOS/processed/vertebral_rois/patient_424/AP/L4.png,True
424,Lateral,D:/LUMOS/processed/preprocessed_images/patient_424/Lateral.png,D:/LUMOS/processed/segmentation/pseudo_labels/patient_424_Lateral_mask.png,True,0.907,0.702,0.836,0.907,0.908,0.97,1.064,1,test,D:/LUMOS/processed/vertebral_rois/patient_424/Lateral/L1.png,True,D:/LUMOS/processed/vertebral_rois/patient_424/Lateral/L2.png,True,D:/LUMOS/processed/vertebral_rois/patient_424/Lateral/L3.png,True,D:/LUMOS/processed/vertebral_rois/patient_424/Lateral/L4.png,True
425,AP,D:/LUMOS/processed/preprocessed_images/patient_425/AP.png,D:/LUMOS/processed/segmentation/pseudo_labels/patient_425_AP_mask.png,True,0.935,0.97,0.946,0.935,0.919,0.916,0.909,1,train,D:/LUMOS/processed/vertebral_rois/patient_425/AP/L1.png,True,D:/LUMOS/processed/vertebral_rois/patient_425/AP/L2.png,True,D:/LUMOS/processed/vertebral_rois/patient_425/AP/L3.png,True,D:/LUMOS/processed/vertebral_rois/patient_425/AP/L4.png,True
425,Lateral,D:/LUMOS/processed/preprocessed_images/patient_425/Lateral.png,D:/LUMOS/processed/segmentation/pseudo_labels/patient_425_Lateral_mask.png,True,0.935,0.97,0.946,0.935,0.919,0.916,0.909,1,train,D:/LUMOS/processed/vertebral_rois/patient_425/Lateral/L1.png,True,D:/LUMOS/processed/vertebral_rois/patient_425/Lateral/L2.png,True,D:/LUMOS/processed/vertebral_rois/patient_425/Lateral/L3.png,True,D:/LUMOS/processed/vertebral_rois/patient_425/Lateral/L4.png,False
426,AP,D:/LUMOS/processed/preprocessed_images/patient_426/AP.png,D:/LUMOS/processed/segmentation/pseudo_labels/patient_426_AP_mask.png,True,0.815,0.741,0.788,0.815,0.806,0.833,0.871,1,test,D:/LUMOS/processed/vertebral_rois/patient_426/AP/L1.png,True,D:/LUMOS/processed/vertebral_rois/patient_426/AP/L2.png,True,D:/LUMOS/processed/vertebral_rois/patient_426/AP/L3.png,True,D:/LUMOS/processed/vertebral_rois/patient_426/AP/L4.png,True
426,Lateral,D:/LUMOS/processed/preprocessed_images/patient_426/Lateral.png,D:/LUMOS/processed/segmentation/pseudo_labels/patient_426_Lateral_mask.png,True,0.815,0.741,0.788,0.815,0.806,0.833,0.871,1,test,D:/LUMOS/processed/vertebral_rois/patient_426/Lateral/L1.png,True,D:/LUMOS/processed/vertebral_rois/patient_426/Lateral/L2.png,True,D:/LUMOS/processed/vertebral_rois/patient_426/Lateral/L3.png,True,D:/LUMOS/processed/vertebral_rois/patient_426/Lateral/L4.png,True
427,AP,D:/LUMOS/processed/preprocessed_images/patient_427/AP.png,D:/LUMOS/processed/segmentation/pseudo_labels/patient_427_AP_mask.png,True,1.102,1.036,1.063,1.102,1.091,1.131,1.156,0,train,D:/LUMOS/processed/vertebral_rois/patient_427/AP/L1.png,True,D:/LUMOS/processed/vertebral_rois/patient_427/AP/L2.png,True,D:/LUMOS/processed/vertebral_rois/patient_427/AP/L3.png,True,D:/LUMOS/processed/vertebral_rois/patient_427/AP/L4.png,True
427,Lateral,D:/LUMOS/processed/preprocessed_images/patient_427/Lateral.png,D:/LUMOS/processed/segmentation/pseudo_labels/patient_427_Lateral_mask.png,True,1.102,1.036,1.063,1.102,1.091,1.131,1.156,0,train,D:/LUMOS/processed/vertebral_rois/patient_427/Lateral/L1.png,True,D:/LUMOS/processed/vertebral_rois/patient_427/Lateral/L2.png,True,D:/LUMOS/processed/vertebral_rois/patient_427/Lateral/L3.png,True,D:/LUMOS/processed/vertebral_rois/patient_427/Lateral/L4.png,True
428,AP,D:/LUMOS/processed/preprocessed_images/patient_428/AP.png,D:/LUMOS/processed/segmentation/pseudo_labels/patient_428_AP_mask.png,True,0.782,0.74,0.772,0.782,0.793,0.798,0.816,2,test,D:/LUMOS/processed/vertebral_rois/patient_428/AP/L1.png,True,D:/LUMOS/processed/vertebral_rois/patient_428/AP/L2.png,True,D:/LUMOS/processed/vertebral_rois/patient_428/AP/L3.png,True,D:/LUMOS/processed/vertebral_rois/patient_428/AP/L4.png,True
428,Lateral,D:/LUMOS/processed/preprocessed_images/patient_428/Lateral.png,D:/LUMOS/processed/segmentation/pseudo_labels/patient_428_Lateral_mask.png,True,0.782,0.74,0.772,0.782,0.793,0.798,0.816,2,test,D:/LUMOS/processed/vertebral_rois/patient_428/Lateral/L1.png,True,D:/LUMOS/processed/vertebral_rois/patient_428/Lateral/L2.png,True,D:/LUMOS/processed/vertebral_rois/patient_428/Lateral/L3.png,True,D:/LUMOS/processed/vertebral_rois/patient_428/Lateral/L4.png,True
429,AP,D:/LUMOS/processed/preprocessed_images/patient_429/AP.png,D:/LUMOS/processed/segmentation/pseudo_labels/patient_429_AP_mask.png,True,0.932,0.888,0.906,0.932,0.917,0.945,0.967,1,train,D:/LUMOS/processed/vertebral_rois/patient_429/AP/L1.png,True,D:/LUMOS/processed/vertebral_rois/patient_429/AP/L2.png,True,D:/LUMOS/processed/vertebral_rois/patient_429/AP/L3.png,True,D:/LUMOS/processed/vertebral_rois/patient_429/AP/L4.png,True
429,Lateral,D:/LUMOS/processed/preprocessed_images/patient_429/Lateral.png,D:/LUMOS/processed/segmentation/pseudo_labels/patient_429_Lateral_mask.png,True,0.932,0.888,0.906,0.932,0.917,0.945,0.967,1,train,D:/LUMOS/processed/vertebral_rois/patient_429/Lateral/L1.png,True,D:/LUMOS/processed/vertebral_rois/patient_429/Lateral/L2.png,True,D:/LUMOS/processed/vertebral_rois/patient_429/Lateral/L3.png,True,D:/LUMOS/processed/vertebral_rois/patient_429/Lateral/L4.png,True
430,AP,D:/LUMOS/processed/preprocessed_images/patient_430/AP.png,D:/LUMOS/processed/segmentation/pseudo_labels/patient_430_AP_mask.png,True,0.976,0.928,0.957,0.976,0.975,0.992,1.017,1,train,D:/LUMOS/processed/vertebral_rois/patient_430/AP/L1.png,True,D:/LUMOS/processed/vertebral_rois/patient_430/AP/L2.png,True,D:/LUMOS/processed/vertebral_rois/patient_430/AP/L3.png,True,D:/LUMOS/processed/vertebral_rois/patient_430/AP/L4.png,True
430,Lateral,D:/LUMOS/processed/preprocessed_images/patient_430/Lateral.png,D:/LUMOS/processed/segmentation/pseudo_labels/patient_430_Lateral_mask.png,True,0.976,0.928,0.957,0.976,0.975,0.992,1.017,1,train,D:/LUMOS/processed/vertebral_rois/patient_430/Lateral/L1.png,True,D:/LUMOS/processed/vertebral_rois/patient_430/Lateral/L2.png,True,D:/LUMOS/processed/vertebral_rois/patient_430/Lateral/L3.png,True,D:/LUMOS/processed/vertebral_rois/patient_430/Lateral/L4.png,True
431,AP,D:/LUMOS/processed/preprocessed_images/patient_431/AP.png,D:/LUMOS/processed/segmentation/pseudo_labels/patient_431_AP_mask.png,True,1.176,1.133,1.154,1.176,1.192,1.206,1.211,0,train,D:/LUMOS/processed/vertebral_rois/patient_431/AP/L1.png,True,D:/LUMOS/processed/vertebral_rois/patient_431/AP/L2.png,True,D:/LUMOS/processed/vertebral_rois/patient_431/AP/L3.png,True,D:/LUMOS/processed/vertebral_rois/patient_431/AP/L4.png,True
431,Lateral,D:/LUMOS/processed/preprocessed_images/patient_431/Lateral.png,D:/LUMOS/processed/segmentation/pseudo_labels/patient_431_Lateral_mask.png,True,1.176,1.133,1.154,1.176,1.192,1.206,1.211,0,train,D:/LUMOS/processed/vertebral_rois/patient_431/Lateral/L1.png,True,D:/LUMOS/processed/vertebral_rois/patient_431/Lateral/L2.png,True,D:/LUMOS/processed/vertebral_rois/patient_431/Lateral/L3.png,True,D:/LUMOS/processed/vertebral_rois/patient_431/Lateral/L4.png,True
432,AP,D:/LUMOS/processed/preprocessed_images/patient_432/AP.png,D:/LUMOS/processed/segmentation/pseudo_labels/patient_432_AP_mask.png,True,0.791,0.726,0.776,0.791,0.809,0.818,0.854,2,train,D:/LUMOS/processed/vertebral_rois/patient_432/AP/L1.png,True,D:/LUMOS/processed/vertebral_rois/patient_432/AP/L2.png,True,D:/LUMOS/processed/vertebral_rois/patient_432/AP/L3.png,True,D:/LUMOS/processed/vertebral_rois/patient_432/AP/L4.png,True
432,Lateral,D:/LUMOS/processed/preprocessed_images/patient_432/Lateral.png,D:/LUMOS/processed/segmentation/pseudo_labels/patient_432_Lateral_mask.png,True,0.791,0.726,0.776,0.791,0.809,0.818,0.854,2,train,D:/LUMOS/processed/vertebral_rois/patient_432/Lateral/L1.png,True,D:/LUMOS/processed/vertebral_rois/patient_432/Lateral/L2.png,True,D:/LUMOS/processed/vertebral_rois/patient_432/Lateral/L3.png,True,D:/LUMOS/processed/vertebral_rois/patient_432/Lateral/L4.png,True
433,AP,D:/LUMOS/processed/preprocessed_images/patient_433/AP.png,D:/LUMOS/processed/segmentation/pseudo_labels/patient_433_AP_mask.png,True,1.027,0.952,0.967,1.027,1.019,1.076,1.089,0,train,D:/LUMOS/processed/vertebral_rois/patient_433/AP/L1.png,True,D:/LUMOS/processed/vertebral_rois/patient_433/AP/L2.png,True,D:/LUMOS/processed/vertebral_rois/patient_433/AP/L3.png,True,D:/LUMOS/processed/vertebral_rois/patient_433/AP/L4.png,True
433,Lateral,D:/LUMOS/processed/preprocessed_images/patient_433/Lateral.png,D:/LUMOS/processed/segmentation/pseudo_labels/patient_433_Lateral_mask.png,True,1.027,0.952,0.967,1.027,1.019,1.076,1.089,0,train,D:/LUMOS/processed/vertebral_rois/patient_433/Lateral/L1.png,True,D:/LUMOS/processed/vertebral_rois/patient_433/Lateral/L2.png,True,D:/LUMOS/processed/vertebral_rois/patient_433/Lateral/L3.png,True,D:/LUMOS/processed/vertebral_rois/patient_433/Lateral/L4.png,True
434,AP,D:/LUMOS/processed/preprocessed_images/patient_434/AP.png,D:/LUMOS/processed/segmentation/pseudo_labels/patient_434_AP_mask.png,True,0.811,0.895,0.942,0.957,0.974,0.982,1.012,2,train,D:/LUMOS/processed/vertebral_rois/patient_434/AP/L1.png,True,D:/LUMOS/processed/vertebral_rois/patient_434/AP/L2.png,True,D:/LUMOS/processed/vertebral_rois/patient_434/AP/L3.png,True,D:/LUMOS/processed/vertebral_rois/patient_434/AP/L4.png,True
434,Lateral,D:/LUMOS/processed/preprocessed_images/patient_434/Lateral.png,D:/LUMOS/processed/segmentation/pseudo_labels/patient_434_Lateral_mask.png,True,0.811,0.895,0.942,0.957,0.974,0.982,1.012,2,train,D:/LUMOS/processed/vertebral_rois/patient_434/Lateral/L1.png,True,D:/LUMOS/processed/vertebral_rois/patient_434/Lateral/L2.png,True,D:/LUMOS/processed/vertebral_rois/patient_434/Lateral/L3.png,True,D:/LUMOS/processed/vertebral_rois/patient_434/Lateral/L4.png,True
435,AP,D:/LUMOS/processed/preprocessed_images/patient_435/AP.png,D:/LUMOS/processed/segmentation/pseudo_labels/patient_435_AP_mask.png,True,0.651,0.625,0.636,0.651,0.639,0.656,0.671,2,train,D:/LUMOS/processed/vertebral_rois/patient_435/AP/L1.png,True,D:/LUMOS/processed/vertebral_rois/patient_435/AP/L2.png,True,D:/LUMOS/processed/vertebral_rois/patient_435/AP/L3.png,True,D:/LUMOS/processed/vertebral_rois/patient_435/AP/L4.png,True
435,Lateral,D:/LUMOS/processed/preprocessed_images/patient_435/Lateral.png,D:/LUMOS/processed/segmentation/pseudo_labels/patient_435_Lateral_mask.png,True,0.651,0.625,0.636,0.651,0.639,0.656,0.671,2,train,D:/LUMOS/processed/vertebral_rois/patient_435/Lateral/L1.png,True,D:/LUMOS/processed/vertebral_rois/patient_435/Lateral/L2.png,True,D:/LUMOS/processed/vertebral_rois/patient_435/Lateral/L3.png,True,D:/LUMOS/processed/vertebral_rois/patient_435/Lateral/L4.png,True
436,AP,D:/LUMOS/processed/preprocessed_images/patient_436/AP.png,D:/LUMOS/processed/segmentation/pseudo_labels/patient_436_AP_mask.png,True,0.909,0.82,0.869,0.909,0.909,0.945,0.982,1,train,D:/LUMOS/processed/vertebral_rois/patient_436/AP/L1.png,True,D:/LUMOS/processed/vertebral_rois/patient_436/AP/L2.png,True,D:/LUMOS/processed/vertebral_rois/patient_436/AP/L3.png,True,D:/LUMOS/processed/vertebral_rois/patient_436/AP/L4.png,True
436,Lateral,D:/LUMOS/processed/preprocessed_images/patient_436/Lateral.png,D:/LUMOS/processed/segmentation/pseudo_labels/patient_436_Lateral_mask.png,True,0.909,0.82,0.869,0.909,0.909,0.945,0.982,1,train,D:/LUMOS/processed/vertebral_rois/patient_436/Lateral/L1.png,True,D:/LUMOS/processed/vertebral_rois/patient_436/Lateral/L2.png,True,D:/LUMOS/processed/vertebral_rois/patient_436/Lateral/L3.png,True,D:/LUMOS/processed/vertebral_rois/patient_436/Lateral/L4.png,True
437,AP,D:/LUMOS/processed/preprocessed_images/patient_437/AP.png,D:/LUMOS/processed/segmentation/pseudo_labels/patient_437_AP_mask.png,True,0.822,0.723,0.764,0.822,0.767,0.839,0.901,1,train,D:/LUMOS/processed/vertebral_rois/patient_437/AP/L1.png,True,D:/LUMOS/processed/vertebral_rois/patient_437/AP/L2.png,True,D:/LUMOS/processed/vertebral_rois/patient_437/AP/L3.png,True,D:/LUMOS/processed/vertebral_rois/patient_437/AP/L4.png,True
437,Lateral,D:/LUMOS/processed/preprocessed_images/patient_437/Lateral.png,D:/LUMOS/processed/segmentation/pseudo_labels/patient_437_Lateral_mask.png,True,0.822,0.723,0.764,0.822,0.767,0.839,0.901,1,train,D:/LUMOS/processed/vertebral_rois/patient_437/Lateral/L1.png,True,D:/LUMOS/processed/vertebral_rois/patient_437/Lateral/L2.png,True,D:/LUMOS/processed/vertebral_rois/patient_437/Lateral/L3.png,True,D:/LUMOS/processed/vertebral_rois/patient_437/Lateral/L4.png,True
438,AP,D:/LUMOS/processed/preprocessed_images/patient_438/AP.png,D:/LUMOS/processed/segmentation/pseudo_labels/patient_438_AP_mask.png,True,0.602,0.584,0.625,0.602,0.612,0.587,0.616,2,train,D:/LUMOS/processed/vertebral_rois/patient_438/AP/L1.png,True,D:/LUMOS/processed/vertebral_rois/patient_438/AP/L2.png,True,D:/LUMOS/processed/vertebral_rois/patient_438/AP/L3.png,True,D:/LUMOS/processed/vertebral_rois/patient_438/AP/L4.png,False
438,Lateral,D:/LUMOS/processed/preprocessed_images/patient_438/Lateral.png,D:/LUMOS/processed/segmentation/pseudo_labels/patient_438_Lateral_mask.png,True,0.602,0.584,0.625,0.602,0.612,0.587,0.616,2,train,D:/LUMOS/processed/vertebral_rois/patient_438/Lateral/L1.png,True,D:/LUMOS/processed/vertebral_rois/patient_438/Lateral/L2.png,True,D:/LUMOS/processed/vertebral_rois/patient_438/Lateral/L3.png,True,D:/LUMOS/processed/vertebral_rois/patient_438/Lateral/L4.png,True
439,AP,D:/LUMOS/processed/preprocessed_images/patient_439/AP.png,D:/LUMOS/processed/segmentation/pseudo_labels/patient_439_AP_mask.png,True,1.279,1.22,1.271,1.276,1.323,1.312,1.323,0,train,D:/LUMOS/processed/vertebral_rois/patient_439/AP/L1.png,True,D:/LUMOS/processed/vertebral_rois/patient_439/AP/L2.png,True,D:/LUMOS/processed/vertebral_rois/patient_439/AP/L3.png,True,D:/LUMOS/processed/vertebral_rois/patient_439/AP/L4.png,True
439,Lateral,D:/LUMOS/processed/preprocessed_images/patient_439/Lateral.png,D:/LUMOS/processed/segmentation/pseudo_labels/patient_439_Lateral_mask.png,True,1.279,1.22,1.271,1.276,1.323,1.312,1.323,0,train,D:/LUMOS/processed/vertebral_rois/patient_439/Lateral/L1.png,True,D:/LUMOS/processed/vertebral_rois/patient_439/Lateral/L2.png,True,D:/LUMOS/processed/vertebral_rois/patient_439/Lateral/L3.png,True,D:/LUMOS/processed/vertebral_rois/patient_439/Lateral/L4.png,True
440,AP,D:/LUMOS/processed/preprocessed_images/patient_440/AP.png,D:/LUMOS/processed/segmentation/pseudo_labels/patient_440_AP_mask.png,True,0.99,0.947,0.974,0.99,0.987,1.003,1.025,1,train,D:/LUMOS/processed/vertebral_rois/patient_440/AP/L1.png,True,D:/LUMOS/processed/vertebral_rois/patient_440/AP/L2.png,True,D:/LUMOS/processed/vertebral_rois/patient_440/AP/L3.png,True,D:/LUMOS/processed/vertebral_rois/patient_440/AP/L4.png,True
440,Lateral,D:/LUMOS/processed/preprocessed_images/patient_440/Lateral.png,D:/LUMOS/processed/segmentation/pseudo_labels/patient_440_Lateral_mask.png,True,0.99,0.947,0.974,0.99,0.987,1.003,1.025,1,train,D:/LUMOS/processed/vertebral_rois/patient_440/Lateral/L1.png,True,D:/LUMOS/processed/vertebral_rois/patient_440/Lateral/L2.png,True,D:/LUMOS/processed/vertebral_rois/patient_440/Lateral/L3.png,True,D:/LUMOS/processed/vertebral_rois/patient_440/Lateral/L4.png,True
441,AP,D:/LUMOS/processed/preprocessed_images/patient_441/AP.png,D:/LUMOS/processed/segmentation/pseudo_labels/patient_441_AP_mask.png,True,0.823,0.771,0.759,0.823,0.767,0.843,0.86,1,train,D:/LUMOS/processed/vertebral_rois/patient_441/AP/L1.png,True,D:/LUMOS/processed/vertebral_rois/patient_441/AP/L2.png,True,D:/LUMOS/processed/vertebral_rois/patient_441/AP/L3.png,True,D:/LUMOS/processed/vertebral_rois/patient_441/AP/L4.png,True
441,Lateral,D:/LUMOS/processed/preprocessed_images/patient_441/Lateral.png,D:/LUMOS/processed/segmentation/pseudo_labels/patient_441_Lateral_mask.png,True,0.823,0.771,0.759,0.823,0.767,0.843,0.86,1,train,D:/LUMOS/processed/vertebral_rois/patient_441/Lateral/L1.png,True,D:/LUMOS/processed/vertebral_rois/patient_441/Lateral/L2.png,True,D:/LUMOS/processed/vertebral_rois/patient_441/Lateral/L3.png,True,D:/LUMOS/processed/vertebral_rois/patient_441/Lateral/L4.png,True
443,AP,D:/LUMOS/processed/preprocessed_images/patient_443/AP.png,D:/LUMOS/processed/segmentation/pseudo_labels/patient_443_AP_mask.png,True,0.879,0.772,0.833,0.879,0.862,0.91,0.967,1,train,D:/LUMOS/processed/vertebral_rois/patient_443/AP/L1.png,True,D:/LUMOS/processed/vertebral_rois/patient_443/AP/L2.png,True,D:/LUMOS/processed/vertebral_rois/patient_443/AP/L3.png,True,D:/LUMOS/processed/vertebral_rois/patient_443/AP/L4.png,True
443,Lateral,D:/LUMOS/processed/preprocessed_images/patient_443/Lateral.png,D:/LUMOS/processed/segmentation/pseudo_labels/patient_443_Lateral_mask.png,True,0.879,0.772,0.833,0.879,0.862,0.91,0.967,1,train,D:/LUMOS/processed/vertebral_rois/patient_443/Lateral/L1.png,True,D:/LUMOS/processed/vertebral_rois/patient_443/Lateral/L2.png,True,D:/LUMOS/processed/vertebral_rois/patient_443/Lateral/L3.png,True,D:/LUMOS/processed/vertebral_rois/patient_443/Lateral/L4.png,True
444,AP,D:/LUMOS/processed/preprocessed_images/patient_444/AP.png,D:/LUMOS/processed/segmentation/pseudo_labels/patient_444_AP_mask.png,True,1.507,1.396,1.446,1.516,1.509,1.573,1.609,0,train,D:/LUMOS/processed/vertebral_rois/patient_444/AP/L1.png,True,D:/LUMOS/processed/vertebral_rois/patient_444/AP/L2.png,False,D:/LUMOS/processed/vertebral_rois/patient_444/AP/L3.png,True,D:/LUMOS/processed/vertebral_rois/patient_444/AP/L4.png,False
444,Lateral,D:/LUMOS/processed/preprocessed_images/patient_444/Lateral.png,D:/LUMOS/processed/segmentation/pseudo_labels/patient_444_Lateral_mask.png,True,1.507,1.396,1.446,1.516,1.509,1.573,1.609,0,train,D:/LUMOS/processed/vertebral_rois/patient_444/Lateral/L1.png,True,D:/LUMOS/processed/vertebral_rois/patient_444/Lateral/L2.png,True,D:/LUMOS/processed/vertebral_rois/patient_444/Lateral/L3.png,True,D:/LUMOS/processed/vertebral_rois/patient_444/Lateral/L4.png,True
445,AP,D:/LUMOS/processed/preprocessed_images/patient_445/AP.png,D:/LUMOS/processed/segmentation/pseudo_labels/patient_445_AP_mask.png,True,0.86,0.822,0.838,0.86,0.863,0.882,0.891,1,train,D:/LUMOS/processed/vertebral_rois/patient_445/AP/L1.png,True,D:/LUMOS/processed/vertebral_rois/patient_445/AP/L2.png,True,D:/LUMOS/processed/vertebral_rois/patient_445/AP/L3.png,True,D:/LUMOS/processed/vertebral_rois/patient_445/AP/L4.png,True
445,Lateral,D:/LUMOS/processed/preprocessed_images/patient_445/Lateral.png,D:/LUMOS/processed/segmentation/pseudo_labels/patient_445_Lateral_mask.png,True,0.86,0.822,0.838,0.86,0.863,0.882,0.891,1,train,D:/LUMOS/processed/vertebral_rois/patient_445/Lateral/L1.png,True,D:/LUMOS/processed/vertebral_rois/patient_445/Lateral/L2.png,True,D:/LUMOS/processed/vertebral_rois/patient_445/Lateral/L3.png,True,D:/LUMOS/processed/vertebral_rois/patient_445/Lateral/L4.png,True
446,AP,D:/LUMOS/processed/preprocessed_images/patient_446/AP.png,D:/LUMOS/processed/segmentation/pseudo_labels/patient_446_AP_mask.png,True,0.941,0.834,0.892,0.941,0.945,0.987,1.029,1,train,D:/LUMOS/processed/vertebral_rois/patient_446/AP/L1.png,True,D:/LUMOS/processed/vertebral_rois/patient_446/AP/L2.png,True,D:/LUMOS/processed/vertebral_rois/patient_446/AP/L3.png,True,D:/LUMOS/processed/vertebral_rois/patient_446/AP/L4.png,True
446,Lateral,D:/LUMOS/processed/preprocessed_images/patient_446/Lateral.png,D:/LUMOS/processed/segmentation/pseudo_labels/patient_446_Lateral_mask.png,True,0.941,0.834,0.892,0.941,0.945,0.987,1.029,1,train,D:/LUMOS/processed/vertebral_rois/patient_446/Lateral/L1.png,True,D:/LUMOS/processed/vertebral_rois/patient_446/Lateral/L2.png,True,D:/LUMOS/processed/vertebral_rois/patient_446/Lateral/L3.png,True,D:/LUMOS/processed/vertebral_rois/patient_446/Lateral/L4.png,True
447,AP,D:/LUMOS/processed/preprocessed_images/patient_447/AP.png,D:/LUMOS/processed/segmentation/pseudo_labels/patient_447_AP_mask.png,True,1.206,1.158,1.202,1.206,1.241,1.232,1.247,0,train,D:/LUMOS/processed/vertebral_rois/patient_447/AP/L1.png,True,D:/LUMOS/processed/vertebral_rois/patient_447/AP/L2.png,True,D:/LUMOS/processed/vertebral_rois/patient_447/AP/L3.png,True,D:/LUMOS/processed/vertebral_rois/patient_447/AP/L4.png,True
447,Lateral,D:/LUMOS/processed/preprocessed_images/patient_447/Lateral.png,D:/LUMOS/processed/segmentation/pseudo_labels/patient_447_Lateral_mask.png,True,1.206,1.158,1.202,1.206,1.241,1.232,1.247,0,train,D:/LUMOS/processed/vertebral_rois/patient_447/Lateral/L1.png,True,D:/LUMOS/processed/vertebral_rois/patient_447/Lateral/L2.png,True,D:/LUMOS/processed/vertebral_rois/patient_447/Lateral/L3.png,True,D:/LUMOS/processed/vertebral_rois/patient_447/Lateral/L4.png,True
448,AP,D:/LUMOS/processed/preprocessed_images/patient_448/AP.png,D:/LUMOS/processed/segmentation/pseudo_labels/patient_448_AP_mask.png,True,1.03,0.829,0.952,1.03,1.01,1.093,1.219,0,train,D:/LUMOS/processed/vertebral_rois/patient_448/AP/L1.png,True,D:/LUMOS/processed/vertebral_rois/patient_448/AP/L2.png,True,D:/LUMOS/processed/vertebral_rois/patient_448/AP/L3.png,True,D:/LUMOS/processed/vertebral_rois/patient_448/AP/L4.png,True
448,Lateral,D:/LUMOS/processed/preprocessed_images/patient_448/Lateral.png,D:/LUMOS/processed/segmentation/pseudo_labels/patient_448_Lateral_mask.png,True,1.03,0.829,0.952,1.03,1.01,1.093,1.219,0,train,D:/LUMOS/processed/vertebral_rois/patient_448/Lateral/L1.png,True,D:/LUMOS/processed/vertebral_rois/patient_448/Lateral/L2.png,True,D:/LUMOS/processed/vertebral_rois/patient_448/Lateral/L3.png,True,D:/LUMOS/processed/vertebral_rois/patient_448/Lateral/L4.png,True
449,AP,D:/LUMOS/processed/preprocessed_images/patient_449/AP.png,D:/LUMOS/processed/segmentation/pseudo_labels/patient_449_AP_mask.png,True,1.009,0.892,0.962,1.009,0.975,1.029,1.105,0,train,D:/LUMOS/processed/vertebral_rois/patient_449/AP/L1.png,True,D:/LUMOS/processed/vertebral_rois/patient_449/AP/L2.png,False,D:/LUMOS/processed/vertebral_rois/patient_449/AP/L3.png,True,D:/LUMOS/processed/vertebral_rois/patient_449/AP/L4.png,False
449,Lateral,D:/LUMOS/processed/preprocessed_images/patient_449/Lateral.png,D:/LUMOS/processed/segmentation/pseudo_labels/patient_449_Lateral_mask.png,True,1.009,0.892,0.962,1.009,0.975,1.029,1.105,0,train,D:/LUMOS/processed/vertebral_rois/patient_449/Lateral/L1.png,True,D:/LUMOS/processed/vertebral_rois/patient_449/Lateral/L2.png,True,D:/LUMOS/processed/vertebral_rois/patient_449/Lateral/L3.png,True,D:/LUMOS/processed/vertebral_rois/patient_449/Lateral/L4.png,True
450,AP,D:/LUMOS/processed/preprocessed_images/patient_450/AP.png,D:/LUMOS/processed/segmentation/pseudo_labels/patient_450_AP_mask.png,True,0.878,0.858,0.871,0.878,0.873,0.882,0.894,1,validation,D:/LUMOS/processed/vertebral_rois/patient_450/AP/L1.png,True,D:/LUMOS/processed/vertebral_rois/patient_450/AP/L2.png,True,D:/LUMOS/processed/vertebral_rois/patient_450/AP/L3.png,True,D:/LUMOS/processed/vertebral_rois/patient_450/AP/L4.png,True
450,Lateral,D:/LUMOS/processed/preprocessed_images/patient_450/Lateral.png,D:/LUMOS/processed/segmentation/pseudo_labels/patient_450_Lateral_mask.png,True,0.878,0.858,0.871,0.878,0.873,0.882,0.894,1,validation,D:/LUMOS/processed/vertebral_rois/patient_450/Lateral/L1.png,True,D:/LUMOS/processed/vertebral_rois/patient_450/Lateral/L2.png,True,D:/LUMOS/processed/vertebral_rois/patient_450/Lateral/L3.png,True,D:/LUMOS/processed/vertebral_rois/patient_450/Lateral/L4.png,True
451,AP,D:/LUMOS/processed/preprocessed_images/patient_451/AP.png,D:/LUMOS/processed/segmentation/pseudo_labels/patient_451_AP_mask.png,True,0.991,0.919,0.956,0.991,0.993,1.022,1.047,1,train,D:/LUMOS/processed/vertebral_rois/patient_451/AP/L1.png,True,D:/LUMOS/processed/vertebral_rois/patient_451/AP/L2.png,True,D:/LUMOS/processed/vertebral_rois/patient_451/AP/L3.png,True,D:/LUMOS/processed/vertebral_rois/patient_451/AP/L4.png,True
451,Lateral,D:/LUMOS/processed/preprocessed_images/patient_451/Lateral.png,D:/LUMOS/processed/segmentation/pseudo_labels/patient_451_Lateral_mask.png,True,0.991,0.919,0.956,0.991,0.993,1.022,1.047,1,train,D:/LUMOS/processed/vertebral_rois/patient_451/Lateral/L1.png,True,D:/LUMOS/processed/vertebral_rois/patient_451/Lateral/L2.png,False,D:/LUMOS/processed/vertebral_rois/patient_451/Lateral/L3.png,True,D:/LUMOS/processed/vertebral_rois/patient_451/Lateral/L4.png,True
452,AP,D:/LUMOS/processed/preprocessed_images/patient_452/AP.png,D:/LUMOS/processed/segmentation/pseudo_labels/patient_452_AP_mask.png,True,1.047,0.974,1.013,1.047,1.045,1.079,1.115,0,train,D:/LUMOS/processed/vertebral_rois/patient_452/AP/L1.png,True,D:/LUMOS/processed/vertebral_rois/patient_452/AP/L2.png,True,D:/LUMOS/processed/vertebral_rois/patient_452/AP/L3.png,True,D:/LUMOS/processed/vertebral_rois/patient_452/AP/L4.png,True
452,Lateral,D:/LUMOS/processed/preprocessed_images/patient_452/Lateral.png,D:/LUMOS/processed/segmentation/pseudo_labels/patient_452_Lateral_mask.png,True,1.047,0.974,1.013,1.047,1.045,1.079,1.115,0,train,D:/LUMOS/processed/vertebral_rois/patient_452/Lateral/L1.png,True,D:/LUMOS/processed/vertebral_rois/patient_452/Lateral/L2.png,True,D:/LUMOS/processed/vertebral_rois/patient_452/Lateral/L3.png,True,D:/LUMOS/processed/vertebral_rois/patient_452/Lateral/L4.png,False
453,AP,D:/LUMOS/processed/preprocessed_images/patient_453/AP.png,D:/LUMOS/processed/segmentation/pseudo_labels/patient_453_AP_mask.png,True,0.89,0.915,0.947,0.959,0.986,0.989,0.999,1,train,D:/LUMOS/processed/vertebral_rois/patient_453/AP/L1.png,True,D:/LUMOS/processed/vertebral_rois/patient_453/AP/L2.png,True,D:/LUMOS/processed/vertebral_rois/patient_453/AP/L3.png,True,D:/LUMOS/processed/vertebral_rois/patient_453/AP/L4.png,True
453,Lateral,D:/LUMOS/processed/preprocessed_images/patient_453/Lateral.png,D:/LUMOS/processed/segmentation/pseudo_labels/patient_453_Lateral_mask.png,True,0.89,0.915,0.947,0.959,0.986,0.989,0.999,1,train,D:/LUMOS/processed/vertebral_rois/patient_453/Lateral/L1.png,True,D:/LUMOS/processed/vertebral_rois/patient_453/Lateral/L2.png,True,D:/LUMOS/processed/vertebral_rois/patient_453/Lateral/L3.png,True,D:/LUMOS/processed/vertebral_rois/patient_453/Lateral/L4.png,True
454,AP,D:/LUMOS/processed/preprocessed_images/patient_454/AP.png,D:/LUMOS/processed/segmentation/pseudo_labels/patient_454_AP_mask.png,True,0.737,0.685,0.718,0.737,0.737,0.754,0.778,2,train,D:/LUMOS/processed/vertebral_rois/patient_454/AP/L1.png,True,D:/LUMOS/processed/vertebral_rois/patient_454/AP/L2.png,True,D:/LUMOS/processed/vertebral_rois/patient_454/AP/L3.png,True,D:/LUMOS/processed/vertebral_rois/patient_454/AP/L4.png,False
454,Lateral,D:/LUMOS/processed/preprocessed_images/patient_454/Lateral.png,D:/LUMOS/processed/segmentation/pseudo_labels/patient_454_Lateral_mask.png,True,0.737,0.685,0.718,0.737,0.737,0.754,0.778,2,train,D:/LUMOS/processed/vertebral_rois/patient_454/Lateral/L1.png,True,D:/LUMOS/processed/vertebral_rois/patient_454/Lateral/L2.png,True,D:/LUMOS/processed/vertebral_rois/patient_454/Lateral/L3.png,True,D:/LUMOS/processed/vertebral_rois/patient_454/Lateral/L4.png,True
455,AP,D:/LUMOS/processed/preprocessed_images/patient_455/AP.png,D:/LUMOS/processed/segmentation/pseudo_labels/patient_455_AP_mask.png,True,1.456,1.354,1.419,1.456,1.468,1.498,1.541,0,train,D:/LUMOS/processed/vertebral_rois/patient_455/AP/L1.png,True,D:/LUMOS/processed/vertebral_rois/patient_455/AP/L2.png,True,D:/LUMOS/processed/vertebral_rois/patient_455/AP/L3.png,True,D:/LUMOS/processed/vertebral_rois/patient_455/AP/L4.png,True
455,Lateral,D:/LUMOS/processed/preprocessed_images/patient_455/Lateral.png,D:/LUMOS/processed/segmentation/pseudo_labels/patient_455_Lateral_mask.png,True,1.456,1.354,1.419,1.456,1.468,1.498,1.541,0,train,D:/LUMOS/processed/vertebral_rois/patient_455/Lateral/L1.png,True,D:/LUMOS/processed/vertebral_rois/patient_455/Lateral/L2.png,True,D:/LUMOS/processed/vertebral_rois/patient_455/Lateral/L3.png,True,D:/LUMOS/processed/vertebral_rois/patient_455/Lateral/L4.png,True
456,AP,D:/LUMOS/processed/preprocessed_images/patient_456/AP.png,D:/LUMOS/processed/segmentation/pseudo_labels/patient_456_AP_mask.png,True,0.842,0.772,0.808,0.842,0.827,0.864,0.905,1,train,D:/LUMOS/processed/vertebral_rois/patient_456/AP/L1.png,True,D:/LUMOS/processed/vertebral_rois/patient_456/AP/L2.png,True,D:/LUMOS/processed/vertebral_rois/patient_456/AP/L3.png,True,D:/LUMOS/processed/vertebral_rois/patient_456/AP/L4.png,True
456,Lateral,D:/LUMOS/processed/preprocessed_images/patient_456/Lateral.png,D:/LUMOS/processed/segmentation/pseudo_labels/patient_456_Lateral_mask.png,True,0.842,0.772,0.808,0.842,0.827,0.864,0.905,1,train,D:/LUMOS/processed/vertebral_rois/patient_456/Lateral/L1.png,True,D:/LUMOS/processed/vertebral_rois/patient_456/Lateral/L2.png,True,D:/LUMOS/processed/vertebral_rois/patient_456/Lateral/L3.png,True,D:/LUMOS/processed/vertebral_rois/patient_456/Lateral/L4.png,True
457,AP,D:/LUMOS/processed/preprocessed_images/patient_457/AP.png,D:/LUMOS/processed/segmentation/pseudo_labels/patient_457_AP_mask.png,True,0.9,0.842,0.873,0.9,0.906,0.928,0.951,1,test,D:/LUMOS/processed/vertebral_rois/patient_457/AP/L1.png,True,D:/LUMOS/processed/vertebral_rois/patient_457/AP/L2.png,True,D:/LUMOS/processed/vertebral_rois/patient_457/AP/L3.png,True,D:/LUMOS/processed/vertebral_rois/patient_457/AP/L4.png,True
457,Lateral,D:/LUMOS/processed/preprocessed_images/patient_457/Lateral.png,D:/LUMOS/processed/segmentation/pseudo_labels/patient_457_Lateral_mask.png,True,0.9,0.842,0.873,0.9,0.906,0.928,0.951,1,test,D:/LUMOS/processed/vertebral_rois/patient_457/Lateral/L1.png,True,D:/LUMOS/processed/vertebral_rois/patient_457/Lateral/L2.png,True,D:/LUMOS/processed/vertebral_rois/patient_457/Lateral/L3.png,True,D:/LUMOS/processed/vertebral_rois/patient_457/Lateral/L4.png,True
458,AP,D:/LUMOS/processed/preprocessed_images/patient_458/AP.png,D:/LUMOS/processed/segmentation/pseudo_labels/patient_458_AP_mask.png,True,0.982,0.995,1.02,0.976,1.095,1.011,0.958,1,validation,D:/LUMOS/processed/vertebral_rois/patient_458/AP/L1.png,True,D:/LUMOS/processed/vertebral_rois/patient_458/AP/L2.png,False,D:/LUMOS/processed/vertebral_rois/patient_458/AP/L3.png,False,D:/LUMOS/processed/vertebral_rois/patient_458/AP/L4.png,True
458,Lateral,D:/LUMOS/processed/preprocessed_images/patient_458/Lateral.png,D:/LUMOS/processed/segmentation/pseudo_labels/patient_458_Lateral_mask.png,True,0.982,0.995,1.02,0.976,1.095,1.011,0.958,1,validation,D:/LUMOS/processed/vertebral_rois/patient_458/Lateral/L1.png,True,D:/LUMOS/processed/vertebral_rois/patient_458/Lateral/L2.png,True,D:/LUMOS/processed/vertebral_rois/patient_458/Lateral/L3.png,True,D:/LUMOS/processed/vertebral_rois/patient_458/Lateral/L4.png,True
459,AP,D:/LUMOS/processed/preprocessed_images/patient_459/AP.png,D:/LUMOS/processed/segmentation/pseudo_labels/patient_459_AP_mask.png,True,1.399,1.414,1.397,1.399,1.41,1.408,1.387,0,train,D:/LUMOS/processed/vertebral_rois/patient_459/AP/L1.png,True,D:/LUMOS/processed/vertebral_rois/patient_459/AP/L2.png,True,D:/LUMOS/processed/vertebral_rois/patient_459/AP/L3.png,True,D:/LUMOS/processed/vertebral_rois/patient_459/AP/L4.png,True
459,Lateral,D:/LUMOS/processed/preprocessed_images/patient_459/Lateral.png,D:/LUMOS/processed/segmentation/pseudo_labels/patient_459_Lateral_mask.png,True,1.399,1.414,1.397,1.399,1.41,1.408,1.387,0,train,D:/LUMOS/processed/vertebral_rois/patient_459/Lateral/L1.png,True,D:/LUMOS/processed/vertebral_rois/patient_459/Lateral/L2.png,True,D:/LUMOS/processed/vertebral_rois/patient_459/Lateral/L3.png,True,D:/LUMOS/processed/vertebral_rois/patient_459/Lateral/L4.png,True
460,AP,D:/LUMOS/processed/preprocessed_images/patient_460/AP.png,D:/LUMOS/processed/segmentation/pseudo_labels/patient_460_AP_mask.png,True,0.845,0.773,0.815,0.845,0.836,0.864,0.9,1,test,D:/LUMOS/processed/vertebral_rois/patient_460/AP/L1.png,True,D:/LUMOS/processed/vertebral_rois/patient_460/AP/L2.png,True,D:/LUMOS/processed/vertebral_rois/patient_460/AP/L3.png,True,D:/LUMOS/processed/vertebral_rois/patient_460/AP/L4.png,True
460,Lateral,D:/LUMOS/processed/preprocessed_images/patient_460/Lateral.png,D:/LUMOS/processed/segmentation/pseudo_labels/patient_460_Lateral_mask.png,True,0.845,0.773,0.815,0.845,0.836,0.864,0.9,1,test,D:/LUMOS/processed/vertebral_rois/patient_460/Lateral/L1.png,True,D:/LUMOS/processed/vertebral_rois/patient_460/Lateral/L2.png,True,D:/LUMOS/processed/vertebral_rois/patient_460/Lateral/L3.png,True,D:/LUMOS/processed/vertebral_rois/patient_460/Lateral/L4.png,True
461,AP,D:/LUMOS/processed/preprocessed_images/patient_461/AP.png,D:/LUMOS/processed/segmentation/pseudo_labels/patient_461_AP_mask.png,True,0.795,0.723,0.755,0.795,0.788,0.827,0.853,2,train,D:/LUMOS/processed/vertebral_rois/patient_461/AP/L1.png,True,D:/LUMOS/processed/vertebral_rois/patient_461/AP/L2.png,True,D:/LUMOS/processed/vertebral_rois/patient_461/AP/L3.png,True,D:/LUMOS/processed/vertebral_rois/patient_461/AP/L4.png,True
461,Lateral,D:/LUMOS/processed/preprocessed_images/patient_461/Lateral.png,D:/LUMOS/processed/segmentation/pseudo_labels/patient_461_Lateral_mask.png,True,0.795,0.723,0.755,0.795,0.788,0.827,0.853,2,train,D:/LUMOS/processed/vertebral_rois/patient_461/Lateral/L1.png,True,D:/LUMOS/processed/vertebral_rois/patient_461/Lateral/L2.png,True,D:/LUMOS/processed/vertebral_rois/patient_461/Lateral/L3.png,True,D:/LUMOS/processed/vertebral_rois/patient_461/Lateral/L4.png,True
462,AP,D:/LUMOS/processed/preprocessed_images/patient_462/AP.png,D:/LUMOS/processed/segmentation/pseudo_labels/patient_462_AP_mask.png,True,1.169,1.107,1.137,1.169,1.184,1.206,1.217,0,test,D:/LUMOS/processed/vertebral_rois/patient_462/AP/L1.png,True,D:/LUMOS/processed/vertebral_rois/patient_462/AP/L2.png,True,D:/LUMOS/processed/vertebral_rois/patient_462/AP/L3.png,True,D:/LUMOS/processed/vertebral_rois/patient_462/AP/L4.png,True
462,Lateral,D:/LUMOS/processed/preprocessed_images/patient_462/Lateral.png,D:/LUMOS/processed/segmentation/pseudo_labels/patient_462_Lateral_mask.png,True,1.169,1.107,1.137,1.169,1.184,1.206,1.217,0,test,D:/LUMOS/processed/vertebral_rois/patient_462/Lateral/L1.png,True,D:/LUMOS/processed/vertebral_rois/patient_462/Lateral/L2.png,True,D:/LUMOS/processed/vertebral_rois/patient_462/Lateral/L3.png,True,D:/LUMOS/processed/vertebral_rois/patient_462/Lateral/L4.png,True
463,AP,D:/LUMOS/processed/preprocessed_images/patient_463/AP.png,D:/LUMOS/processed/segmentation/pseudo_labels/patient_463_AP_mask.png,True,0.853773584905661,0.857,0.866,0.853,0.866,0.849,0.849,1,train,D:/LUMOS/processed/vertebral_rois/patient_463/AP/L1.png,True,D:/LUMOS/processed/vertebral_rois/patient_463/AP/L2.png,True,D:/LUMOS/processed/vertebral_rois/patient_463/AP/L3.png,True,D:/LUMOS/processed/vertebral_rois/patient_463/AP/L4.png,False
463,Lateral,D:/LUMOS/processed/preprocessed_images/patient_463/Lateral.png,D:/LUMOS/processed/segmentation/pseudo_labels/patient_463_Lateral_mask.png,True,0.853773584905661,0.857,0.866,0.853,0.866,0.849,0.849,1,train,D:/LUMOS/processed/vertebral_rois/patient_463/Lateral/L1.png,True,D:/LUMOS/processed/vertebral_rois/patient_463/Lateral/L2.png,True,D:/LUMOS/processed/vertebral_rois/patient_463/Lateral/L3.png,True,D:/LUMOS/processed/vertebral_rois/patient_463/Lateral/L4.png,True
464,AP,D:/LUMOS/processed/preprocessed_images/patient_464/AP.png,D:/LUMOS/processed/segmentation/pseudo_labels/patient_464_AP_mask.png,True,0.626,0.584,0.582,0.626,0.576,0.632,0.656,2,train,D:/LUMOS/processed/vertebral_rois/patient_464/AP/L1.png,True,D:/LUMOS/processed/vertebral_rois/patient_464/AP/L2.png,True,D:/LUMOS/processed/vertebral_rois/patient_464/AP/L3.png,True,D:/LUMOS/processed/vertebral_rois/patient_464/AP/L4.png,True
464,Lateral,D:/LUMOS/processed/preprocessed_images/patient_464/Lateral.png,D:/LUMOS/processed/segmentation/pseudo_labels/patient_464_Lateral_mask.png,True,0.626,0.584,0.582,0.626,0.576,0.632,0.656,2,train,D:/LUMOS/processed/vertebral_rois/patient_464/Lateral/L1.png,True,D:/LUMOS/processed/vertebral_rois/patient_464/Lateral/L2.png,True,D:/LUMOS/processed/vertebral_rois/patient_464/Lateral/L3.png,True,D:/LUMOS/processed/vertebral_rois/patient_464/Lateral/L4.png,True
465,AP,D:/LUMOS/processed/preprocessed_images/patient_465/AP.png,D:/LUMOS/processed/segmentation/pseudo_labels/patient_465_AP_mask.png,True,0.9,0.828,0.871,0.9,0.9,0.928,0.963,1,test,D:/LUMOS/processed/vertebral_rois/patient_465/AP/L1.png,True,D:/LUMOS/processed/vertebral_rois/patient_465/AP/L2.png,True,D:/LUMOS/processed/vertebral_rois/patient_465/AP/L3.png,True,D:/LUMOS/processed/vertebral_rois/patient_465/AP/L4.png,True
465,Lateral,D:/LUMOS/processed/preprocessed_images/patient_465/Lateral.png,D:/LUMOS/processed/segmentation/pseudo_labels/patient_465_Lateral_mask.png,True,0.9,0.828,0.871,0.9,0.9,0.928,0.963,1,test,D:/LUMOS/processed/vertebral_rois/patient_465/Lateral/L1.png,True,D:/LUMOS/processed/vertebral_rois/patient_465/Lateral/L2.png,True,D:/LUMOS/processed/vertebral_rois/patient_465/Lateral/L3.png,True,D:/LUMOS/processed/vertebral_rois/patient_465/Lateral/L4.png,True
466,AP,D:/LUMOS/processed/preprocessed_images/patient_466/AP.png,D:/LUMOS/processed/segmentation/pseudo_labels/patient_466_AP_mask.png,True,0.975,0.88,0.94,0.975,0.988,1.015,1.054,1,train,D:/LUMOS/processed/vertebral_rois/patient_466/AP/L1.png,True,D:/LUMOS/processed/vertebral_rois/patient_466/AP/L2.png,True,D:/LUMOS/processed/vertebral_rois/patient_466/AP/L3.png,True,D:/LUMOS/processed/vertebral_rois/patient_466/AP/L4.png,True
466,Lateral,D:/LUMOS/processed/preprocessed_images/patient_466/Lateral.png,D:/LUMOS/processed/segmentation/pseudo_labels/patient_466_Lateral_mask.png,True,0.975,0.88,0.94,0.975,0.988,1.015,1.054,1,train,D:/LUMOS/processed/vertebral_rois/patient_466/Lateral/L1.png,True,D:/LUMOS/processed/vertebral_rois/patient_466/Lateral/L2.png,True,D:/LUMOS/processed/vertebral_rois/patient_466/Lateral/L3.png,True,D:/LUMOS/processed/vertebral_rois/patient_466/Lateral/L4.png,True
467,AP,D:/LUMOS/processed/preprocessed_images/patient_467/AP.png,D:/LUMOS/processed/segmentation/pseudo_labels/patient_467_AP_mask.png,True,0.978,0.978,0.99,0.978,0.98,0.967,0.977,1,train,D:/LUMOS/processed/vertebral_rois/patient_467/AP/L1.png,True,D:/LUMOS/processed/vertebral_rois/patient_467/AP/L2.png,True,D:/LUMOS/processed/vertebral_rois/patient_467/AP/L3.png,True,D:/LUMOS/processed/vertebral_rois/patient_467/AP/L4.png,True
467,Lateral,D:/LUMOS/processed/preprocessed_images/patient_467/Lateral.png,D:/LUMOS/processed/segmentation/pseudo_labels/patient_467_Lateral_mask.png,True,0.978,0.978,0.99,0.978,0.98,0.967,0.977,1,train,D:/LUMOS/processed/vertebral_rois/patient_467/Lateral/L1.png,True,D:/LUMOS/processed/vertebral_rois/patient_467/Lateral/L2.png,True,D:/LUMOS/processed/vertebral_rois/patient_467/Lateral/L3.png,True,D:/LUMOS/processed/vertebral_rois/patient_467/Lateral/L4.png,True
468,AP,D:/LUMOS/processed/preprocessed_images/patient_468/AP.png,D:/LUMOS/processed/segmentation/pseudo_labels/patient_468_AP_mask.png,True,0.997,0.904,0.932,0.997,0.939,1.016,1.077,0,validation,D:/LUMOS/processed/vertebral_rois/patient_468/AP/L1.png,True,D:/LUMOS/processed/vertebral_rois/patient_468/AP/L2.png,True,D:/LUMOS/processed/vertebral_rois/patient_468/AP/L3.png,True,D:/LUMOS/processed/vertebral_rois/patient_468/AP/L4.png,False
468,Lateral,D:/LUMOS/processed/preprocessed_images/patient_468/Lateral.png,D:/LUMOS/processed/segmentation/pseudo_labels/patient_468_Lateral_mask.png,True,0.997,0.904,0.932,0.997,0.939,1.016,1.077,0,validation,D:/LUMOS/processed/vertebral_rois/patient_468/Lateral/L1.png,True,D:/LUMOS/processed/vertebral_rois/patient_468/Lateral/L2.png,True,D:/LUMOS/processed/vertebral_rois/patient_468/Lateral/L3.png,True,D:/LUMOS/processed/vertebral_rois/patient_468/Lateral/L4.png,True
469,AP,D:/LUMOS/processed/preprocessed_images/patient_469/AP.png,D:/LUMOS/processed/segmentation/pseudo_labels/patient_469_AP_mask.png,True,0.652,0.944,0.969,0.961,0.997,0.975,0.974,2,train,D:/LUMOS/processed/vertebral_rois/patient_469/AP/L1.png,True,D:/LUMOS/processed/vertebral_rois/patient_469/AP/L2.png,True,D:/LUMOS/processed/vertebral_rois/patient_469/AP/L3.png,True,D:/LUMOS/processed/vertebral_rois/patient_469/AP/L4.png,True
469,Lateral,D:/LUMOS/processed/preprocessed_images/patient_469/Lateral.png,D:/LUMOS/processed/segmentation/pseudo_labels/patient_469_Lateral_mask.png,True,0.652,0.944,0.969,0.961,0.997,0.975,0.974,2,train,D:/LUMOS/processed/vertebral_rois/patient_469/Lateral/L1.png,True,D:/LUMOS/processed/vertebral_rois/patient_469/Lateral/L2.png,True,D:/LUMOS/processed/vertebral_rois/patient_469/Lateral/L3.png,True,D:/LUMOS/processed/vertebral_rois/patient_469/Lateral/L4.png,True
470,AP,D:/LUMOS/processed/preprocessed_images/patient_470/AP.png,D:/LUMOS/processed/segmentation/pseudo_labels/patient_470_AP_mask.png,True,1.37248701152022,1.308,1.366,1.369,1.407,1.396,1.428,0,test,D:/LUMOS/processed/vertebral_rois/patient_470/AP/L1.png,True,D:/LUMOS/processed/vertebral_rois/patient_470/AP/L2.png,True,D:/LUMOS/processed/vertebral_rois/patient_470/AP/L3.png,True,D:/LUMOS/processed/vertebral_rois/patient_470/AP/L4.png,True
470,Lateral,D:/LUMOS/processed/preprocessed_images/patient_470/Lateral.png,D:/LUMOS/processed/segmentation/pseudo_labels/patient_470_Lateral_mask.png,True,1.37248701152022,1.308,1.366,1.369,1.407,1.396,1.428,0,test,D:/LUMOS/processed/vertebral_rois/patient_470/Lateral/L1.png,True,D:/LUMOS/processed/vertebral_rois/patient_470/Lateral/L2.png,True,D:/LUMOS/processed/vertebral_rois/patient_470/Lateral/L3.png,True,D:/LUMOS/processed/vertebral_rois/patient_470/Lateral/L4.png,True
471,AP,D:/LUMOS/processed/preprocessed_images/patient_471/AP.png,D:/LUMOS/processed/segmentation/pseudo_labels/patient_471_AP_mask.png,True,1.186,1.023,1.115,1.186,1.182,1.248,1.324,0,validation,D:/LUMOS/processed/vertebral_rois/patient_471/AP/L1.png,True,D:/LUMOS/processed/vertebral_rois/patient_471/AP/L2.png,True,D:/LUMOS/processed/vertebral_rois/patient_471/AP/L3.png,True,D:/LUMOS/processed/vertebral_rois/patient_471/AP/L4.png,True
471,Lateral,D:/LUMOS/processed/preprocessed_images/patient_471/Lateral.png,D:/LUMOS/processed/segmentation/pseudo_labels/patient_471_Lateral_mask.png,True,1.186,1.023,1.115,1.186,1.182,1.248,1.324,0,validation,D:/LUMOS/processed/vertebral_rois/patient_471/Lateral/L1.png,True,D:/LUMOS/processed/vertebral_rois/patient_471/Lateral/L2.png,True,D:/LUMOS/processed/vertebral_rois/patient_471/Lateral/L3.png,True,D:/LUMOS/processed/vertebral_rois/patient_471/Lateral/L4.png,True
472,AP,D:/LUMOS/processed/preprocessed_images/patient_472/AP.png,D:/LUMOS/processed/segmentation/pseudo_labels/patient_472_AP_mask.png,True,0.799,0.723,0.77,0.799,0.802,0.826,0.857,2,validation,D:/LUMOS/processed/vertebral_rois/patient_472/AP/L1.png,True,D:/LUMOS/processed/vertebral_rois/patient_472/AP/L2.png,True,D:/LUMOS/processed/vertebral_rois/patient_472/AP/L3.png,True,D:/LUMOS/processed/vertebral_rois/patient_472/AP/L4.png,True
472,Lateral,D:/LUMOS/processed/preprocessed_images/patient_472/Lateral.png,D:/LUMOS/processed/segmentation/pseudo_labels/patient_472_Lateral_mask.png,True,0.799,0.723,0.77,0.799,0.802,0.826,0.857,2,validation,D:/LUMOS/processed/vertebral_rois/patient_472/Lateral/L1.png,True,D:/LUMOS/processed/vertebral_rois/patient_472/Lateral/L2.png,True,D:/LUMOS/processed/vertebral_rois/patient_472/Lateral/L3.png,True,D:/LUMOS/processed/vertebral_rois/patient_472/Lateral/L4.png,True
473,AP,D:/LUMOS/processed/preprocessed_images/patient_473/AP.png,D:/LUMOS/processed/segmentation/pseudo_labels/patient_473_AP_mask.png,True,0.797,0.761,0.798,0.797,0.815,0.808,0.827,2,validation,D:/LUMOS/processed/vertebral_rois/patient_473/AP/L1.png,True,D:/LUMOS/processed/vertebral_rois/patient_473/AP/L2.png,True,D:/LUMOS/processed/vertebral_rois/patient_473/AP/L3.png,True,D:/LUMOS/processed/vertebral_rois/patient_473/AP/L4.png,True
473,Lateral,D:/LUMOS/processed/preprocessed_images/patient_473/Lateral.png,D:/LUMOS/processed/segmentation/pseudo_labels/patient_473_Lateral_mask.png,True,0.797,0.761,0.798,0.797,0.815,0.808,0.827,2,validation,D:/LUMOS/processed/vertebral_rois/patient_473/Lateral/L1.png,True,D:/LUMOS/processed/vertebral_rois/patient_473/Lateral/L2.png,True,D:/LUMOS/processed/vertebral_rois/patient_473/Lateral/L3.png,True,D:/LUMOS/processed/vertebral_rois/patient_473/Lateral/L4.png,True
474,AP,D:/LUMOS/processed/preprocessed_images/patient_474/AP.png,D:/LUMOS/processed/segmentation/pseudo_labels/patient_474_AP_mask.png,True,1.093,1.072,1.095,1.093,1.12,1.109,1.112,0,validation,D:/LUMOS/processed/vertebral_rois/patient_474/AP/L1.png,True,D:/LUMOS/processed/vertebral_rois/patient_474/AP/L2.png,True,D:/LUMOS/processed/vertebral_rois/patient_474/AP/L3.png,True,D:/LUMOS/processed/vertebral_rois/patient_474/AP/L4.png,True
474,Lateral,D:/LUMOS/processed/preprocessed_images/patient_474/Lateral.png,D:/LUMOS/processed/segmentation/pseudo_labels/patient_474_Lateral_mask.png,True,1.093,1.072,1.095,1.093,1.12,1.109,1.112,0,validation,D:/LUMOS/processed/vertebral_rois/patient_474/Lateral/L1.png,True,D:/LUMOS/processed/vertebral_rois/patient_474/Lateral/L2.png,True,D:/LUMOS/processed/vertebral_rois/patient_474/Lateral/L3.png,True,D:/LUMOS/processed/vertebral_rois/patient_474/Lateral/L4.png,True
475,AP,D:/LUMOS/processed/preprocessed_images/patient_475/AP.png,D:/LUMOS/processed/segmentation/pseudo_labels/patient_475_AP_mask.png,True,0.928,0.947,0.943,0.928,0.978,0.945,0.916,1,validation,D:/LUMOS/processed/vertebral_rois/patient_475/AP/L1.png,True,D:/LUMOS/processed/vertebral_rois/patient_475/AP/L2.png,True,D:/LUMOS/processed/vertebral_rois/patient_475/AP/L3.png,True,D:/LUMOS/processed/vertebral_rois/patient_475/AP/L4.png,True
475,Lateral,D:/LUMOS/processed/preprocessed_images/patient_475/Lateral.png,D:/LUMOS/processed/segmentation/pseudo_labels/patient_475_Lateral_mask.png,True,0.928,0.947,0.943,0.928,0.978,0.945,0.916,1,validation,D:/LUMOS/processed/vertebral_rois/patient_475/Lateral/L1.png,True,D:/LUMOS/processed/vertebral_rois/patient_475/Lateral/L2.png,True,D:/LUMOS/processed/vertebral_rois/patient_475/Lateral/L3.png,True,D:/LUMOS/processed/vertebral_rois/patient_475/Lateral/L4.png,True
476,AP,D:/LUMOS/processed/preprocessed_images/patient_476/AP.png,D:/LUMOS/processed/segmentation/pseudo_labels/patient_476_AP_mask.png,True,0.879,0.753,0.828,0.879,0.873,0.919,0.976,1,train,D:/LUMOS/processed/vertebral_rois/patient_476/AP/L1.png,True,D:/LUMOS/processed/vertebral_rois/patient_476/AP/L2.png,True,D:/LUMOS/processed/vertebral_rois/patient_476/AP/L3.png,True,D:/LUMOS/processed/vertebral_rois/patient_476/AP/L4.png,True
476,Lateral,D:/LUMOS/processed/preprocessed_images/patient_476/Lateral.png,D:/LUMOS/processed/segmentation/pseudo_labels/patient_476_Lateral_mask.png,True,0.879,0.753,0.828,0.879,0.873,0.919,0.976,1,train,D:/LUMOS/processed/vertebral_rois/patient_476/Lateral/L1.png,True,D:/LUMOS/processed/vertebral_rois/patient_476/Lateral/L2.png,True,D:/LUMOS/processed/vertebral_rois/patient_476/Lateral/L3.png,True,D:/LUMOS/processed/vertebral_rois/patient_476/Lateral/L4.png,True
477,AP,D:/LUMOS/processed/preprocessed_images/patient_477/AP.png,D:/LUMOS/processed/segmentation/pseudo_labels/patient_477_AP_mask.png,True,0.701,0.617,0.659,0.701,0.67,0.72,0.771,2,train,D:/LUMOS/processed/vertebral_rois/patient_477/AP/L1.png,True,D:/LUMOS/processed/vertebral_rois/patient_477/AP/L2.png,True,D:/LUMOS/processed/vertebral_rois/patient_477/AP/L3.png,True,D:/LUMOS/processed/vertebral_rois/patient_477/AP/L4.png,True
477,Lateral,D:/LUMOS/processed/preprocessed_images/patient_477/Lateral.png,D:/LUMOS/processed/segmentation/pseudo_labels/patient_477_Lateral_mask.png,True,0.701,0.617,0.659,0.701,0.67,0.72,0.771,2,train,D:/LUMOS/processed/vertebral_rois/patient_477/Lateral/L1.png,True,D:/LUMOS/processed/vertebral_rois/patient_477/Lateral/L2.png,True,D:/LUMOS/processed/vertebral_rois/patient_477/Lateral/L3.png,True,D:/LUMOS/processed/vertebral_rois/patient_477/Lateral/L4.png,True
478,AP,D:/LUMOS/processed/preprocessed_images/patient_478/AP.png,D:/LUMOS/processed/segmentation/pseudo_labels/patient_478_AP_mask.png,True,1.491,1.39,1.465,1.491,1.515,1.531,1.572,0,train,D:/LUMOS/processed/vertebral_rois/patient_478/AP/L1.png,True,D:/LUMOS/processed/vertebral_rois/patient_478/AP/L2.png,True,D:/LUMOS/processed/vertebral_rois/patient_478/AP/L3.png,True,D:/LUMOS/processed/vertebral_rois/patient_478/AP/L4.png,True
478,Lateral,D:/LUMOS/processed/preprocessed_images/patient_478/Lateral.png,D:/LUMOS/processed/segmentation/pseudo_labels/patient_478_Lateral_mask.png,True,1.491,1.39,1.465,1.491,1.515,1.531,1.572,0,train,D:/LUMOS/processed/vertebral_rois/patient_478/Lateral/L1.png,True,D:/LUMOS/processed/vertebral_rois/patient_478/Lateral/L2.png,True,D:/LUMOS/processed/vertebral_rois/patient_478/Lateral/L3.png,True,D:/LUMOS/processed/vertebral_rois/patient_478/Lateral/L4.png,True
479,AP,D:/LUMOS/processed/preprocessed_images/patient_479/AP.png,D:/LUMOS/processed/segmentation/pseudo_labels/patient_479_AP_mask.png,True,0.88,0.813,0.847,0.88,0.904,0.925,0.939,1,test,D:/LUMOS/processed/vertebral_rois/patient_479/AP/L1.png,True,D:/LUMOS/processed/vertebral_rois/patient_479/AP/L2.png,True,D:/LUMOS/processed/vertebral_rois/patient_479/AP/L3.png,True,D:/LUMOS/processed/vertebral_rois/patient_479/AP/L4.png,True
479,Lateral,D:/LUMOS/processed/preprocessed_images/patient_479/Lateral.png,D:/LUMOS/processed/segmentation/pseudo_labels/patient_479_Lateral_mask.png,True,0.88,0.813,0.847,0.88,0.904,0.925,0.939,1,test,D:/LUMOS/processed/vertebral_rois/patient_479/Lateral/L1.png,True,D:/LUMOS/processed/vertebral_rois/patient_479/Lateral/L2.png,True,D:/LUMOS/processed/vertebral_rois/patient_479/Lateral/L3.png,True,D:/LUMOS/processed/vertebral_rois/patient_479/Lateral/L4.png,False
480,AP,D:/LUMOS/processed/preprocessed_images/patient_480/AP.png,D:/LUMOS/processed/segmentation/pseudo_labels/patient_480_AP_mask.png,True,0.845,0.781,0.839,0.845,0.868,0.864,0.894,1,validation,D:/LUMOS/processed/vertebral_rois/patient_480/AP/L1.png,True,D:/LUMOS/processed/vertebral_rois/patient_480/AP/L2.png,True,D:/LUMOS/processed/vertebral_rois/patient_480/AP/L3.png,True,D:/LUMOS/processed/vertebral_rois/patient_480/AP/L4.png,True
480,Lateral,D:/LUMOS/processed/preprocessed_images/patient_480/Lateral.png,D:/LUMOS/processed/segmentation/pseudo_labels/patient_480_Lateral_mask.png,True,0.845,0.781,0.839,0.845,0.868,0.864,0.894,1,validation,D:/LUMOS/processed/vertebral_rois/patient_480/Lateral/L1.png,True,D:/LUMOS/processed/vertebral_rois/patient_480/Lateral/L2.png,True,D:/LUMOS/processed/vertebral_rois/patient_480/Lateral/L3.png,True,D:/LUMOS/processed/vertebral_rois/patient_480/Lateral/L4.png,True
481,AP,D:/LUMOS/processed/preprocessed_images/patient_481/AP.png,D:/LUMOS/processed/segmentation/pseudo_labels/patient_481_AP_mask.png,True,1.087,1.024,1.067,1.087,1.13,1.134,1.144,0,train,D:/LUMOS/processed/vertebral_rois/patient_481/AP/L1.png,True,D:/LUMOS/processed/vertebral_rois/patient_481/AP/L2.png,True,D:/LUMOS/processed/vertebral_rois/patient_481/AP/L3.png,True,D:/LUMOS/processed/vertebral_rois/patient_481/AP/L4.png,True
481,Lateral,D:/LUMOS/processed/preprocessed_images/patient_481/Lateral.png,D:/LUMOS/processed/segmentation/pseudo_labels/patient_481_Lateral_mask.png,True,1.087,1.024,1.067,1.087,1.13,1.134,1.144,0,train,D:/LUMOS/processed/vertebral_rois/patient_481/Lateral/L1.png,True,D:/LUMOS/processed/vertebral_rois/patient_481/Lateral/L2.png,True,D:/LUMOS/processed/vertebral_rois/patient_481/Lateral/L3.png,True,D:/LUMOS/processed/vertebral_rois/patient_481/Lateral/L4.png,True
482,AP,D:/LUMOS/processed/preprocessed_images/patient_482/AP.png,D:/LUMOS/processed/segmentation/pseudo_labels/patient_482_AP_mask.png,True,0.916,0.805,0.845,0.916,0.839,0.931,1.006,1,train,D:/LUMOS/processed/vertebral_rois/patient_482/AP/L1.png,True,D:/LUMOS/processed/vertebral_rois/patient_482/AP/L2.png,True,D:/LUMOS/processed/vertebral_rois/patient_482/AP/L3.png,True,D:/LUMOS/processed/vertebral_rois/patient_482/AP/L4.png,True
482,Lateral,D:/LUMOS/processed/preprocessed_images/patient_482/Lateral.png,D:/LUMOS/processed/segmentation/pseudo_labels/patient_482_Lateral_mask.png,True,0.916,0.805,0.845,0.916,0.839,0.931,1.006,1,train,D:/LUMOS/processed/vertebral_rois/patient_482/Lateral/L1.png,True,D:/LUMOS/processed/vertebral_rois/patient_482/Lateral/L2.png,True,D:/LUMOS/processed/vertebral_rois/patient_482/Lateral/L3.png,True,D:/LUMOS/processed/vertebral_rois/patient_482/Lateral/L4.png,True
483,AP,D:/LUMOS/processed/preprocessed_images/patient_483/AP.png,D:/LUMOS/processed/segmentation/pseudo_labels/patient_483_AP_mask.png,True,1.038,0.901,0.972,1.038,1.021,1.088,1.148,0,train,D:/LUMOS/processed/vertebral_rois/patient_483/AP/L1.png,True,D:/LUMOS/processed/vertebral_rois/patient_483/AP/L2.png,True,D:/LUMOS/processed/vertebral_rois/patient_483/AP/L3.png,False,D:/LUMOS/processed/vertebral_rois/patient_483/AP/L4.png,True
483,Lateral,D:/LUMOS/processed/preprocessed_images/patient_483/Lateral.png,D:/LUMOS/processed/segmentation/pseudo_labels/patient_483_Lateral_mask.png,True,1.038,0.901,0.972,1.038,1.021,1.088,1.148,0,train,D:/LUMOS/processed/vertebral_rois/patient_483/Lateral/L1.png,True,D:/LUMOS/processed/vertebral_rois/patient_483/Lateral/L2.png,True,D:/LUMOS/processed/vertebral_rois/patient_483/Lateral/L3.png,True,D:/LUMOS/processed/vertebral_rois/patient_483/Lateral/L4.png,True
484,AP,D:/LUMOS/processed/preprocessed_images/patient_484/AP.png,D:/LUMOS/processed/segmentation/pseudo_labels/patient_484_AP_mask.png,True,0.587,0.552,0.572,0.587,0.625,0.626,0.618,2,train,D:/LUMOS/processed/vertebral_rois/patient_484/AP/L1.png,True,D:/LUMOS/processed/vertebral_rois/patient_484/AP/L2.png,True,D:/LUMOS/processed/vertebral_rois/patient_484/AP/L3.png,True,D:/LUMOS/processed/vertebral_rois/patient_484/AP/L4.png,True
484,Lateral,D:/LUMOS/processed/preprocessed_images/patient_484/Lateral.png,D:/LUMOS/processed/segmentation/pseudo_labels/patient_484_Lateral_mask.png,True,0.587,0.552,0.572,0.587,0.625,0.626,0.618,2,train,D:/LUMOS/processed/vertebral_rois/patient_484/Lateral/L1.png,True,D:/LUMOS/processed/vertebral_rois/patient_484/Lateral/L2.png,True,D:/LUMOS/processed/vertebral_rois/patient_484/Lateral/L3.png,True,D:/LUMOS/processed/vertebral_rois/patient_484/Lateral/L4.png,True
485,AP,D:/LUMOS/processed/preprocessed_images/patient_485/AP.png,D:/LUMOS/processed/segmentation/pseudo_labels/patient_485_AP_mask.png,True,0.669,0.586,0.629,0.669,0.631,0.68,0.735,2,test,D:/LUMOS/processed/vertebral_rois/patient_485/AP/L1.png,True,D:/LUMOS/processed/vertebral_rois/patient_485/AP/L2.png,True,D:/LUMOS/processed/vertebral_rois/patient_485/AP/L3.png,True,D:/LUMOS/processed/vertebral_rois/patient_485/AP/L4.png,True
485,Lateral,D:/LUMOS/processed/preprocessed_images/patient_485/Lateral.png,D:/LUMOS/processed/segmentation/pseudo_labels/patient_485_Lateral_mask.png,True,0.669,0.586,0.629,0.669,0.631,0.68,0.735,2,test,D:/LUMOS/processed/vertebral_rois/patient_485/Lateral/L1.png,True,D:/LUMOS/processed/vertebral_rois/patient_485/Lateral/L2.png,True,D:/LUMOS/processed/vertebral_rois/patient_485/Lateral/L3.png,True,D:/LUMOS/processed/vertebral_rois/patient_485/Lateral/L4.png,True
486,AP,D:/LUMOS/processed/preprocessed_images/patient_486/AP.png,D:/LUMOS/processed/segmentation/pseudo_labels/patient_486_AP_mask.png,True,0.868,0.854,0.87,0.868,0.881,0.875,0.88,1,train,D:/LUMOS/processed/vertebral_rois/patient_486/AP/L1.png,True,D:/LUMOS/processed/vertebral_rois/patient_486/AP/L2.png,True,D:/LUMOS/processed/vertebral_rois/patient_486/AP/L3.png,True,D:/LUMOS/processed/vertebral_rois/patient_486/AP/L4.png,True
486,Lateral,D:/LUMOS/processed/preprocessed_images/patient_486/Lateral.png,D:/LUMOS/processed/segmentation/pseudo_labels/patient_486_Lateral_mask.png,True,0.868,0.854,0.87,0.868,0.881,0.875,0.88,1,train,D:/LUMOS/processed/vertebral_rois/patient_486/Lateral/L1.png,True,D:/LUMOS/processed/vertebral_rois/patient_486/Lateral/L2.png,True,D:/LUMOS/processed/vertebral_rois/patient_486/Lateral/L3.png,True,D:/LUMOS/processed/vertebral_rois/patient_486/Lateral/L4.png,True
487,AP,D:/LUMOS/processed/preprocessed_images/patient_487/AP.png,D:/LUMOS/processed/segmentation/pseudo_labels/patient_487_AP_mask.png,True,1.16770990718757,1.13,1.136,1.167,1.119,1.164,1.195,0,train,D:/LUMOS/processed/vertebral_rois/patient_487/AP/L1.png,True,D:/LUMOS/processed/vertebral_rois/patient_487/AP/L2.png,True,D:/LUMOS/processed/vertebral_rois/patient_487/AP/L3.png,True,D:/LUMOS/processed/vertebral_rois/patient_487/AP/L4.png,True
487,Lateral,D:/LUMOS/processed/preprocessed_images/patient_487/Lateral.png,D:/LUMOS/processed/segmentation/pseudo_labels/patient_487_Lateral_mask.png,True,1.16770990718757,1.13,1.136,1.167,1.119,1.164,1.195,0,train,D:/LUMOS/processed/vertebral_rois/patient_487/Lateral/L1.png,True,D:/LUMOS/processed/vertebral_rois/patient_487/Lateral/L2.png,False,D:/LUMOS/processed/vertebral_rois/patient_487/Lateral/L3.png,True,D:/LUMOS/processed/vertebral_rois/patient_487/Lateral/L4.png,True
488,AP,D:/LUMOS/processed/preprocessed_images/patient_488/AP.png,D:/LUMOS/processed/segmentation/pseudo_labels/patient_488_AP_mask.png,True,0.881,0.746,0.818,0.881,0.858,0.925,1.003,1,train,D:/LUMOS/processed/vertebral_rois/patient_488/AP/L1.png,True,D:/LUMOS/processed/vertebral_rois/patient_488/AP/L2.png,True,D:/LUMOS/processed/vertebral_rois/patient_488/AP/L3.png,True,D:/LUMOS/processed/vertebral_rois/patient_488/AP/L4.png,True
488,Lateral,D:/LUMOS/processed/preprocessed_images/patient_488/Lateral.png,D:/LUMOS/processed/segmentation/pseudo_labels/patient_488_Lateral_mask.png,True,0.881,0.746,0.818,0.881,0.858,0.925,1.003,1,train,D:/LUMOS/processed/vertebral_rois/patient_488/Lateral/L1.png,True,D:/LUMOS/processed/vertebral_rois/patient_488/Lateral/L2.png,True,D:/LUMOS/processed/vertebral_rois/patient_488/Lateral/L3.png,True,D:/LUMOS/processed/vertebral_rois/patient_488/Lateral/L4.png,True
489,AP,D:/LUMOS/processed/preprocessed_images/patient_489/AP.png,D:/LUMOS/processed/segmentation/pseudo_labels/patient_489_AP_mask.png,True,0.819082672706682,0.723,0.765,0.819,0.793,0.853,0.906,1,train,D:/LUMOS/processed/vertebral_rois/patient_489/AP/L1.png,True,D:/LUMOS/processed/vertebral_rois/patient_489/AP/L2.png,True,D:/LUMOS/processed/vertebral_rois/patient_489/AP/L3.png,True,D:/LUMOS/processed/vertebral_rois/patient_489/AP/L4.png,True
489,Lateral,D:/LUMOS/processed/preprocessed_images/patient_489/Lateral.png,D:/LUMOS/processed/segmentation/pseudo_labels/patient_489_Lateral_mask.png,True,0.819082672706682,0.723,0.765,0.819,0.793,0.853,0.906,1,train,D:/LUMOS/processed/vertebral_rois/patient_489/Lateral/L1.png,True,D:/LUMOS/processed/vertebral_rois/patient_489/Lateral/L2.png,True,D:/LUMOS/processed/vertebral_rois/patient_489/Lateral/L3.png,True,D:/LUMOS/processed/vertebral_rois/patient_489/Lateral/L4.png,True
490,AP,D:/LUMOS/processed/preprocessed_images/patient_490/AP.png,D:/LUMOS/processed/segmentation/pseudo_labels/patient_490_AP_mask.png,True,0.961,0.911,0.941,0.961,1.001,1.004,1.004,1,train,D:/LUMOS/processed/vertebral_rois/patient_490/AP/L1.png,True,D:/LUMOS/processed/vertebral_rois/patient_490/AP/L2.png,True,D:/LUMOS/processed/vertebral_rois/patient_490/AP/L3.png,True,D:/LUMOS/processed/vertebral_rois/patient_490/AP/L4.png,True
490,Lateral,D:/LUMOS/processed/preprocessed_images/patient_490/Lateral.png,D:/LUMOS/processed/segmentation/pseudo_labels/patient_490_Lateral_mask.png,True,0.961,0.911,0.941,0.961,1.001,1.004,1.004,1,train,D:/LUMOS/processed/vertebral_rois/patient_490/Lateral/L1.png,True,D:/LUMOS/processed/vertebral_rois/patient_490/Lateral/L2.png,True,D:/LUMOS/processed/vertebral_rois/patient_490/Lateral/L3.png,True,D:/LUMOS/processed/vertebral_rois/patient_490/Lateral/L4.png,True
491,AP,D:/LUMOS/processed/preprocessed_images/patient_491/AP.png,D:/LUMOS/processed/segmentation/pseudo_labels/patient_491_AP_mask.png,True,1.22,1.111,1.174,1.22,1.231,1.268,1.313,0,train,D:/LUMOS/processed/vertebral_rois/patient_491/AP/L1.png,True,D:/LUMOS/processed/vertebral_rois/patient_491/AP/L2.png,True,D:/LUMOS/processed/vertebral_rois/patient_491/AP/L3.png,True,D:/LUMOS/processed/vertebral_rois/patient_491/AP/L4.png,True
491,Lateral,D:/LUMOS/processed/preprocessed_images/patient_491/Lateral.png,D:/LUMOS/processed/segmentation/pseudo_labels/patient_491_Lateral_mask.png,True,1.22,1.111,1.174,1.22,1.231,1.268,1.313,0,train,D:/LUMOS/processed/vertebral_rois/patient_491/Lateral/L1.png,True,D:/LUMOS/processed/vertebral_rois/patient_491/Lateral/L2.png,True,D:/LUMOS/processed/vertebral_rois/patient_491/Lateral/L3.png,True,D:/LUMOS/processed/vertebral_rois/patient_491/Lateral/L4.png,True
492,AP,D:/LUMOS/processed/preprocessed_images/patient_492/AP.png,D:/LUMOS/processed/segmentation/pseudo_labels/patient_492_AP_mask.png,True,0.681029952706253,0.634,0.659,0.681,0.687,0.706,0.72,2,validation,D:/LUMOS/processed/vertebral_rois/patient_492/AP/L1.png,True,D:/LUMOS/processed/vertebral_rois/patient_492/AP/L2.png,True,D:/LUMOS/processed/vertebral_rois/patient_492/AP/L3.png,True,D:/LUMOS/processed/vertebral_rois/patient_492/AP/L4.png,True
492,Lateral,D:/LUMOS/processed/preprocessed_images/patient_492/Lateral.png,D:/LUMOS/processed/segmentation/pseudo_labels/patient_492_Lateral_mask.png,True,0.681029952706253,0.634,0.659,0.681,0.687,0.706,0.72,2,validation,D:/LUMOS/processed/vertebral_rois/patient_492/Lateral/L1.png,True,D:/LUMOS/processed/vertebral_rois/patient_492/Lateral/L2.png,True,D:/LUMOS/processed/vertebral_rois/patient_492/Lateral/L3.png,True,D:/LUMOS/processed/vertebral_rois/patient_492/Lateral/L4.png,True
493,AP,D:/LUMOS/processed/preprocessed_images/patient_493/AP.png,D:/LUMOS/processed/segmentation/pseudo_labels/patient_493_AP_mask.png,True,0.977,0.922,0.948,0.977,0.959,0.991,1.019,1,train,D:/LUMOS/processed/vertebral_rois/patient_493/AP/L1.png,True,D:/LUMOS/processed/vertebral_rois/patient_493/AP/L2.png,True,D:/LUMOS/processed/vertebral_rois/patient_493/AP/L3.png,True,D:/LUMOS/processed/vertebral_rois/patient_493/AP/L4.png,True
493,Lateral,D:/LUMOS/processed/preprocessed_images/patient_493/Lateral.png,D:/LUMOS/processed/segmentation/pseudo_labels/patient_493_Lateral_mask.png,True,0.977,0.922,0.948,0.977,0.959,0.991,1.019,1,train,D:/LUMOS/processed/vertebral_rois/patient_493/Lateral/L1.png,True,D:/LUMOS/processed/vertebral_rois/patient_493/Lateral/L2.png,False,D:/LUMOS/processed/vertebral_rois/patient_493/Lateral/L3.png,True,D:/LUMOS/processed/vertebral_rois/patient_493/Lateral/L4.png,True
494,AP,D:/LUMOS/processed/preprocessed_images/patient_494/AP.png,D:/LUMOS/processed/segmentation/pseudo_labels/patient_494_AP_mask.png,True,0.737,0.666,0.703,0.737,0.703,0.746,0.8,2,train,D:/LUMOS/processed/vertebral_rois/patient_494/AP/L1.png,True,D:/LUMOS/processed/vertebral_rois/patient_494/AP/L2.png,True,D:/LUMOS/processed/vertebral_rois/patient_494/AP/L3.png,True,D:/LUMOS/processed/vertebral_rois/patient_494/AP/L4.png,True
494,Lateral,D:/LUMOS/processed/preprocessed_images/patient_494/Lateral.png,D:/LUMOS/processed/segmentation/pseudo_labels/patient_494_Lateral_mask.png,True,0.737,0.666,0.703,0.737,0.703,0.746,0.8,2,train,D:/LUMOS/processed/vertebral_rois/patient_494/Lateral/L1.png,True,D:/LUMOS/processed/vertebral_rois/patient_494/Lateral/L2.png,True,D:/LUMOS/processed/vertebral_rois/patient_494/Lateral/L3.png,True,D:/LUMOS/processed/vertebral_rois/patient_494/Lateral/L4.png,True
495,AP,D:/LUMOS/processed/preprocessed_images/patient_495/AP.png,D:/LUMOS/processed/segmentation/pseudo_labels/patient_495_AP_mask.png,True,0.705,0.695,0.718,0.705,0.739,0.715,0.714,2,train,D:/LUMOS/processed/vertebral_rois/patient_495/AP/L1.png,True,D:/LUMOS/processed/vertebral_rois/patient_495/AP/L2.png,True,D:/LUMOS/processed/vertebral_rois/patient_495/AP/L3.png,True,D:/LUMOS/processed/vertebral_rois/patient_495/AP/L4.png,True
495,Lateral,D:/LUMOS/processed/preprocessed_images/patient_495/Lateral.png,D:/LUMOS/processed/segmentation/pseudo_labels/patient_495_Lateral_mask.png,True,0.705,0.695,0.718,0.705,0.739,0.715,0.714,2,train,D:/LUMOS/processed/vertebral_rois/patient_495/Lateral/L1.png,True,D:/LUMOS/processed/vertebral_rois/patient_495/Lateral/L2.png,True,D:/LUMOS/processed/vertebral_rois/patient_495/Lateral/L3.png,True,D:/LUMOS/processed/vertebral_rois/patient_495/Lateral/L4.png,True
496,AP,D:/LUMOS/processed/preprocessed_images/patient_496/AP.png,D:/LUMOS/processed/segmentation/pseudo_labels/patient_496_AP_mask.png,True,1.233,1.119,1.19,1.233,1.265,1.292,1.33,0,train,D:/LUMOS/processed/vertebral_rois/patient_496/AP/L1.png,True,D:/LUMOS/processed/vertebral_rois/patient_496/AP/L2.png,True,D:/LUMOS/processed/vertebral_rois/patient_496/AP/L3.png,True,D:/LUMOS/processed/vertebral_rois/patient_496/AP/L4.png,True
496,Lateral,D:/LUMOS/processed/preprocessed_images/patient_496/Lateral.png,D:/LUMOS/processed/segmentation/pseudo_labels/patient_496_Lateral_mask.png,True,1.233,1.119,1.19,1.233,1.265,1.292,1.33,0,train,D:/LUMOS/processed/vertebral_rois/patient_496/Lateral/L1.png,True,D:/LUMOS/processed/vertebral_rois/patient_496/Lateral/L2.png,True,D:/LUMOS/processed/vertebral_rois/patient_496/Lateral/L3.png,True,D:/LUMOS/processed/vertebral_rois/patient_496/Lateral/L4.png,True
497,AP,D:/LUMOS/processed/preprocessed_images/patient_497/AP.png,D:/LUMOS/processed/segmentation/pseudo_labels/patient_497_AP_mask.png,True,0.933,0.922,0.95,0.933,0.947,0.926,0.943,1,train,D:/LUMOS/processed/vertebral_rois/patient_497/AP/L1.png,True,D:/LUMOS/processed/vertebral_rois/patient_497/AP/L2.png,True,D:/LUMOS/processed/vertebral_rois/patient_497/AP/L3.png,True,D:/LUMOS/processed/vertebral_rois/patient_497/AP/L4.png,True
497,Lateral,D:/LUMOS/processed/preprocessed_images/patient_497/Lateral.png,D:/LUMOS/processed/segmentation/pseudo_labels/patient_497_Lateral_mask.png,True,0.933,0.922,0.95,0.933,0.947,0.926,0.943,1,train,D:/LUMOS/processed/vertebral_rois/patient_497/Lateral/L1.png,True,D:/LUMOS/processed/vertebral_rois/patient_497/Lateral/L2.png,True,D:/LUMOS/processed/vertebral_rois/patient_497/Lateral/L3.png,True,D:/LUMOS/processed/vertebral_rois/patient_497/Lateral/L4.png,True
498,AP,D:/LUMOS/processed/preprocessed_images/patient_498/AP.png,D:/LUMOS/processed/segmentation/pseudo_labels/patient_498_AP_mask.png,True,1.96475607493971,1.652,1.763,1.925,1.858,2.035,2.191,0,test,D:/LUMOS/processed/vertebral_rois/patient_498/AP/L1.png,True,D:/LUMOS/processed/vertebral_rois/patient_498/AP/L2.png,True,D:/LUMOS/processed/vertebral_rois/patient_498/AP/L3.png,True,D:/LUMOS/processed/vertebral_rois/patient_498/AP/L4.png,True
498,Lateral,D:/LUMOS/processed/preprocessed_images/patient_498/Lateral.png,D:/LUMOS/processed/segmentation/pseudo_labels/patient_498_Lateral_mask.png,True,1.96475607493971,1.652,1.763,1.925,1.858,2.035,2.191,0,test,D:/LUMOS/processed/vertebral_rois/patient_498/Lateral/L1.png,True,D:/LUMOS/processed/vertebral_rois/patient_498/Lateral/L2.png,True,D:/LUMOS/processed/vertebral_rois/patient_498/Lateral/L3.png,True,D:/LUMOS/processed/vertebral_rois/patient_498/Lateral/L4.png,True
499,AP,D:/LUMOS/processed/preprocessed_images/patient_499/AP.png,D:/LUMOS/processed/segmentation/pseudo_labels/patient_499_AP_mask.png,True,0.671,0.614,0.66,0.671,0.69,0.694,0.718,2,train,D:/LUMOS/processed/vertebral_rois/patient_499/AP/L1.png,True,D:/LUMOS/processed/vertebral_rois/patient_499/AP/L2.png,True,D:/LUMOS/processed/vertebral_rois/patient_499/AP/L3.png,True,D:/LUMOS/processed/vertebral_rois/patient_499/AP/L4.png,True
499,Lateral,D:/LUMOS/processed/preprocessed_images/patient_499/Lateral.png,D:/LUMOS/processed/segmentation/pseudo_labels/patient_499_Lateral_mask.png,True,0.671,0.614,0.66,0.671,0.69,0.694,0.718,2,train,D:/LUMOS/processed/vertebral_rois/patient_499/Lateral/L1.png,True,D:/LUMOS/processed/vertebral_rois/patient_499/Lateral/L2.png,True,D:/LUMOS/processed/vertebral_rois/patient_499/Lateral/L3.png,True,D:/LUMOS/processed/vertebral_rois/patient_499/Lateral/L4.png,True
500,AP,D:/LUMOS/processed/preprocessed_images/patient_500/AP.png,D:/LUMOS/processed/segmentation/pseudo_labels/patient_500_AP_mask.png,True,0.617,0.65,0.628,0.617,0.609,0.602,0.59,2,test,D:/LUMOS/processed/vertebral_rois/patient_500/AP/L1.png,True,D:/LUMOS/processed/vertebral_rois/patient_500/AP/L2.png,True,D:/LUMOS/processed/vertebral_rois/patient_500/AP/L3.png,True,D:/LUMOS/processed/vertebral_rois/patient_500/AP/L4.png,True
500,Lateral,D:/LUMOS/processed/preprocessed_images/patient_500/Lateral.png,D:/LUMOS/processed/segmentation/pseudo_labels/patient_500_Lateral_mask.png,True,0.617,0.65,0.628,0.617,0.609,0.602,0.59,2,test,D:/LUMOS/processed/vertebral_rois/patient_500/Lateral/L1.png,True,D:/LUMOS/processed/vertebral_rois/patient_500/Lateral/L2.png,True,D:/LUMOS/processed/vertebral_rois/patient_500/Lateral/L3.png,True,D:/LUMOS/processed/vertebral_rois/patient_500/Lateral/L4.png,True
501,AP,D:/LUMOS/processed/preprocessed_images/patient_501/AP.png,D:/LUMOS/processed/segmentation/pseudo_labels/patient_501_AP_mask.png,True,0.859,0.788,0.832,0.859,0.855,0.881,0.916,1,validation,D:/LUMOS/processed/vertebral_rois/patient_501/AP/L1.png,True,D:/LUMOS/processed/vertebral_rois/patient_501/AP/L2.png,True,D:/LUMOS/processed/vertebral_rois/patient_501/AP/L3.png,True,D:/LUMOS/processed/vertebral_rois/patient_501/AP/L4.png,False
501,Lateral,D:/LUMOS/processed/preprocessed_images/patient_501/Lateral.png,D:/LUMOS/processed/segmentation/pseudo_labels/patient_501_Lateral_mask.png,True,0.859,0.788,0.832,0.859,0.855,0.881,0.916,1,validation,D:/LUMOS/processed/vertebral_rois/patient_501/Lateral/L1.png,True,D:/LUMOS/processed/vertebral_rois/patient_501/Lateral/L2.png,True,D:/LUMOS/processed/vertebral_rois/patient_501/Lateral/L3.png,True,D:/LUMOS/processed/vertebral_rois/patient_501/Lateral/L4.png,True
502,AP,D:/LUMOS/processed/preprocessed_images/patient_502/AP.png,D:/LUMOS/processed/segmentation/pseudo_labels/patient_502_AP_mask.png,True,0.9,0.915,0.879,0.9,0.809,0.86,0.888,1,test,D:/LUMOS/processed/vertebral_rois/patient_502/AP/L1.png,True,D:/LUMOS/processed/vertebral_rois/patient_502/AP/L2.png,True,D:/LUMOS/processed/vertebral_rois/patient_502/AP/L3.png,True,D:/LUMOS/processed/vertebral_rois/patient_502/AP/L4.png,True
502,Lateral,D:/LUMOS/processed/preprocessed_images/patient_502/Lateral.png,D:/LUMOS/processed/segmentation/pseudo_labels/patient_502_Lateral_mask.png,True,0.9,0.915,0.879,0.9,0.809,0.86,0.888,1,test,D:/LUMOS/processed/vertebral_rois/patient_502/Lateral/L1.png,True,D:/LUMOS/processed/vertebral_rois/patient_502/Lateral/L2.png,False,D:/LUMOS/processed/vertebral_rois/patient_502/Lateral/L3.png,True,D:/LUMOS/processed/vertebral_rois/patient_502/Lateral/L4.png,True
503,AP,D:/LUMOS/processed/preprocessed_images/patient_503/AP.png,D:/LUMOS/processed/segmentation/pseudo_labels/patient_503_AP_mask.png,True,0.741,0.699,0.699,0.741,0.725,0.77,0.778,2,test,D:/LUMOS/processed/vertebral_rois/patient_503/AP/L1.png,True,D:/LUMOS/processed/vertebral_rois/patient_503/AP/L2.png,True,D:/LUMOS/processed/vertebral_rois/patient_503/AP/L3.png,True,D:/LUMOS/processed/vertebral_rois/patient_503/AP/L4.png,True
503,Lateral,D:/LUMOS/processed/preprocessed_images/patient_503/Lateral.png,D:/LUMOS/processed/segmentation/pseudo_labels/patient_503_Lateral_mask.png,True,0.741,0.699,0.699,0.741,0.725,0.77,0.778,2,test,D:/LUMOS/processed/vertebral_rois/patient_503/Lateral/L1.png,True,D:/LUMOS/processed/vertebral_rois/patient_503/Lateral/L2.png,False,D:/LUMOS/processed/vertebral_rois/patient_503/Lateral/L3.png,True,D:/LUMOS/processed/vertebral_rois/patient_503/Lateral/L4.png,True
504,AP,D:/LUMOS/processed/preprocessed_images/patient_504/AP.png,D:/LUMOS/processed/segmentation/pseudo_labels/patient_504_AP_mask.png,True,0.905,0.85,0.873,0.905,0.889,0.925,0.952,1,train,D:/LUMOS/processed/vertebral_rois/patient_504/AP/L1.png,True,D:/LUMOS/processed/vertebral_rois/patient_504/AP/L2.png,True,D:/LUMOS/processed/vertebral_rois/patient_504/AP/L3.png,True,D:/LUMOS/processed/vertebral_rois/patient_504/AP/L4.png,True
504,Lateral,D:/LUMOS/processed/preprocessed_images/patient_504/Lateral.png,D:/LUMOS/processed/segmentation/pseudo_labels/patient_504_Lateral_mask.png,True,0.905,0.85,0.873,0.905,0.889,0.925,0.952,1,train,D:/LUMOS/processed/vertebral_rois/patient_504/Lateral/L1.png,True,D:/LUMOS/processed/vertebral_rois/patient_504/Lateral/L2.png,True,D:/LUMOS/processed/vertebral_rois/patient_504/Lateral/L3.png,True,D:/LUMOS/processed/vertebral_rois/patient_504/Lateral/L4.png,True
505,AP,D:/LUMOS/processed/preprocessed_images/patient_505/AP.png,D:/LUMOS/processed/segmentation/pseudo_labels/patient_505_AP_mask.png,True,0.994,0.924,0.962,0.994,0.968,1.005,1.047,0,validation,D:/LUMOS/processed/vertebral_rois/patient_505/AP/L1.png,True,D:/LUMOS/processed/vertebral_rois/patient_505/AP/L2.png,True,D:/LUMOS/processed/vertebral_rois/patient_505/AP/L3.png,True,D:/LUMOS/processed/vertebral_rois/patient_505/AP/L4.png,True
505,Lateral,D:/LUMOS/processed/preprocessed_images/patient_505/Lateral.png,D:/LUMOS/processed/segmentation/pseudo_labels/patient_505_Lateral_mask.png,True,0.994,0.924,0.962,0.994,0.968,1.005,1.047,0,validation,D:/LUMOS/processed/vertebral_rois/patient_505/Lateral/L1.png,True,D:/LUMOS/processed/vertebral_rois/patient_505/Lateral/L2.png,True,D:/LUMOS/processed/vertebral_rois/patient_505/Lateral/L3.png,True,D:/LUMOS/processed/vertebral_rois/patient_505/Lateral/L4.png,True
506,AP,D:/LUMOS/processed/preprocessed_images/patient_506/AP.png,D:/LUMOS/processed/segmentation/pseudo_labels/patient_506_AP_mask.png,True,0.845,0.748,0.791,0.845,0.82,0.88,0.931,1,test,D:/LUMOS/processed/vertebral_rois/patient_506/AP/L1.png,True,D:/LUMOS/processed/vertebral_rois/patient_506/AP/L2.png,True,D:/LUMOS/processed/vertebral_rois/patient_506/AP/L3.png,True,D:/LUMOS/processed/vertebral_rois/patient_506/AP/L4.png,True
506,Lateral,D:/LUMOS/processed/preprocessed_images/patient_506/Lateral.png,D:/LUMOS/processed/segmentation/pseudo_labels/patient_506_Lateral_mask.png,True,0.845,0.748,0.791,0.845,0.82,0.88,0.931,1,test,D:/LUMOS/processed/vertebral_rois/patient_506/Lateral/L1.png,True,D:/LUMOS/processed/vertebral_rois/patient_506/Lateral/L2.png,True,D:/LUMOS/processed/vertebral_rois/patient_506/Lateral/L3.png,True,D:/LUMOS/processed/vertebral_rois/patient_506/Lateral/L4.png,True
507,AP,D:/LUMOS/processed/preprocessed_images/patient_507/AP.png,D:/LUMOS/processed/segmentation/pseudo_labels/patient_507_AP_mask.png,True,1.178,1.143,1.198,1.178,1.242,1.2,1.207,0,train,D:/LUMOS/processed/vertebral_rois/patient_507/AP/L1.png,True,D:/LUMOS/processed/vertebral_rois/patient_507/AP/L2.png,True,D:/LUMOS/processed/vertebral_rois/patient_507/AP/L3.png,True,D:/LUMOS/processed/vertebral_rois/patient_507/AP/L4.png,True
507,Lateral,D:/LUMOS/processed/preprocessed_images/patient_507/Lateral.png,D:/LUMOS/processed/segmentation/pseudo_labels/patient_507_Lateral_mask.png,True,1.178,1.143,1.198,1.178,1.242,1.2,1.207,0,train,D:/LUMOS/processed/vertebral_rois/patient_507/Lateral/L1.png,True,D:/LUMOS/processed/vertebral_rois/patient_507/Lateral/L2.png,False,D:/LUMOS/processed/vertebral_rois/patient_507/Lateral/L3.png,True,D:/LUMOS/processed/vertebral_rois/patient_507/Lateral/L4.png,True
508,AP,D:/LUMOS/processed/preprocessed_images/patient_508/AP.png,D:/LUMOS/processed/segmentation/pseudo_labels/patient_508_AP_mask.png,True,0.984,0.937,0.978,0.984,0.994,0.996,1.021,1,validation,D:/LUMOS/processed/vertebral_rois/patient_508/AP/L1.png,True,D:/LUMOS/processed/vertebral_rois/patient_508/AP/L2.png,True,D:/LUMOS/processed/vertebral_rois/patient_508/AP/L3.png,True,D:/LUMOS/processed/vertebral_rois/patient_508/AP/L4.png,True
508,Lateral,D:/LUMOS/processed/preprocessed_images/patient_508/Lateral.png,D:/LUMOS/processed/segmentation/pseudo_labels/patient_508_Lateral_mask.png,True,0.984,0.937,0.978,0.984,0.994,0.996,1.021,1,validation,D:/LUMOS/processed/vertebral_rois/patient_508/Lateral/L1.png,True,D:/LUMOS/processed/vertebral_rois/patient_508/Lateral/L2.png,True,D:/LUMOS/processed/vertebral_rois/patient_508/Lateral/L3.png,True,D:/LUMOS/processed/vertebral_rois/patient_508/Lateral/L4.png,True
509,AP,D:/LUMOS/processed/preprocessed_images/patient_509/AP.png,D:/LUMOS/processed/segmentation/pseudo_labels/patient_509_AP_mask.png,True,1.01,0.981,1.02,1.01,1.053,1.026,1.031,0,validation,D:/LUMOS/processed/vertebral_rois/patient_509/AP/L1.png,True,D:/LUMOS/processed/vertebral_rois/patient_509/AP/L2.png,True,D:/LUMOS/processed/vertebral_rois/patient_509/AP/L3.png,True,D:/LUMOS/processed/vertebral_rois/patient_509/AP/L4.png,True
509,Lateral,D:/LUMOS/processed/preprocessed_images/patient_509/Lateral.png,D:/LUMOS/processed/segmentation/pseudo_labels/patient_509_Lateral_mask.png,True,1.01,0.981,1.02,1.01,1.053,1.026,1.031,0,validation,D:/LUMOS/processed/vertebral_rois/patient_509/Lateral/L1.png,True,D:/LUMOS/processed/vertebral_rois/patient_509/Lateral/L2.png,True,D:/LUMOS/processed/vertebral_rois/patient_509/Lateral/L3.png,True,D:/LUMOS/processed/vertebral_rois/patient_509/Lateral/L4.png,True
510,AP,D:/LUMOS/processed/preprocessed_images/patient_510/AP.png,D:/LUMOS/processed/segmentation/pseudo_labels/patient_510_AP_mask.png,True,0.994,0.867,0.941,0.994,0.979,1.035,1.112,0,train,D:/LUMOS/processed/vertebral_rois/patient_510/AP/L1.png,True,D:/LUMOS/processed/vertebral_rois/patient_510/AP/L2.png,True,D:/LUMOS/processed/vertebral_rois/patient_510/AP/L3.png,True,D:/LUMOS/processed/vertebral_rois/patient_510/AP/L4.png,True
510,Lateral,D:/LUMOS/processed/preprocessed_images/patient_510/Lateral.png,D:/LUMOS/processed/segmentation/pseudo_labels/patient_510_Lateral_mask.png,True,0.994,0.867,0.941,0.994,0.979,1.035,1.112,0,train,D:/LUMOS/processed/vertebral_rois/patient_510/Lateral/L1.png,True,D:/LUMOS/processed/vertebral_rois/patient_510/Lateral/L2.png,True,D:/LUMOS/processed/vertebral_rois/patient_510/Lateral/L3.png,True,D:/LUMOS/processed/vertebral_rois/patient_510/Lateral/L4.png,True
511,AP,D:/LUMOS/processed/preprocessed_images/patient_511/AP.png,D:/LUMOS/processed/segmentation/pseudo_labels/patient_511_AP_mask.png,True,0.499,0.469,0.526,0.548,0.555,0.572,0.61,2,validation,D:/LUMOS/processed/vertebral_rois/patient_511/AP/L1.png,True,D:/LUMOS/processed/vertebral_rois/patient_511/AP/L2.png,True,D:/LUMOS/processed/vertebral_rois/patient_511/AP/L3.png,True,D:/LUMOS/processed/vertebral_rois/patient_511/AP/L4.png,True
511,Lateral,D:/LUMOS/processed/preprocessed_images/patient_511/Lateral.png,D:/LUMOS/processed/segmentation/pseudo_labels/patient_511_Lateral_mask.png,True,0.499,0.469,0.526,0.548,0.555,0.572,0.61,2,validation,D:/LUMOS/processed/vertebral_rois/patient_511/Lateral/L1.png,True,D:/LUMOS/processed/vertebral_rois/patient_511/Lateral/L2.png,True,D:/LUMOS/processed/vertebral_rois/patient_511/Lateral/L3.png,True,D:/LUMOS/processed/vertebral_rois/patient_511/Lateral/L4.png,False
512,AP,D:/LUMOS/processed/preprocessed_images/patient_512/AP.png,D:/LUMOS/processed/segmentation/pseudo_labels/patient_512_AP_mask.png,True,0.9,0.844,0.904,0.9,0.945,0.924,0.947,1,test,D:/LUMOS/processed/vertebral_rois/patient_512/AP/L1.png,True,D:/LUMOS/processed/vertebral_rois/patient_512/AP/L2.png,True,D:/LUMOS/processed/vertebral_rois/patient_512/AP/L3.png,True,D:/LUMOS/processed/vertebral_rois/patient_512/AP/L4.png,True
512,Lateral,D:/LUMOS/processed/preprocessed_images/patient_512/Lateral.png,D:/LUMOS/processed/segmentation/pseudo_labels/patient_512_Lateral_mask.png,True,0.9,0.844,0.904,0.9,0.945,0.924,0.947,1,test,D:/LUMOS/processed/vertebral_rois/patient_512/Lateral/L1.png,True,D:/LUMOS/processed/vertebral_rois/patient_512/Lateral/L2.png,True,D:/LUMOS/processed/vertebral_rois/patient_512/Lateral/L3.png,True,D:/LUMOS/processed/vertebral_rois/patient_512/Lateral/L4.png,True
513,AP,D:/LUMOS/processed/preprocessed_images/patient_513/AP.png,D:/LUMOS/processed/segmentation/pseudo_labels/patient_513_AP_mask.png,True,1.046,0.92,0.966,1.046,1.013,1.098,1.155,0,train,D:/LUMOS/processed/vertebral_rois/patient_513/AP/L1.png,True,D:/LUMOS/processed/vertebral_rois/patient_513/AP/L2.png,True,D:/LUMOS/processed/vertebral_rois/patient_513/AP/L3.png,True,D:/LUMOS/processed/vertebral_rois/patient_513/AP/L4.png,True
513,Lateral,D:/LUMOS/processed/preprocessed_images/patient_513/Lateral.png,D:/LUMOS/processed/segmentation/pseudo_labels/patient_513_Lateral_mask.png,True,1.046,0.92,0.966,1.046,1.013,1.098,1.155,0,train,D:/LUMOS/processed/vertebral_rois/patient_513/Lateral/L1.png,True,D:/LUMOS/processed/vertebral_rois/patient_513/Lateral/L2.png,True,D:/LUMOS/processed/vertebral_rois/patient_513/Lateral/L3.png,True,D:/LUMOS/processed/vertebral_rois/patient_513/Lateral/L4.png,True
514,AP,D:/LUMOS/processed/preprocessed_images/patient_514/AP.png,D:/LUMOS/processed/segmentation/pseudo_labels/patient_514_AP_mask.png,True,0.778,0.754,0.785,0.778,0.807,0.791,0.797,2,train,D:/LUMOS/processed/vertebral_rois/patient_514/AP/L1.png,True,D:/LUMOS/processed/vertebral_rois/patient_514/AP/L2.png,True,D:/LUMOS/processed/vertebral_rois/patient_514/AP/L3.png,True,D:/LUMOS/processed/vertebral_rois/patient_514/AP/L4.png,False
514,Lateral,D:/LUMOS/processed/preprocessed_images/patient_514/Lateral.png,D:/LUMOS/processed/segmentation/pseudo_labels/patient_514_Lateral_mask.png,True,0.778,0.754,0.785,0.778,0.807,0.791,0.797,2,train,D:/LUMOS/processed/vertebral_rois/patient_514/Lateral/L1.png,True,D:/LUMOS/processed/vertebral_rois/patient_514/Lateral/L2.png,True,D:/LUMOS/processed/vertebral_rois/patient_514/Lateral/L3.png,True,D:/LUMOS/processed/vertebral_rois/patient_514/Lateral/L4.png,True
515,AP,D:/LUMOS/processed/preprocessed_images/patient_515/AP.png,D:/LUMOS/processed/segmentation/pseudo_labels/patient_515_AP_mask.png,True,1.002,0.912,0.954,1.002,0.978,1.032,1.086,0,train,D:/LUMOS/processed/vertebral_rois/patient_515/AP/L1.png,True,D:/LUMOS/processed/vertebral_rois/patient_515/AP/L2.png,True,D:/LUMOS/processed/vertebral_rois/patient_515/AP/L3.png,True,D:/LUMOS/processed/vertebral_rois/patient_515/AP/L4.png,True
515,Lateral,D:/LUMOS/processed/preprocessed_images/patient_515/Lateral.png,D:/LUMOS/processed/segmentation/pseudo_labels/patient_515_Lateral_mask.png,True,1.002,0.912,0.954,1.002,0.978,1.032,1.086,0,train,D:/LUMOS/processed/vertebral_rois/patient_515/Lateral/L1.png,True,D:/LUMOS/processed/vertebral_rois/patient_515/Lateral/L2.png,True,D:/LUMOS/processed/vertebral_rois/patient_515/Lateral/L3.png,True,D:/LUMOS/processed/vertebral_rois/patient_515/Lateral/L4.png,True
516,AP,D:/LUMOS/processed/preprocessed_images/patient_516/AP.png,D:/LUMOS/processed/segmentation/pseudo_labels/patient_516_AP_mask.png,True,0.764,0.737,0.766,0.764,0.795,0.781,0.79,2,train,D:/LUMOS/processed/vertebral_rois/patient_516/AP/L1.png,True,D:/LUMOS/processed/vertebral_rois/patient_516/AP/L2.png,True,D:/LUMOS/processed/vertebral_rois/patient_516/AP/L3.png,True,D:/LUMOS/processed/vertebral_rois/patient_516/AP/L4.png,True
516,Lateral,D:/LUMOS/processed/preprocessed_images/patient_516/Lateral.png,D:/LUMOS/processed/segmentation/pseudo_labels/patient_516_Lateral_mask.png,True,0.764,0.737,0.766,0.764,0.795,0.781,0.79,2,train,D:/LUMOS/processed/vertebral_rois/patient_516/Lateral/L1.png,True,D:/LUMOS/processed/vertebral_rois/patient_516/Lateral/L2.png,True,D:/LUMOS/processed/vertebral_rois/patient_516/Lateral/L3.png,True,D:/LUMOS/processed/vertebral_rois/patient_516/Lateral/L4.png,True
517,AP,D:/LUMOS/processed/preprocessed_images/patient_517/AP.png,D:/LUMOS/processed/segmentation/pseudo_labels/patient_517_AP_mask.png,True,1.062,1.056,1.035,1.062,0.957,1.025,1.066,0,validation,D:/LUMOS/processed/vertebral_rois/patient_517/AP/L1.png,True,D:/LUMOS/processed/vertebral_rois/patient_517/AP/L2.png,True,D:/LUMOS/processed/vertebral_rois/patient_517/AP/L3.png,True,D:/LUMOS/processed/vertebral_rois/patient_517/AP/L4.png,True
517,Lateral,D:/LUMOS/processed/preprocessed_images/patient_517/Lateral.png,D:/LUMOS/processed/segmentation/pseudo_labels/patient_517_Lateral_mask.png,True,1.062,1.056,1.035,1.062,0.957,1.025,1.066,0,validation,D:/LUMOS/processed/vertebral_rois/patient_517/Lateral/L1.png,True,D:/LUMOS/processed/vertebral_rois/patient_517/Lateral/L2.png,True,D:/LUMOS/processed/vertebral_rois/patient_517/Lateral/L3.png,True,D:/LUMOS/processed/vertebral_rois/patient_517/Lateral/L4.png,True
518,AP,D:/LUMOS/processed/preprocessed_images/patient_518/AP.png,D:/LUMOS/processed/segmentation/pseudo_labels/patient_518_AP_mask.png,True,0.783,0.719,0.763,0.783,0.78,0.8,0.838,2,validation,D:/LUMOS/processed/vertebral_rois/patient_518/AP/L1.png,True,D:/LUMOS/processed/vertebral_rois/patient_518/AP/L2.png,True,D:/LUMOS/processed/vertebral_rois/patient_518/AP/L3.png,True,D:/LUMOS/processed/vertebral_rois/patient_518/AP/L4.png,True
518,Lateral,D:/LUMOS/processed/preprocessed_images/patient_518/Lateral.png,D:/LUMOS/processed/segmentation/pseudo_labels/patient_518_Lateral_mask.png,True,0.783,0.719,0.763,0.783,0.78,0.8,0.838,2,validation,D:/LUMOS/processed/vertebral_rois/patient_518/Lateral/L1.png,True,D:/LUMOS/processed/vertebral_rois/patient_518/Lateral/L2.png,True,D:/LUMOS/processed/vertebral_rois/patient_518/Lateral/L3.png,True,D:/LUMOS/processed/vertebral_rois/patient_518/Lateral/L4.png,True
519,AP,D:/LUMOS/processed/preprocessed_images/patient_519/AP.png,D:/LUMOS/processed/segmentation/pseudo_labels/patient_519_AP_mask.png,True,0.959,0.865,0.925,0.959,0.959,0.99,1.032,1,validation,D:/LUMOS/processed/vertebral_rois/patient_519/AP/L1.png,True,D:/LUMOS/processed/vertebral_rois/patient_519/AP/L2.png,True,D:/LUMOS/processed/vertebral_rois/patient_519/AP/L3.png,True,D:/LUMOS/processed/vertebral_rois/patient_519/AP/L4.png,True
519,Lateral,D:/LUMOS/processed/preprocessed_images/patient_519/Lateral.png,D:/LUMOS/processed/segmentation/pseudo_labels/patient_519_Lateral_mask.png,True,0.959,0.865,0.925,0.959,0.959,0.99,1.032,1,validation,D:/LUMOS/processed/vertebral_rois/patient_519/Lateral/L1.png,True,D:/LUMOS/processed/vertebral_rois/patient_519/Lateral/L2.png,True,D:/LUMOS/processed/vertebral_rois/patient_519/Lateral/L3.png,True,D:/LUMOS/processed/vertebral_rois/patient_519/Lateral/L4.png,True
520,AP,D:/LUMOS/processed/preprocessed_images/patient_520/AP.png,D:/LUMOS/processed/segmentation/pseudo_labels/patient_520_AP_mask.png,True,0.969,0.892,0.914,0.969,0.946,1.002,1.024,1,validation,D:/LUMOS/processed/vertebral_rois/patient_520/AP/L1.png,True,D:/LUMOS/processed/vertebral_rois/patient_520/AP/L2.png,True,D:/LUMOS/processed/vertebral_rois/patient_520/AP/L3.png,True,D:/LUMOS/processed/vertebral_rois/patient_520/AP/L4.png,True
520,Lateral,D:/LUMOS/processed/preprocessed_images/patient_520/Lateral.png,D:/LUMOS/processed/segmentation/pseudo_labels/patient_520_Lateral_mask.png,True,0.969,0.892,0.914,0.969,0.946,1.002,1.024,1,validation,D:/LUMOS/processed/vertebral_rois/patient_520/Lateral/L1.png,True,D:/LUMOS/processed/vertebral_rois/patient_520/Lateral/L2.png,True,D:/LUMOS/processed/vertebral_rois/patient_520/Lateral/L3.png,True,D:/LUMOS/processed/vertebral_rois/patient_520/Lateral/L4.png,True
521,AP,D:/LUMOS/processed/preprocessed_images/patient_521/AP.png,D:/LUMOS/processed/segmentation/pseudo_labels/patient_521_AP_mask.png,True,0.965,0.877,0.911,0.965,0.957,1.009,1.029,1,train,D:/LUMOS/processed/vertebral_rois/patient_521/AP/L1.png,True,D:/LUMOS/processed/vertebral_rois/patient_521/AP/L2.png,True,D:/LUMOS/processed/vertebral_rois/patient_521/AP/L3.png,True,D:/LUMOS/processed/vertebral_rois/patient_521/AP/L4.png,True
521,Lateral,D:/LUMOS/processed/preprocessed_images/patient_521/Lateral.png,D:/LUMOS/processed/segmentation/pseudo_labels/patient_521_Lateral_mask.png,True,0.965,0.877,0.911,0.965,0.957,1.009,1.029,1,train,D:/LUMOS/processed/vertebral_rois/patient_521/Lateral/L1.png,True,D:/LUMOS/processed/vertebral_rois/patient_521/Lateral/L2.png,True,D:/LUMOS/processed/vertebral_rois/patient_521/Lateral/L3.png,True,D:/LUMOS/processed/vertebral_rois/patient_521/Lateral/L4.png,True
522,AP,D:/LUMOS/processed/preprocessed_images/patient_522/AP.png,D:/LUMOS/processed/segmentation/pseudo_labels/patient_522_AP_mask.png,True,1.154,1.097,1.116,1.154,1.152,1.19,1.206,0,train,D:/LUMOS/processed/vertebral_rois/patient_522/AP/L1.png,True,D:/LUMOS/processed/vertebral_rois/patient_522/AP/L2.png,True,D:/LUMOS/processed/vertebral_rois/patient_522/AP/L3.png,True,D:/LUMOS/processed/vertebral_rois/patient_522/AP/L4.png,True
522,Lateral,D:/LUMOS/processed/preprocessed_images/patient_522/Lateral.png,D:/LUMOS/processed/segmentation/pseudo_labels/patient_522_Lateral_mask.png,True,1.154,1.097,1.116,1.154,1.152,1.19,1.206,0,train,D:/LUMOS/processed/vertebral_rois/patient_522/Lateral/L1.png,True,D:/LUMOS/processed/vertebral_rois/patient_522/Lateral/L2.png,True,D:/LUMOS/processed/vertebral_rois/patient_522/Lateral/L3.png,True,D:/LUMOS/processed/vertebral_rois/patient_522/Lateral/L4.png,True
523,AP,D:/LUMOS/processed/preprocessed_images/patient_523/AP.png,D:/LUMOS/processed/segmentation/pseudo_labels/patient_523_AP_mask.png,True,1.371,1.326,1.347,1.371,1.363,1.389,1.415,0,train,D:/LUMOS/processed/vertebral_rois/patient_523/AP/L1.png,True,D:/LUMOS/processed/vertebral_rois/patient_523/AP/L2.png,False,D:/LUMOS/processed/vertebral_rois/patient_523/AP/L3.png,True,D:/LUMOS/processed/vertebral_rois/patient_523/AP/L4.png,True
523,Lateral,D:/LUMOS/processed/preprocessed_images/patient_523/Lateral.png,D:/LUMOS/processed/segmentation/pseudo_labels/patient_523_Lateral_mask.png,True,1.371,1.326,1.347,1.371,1.363,1.389,1.415,0,train,D:/LUMOS/processed/vertebral_rois/patient_523/Lateral/L1.png,True,D:/LUMOS/processed/vertebral_rois/patient_523/Lateral/L2.png,True,D:/LUMOS/processed/vertebral_rois/patient_523/Lateral/L3.png,True,D:/LUMOS/processed/vertebral_rois/patient_523/Lateral/L4.png,True
524,AP,D:/LUMOS/processed/preprocessed_images/patient_524/AP.png,D:/LUMOS/processed/segmentation/pseudo_labels/patient_524_AP_mask.png,True,0.844,0.814,0.827,0.844,0.846,0.863,0.875,1,train,D:/LUMOS/processed/vertebral_rois/patient_524/AP/L1.png,True,D:/LUMOS/processed/vertebral_rois/patient_524/AP/L2.png,True,D:/LUMOS/processed/vertebral_rois/patient_524/AP/L3.png,True,D:/LUMOS/processed/vertebral_rois/patient_524/AP/L4.png,True
524,Lateral,D:/LUMOS/processed/preprocessed_images/patient_524/Lateral.png,D:/LUMOS/processed/segmentation/pseudo_labels/patient_524_Lateral_mask.png,True,0.844,0.814,0.827,0.844,0.846,0.863,0.875,1,train,D:/LUMOS/processed/vertebral_rois/patient_524/Lateral/L1.png,True,D:/LUMOS/processed/vertebral_rois/patient_524/Lateral/L2.png,True,D:/LUMOS/processed/vertebral_rois/patient_524/Lateral/L3.png,True,D:/LUMOS/processed/vertebral_rois/patient_524/Lateral/L4.png,True
525,AP,D:/LUMOS/processed/preprocessed_images/patient_525/AP.png,D:/LUMOS/processed/segmentation/pseudo_labels/patient_525_AP_mask.png,True,0.982,0.944,0.977,0.982,1.015,1.009,1.017,1,train,D:/LUMOS/processed/vertebral_rois/patient_525/AP/L1.png,True,D:/LUMOS/processed/vertebral_rois/patient_525/AP/L2.png,True,D:/LUMOS/processed/vertebral_rois/patient_525/AP/L3.png,True,D:/LUMOS/processed/vertebral_rois/patient_525/AP/L4.png,True
525,Lateral,D:/LUMOS/processed/preprocessed_images/patient_525/Lateral.png,D:/LUMOS/processed/segmentation/pseudo_labels/patient_525_Lateral_mask.png,True,0.982,0.944,0.977,0.982,1.015,1.009,1.017,1,train,D:/LUMOS/processed/vertebral_rois/patient_525/Lateral/L1.png,True,D:/LUMOS/processed/vertebral_rois/patient_525/Lateral/L2.png,True,D:/LUMOS/processed/vertebral_rois/patient_525/Lateral/L3.png,True,D:/LUMOS/processed/vertebral_rois/patient_525/Lateral/L4.png,True
526,AP,D:/LUMOS/processed/preprocessed_images/patient_526/AP.png,D:/LUMOS/processed/segmentation/pseudo_labels/patient_526_AP_mask.png,True,0.82427258805513,0.732,0.804,0.824,0.853,0.861,0.9,1,train,D:/LUMOS/processed/vertebral_rois/patient_526/AP/L1.png,True,D:/LUMOS/processed/vertebral_rois/patient_526/AP/L2.png,True,D:/LUMOS/processed/vertebral_rois/patient_526/AP/L3.png,True,D:/LUMOS/processed/vertebral_rois/patient_526/AP/L4.png,True
526,Lateral,D:/LUMOS/processed/preprocessed_images/patient_526/Lateral.png,D:/LUMOS/processed/segmentation/pseudo_labels/patient_526_Lateral_mask.png,True,0.82427258805513,0.732,0.804,0.824,0.853,0.861,0.9,1,train,D:/LUMOS/processed/vertebral_rois/patient_526/Lateral/L1.png,True,D:/LUMOS/processed/vertebral_rois/patient_526/Lateral/L2.png,True,D:/LUMOS/processed/vertebral_rois/patient_526/Lateral/L3.png,True,D:/LUMOS/processed/vertebral_rois/patient_526/Lateral/L4.png,True
527,AP,D:/LUMOS/processed/preprocessed_images/patient_527/AP.png,D:/LUMOS/processed/segmentation/pseudo_labels/patient_527_AP_mask.png,True,1.15,1.033,1.111,1.15,1.192,1.213,1.249,0,train,D:/LUMOS/processed/vertebral_rois/patient_527/AP/L1.png,True,D:/LUMOS/processed/vertebral_rois/patient_527/AP/L2.png,False,D:/LUMOS/processed/vertebral_rois/patient_527/AP/L3.png,True,D:/LUMOS/processed/vertebral_rois/patient_527/AP/L4.png,True
527,Lateral,D:/LUMOS/processed/preprocessed_images/patient_527/Lateral.png,D:/LUMOS/processed/segmentation/pseudo_labels/patient_527_Lateral_mask.png,True,1.15,1.033,1.111,1.15,1.192,1.213,1.249,0,train,D:/LUMOS/processed/vertebral_rois/patient_527/Lateral/L1.png,True,D:/LUMOS/processed/vertebral_rois/patient_527/Lateral/L2.png,True,D:/LUMOS/processed/vertebral_rois/patient_527/Lateral/L3.png,True,D:/LUMOS/processed/vertebral_rois/patient_527/Lateral/L4.png,False
528,AP,D:/LUMOS/processed/preprocessed_images/patient_528/AP.png,D:/LUMOS/processed/segmentation/pseudo_labels/patient_528_AP_mask.png,True,1.068,0.954,1.024,1.068,1.093,1.122,1.161,0,train,D:/LUMOS/processed/vertebral_rois/patient_528/AP/L1.png,True,D:/LUMOS/processed/vertebral_rois/patient_528/AP/L2.png,True,D:/LUMOS/processed/vertebral_rois/patient_528/AP/L3.png,True,D:/LUMOS/processed/vertebral_rois/patient_528/AP/L4.png,True
528,Lateral,D:/LUMOS/processed/preprocessed_images/patient_528/Lateral.png,D:/LUMOS/processed/segmentation/pseudo_labels/patient_528_Lateral_mask.png,True,1.068,0.954,1.024,1.068,1.093,1.122,1.161,0,train,D:/LUMOS/processed/vertebral_rois/patient_528/Lateral/L1.png,True,D:/LUMOS/processed/vertebral_rois/patient_528/Lateral/L2.png,True,D:/LUMOS/processed/vertebral_rois/patient_528/Lateral/L3.png,True,D:/LUMOS/processed/vertebral_rois/patient_528/Lateral/L4.png,True
529,AP,D:/LUMOS/processed/preprocessed_images/patient_529/AP.png,D:/LUMOS/processed/segmentation/pseudo_labels/patient_529_AP_mask.png,True,0.874,0.941,0.923,0.874,0.891,0.841,0.813,1,test,D:/LUMOS/processed/vertebral_rois/patient_529/AP/L1.png,True,D:/LUMOS/processed/vertebral_rois/patient_529/AP/L2.png,True,D:/LUMOS/processed/vertebral_rois/patient_529/AP/L3.png,True,D:/LUMOS/processed/vertebral_rois/patient_529/AP/L4.png,True
529,Lateral,D:/LUMOS/processed/preprocessed_images/patient_529/Lateral.png,D:/LUMOS/processed/segmentation/pseudo_labels/patient_529_Lateral_mask.png,True,0.874,0.941,0.923,0.874,0.891,0.841,0.813,1,test,D:/LUMOS/processed/vertebral_rois/patient_529/Lateral/L1.png,True,D:/LUMOS/processed/vertebral_rois/patient_529/Lateral/L2.png,True,D:/LUMOS/processed/vertebral_rois/patient_529/Lateral/L3.png,True,D:/LUMOS/processed/vertebral_rois/patient_529/Lateral/L4.png,True
530,AP,D:/LUMOS/processed/preprocessed_images/patient_530/AP.png,D:/LUMOS/processed/segmentation/pseudo_labels/patient_530_AP_mask.png,True,1.113,0.961,1.046,1.113,1.107,1.167,1.221,0,train,D:/LUMOS/processed/vertebral_rois/patient_530/AP/L1.png,True,D:/LUMOS/processed/vertebral_rois/patient_530/AP/L2.png,True,D:/LUMOS/processed/vertebral_rois/patient_530/AP/L3.png,True,D:/LUMOS/processed/vertebral_rois/patient_530/AP/L4.png,True
530,Lateral,D:/LUMOS/processed/preprocessed_images/patient_530/Lateral.png,D:/LUMOS/processed/segmentation/pseudo_labels/patient_530_Lateral_mask.png,True,1.113,0.961,1.046,1.113,1.107,1.167,1.221,0,train,D:/LUMOS/processed/vertebral_rois/patient_530/Lateral/L1.png,True,D:/LUMOS/processed/vertebral_rois/patient_530/Lateral/L2.png,True,D:/LUMOS/processed/vertebral_rois/patient_530/Lateral/L3.png,True,D:/LUMOS/processed/vertebral_rois/patient_530/Lateral/L4.png,True
531,AP,D:/LUMOS/processed/preprocessed_images/patient_531/AP.png,D:/LUMOS/processed/segmentation/pseudo_labels/patient_531_AP_mask.png,True,0.912,0.859,0.886,0.912,0.921,0.94,0.954,1,train,D:/LUMOS/processed/vertebral_rois/patient_531/AP/L1.png,True,D:/LUMOS/processed/vertebral_rois/patient_531/AP/L2.png,True,D:/LUMOS/processed/vertebral_rois/patient_531/AP/L3.png,True,D:/LUMOS/processed/vertebral_rois/patient_531/AP/L4.png,True
531,Lateral,D:/LUMOS/processed/preprocessed_images/patient_531/Lateral.png,D:/LUMOS/processed/segmentation/pseudo_labels/patient_531_Lateral_mask.png,True,0.912,0.859,0.886,0.912,0.921,0.94,0.954,1,train,D:/LUMOS/processed/vertebral_rois/patient_531/Lateral/L1.png,True,D:/LUMOS/processed/vertebral_rois/patient_531/Lateral/L2.png,True,D:/LUMOS/processed/vertebral_rois/patient_531/Lateral/L3.png,True,D:/LUMOS/processed/vertebral_rois/patient_531/Lateral/L4.png,True
532,AP,D:/LUMOS/processed/preprocessed_images/patient_532/AP.png,D:/LUMOS/processed/segmentation/pseudo_labels/patient_532_AP_mask.png,True,0.844,0.746,0.809,0.844,0.847,0.879,0.927,1,train,D:/LUMOS/processed/vertebral_rois/patient_532/AP/L1.png,True,D:/LUMOS/processed/vertebral_rois/patient_532/AP/L2.png,True,D:/LUMOS/processed/vertebral_rois/patient_532/AP/L3.png,True,D:/LUMOS/processed/vertebral_rois/patient_532/AP/L4.png,True
532,Lateral,D:/LUMOS/processed/preprocessed_images/patient_532/Lateral.png,D:/LUMOS/processed/segmentation/pseudo_labels/patient_532_Lateral_mask.png,True,0.844,0.746,0.809,0.844,0.847,0.879,0.927,1,train,D:/LUMOS/processed/vertebral_rois/patient_532/Lateral/L1.png,True,D:/LUMOS/processed/vertebral_rois/patient_532/Lateral/L2.png,True,D:/LUMOS/processed/vertebral_rois/patient_532/Lateral/L3.png,True,D:/LUMOS/processed/vertebral_rois/patient_532/Lateral/L4.png,True
533,AP,D:/LUMOS/processed/preprocessed_images/patient_533/AP.png,D:/LUMOS/processed/segmentation/pseudo_labels/patient_533_AP_mask.png,True,0.778,0.738,0.743,0.778,0.732,0.78,0.813,2,validation,D:/LUMOS/processed/vertebral_rois/patient_533/AP/L1.png,True,D:/LUMOS/processed/vertebral_rois/patient_533/AP/L2.png,True,D:/LUMOS/processed/vertebral_rois/patient_533/AP/L3.png,True,D:/LUMOS/processed/vertebral_rois/patient_533/AP/L4.png,True
533,Lateral,D:/LUMOS/processed/preprocessed_images/patient_533/Lateral.png,D:/LUMOS/processed/segmentation/pseudo_labels/patient_533_Lateral_mask.png,True,0.778,0.738,0.743,0.778,0.732,0.78,0.813,2,validation,D:/LUMOS/processed/vertebral_rois/patient_533/Lateral/L1.png,True,D:/LUMOS/processed/vertebral_rois/patient_533/Lateral/L2.png,True,D:/LUMOS/processed/vertebral_rois/patient_533/Lateral/L3.png,True,D:/LUMOS/processed/vertebral_rois/patient_533/Lateral/L4.png,True
534,AP,D:/LUMOS/processed/preprocessed_images/patient_534/AP.png,D:/LUMOS/processed/segmentation/pseudo_labels/patient_534_AP_mask.png,True,0.932,0.908,0.928,0.932,0.945,0.944,0.95,1,train,D:/LUMOS/processed/vertebral_rois/patient_534/AP/L1.png,True,D:/LUMOS/processed/vertebral_rois/patient_534/AP/L2.png,True,D:/LUMOS/processed/vertebral_rois/patient_534/AP/L3.png,True,D:/LUMOS/processed/vertebral_rois/patient_534/AP/L4.png,True
534,Lateral,D:/LUMOS/processed/preprocessed_images/patient_534/Lateral.png,D:/LUMOS/processed/segmentation/pseudo_labels/patient_534_Lateral_mask.png,True,0.932,0.908,0.928,0.932,0.945,0.944,0.95,1,train,D:/LUMOS/processed/vertebral_rois/patient_534/Lateral/L1.png,True,D:/LUMOS/processed/vertebral_rois/patient_534/Lateral/L2.png,False,D:/LUMOS/processed/vertebral_rois/patient_534/Lateral/L3.png,True,D:/LUMOS/processed/vertebral_rois/patient_534/Lateral/L4.png,True
535,AP,D:/LUMOS/processed/preprocessed_images/patient_535/AP.png,D:/LUMOS/processed/segmentation/pseudo_labels/patient_535_AP_mask.png,True,1.48,1.304,1.435,1.48,1.593,1.593,1.626,0,train,D:/LUMOS/processed/vertebral_rois/patient_535/AP/L1.png,True,D:/LUMOS/processed/vertebral_rois/patient_535/AP/L2.png,True,D:/LUMOS/processed/vertebral_rois/patient_535/AP/L3.png,True,D:/LUMOS/processed/vertebral_rois/patient_535/AP/L4.png,True
535,Lateral,D:/LUMOS/processed/preprocessed_images/patient_535/Lateral.png,D:/LUMOS/processed/segmentation/pseudo_labels/patient_535_Lateral_mask.png,True,1.48,1.304,1.435,1.48,1.593,1.593,1.626,0,train,D:/LUMOS/processed/vertebral_rois/patient_535/Lateral/L1.png,True,D:/LUMOS/processed/vertebral_rois/patient_535/Lateral/L2.png,True,D:/LUMOS/processed/vertebral_rois/patient_535/Lateral/L3.png,True,D:/LUMOS/processed/vertebral_rois/patient_535/Lateral/L4.png,True
536,AP,D:/LUMOS/processed/preprocessed_images/patient_536/AP.png,D:/LUMOS/processed/segmentation/pseudo_labels/patient_536_AP_mask.png,True,0.637,0.607,0.61,0.637,0.619,0.65,0.661,2,train,D:/LUMOS/processed/vertebral_rois/patient_536/AP/L1.png,True,D:/LUMOS/processed/vertebral_rois/patient_536/AP/L2.png,True,D:/LUMOS/processed/vertebral_rois/patient_536/AP/L3.png,True,D:/LUMOS/processed/vertebral_rois/patient_536/AP/L4.png,True
536,Lateral,D:/LUMOS/processed/preprocessed_images/patient_536/Lateral.png,D:/LUMOS/processed/segmentation/pseudo_labels/patient_536_Lateral_mask.png,True,0.637,0.607,0.61,0.637,0.619,0.65,0.661,2,train,D:/LUMOS/processed/vertebral_rois/patient_536/Lateral/L1.png,True,D:/LUMOS/processed/vertebral_rois/patient_536/Lateral/L2.png,True,D:/LUMOS/processed/vertebral_rois/patient_536/Lateral/L3.png,True,D:/LUMOS/processed/vertebral_rois/patient_536/Lateral/L4.png,True
537,AP,D:/LUMOS/processed/preprocessed_images/patient_537/AP.png,D:/LUMOS/processed/segmentation/pseudo_labels/patient_537_AP_mask.png,True,1.022,0.931,0.979,1.022,1.031,1.068,1.09,0,train,D:/LUMOS/processed/vertebral_rois/patient_537/AP/L1.png,True,D:/LUMOS/processed/vertebral_rois/patient_537/AP/L2.png,True,D:/LUMOS/processed/vertebral_rois/patient_537/AP/L3.png,False,D:/LUMOS/processed/vertebral_rois/patient_537/AP/L4.png,True
537,Lateral,D:/LUMOS/processed/preprocessed_images/patient_537/Lateral.png,D:/LUMOS/processed/segmentation/pseudo_labels/patient_537_Lateral_mask.png,True,1.022,0.931,0.979,1.022,1.031,1.068,1.09,0,train,D:/LUMOS/processed/vertebral_rois/patient_537/Lateral/L1.png,True,D:/LUMOS/processed/vertebral_rois/patient_537/Lateral/L2.png,True,D:/LUMOS/processed/vertebral_rois/patient_537/Lateral/L3.png,True,D:/LUMOS/processed/vertebral_rois/patient_537/Lateral/L4.png,True
538,AP,D:/LUMOS/processed/preprocessed_images/patient_538/AP.png,D:/LUMOS/processed/segmentation/pseudo_labels/patient_538_AP_mask.png,True,0.972,0.905,0.948,0.972,0.977,0.996,1.021,1,train,D:/LUMOS/processed/vertebral_rois/patient_538/AP/L1.png,True,D:/LUMOS/processed/vertebral_rois/patient_538/AP/L2.png,True,D:/LUMOS/processed/vertebral_rois/patient_538/AP/L3.png,True,D:/LUMOS/processed/vertebral_rois/patient_538/AP/L4.png,True
538,Lateral,D:/LUMOS/processed/preprocessed_images/patient_538/Lateral.png,D:/LUMOS/processed/segmentation/pseudo_labels/patient_538_Lateral_mask.png,True,0.972,0.905,0.948,0.972,0.977,0.996,1.021,1,train,D:/LUMOS/processed/vertebral_rois/patient_538/Lateral/L1.png,True,D:/LUMOS/processed/vertebral_rois/patient_538/Lateral/L2.png,True,D:/LUMOS/processed/vertebral_rois/patient_538/Lateral/L3.png,True,D:/LUMOS/processed/vertebral_rois/patient_538/Lateral/L4.png,False
539,AP,D:/LUMOS/processed/preprocessed_images/patient_539/AP.png,D:/LUMOS/processed/segmentation/pseudo_labels/patient_539_AP_mask.png,True,0.784,0.767,0.769,0.784,0.783,0.796,0.796,2,train,D:/LUMOS/processed/vertebral_rois/patient_539/AP/L1.png,True,D:/LUMOS/processed/vertebral_rois/patient_539/AP/L2.png,True,D:/LUMOS/processed/vertebral_rois/patient_539/AP/L3.png,True,D:/LUMOS/processed/vertebral_rois/patient_539/AP/L4.png,True
539,Lateral,D:/LUMOS/processed/preprocessed_images/patient_539/Lateral.png,D:/LUMOS/processed/segmentation/pseudo_labels/patient_539_Lateral_mask.png,True,0.784,0.767,0.769,0.784,0.783,0.796,0.796,2,train,D:/LUMOS/processed/vertebral_rois/patient_539/Lateral/L1.png,True,D:/LUMOS/processed/vertebral_rois/patient_539/Lateral/L2.png,True,D:/LUMOS/processed/vertebral_rois/patient_539/Lateral/L3.png,True,D:/LUMOS/processed/vertebral_rois/patient_539/Lateral/L4.png,False
540,AP,D:/LUMOS/processed/preprocessed_images/patient_540/AP.png,D:/LUMOS/processed/segmentation/pseudo_labels/patient_540_AP_mask.png,True,0.889,0.843,0.866,0.889,0.883,0.908,0.934,1,train,D:/LUMOS/processed/vertebral_rois/patient_540/AP/L1.png,True,D:/LUMOS/processed/vertebral_rois/patient_540/AP/L2.png,True,D:/LUMOS/processed/vertebral_rois/patient_540/AP/L3.png,True,D:/LUMOS/processed/vertebral_rois/patient_540/AP/L4.png,True
540,Lateral,D:/LUMOS/processed/preprocessed_images/patient_540/Lateral.png,D:/LUMOS/processed/segmentation/pseudo_labels/patient_540_Lateral_mask.png,True,0.889,0.843,0.866,0.889,0.883,0.908,0.934,1,train,D:/LUMOS/processed/vertebral_rois/patient_540/Lateral/L1.png,True,D:/LUMOS/processed/vertebral_rois/patient_540/Lateral/L2.png,True,D:/LUMOS/processed/vertebral_rois/patient_540/Lateral/L3.png,True,D:/LUMOS/processed/vertebral_rois/patient_540/Lateral/L4.png,True
541,AP,D:/LUMOS/processed/preprocessed_images/patient_541/AP.png,D:/LUMOS/processed/segmentation/pseudo_labels/patient_541_AP_mask.png,True,1.376,1.313,1.323,1.376,1.376,1.426,1.433,0,train,D:/LUMOS/processed/vertebral_rois/patient_541/AP/L1.png,True,D:/LUMOS/processed/vertebral_rois/patient_541/AP/L2.png,True,D:/LUMOS/processed/vertebral_rois/patient_541/AP/L3.png,True,D:/LUMOS/processed/vertebral_rois/patient_541/AP/L4.png,True
541,Lateral,D:/LUMOS/processed/preprocessed_images/patient_541/Lateral.png,D:/LUMOS/processed/segmentation/pseudo_labels/patient_541_Lateral_mask.png,True,1.376,1.313,1.323,1.376,1.376,1.426,1.433,0,train,D:/LUMOS/processed/vertebral_rois/patient_541/Lateral/L1.png,True,D:/LUMOS/processed/vertebral_rois/patient_541/Lateral/L2.png,True,D:/LUMOS/processed/vertebral_rois/patient_541/Lateral/L3.png,True,D:/LUMOS/processed/vertebral_rois/patient_541/Lateral/L4.png,True
542,AP,D:/LUMOS/processed/preprocessed_images/patient_542/AP.png,D:/LUMOS/processed/segmentation/pseudo_labels/patient_542_AP_mask.png,True,0.831,0.77,0.791,0.831,0.813,0.855,0.878,1,train,D:/LUMOS/processed/vertebral_rois/patient_542/AP/L1.png,True,D:/LUMOS/processed/vertebral_rois/patient_542/AP/L2.png,True,D:/LUMOS/processed/vertebral_rois/patient_542/AP/L3.png,True,D:/LUMOS/processed/vertebral_rois/patient_542/AP/L4.png,True
542,Lateral,D:/LUMOS/processed/preprocessed_images/patient_542/Lateral.png,D:/LUMOS/processed/segmentation/pseudo_labels/patient_542_Lateral_mask.png,True,0.831,0.77,0.791,0.831,0.813,0.855,0.878,1,train,D:/LUMOS/processed/vertebral_rois/patient_542/Lateral/L1.png,True,D:/LUMOS/processed/vertebral_rois/patient_542/Lateral/L2.png,False,D:/LUMOS/processed/vertebral_rois/patient_542/Lateral/L3.png,True,D:/LUMOS/processed/vertebral_rois/patient_542/Lateral/L4.png,True
543,AP,D:/LUMOS/processed/preprocessed_images/patient_543/AP.png,D:/LUMOS/processed/segmentation/pseudo_labels/patient_543_AP_mask.png,True,1.011,0.989,0.982,1.011,0.961,1.005,1.03,0,test,D:/LUMOS/processed/vertebral_rois/patient_543/AP/L1.png,True,D:/LUMOS/processed/vertebral_rois/patient_543/AP/L2.png,True,D:/LUMOS/processed/vertebral_rois/patient_543/AP/L3.png,True,D:/LUMOS/processed/vertebral_rois/patient_543/AP/L4.png,True
543,Lateral,D:/LUMOS/processed/preprocessed_images/patient_543/Lateral.png,D:/LUMOS/processed/segmentation/pseudo_labels/patient_543_Lateral_mask.png,True,1.011,0.989,0.982,1.011,0.961,1.005,1.03,0,test,D:/LUMOS/processed/vertebral_rois/patient_543/Lateral/L1.png,True,D:/LUMOS/processed/vertebral_rois/patient_543/Lateral/L2.png,True,D:/LUMOS/processed/vertebral_rois/patient_543/Lateral/L3.png,True,D:/LUMOS/processed/vertebral_rois/patient_543/Lateral/L4.png,True
544,AP,D:/LUMOS/processed/preprocessed_images/patient_544/AP.png,D:/LUMOS/processed/segmentation/pseudo_labels/patient_544_AP_mask.png,True,1.218,1.193,1.186,1.218,1.206,1.239,1.239,0,test,D:/LUMOS/processed/vertebral_rois/patient_544/AP/L1.png,True,D:/LUMOS/processed/vertebral_rois/patient_544/AP/L2.png,True,D:/LUMOS/processed/vertebral_rois/patient_544/AP/L3.png,True,D:/LUMOS/processed/vertebral_rois/patient_544/AP/L4.png,True
544,Lateral,D:/LUMOS/processed/preprocessed_images/patient_544/Lateral.png,D:/LUMOS/processed/segmentation/pseudo_labels/patient_544_Lateral_mask.png,True,1.218,1.193,1.186,1.218,1.206,1.239,1.239,0,test,D:/LUMOS/processed/vertebral_rois/patient_544/Lateral/L1.png,True,D:/LUMOS/processed/vertebral_rois/patient_544/Lateral/L2.png,True,D:/LUMOS/processed/vertebral_rois/patient_544/Lateral/L3.png,True,D:/LUMOS/processed/vertebral_rois/patient_544/Lateral/L4.png,True
545,AP,D:/LUMOS/processed/preprocessed_images/patient_545/AP.png,D:/LUMOS/processed/segmentation/pseudo_labels/patient_545_AP_mask.png,True,0.805,0.743,0.793,0.806,0.845,0.841,0.855,2,train,D:/LUMOS/processed/vertebral_rois/patient_545/AP/L1.png,True,D:/LUMOS/processed/vertebral_rois/patient_545/AP/L2.png,True,D:/LUMOS/processed/vertebral_rois/patient_545/AP/L3.png,True,D:/LUMOS/processed/vertebral_rois/patient_545/AP/L4.png,True
545,Lateral,D:/LUMOS/processed/preprocessed_images/patient_545/Lateral.png,D:/LUMOS/processed/segmentation/pseudo_labels/patient_545_Lateral_mask.png,True,0.805,0.743,0.793,0.806,0.845,0.841,0.855,2,train,D:/LUMOS/processed/vertebral_rois/patient_545/Lateral/L1.png,True,D:/LUMOS/processed/vertebral_rois/patient_545/Lateral/L2.png,True,D:/LUMOS/processed/vertebral_rois/patient_545/Lateral/L3.png,True,D:/LUMOS/processed/vertebral_rois/patient_545/Lateral/L4.png,True
546,AP,D:/LUMOS/processed/preprocessed_images/patient_546/AP.png,D:/LUMOS/processed/segmentation/pseudo_labels/patient_546_AP_mask.png,True,0.901,0.811,0.861,0.901,0.912,0.945,0.976,1,validation,D:/LUMOS/processed/vertebral_rois/patient_546/AP/L1.png,True,D:/LUMOS/processed/vertebral_rois/patient_546/AP/L2.png,True,D:/LUMOS/processed/vertebral_rois/patient_546/AP/L3.png,True,D:/LUMOS/processed/vertebral_rois/patient_546/AP/L4.png,False
546,Lateral,D:/LUMOS/processed/preprocessed_images/patient_546/Lateral.png,D:/LUMOS/processed/segmentation/pseudo_labels/patient_546_Lateral_mask.png,True,0.901,0.811,0.861,0.901,0.912,0.945,0.976,1,validation,D:/LUMOS/processed/vertebral_rois/patient_546/Lateral/L1.png,True,D:/LUMOS/processed/vertebral_rois/patient_546/Lateral/L2.png,True,D:/LUMOS/processed/vertebral_rois/patient_546/Lateral/L3.png,True,D:/LUMOS/processed/vertebral_rois/patient_546/Lateral/L4.png,True
547,AP,D:/LUMOS/processed/preprocessed_images/patient_547/AP.png,D:/LUMOS/processed/segmentation/pseudo_labels/patient_547_AP_mask.png,True,0.833,0.843,0.843,0.833,0.855,0.839,0.824,1,train,D:/LUMOS/processed/vertebral_rois/patient_547/AP/L1.png,True,D:/LUMOS/processed/vertebral_rois/patient_547/AP/L2.png,True,D:/LUMOS/processed/vertebral_rois/patient_547/AP/L3.png,True,D:/LUMOS/processed/vertebral_rois/patient_547/AP/L4.png,True
547,Lateral,D:/LUMOS/processed/preprocessed_images/patient_547/Lateral.png,D:/LUMOS/processed/segmentation/pseudo_labels/patient_547_Lateral_mask.png,True,0.833,0.843,0.843,0.833,0.855,0.839,0.824,1,train,D:/LUMOS/processed/vertebral_rois/patient_547/Lateral/L1.png,True,D:/LUMOS/processed/vertebral_rois/patient_547/Lateral/L2.png,True,D:/LUMOS/processed/vertebral_rois/patient_547/Lateral/L3.png,True,D:/LUMOS/processed/vertebral_rois/patient_547/Lateral/L4.png,True
548,AP,D:/LUMOS/processed/preprocessed_images/patient_548/AP.png,D:/LUMOS/processed/segmentation/pseudo_labels/patient_548_AP_mask.png,True,1.142,1.147,1.154,1.142,1.128,1.122,1.137,0,train,D:/LUMOS/processed/vertebral_rois/patient_548/AP/L1.png,True,D:/LUMOS/processed/vertebral_rois/patient_548/AP/L2.png,True,D:/LUMOS/processed/vertebral_rois/patient_548/AP/L3.png,True,D:/LUMOS/processed/vertebral_rois/patient_548/AP/L4.png,True
548,Lateral,D:/LUMOS/processed/preprocessed_images/patient_548/Lateral.png,D:/LUMOS/processed/segmentation/pseudo_labels/patient_548_Lateral_mask.png,True,1.142,1.147,1.154,1.142,1.128,1.122,1.137,0,train,D:/LUMOS/processed/vertebral_rois/patient_548/Lateral/L1.png,True,D:/LUMOS/processed/vertebral_rois/patient_548/Lateral/L2.png,True,D:/LUMOS/processed/vertebral_rois/patient_548/Lateral/L3.png,True,D:/LUMOS/processed/vertebral_rois/patient_548/Lateral/L4.png,True
549,AP,D:/LUMOS/processed/preprocessed_images/patient_549/AP.png,D:/LUMOS/processed/segmentation/pseudo_labels/patient_549_AP_mask.png,True,0.779,0.761,0.791,0.779,0.815,0.789,0.794,2,validation,D:/LUMOS/processed/vertebral_rois/patient_549/AP/L1.png,True,D:/LUMOS/processed/vertebral_rois/patient_549/AP/L2.png,True,D:/LUMOS/processed/vertebral_rois/patient_549/AP/L3.png,True,D:/LUMOS/processed/vertebral_rois/patient_549/AP/L4.png,True
549,Lateral,D:/LUMOS/processed/preprocessed_images/patient_549/Lateral.png,D:/LUMOS/processed/segmentation/pseudo_labels/patient_549_Lateral_mask.png,True,0.779,0.761,0.791,0.779,0.815,0.789,0.794,2,validation,D:/LUMOS/processed/vertebral_rois/patient_549/Lateral/L1.png,True,D:/LUMOS/processed/vertebral_rois/patient_549/Lateral/L2.png,True,D:/LUMOS/processed/vertebral_rois/patient_549/Lateral/L3.png,True,D:/LUMOS/processed/vertebral_rois/patient_549/Lateral/L4.png,False
550,AP,D:/LUMOS/processed/preprocessed_images/patient_550/AP.png,D:/LUMOS/processed/segmentation/pseudo_labels/patient_550_AP_mask.png,True,0.735,0.7,0.72,0.735,0.737,0.749,0.762,2,test,D:/LUMOS/processed/vertebral_rois/patient_550/AP/L1.png,True,D:/LUMOS/processed/vertebral_rois/patient_550/AP/L2.png,True,D:/LUMOS/processed/vertebral_rois/patient_550/AP/L3.png,True,D:/LUMOS/processed/vertebral_rois/patient_550/AP/L4.png,True
550,Lateral,D:/LUMOS/processed/preprocessed_images/patient_550/Lateral.png,D:/LUMOS/processed/segmentation/pseudo_labels/patient_550_Lateral_mask.png,True,0.735,0.7,0.72,0.735,0.737,0.749,0.762,2,test,D:/LUMOS/processed/vertebral_rois/patient_550/Lateral/L1.png,True,D:/LUMOS/processed/vertebral_rois/patient_550/Lateral/L2.png,True,D:/LUMOS/processed/vertebral_rois/patient_550/Lateral/L3.png,True,D:/LUMOS/processed/vertebral_rois/patient_550/Lateral/L4.png,True
551,AP,D:/LUMOS/processed/preprocessed_images/patient_551/AP.png,D:/LUMOS/processed/segmentation/pseudo_labels/patient_551_AP_mask.png,True,0.964817320703654,0.928,0.974,0.965,0.999,0.978,0.995,1,train,D:/LUMOS/processed/vertebral_rois/patient_551/AP/L1.png,True,D:/LUMOS/processed/vertebral_rois/patient_551/AP/L2.png,True,D:/LUMOS/processed/vertebral_rois/patient_551/AP/L3.png,True,D:/LUMOS/processed/vertebral_rois/patient_551/AP/L4.png,True
551,Lateral,D:/LUMOS/processed/preprocessed_images/patient_551/Lateral.png,D:/LUMOS/processed/segmentation/pseudo_labels/patient_551_Lateral_mask.png,True,0.964817320703654,0.928,0.974,0.965,0.999,0.978,0.995,1,train,D:/LUMOS/processed/vertebral_rois/patient_551/Lateral/L1.png,True,D:/LUMOS/processed/vertebral_rois/patient_551/Lateral/L2.png,True,D:/LUMOS/processed/vertebral_rois/patient_551/Lateral/L3.png,True,D:/LUMOS/processed/vertebral_rois/patient_551/Lateral/L4.png,True
552,AP,D:/LUMOS/processed/preprocessed_images/patient_552/AP.png,D:/LUMOS/processed/segmentation/pseudo_labels/patient_552_AP_mask.png,True,1.123,1.071,1.112,1.123,1.139,1.142,1.163,0,validation,D:/LUMOS/processed/vertebral_rois/patient_552/AP/L1.png,True,D:/LUMOS/processed/vertebral_rois/patient_552/AP/L2.png,True,D:/LUMOS/processed/vertebral_rois/patient_552/AP/L3.png,True,D:/LUMOS/processed/vertebral_rois/patient_552/AP/L4.png,True
552,Lateral,D:/LUMOS/processed/preprocessed_images/patient_552/Lateral.png,D:/LUMOS/processed/segmentation/pseudo_labels/patient_552_Lateral_mask.png,True,1.123,1.071,1.112,1.123,1.139,1.142,1.163,0,validation,D:/LUMOS/processed/vertebral_rois/patient_552/Lateral/L1.png,True,D:/LUMOS/processed/vertebral_rois/patient_552/Lateral/L2.png,True,D:/LUMOS/processed/vertebral_rois/patient_552/Lateral/L3.png,True,D:/LUMOS/processed/vertebral_rois/patient_552/Lateral/L4.png,True
553,AP,D:/LUMOS/processed/preprocessed_images/patient_553/AP.png,D:/LUMOS/processed/segmentation/pseudo_labels/patient_553_AP_mask.png,True,0.881,0.854,0.84,0.881,0.8,0.869,0.904,1,validation,D:/LUMOS/processed/vertebral_rois/patient_553/AP/L1.png,True,D:/LUMOS/processed/vertebral_rois/patient_553/AP/L2.png,True,D:/LUMOS/processed/vertebral_rois/patient_553/AP/L3.png,True,D:/LUMOS/processed/vertebral_rois/patient_553/AP/L4.png,True
553,Lateral,D:/LUMOS/processed/preprocessed_images/patient_553/Lateral.png,D:/LUMOS/processed/segmentation/pseudo_labels/patient_553_Lateral_mask.png,True,0.881,0.854,0.84,0.881,0.8,0.869,0.904,1,validation,D:/LUMOS/processed/vertebral_rois/patient_553/Lateral/L1.png,True,D:/LUMOS/processed/vertebral_rois/patient_553/Lateral/L2.png,True,D:/LUMOS/processed/vertebral_rois/patient_553/Lateral/L3.png,True,D:/LUMOS/processed/vertebral_rois/patient_553/Lateral/L4.png,True
554,AP,D:/LUMOS/processed/preprocessed_images/patient_554/AP.png,D:/LUMOS/processed/segmentation/pseudo_labels/patient_554_AP_mask.png,True,0.74,0.704,0.723,0.741,0.717,0.741,0.773,2,train,D:/LUMOS/processed/vertebral_rois/patient_554/AP/L1.png,True,D:/LUMOS/processed/vertebral_rois/patient_554/AP/L2.png,True,D:/LUMOS/processed/vertebral_rois/patient_554/AP/L3.png,True,D:/LUMOS/processed/vertebral_rois/patient_554/AP/L4.png,True
554,Lateral,D:/LUMOS/processed/preprocessed_images/patient_554/Lateral.png,D:/LUMOS/processed/segmentation/pseudo_labels/patient_554_Lateral_mask.png,True,0.74,0.704,0.723,0.741,0.717,0.741,0.773,2,train,D:/LUMOS/processed/vertebral_rois/patient_554/Lateral/L1.png,True,D:/LUMOS/processed/vertebral_rois/patient_554/Lateral/L2.png,False,D:/LUMOS/processed/vertebral_rois/patient_554/Lateral/L3.png,True,D:/LUMOS/processed/vertebral_rois/patient_554/Lateral/L4.png,True
555,AP,D:/LUMOS/processed/preprocessed_images/patient_555/AP.png,D:/LUMOS/processed/segmentation/pseudo_labels/patient_555_AP_mask.png,True,0.897,0.847,0.872,0.897,0.906,0.925,0.938,1,test,D:/LUMOS/processed/vertebral_rois/patient_555/AP/L1.png,True,D:/LUMOS/processed/vertebral_rois/patient_555/AP/L2.png,True,D:/LUMOS/processed/vertebral_rois/patient_555/AP/L3.png,True,D:/LUMOS/processed/vertebral_rois/patient_555/AP/L4.png,True
555,Lateral,D:/LUMOS/processed/preprocessed_images/patient_555/Lateral.png,D:/LUMOS/processed/segmentation/pseudo_labels/patient_555_Lateral_mask.png,True,0.897,0.847,0.872,0.897,0.906,0.925,0.938,1,test,D:/LUMOS/processed/vertebral_rois/patient_555/Lateral/L1.png,True,D:/LUMOS/processed/vertebral_rois/patient_555/Lateral/L2.png,True,D:/LUMOS/processed/vertebral_rois/patient_555/Lateral/L3.png,True,D:/LUMOS/processed/vertebral_rois/patient_555/Lateral/L4.png,True
556,AP,D:/LUMOS/processed/preprocessed_images/patient_556/AP.png,D:/LUMOS/processed/segmentation/pseudo_labels/patient_556_AP_mask.png,True,1.21,1.089,1.146,1.21,1.159,1.237,1.31,0,train,D:/LUMOS/processed/vertebral_rois/patient_556/AP/L1.png,True,D:/LUMOS/processed/vertebral_rois/patient_556/AP/L2.png,True,D:/LUMOS/processed/vertebral_rois/patient_556/AP/L3.png,True,D:/LUMOS/processed/vertebral_rois/patient_556/AP/L4.png,True
556,Lateral,D:/LUMOS/processed/preprocessed_images/patient_556/Lateral.png,D:/LUMOS/processed/segmentation/pseudo_labels/patient_556_Lateral_mask.png,True,1.21,1.089,1.146,1.21,1.159,1.237,1.31,0,train,D:/LUMOS/processed/vertebral_rois/patient_556/Lateral/L1.png,True,D:/LUMOS/processed/vertebral_rois/patient_556/Lateral/L2.png,True,D:/LUMOS/processed/vertebral_rois/patient_556/Lateral/L3.png,False,D:/LUMOS/processed/vertebral_rois/patient_556/Lateral/L4.png,True
557,AP,D:/LUMOS/processed/preprocessed_images/patient_557/AP.png,D:/LUMOS/processed/segmentation/pseudo_labels/patient_557_AP_mask.png,True,1.159,1.096,1.156,1.159,1.252,1.222,1.218,0,train,D:/LUMOS/processed/vertebral_rois/patient_557/AP/L1.png,True,D:/LUMOS/processed/vertebral_rois/patient_557/AP/L2.png,True,D:/LUMOS/processed/vertebral_rois/patient_557/AP/L3.png,True,D:/LUMOS/processed/vertebral_rois/patient_557/AP/L4.png,True
557,Lateral,D:/LUMOS/processed/preprocessed_images/patient_557/Lateral.png,D:/LUMOS/processed/segmentation/pseudo_labels/patient_557_Lateral_mask.png,True,1.159,1.096,1.156,1.159,1.252,1.222,1.218,0,train,D:/LUMOS/processed/vertebral_rois/patient_557/Lateral/L1.png,True,D:/LUMOS/processed/vertebral_rois/patient_557/Lateral/L2.png,True,D:/LUMOS/processed/vertebral_rois/patient_557/Lateral/L3.png,True,D:/LUMOS/processed/vertebral_rois/patient_557/Lateral/L4.png,True
558,AP,D:/LUMOS/processed/preprocessed_images/patient_558/AP.png,D:/LUMOS/processed/segmentation/pseudo_labels/patient_558_AP_mask.png,True,0.815,0.742,0.787,0.815,0.838,0.854,0.871,1,train,D:/LUMOS/processed/vertebral_rois/patient_558/AP/L1.png,True,D:/LUMOS/processed/vertebral_rois/patient_558/AP/L2.png,True,D:/LUMOS/processed/vertebral_rois/patient_558/AP/L3.png,False,D:/LUMOS/processed/vertebral_rois/patient_558/AP/L4.png,True
558,Lateral,D:/LUMOS/processed/preprocessed_images/patient_558/Lateral.png,D:/LUMOS/processed/segmentation/pseudo_labels/patient_558_Lateral_mask.png,True,0.815,0.742,0.787,0.815,0.838,0.854,0.871,1,train,D:/LUMOS/processed/vertebral_rois/patient_558/Lateral/L1.png,True,D:/LUMOS/processed/vertebral_rois/patient_558/Lateral/L2.png,True,D:/LUMOS/processed/vertebral_rois/patient_558/Lateral/L3.png,True,D:/LUMOS/processed/vertebral_rois/patient_558/Lateral/L4.png,True
559,AP,D:/LUMOS/processed/preprocessed_images/patient_559/AP.png,D:/LUMOS/processed/segmentation/pseudo_labels/patient_559_AP_mask.png,True,0.76,0.684,0.745,0.76,0.79,0.793,0.819,2,validation,D:/LUMOS/processed/vertebral_rois/patient_559/AP/L1.png,True,D:/LUMOS/processed/vertebral_rois/patient_559/AP/L2.png,True,D:/LUMOS/processed/vertebral_rois/patient_559/AP/L3.png,True,D:/LUMOS/processed/vertebral_rois/patient_559/AP/L4.png,True
559,Lateral,D:/LUMOS/processed/preprocessed_images/patient_559/Lateral.png,D:/LUMOS/processed/segmentation/pseudo_labels/patient_559_Lateral_mask.png,True,0.76,0.684,0.745,0.76,0.79,0.793,0.819,2,validation,D:/LUMOS/processed/vertebral_rois/patient_559/Lateral/L1.png,True,D:/LUMOS/processed/vertebral_rois/patient_559/Lateral/L2.png,True,D:/LUMOS/processed/vertebral_rois/patient_559/Lateral/L3.png,True,D:/LUMOS/processed/vertebral_rois/patient_559/Lateral/L4.png,True
560,AP,D:/LUMOS/processed/preprocessed_images/patient_560/AP.png,D:/LUMOS/processed/segmentation/pseudo_labels/patient_560_AP_mask.png,True,0.597,0.568,0.563,0.597,0.529,0.584,0.619,2,validation,D:/LUMOS/processed/vertebral_rois/patient_560/AP/L1.png,True,D:/LUMOS/processed/vertebral_rois/patient_560/AP/L2.png,True,D:/LUMOS/processed/vertebral_rois/patient_560/AP/L3.png,True,D:/LUMOS/processed/vertebral_rois/patient_560/AP/L4.png,True
560,Lateral,D:/LUMOS/processed/preprocessed_images/patient_560/Lateral.png,D:/LUMOS/processed/segmentation/pseudo_labels/patient_560_Lateral_mask.png,True,0.597,0.568,0.563,0.597,0.529,0.584,0.619,2,validation,D:/LUMOS/processed/vertebral_rois/patient_560/Lateral/L1.png,True,D:/LUMOS/processed/vertebral_rois/patient_560/Lateral/L2.png,True,D:/LUMOS/processed/vertebral_rois/patient_560/Lateral/L3.png,True,D:/LUMOS/processed/vertebral_rois/patient_560/Lateral/L4.png,True
561,AP,D:/LUMOS/processed/preprocessed_images/patient_561/AP.png,D:/LUMOS/processed/segmentation/pseudo_labels/patient_561_AP_mask.png,True,0.921,0.662,0.817,0.921,0.88,0.987,1.121,1,test,D:/LUMOS/processed/vertebral_rois/patient_561/AP/L1.png,True,D:/LUMOS/processed/vertebral_rois/patient_561/AP/L2.png,True,D:/LUMOS/processed/vertebral_rois/patient_561/AP/L3.png,True,D:/LUMOS/processed/vertebral_rois/patient_561/AP/L4.png,False
561,Lateral,D:/LUMOS/processed/preprocessed_images/patient_561/Lateral.png,D:/LUMOS/processed/segmentation/pseudo_labels/patient_561_Lateral_mask.png,True,0.921,0.662,0.817,0.921,0.88,0.987,1.121,1,test,D:/LUMOS/processed/vertebral_rois/patient_561/Lateral/L1.png,True,D:/LUMOS/processed/vertebral_rois/patient_561/Lateral/L2.png,True,D:/LUMOS/processed/vertebral_rois/patient_561/Lateral/L3.png,True,D:/LUMOS/processed/vertebral_rois/patient_561/Lateral/L4.png,False
562,AP,D:/LUMOS/processed/preprocessed_images/patient_562/AP.png,D:/LUMOS/processed/segmentation/pseudo_labels/patient_562_AP_mask.png,True,0.752,0.648,0.713,0.752,0.747,0.783,0.832,2,test,D:/LUMOS/processed/vertebral_rois/patient_562/AP/L1.png,True,D:/LUMOS/processed/vertebral_rois/patient_562/AP/L2.png,True,D:/LUMOS/processed/vertebral_rois/patient_562/AP/L3.png,True,D:/LUMOS/processed/vertebral_rois/patient_562/AP/L4.png,True
562,Lateral,D:/LUMOS/processed/preprocessed_images/patient_562/Lateral.png,D:/LUMOS/processed/segmentation/pseudo_labels/patient_562_Lateral_mask.png,True,0.752,0.648,0.713,0.752,0.747,0.783,0.832,2,test,D:/LUMOS/processed/vertebral_rois/patient_562/Lateral/L1.png,True,D:/LUMOS/processed/vertebral_rois/patient_562/Lateral/L2.png,True,D:/LUMOS/processed/vertebral_rois/patient_562/Lateral/L3.png,True,D:/LUMOS/processed/vertebral_rois/patient_562/Lateral/L4.png,True
563,AP,D:/LUMOS/processed/preprocessed_images/patient_563/AP.png,D:/LUMOS/processed/segmentation/pseudo_labels/patient_563_AP_mask.png,True,0.795,0.672,0.725,0.795,0.758,0.835,0.9,2,train,D:/LUMOS/processed/vertebral_rois/patient_563/AP/L1.png,True,D:/LUMOS/processed/vertebral_rois/patient_563/AP/L2.png,True,D:/LUMOS/processed/vertebral_rois/patient_563/AP/L3.png,True,D:/LUMOS/processed/vertebral_rois/patient_563/AP/L4.png,True
563,Lateral,D:/LUMOS/processed/preprocessed_images/patient_563/Lateral.png,D:/LUMOS/processed/segmentation/pseudo_labels/patient_563_Lateral_mask.png,True,0.795,0.672,0.725,0.795,0.758,0.835,0.9,2,train,D:/LUMOS/processed/vertebral_rois/patient_563/Lateral/L1.png,True,D:/LUMOS/processed/vertebral_rois/patient_563/Lateral/L2.png,True,D:/LUMOS/processed/vertebral_rois/patient_563/Lateral/L3.png,True,D:/LUMOS/processed/vertebral_rois/patient_563/Lateral/L4.png,True
564,AP,D:/LUMOS/processed/preprocessed_images/patient_564/AP.png,D:/LUMOS/processed/segmentation/pseudo_labels/patient_564_AP_mask.png,True,1.168,1.128,1.122,1.168,1.112,1.172,1.198,0,test,D:/LUMOS/processed/vertebral_rois/patient_564/AP/L1.png,True,D:/LUMOS/processed/vertebral_rois/patient_564/AP/L2.png,True,D:/LUMOS/processed/vertebral_rois/patient_564/AP/L3.png,True,D:/LUMOS/processed/vertebral_rois/patient_564/AP/L4.png,True
564,Lateral,D:/LUMOS/processed/preprocessed_images/patient_564/Lateral.png,D:/LUMOS/processed/segmentation/pseudo_labels/patient_564_Lateral_mask.png,True,1.168,1.128,1.122,1.168,1.112,1.172,1.198,0,test,D:/LUMOS/processed/vertebral_rois/patient_564/Lateral/L1.png,True,D:/LUMOS/processed/vertebral_rois/patient_564/Lateral/L2.png,True,D:/LUMOS/processed/vertebral_rois/patient_564/Lateral/L3.png,True,D:/LUMOS/processed/vertebral_rois/patient_564/Lateral/L4.png,True
565,AP,D:/LUMOS/processed/preprocessed_images/patient_565/AP.png,D:/LUMOS/processed/segmentation/pseudo_labels/patient_565_AP_mask.png,True,0.849,0.723,0.758,0.849,0.791,0.892,0.945,1,test,D:/LUMOS/processed/vertebral_rois/patient_565/AP/L1.png,True,D:/LUMOS/processed/vertebral_rois/patient_565/AP/L2.png,True,D:/LUMOS/processed/vertebral_rois/patient_565/AP/L3.png,True,D:/LUMOS/processed/vertebral_rois/patient_565/AP/L4.png,True
565,Lateral,D:/LUMOS/processed/preprocessed_images/patient_565/Lateral.png,D:/LUMOS/processed/segmentation/pseudo_labels/patient_565_Lateral_mask.png,True,0.849,0.723,0.758,0.849,0.791,0.892,0.945,1,test,D:/LUMOS/processed/vertebral_rois/patient_565/Lateral/L1.png,True,D:/LUMOS/processed/vertebral_rois/patient_565/Lateral/L2.png,True,D:/LUMOS/processed/vertebral_rois/patient_565/Lateral/L3.png,True,D:/LUMOS/processed/vertebral_rois/patient_565/Lateral/L4.png,True
566,AP,D:/LUMOS/processed/preprocessed_images/patient_566/AP.png,D:/LUMOS/processed/segmentation/pseudo_labels/patient_566_AP_mask.png,True,1.178,1.176,1.202,1.181,1.21,1.178,1.186,0,train,D:/LUMOS/processed/vertebral_rois/patient_566/AP/L1.png,True,D:/LUMOS/processed/vertebral_rois/patient_566/AP/L2.png,True,D:/LUMOS/processed/vertebral_rois/patient_566/AP/L3.png,True,D:/LUMOS/processed/vertebral_rois/patient_566/AP/L4.png,True
566,Lateral,D:/LUMOS/processed/preprocessed_images/patient_566/Lateral.png,D:/LUMOS/processed/segmentation/pseudo_labels/patient_566_Lateral_mask.png,True,1.178,1.176,1.202,1.181,1.21,1.178,1.186,0,train,D:/LUMOS/processed/vertebral_rois/patient_566/Lateral/L1.png,True,D:/LUMOS/processed/vertebral_rois/patient_566/Lateral/L2.png,True,D:/LUMOS/processed/vertebral_rois/patient_566/Lateral/L3.png,True,D:/LUMOS/processed/vertebral_rois/patient_566/Lateral/L4.png,False
567,AP,D:/LUMOS/processed/preprocessed_images/patient_567/AP.png,D:/LUMOS/processed/segmentation/pseudo_labels/patient_567_AP_mask.png,True,1.277,1.103,1.184,1.278,1.214,1.325,1.435,0,train,D:/LUMOS/processed/vertebral_rois/patient_567/AP/L1.png,True,D:/LUMOS/processed/vertebral_rois/patient_567/AP/L2.png,True,D:/LUMOS/processed/vertebral_rois/patient_567/AP/L3.png,True,D:/LUMOS/processed/vertebral_rois/patient_567/AP/L4.png,True
567,Lateral,D:/LUMOS/processed/preprocessed_images/patient_567/Lateral.png,D:/LUMOS/processed/segmentation/pseudo_labels/patient_567_Lateral_mask.png,True,1.277,1.103,1.184,1.278,1.214,1.325,1.435,0,train,D:/LUMOS/processed/vertebral_rois/patient_567/Lateral/L1.png,True,D:/LUMOS/processed/vertebral_rois/patient_567/Lateral/L2.png,True,D:/LUMOS/processed/vertebral_rois/patient_567/Lateral/L3.png,True,D:/LUMOS/processed/vertebral_rois/patient_567/Lateral/L4.png,True
568,AP,D:/LUMOS/processed/preprocessed_images/patient_568/AP.png,D:/LUMOS/processed/segmentation/pseudo_labels/patient_568_AP_mask.png,True,0.788,0.73,0.755,0.788,0.777,0.811,0.835,2,validation,D:/LUMOS/processed/vertebral_rois/patient_568/AP/L1.png,True,D:/LUMOS/processed/vertebral_rois/patient_568/AP/L2.png,True,D:/LUMOS/processed/vertebral_rois/patient_568/AP/L3.png,True,D:/LUMOS/processed/vertebral_rois/patient_568/AP/L4.png,True
568,Lateral,D:/LUMOS/processed/preprocessed_images/patient_568/Lateral.png,D:/LUMOS/processed/segmentation/pseudo_labels/patient_568_Lateral_mask.png,True,0.788,0.73,0.755,0.788,0.777,0.811,0.835,2,validation,D:/LUMOS/processed/vertebral_rois/patient_568/Lateral/L1.png,True,D:/LUMOS/processed/vertebral_rois/patient_568/Lateral/L2.png,True,D:/LUMOS/processed/vertebral_rois/patient_568/Lateral/L3.png,True,D:/LUMOS/processed/vertebral_rois/patient_568/Lateral/L4.png,False
569,AP,D:/LUMOS/processed/preprocessed_images/patient_569/AP.png,D:/LUMOS/processed/segmentation/pseudo_labels/patient_569_AP_mask.png,True,0.852728468113083,0.829,0.843,0.854,0.861,0.868,0.871,1,train,D:/LUMOS/processed/vertebral_rois/patient_569/AP/L1.png,True,D:/LUMOS/processed/vertebral_rois/patient_569/AP/L2.png,True,D:/LUMOS/processed/vertebral_rois/patient_569/AP/L3.png,True,D:/LUMOS/processed/vertebral_rois/patient_569/AP/L4.png,True
569,Lateral,D:/LUMOS/processed/preprocessed_images/patient_569/Lateral.png,D:/LUMOS/processed/segmentation/pseudo_labels/patient_569_Lateral_mask.png,True,0.852728468113083,0.829,0.843,0.854,0.861,0.868,0.871,1,train,D:/LUMOS/processed/vertebral_rois/patient_569/Lateral/L1.png,True,D:/LUMOS/processed/vertebral_rois/patient_569/Lateral/L2.png,True,D:/LUMOS/processed/vertebral_rois/patient_569/Lateral/L3.png,True,D:/LUMOS/processed/vertebral_rois/patient_569/Lateral/L4.png,True
570,AP,D:/LUMOS/processed/preprocessed_images/patient_570/AP.png,D:/LUMOS/processed/segmentation/pseudo_labels/patient_570_AP_mask.png,True,0.94,0.903,0.926,0.94,0.935,0.95,0.97,1,train,D:/LUMOS/processed/vertebral_rois/patient_570/AP/L1.png,True,D:/LUMOS/processed/vertebral_rois/patient_570/AP/L2.png,True,D:/LUMOS/processed/vertebral_rois/patient_570/AP/L3.png,True,D:/LUMOS/processed/vertebral_rois/patient_570/AP/L4.png,True
570,Lateral,D:/LUMOS/processed/preprocessed_images/patient_570/Lateral.png,D:/LUMOS/processed/segmentation/pseudo_labels/patient_570_Lateral_mask.png,True,0.94,0.903,0.926,0.94,0.935,0.95,0.97,1,train,D:/LUMOS/processed/vertebral_rois/patient_570/Lateral/L1.png,True,D:/LUMOS/processed/vertebral_rois/patient_570/Lateral/L2.png,True,D:/LUMOS/processed/vertebral_rois/patient_570/Lateral/L3.png,True,D:/LUMOS/processed/vertebral_rois/patient_570/Lateral/L4.png,False
571,AP,D:/LUMOS/processed/preprocessed_images/patient_571/AP.png,D:/LUMOS/processed/segmentation/pseudo_labels/patient_571_AP_mask.png,True,0.936,0.829,0.894,0.936,0.947,0.982,1.028,1,train,D:/LUMOS/processed/vertebral_rois/patient_571/AP/L1.png,True,D:/LUMOS/processed/vertebral_rois/patient_571/AP/L2.png,True,D:/LUMOS/processed/vertebral_rois/patient_571/AP/L3.png,True,D:/LUMOS/processed/vertebral_rois/patient_571/AP/L4.png,True
571,Lateral,D:/LUMOS/processed/preprocessed_images/patient_571/Lateral.png,D:/LUMOS/processed/segmentation/pseudo_labels/patient_571_Lateral_mask.png,True,0.936,0.829,0.894,0.936,0.947,0.982,1.028,1,train,D:/LUMOS/processed/vertebral_rois/patient_571/Lateral/L1.png,True,D:/LUMOS/processed/vertebral_rois/patient_571/Lateral/L2.png,True,D:/LUMOS/processed/vertebral_rois/patient_571/Lateral/L3.png,True,D:/LUMOS/processed/vertebral_rois/patient_571/Lateral/L4.png,True
572,AP,D:/LUMOS/processed/preprocessed_images/patient_572/AP.png,D:/LUMOS/processed/segmentation/pseudo_labels/patient_572_AP_mask.png,True,0.986,0.957,0.974,0.986,0.99,1.0,1.011,1,train,D:/LUMOS/processed/vertebral_rois/patient_572/AP/L1.png,True,D:/LUMOS/processed/vertebral_rois/patient_572/AP/L2.png,True,D:/LUMOS/processed/vertebral_rois/patient_572/AP/L3.png,True,D:/LUMOS/processed/vertebral_rois/patient_572/AP/L4.png,False
572,Lateral,D:/LUMOS/processed/preprocessed_images/patient_572/Lateral.png,D:/LUMOS/processed/segmentation/pseudo_labels/patient_572_Lateral_mask.png,True,0.986,0.957,0.974,0.986,0.99,1.0,1.011,1,train,D:/LUMOS/processed/vertebral_rois/patient_572/Lateral/L1.png,True,D:/LUMOS/processed/vertebral_rois/patient_572/Lateral/L2.png,True,D:/LUMOS/processed/vertebral_rois/patient_572/Lateral/L3.png,True,D:/LUMOS/processed/vertebral_rois/patient_572/Lateral/L4.png,True
573,AP,D:/LUMOS/processed/preprocessed_images/patient_573/AP.png,D:/LUMOS/processed/segmentation/pseudo_labels/patient_573_AP_mask.png,True,0.64,0.602,0.615,0.64,0.631,0.656,0.669,2,train,D:/LUMOS/processed/vertebral_rois/patient_573/AP/L1.png,True,D:/LUMOS/processed/vertebral_rois/patient_573/AP/L2.png,True,D:/LUMOS/processed/vertebral_rois/patient_573/AP/L3.png,True,D:/LUMOS/processed/vertebral_rois/patient_573/AP/L4.png,True
573,Lateral,D:/LUMOS/processed/preprocessed_images/patient_573/Lateral.png,D:/LUMOS/processed/segmentation/pseudo_labels/patient_573_Lateral_mask.png,True,0.64,0.602,0.615,0.64,0.631,0.656,0.669,2,train,D:/LUMOS/processed/vertebral_rois/patient_573/Lateral/L1.png,True,D:/LUMOS/processed/vertebral_rois/patient_573/Lateral/L2.png,True,D:/LUMOS/processed/vertebral_rois/patient_573/Lateral/L3.png,True,D:/LUMOS/processed/vertebral_rois/patient_573/Lateral/L4.png,True
574,AP,D:/LUMOS/processed/preprocessed_images/patient_574/AP.png,D:/LUMOS/processed/segmentation/pseudo_labels/patient_574_AP_mask.png,True,0.842,0.758,0.815,0.842,0.858,0.876,0.91,1,train,D:/LUMOS/processed/vertebral_rois/patient_574/AP/L1.png,True,D:/LUMOS/processed/vertebral_rois/patient_574/AP/L2.png,True,D:/LUMOS/processed/vertebral_rois/patient_574/AP/L3.png,True,D:/LUMOS/processed/vertebral_rois/patient_574/AP/L4.png,True
574,Lateral,D:/LUMOS/processed/preprocessed_images/patient_574/Lateral.png,D:/LUMOS/processed/segmentation/pseudo_labels/patient_574_Lateral_mask.png,True,0.842,0.758,0.815,0.842,0.858,0.876,0.91,1,train,D:/LUMOS/processed/vertebral_rois/patient_574/Lateral/L1.png,True,D:/LUMOS/processed/vertebral_rois/patient_574/Lateral/L2.png,True,D:/LUMOS/processed/vertebral_rois/patient_574/Lateral/L3.png,True,D:/LUMOS/processed/vertebral_rois/patient_574/Lateral/L4.png,True
575,AP,D:/LUMOS/processed/preprocessed_images/patient_575/AP.png,D:/LUMOS/processed/segmentation/pseudo_labels/patient_575_AP_mask.png,True,0.881,0.913,0.959,0.977,0.993,1.004,1.028,1,train,D:/LUMOS/processed/vertebral_rois/patient_575/AP/L1.png,True,D:/LUMOS/processed/vertebral_rois/patient_575/AP/L2.png,True,D:/LUMOS/processed/vertebral_rois/patient_575/AP/L3.png,True,D:/LUMOS/processed/vertebral_rois/patient_575/AP/L4.png,True
575,Lateral,D:/LUMOS/processed/preprocessed_images/patient_575/Lateral.png,D:/LUMOS/processed/segmentation/pseudo_labels/patient_575_Lateral_mask.png,True,0.881,0.913,0.959,0.977,0.993,1.004,1.028,1,train,D:/LUMOS/processed/vertebral_rois/patient_575/Lateral/L1.png,True,D:/LUMOS/processed/vertebral_rois/patient_575/Lateral/L2.png,True,D:/LUMOS/processed/vertebral_rois/patient_575/Lateral/L3.png,True,D:/LUMOS/processed/vertebral_rois/patient_575/Lateral/L4.png,True
576,AP,D:/LUMOS/processed/preprocessed_images/patient_576/AP.png,D:/LUMOS/processed/segmentation/pseudo_labels/patient_576_AP_mask.png,True,0.617,0.615,0.6,0.617,0.59,0.615,0.619,2,train,D:/LUMOS/processed/vertebral_rois/patient_576/AP/L1.png,True,D:/LUMOS/processed/vertebral_rois/patient_576/AP/L2.png,True,D:/LUMOS/processed/vertebral_rois/patient_576/AP/L3.png,True,D:/LUMOS/processed/vertebral_rois/patient_576/AP/L4.png,True
576,Lateral,D:/LUMOS/processed/preprocessed_images/patient_576/Lateral.png,D:/LUMOS/processed/segmentation/pseudo_labels/patient_576_Lateral_mask.png,True,0.617,0.615,0.6,0.617,0.59,0.615,0.619,2,train,D:/LUMOS/processed/vertebral_rois/patient_576/Lateral/L1.png,True,D:/LUMOS/processed/vertebral_rois/patient_576/Lateral/L2.png,True,D:/LUMOS/processed/vertebral_rois/patient_576/Lateral/L3.png,True,D:/LUMOS/processed/vertebral_rois/patient_576/Lateral/L4.png,True
577,AP,D:/LUMOS/processed/preprocessed_images/patient_577/AP.png,D:/LUMOS/processed/segmentation/pseudo_labels/patient_577_AP_mask.png,True,0.839,0.767,0.823,0.839,0.862,0.867,0.894,1,train,D:/LUMOS/processed/vertebral_rois/patient_577/AP/L1.png,True,D:/LUMOS/processed/vertebral_rois/patient_577/AP/L2.png,True,D:/LUMOS/processed/vertebral_rois/patient_577/AP/L3.png,False,D:/LUMOS/processed/vertebral_rois/patient_577/AP/L4.png,True
577,Lateral,D:/LUMOS/processed/preprocessed_images/patient_577/Lateral.png,D:/LUMOS/processed/segmentation/pseudo_labels/patient_577_Lateral_mask.png,True,0.839,0.767,0.823,0.839,0.862,0.867,0.894,1,train,D:/LUMOS/processed/vertebral_rois/patient_577/Lateral/L1.png,True,D:/LUMOS/processed/vertebral_rois/patient_577/Lateral/L2.png,True,D:/LUMOS/processed/vertebral_rois/patient_577/Lateral/L3.png,True,D:/LUMOS/processed/vertebral_rois/patient_577/Lateral/L4.png,True
578,AP,D:/LUMOS/processed/preprocessed_images/patient_578/AP.png,D:/LUMOS/processed/segmentation/pseudo_labels/patient_578_AP_mask.png,True,0.77,0.761,0.757,0.77,0.757,0.774,0.777,2,validation,D:/LUMOS/processed/vertebral_rois/patient_578/AP/L1.png,True,D:/LUMOS/processed/vertebral_rois/patient_578/AP/L2.png,True,D:/LUMOS/processed/vertebral_rois/patient_578/AP/L3.png,True,D:/LUMOS/processed/vertebral_rois/patient_578/AP/L4.png,False
578,Lateral,D:/LUMOS/processed/preprocessed_images/patient_578/Lateral.png,D:/LUMOS/processed/segmentation/pseudo_labels/patient_578_Lateral_mask.png,True,0.77,0.761,0.757,0.77,0.757,0.774,0.777,2,validation,D:/LUMOS/processed/vertebral_rois/patient_578/Lateral/L1.png,True,D:/LUMOS/processed/vertebral_rois/patient_578/Lateral/L2.png,True,D:/LUMOS/processed/vertebral_rois/patient_578/Lateral/L3.png,True,D:/LUMOS/processed/vertebral_rois/patient_578/Lateral/L4.png,True
579,AP,D:/LUMOS/processed/preprocessed_images/patient_579/AP.png,D:/LUMOS/processed/segmentation/pseudo_labels/patient_579_AP_mask.png,True,0.895,0.852,0.881,0.895,0.892,0.906,0.931,1,train,D:/LUMOS/processed/vertebral_rois/patient_579/AP/L1.png,True,D:/LUMOS/processed/vertebral_rois/patient_579/AP/L2.png,True,D:/LUMOS/processed/vertebral_rois/patient_579/AP/L3.png,True,D:/LUMOS/processed/vertebral_rois/patient_579/AP/L4.png,True
579,Lateral,D:/LUMOS/processed/preprocessed_images/patient_579/Lateral.png,D:/LUMOS/processed/segmentation/pseudo_labels/patient_579_Lateral_mask.png,True,0.895,0.852,0.881,0.895,0.892,0.906,0.931,1,train,D:/LUMOS/processed/vertebral_rois/patient_579/Lateral/L1.png,True,D:/LUMOS/processed/vertebral_rois/patient_579/Lateral/L2.png,True,D:/LUMOS/processed/vertebral_rois/patient_579/Lateral/L3.png,True,D:/LUMOS/processed/vertebral_rois/patient_579/Lateral/L4.png,True
580,AP,D:/LUMOS/processed/preprocessed_images/patient_580/AP.png,D:/LUMOS/processed/segmentation/pseudo_labels/patient_580_AP_mask.png,True,1.095,1.061,1.089,1.095,1.121,1.119,1.131,0,train,D:/LUMOS/processed/vertebral_rois/patient_580/AP/L1.png,True,D:/LUMOS/processed/vertebral_rois/patient_580/AP/L2.png,True,D:/LUMOS/processed/vertebral_rois/patient_580/AP/L3.png,True,D:/LUMOS/processed/vertebral_rois/patient_580/AP/L4.png,True
580,Lateral,D:/LUMOS/processed/preprocessed_images/patient_580/Lateral.png,D:/LUMOS/processed/segmentation/pseudo_labels/patient_580_Lateral_mask.png,True,1.095,1.061,1.089,1.095,1.121,1.119,1.131,0,train,D:/LUMOS/processed/vertebral_rois/patient_580/Lateral/L1.png,True,D:/LUMOS/processed/vertebral_rois/patient_580/Lateral/L2.png,True,D:/LUMOS/processed/vertebral_rois/patient_580/Lateral/L3.png,True,D:/LUMOS/processed/vertebral_rois/patient_580/Lateral/L4.png,True
581,AP,D:/LUMOS/processed/preprocessed_images/patient_581/AP.png,D:/LUMOS/processed/segmentation/pseudo_labels/patient_581_AP_mask.png,True,0.747,0.749,0.746,0.747,0.708,0.724,0.745,2,train,D:/LUMOS/processed/vertebral_rois/patient_581/AP/L1.png,True,D:/LUMOS/processed/vertebral_rois/patient_581/AP/L2.png,True,D:/LUMOS/processed/vertebral_rois/patient_581/AP/L3.png,False,D:/LUMOS/processed/vertebral_rois/patient_581/AP/L4.png,True
581,Lateral,D:/LUMOS/processed/preprocessed_images/patient_581/Lateral.png,D:/LUMOS/processed/segmentation/pseudo_labels/patient_581_Lateral_mask.png,True,0.747,0.749,0.746,0.747,0.708,0.724,0.745,2,train,D:/LUMOS/processed/vertebral_rois/patient_581/Lateral/L1.png,True,D:/LUMOS/processed/vertebral_rois/patient_581/Lateral/L2.png,True,D:/LUMOS/processed/vertebral_rois/patient_581/Lateral/L3.png,True,D:/LUMOS/processed/vertebral_rois/patient_581/Lateral/L4.png,True
582,AP,D:/LUMOS/processed/preprocessed_images/patient_582/AP.png,D:/LUMOS/processed/segmentation/pseudo_labels/patient_582_AP_mask.png,True,0.974,0.922,0.95,0.974,0.97,0.995,1.018,1,train,D:/LUMOS/processed/vertebral_rois/patient_582/AP/L1.png,True,D:/LUMOS/processed/vertebral_rois/patient_582/AP/L2.png,True,D:/LUMOS/processed/vertebral_rois/patient_582/AP/L3.png,True,D:/LUMOS/processed/vertebral_rois/patient_582/AP/L4.png,False
582,Lateral,D:/LUMOS/processed/preprocessed_images/patient_582/Lateral.png,D:/LUMOS/processed/segmentation/pseudo_labels/patient_582_Lateral_mask.png,True,0.974,0.922,0.95,0.974,0.97,0.995,1.018,1,train,D:/LUMOS/processed/vertebral_rois/patient_582/Lateral/L1.png,True,D:/LUMOS/processed/vertebral_rois/patient_582/Lateral/L2.png,True,D:/LUMOS/processed/vertebral_rois/patient_582/Lateral/L3.png,True,D:/LUMOS/processed/vertebral_rois/patient_582/Lateral/L4.png,False
583,AP,D:/LUMOS/processed/preprocessed_images/patient_583/AP.png,D:/LUMOS/processed/segmentation/pseudo_labels/patient_583_AP_mask.png,True,0.92,0.919,0.923,0.92,0.937,0.928,0.921,1,train,D:/LUMOS/processed/vertebral_rois/patient_583/AP/L1.png,True,D:/LUMOS/processed/vertebral_rois/patient_583/AP/L2.png,True,D:/LUMOS/processed/vertebral_rois/patient_583/AP/L3.png,True,D:/LUMOS/processed/vertebral_rois/patient_583/AP/L4.png,True
583,Lateral,D:/LUMOS/processed/preprocessed_images/patient_583/Lateral.png,D:/LUMOS/processed/segmentation/pseudo_labels/patient_583_Lateral_mask.png,True,0.92,0.919,0.923,0.92,0.937,0.928,0.921,1,train,D:/LUMOS/processed/vertebral_rois/patient_583/Lateral/L1.png,True,D:/LUMOS/processed/vertebral_rois/patient_583/Lateral/L2.png,True,D:/LUMOS/processed/vertebral_rois/patient_583/Lateral/L3.png,True,D:/LUMOS/processed/vertebral_rois/patient_583/Lateral/L4.png,True
584,AP,D:/LUMOS/processed/preprocessed_images/patient_584/AP.png,D:/LUMOS/processed/segmentation/pseudo_labels/patient_584_AP_mask.png,True,0.778,0.719,0.763,0.778,0.788,0.797,0.829,2,train,D:/LUMOS/processed/vertebral_rois/patient_584/AP/L1.png,True,D:/LUMOS/processed/vertebral_rois/patient_584/AP/L2.png,True,D:/LUMOS/processed/vertebral_rois/patient_584/AP/L3.png,True,D:/LUMOS/processed/vertebral_rois/patient_584/AP/L4.png,True
584,Lateral,D:/LUMOS/processed/preprocessed_images/patient_584/Lateral.png,D:/LUMOS/processed/segmentation/pseudo_labels/patient_584_Lateral_mask.png,True,0.778,0.719,0.763,0.778,0.788,0.797,0.829,2,train,D:/LUMOS/processed/vertebral_rois/patient_584/Lateral/L1.png,True,D:/LUMOS/processed/vertebral_rois/patient_584/Lateral/L2.png,True,D:/LUMOS/processed/vertebral_rois/patient_584/Lateral/L3.png,True,D:/LUMOS/processed/vertebral_rois/patient_584/Lateral/L4.png,True
585,AP,D:/LUMOS/processed/preprocessed_images/patient_585/AP.png,D:/LUMOS/processed/segmentation/pseudo_labels/patient_585_AP_mask.png,True,1.063,0.974,1.023,1.063,1.038,1.083,1.137,0,train,D:/LUMOS/processed/vertebral_rois/patient_585/AP/L1.png,True,D:/LUMOS/processed/vertebral_rois/patient_585/AP/L2.png,True,D:/LUMOS/processed/vertebral_rois/patient_585/AP/L3.png,True,D:/LUMOS/processed/vertebral_rois/patient_585/AP/L4.png,True
585,Lateral,D:/LUMOS/processed/preprocessed_images/patient_585/Lateral.png,D:/LUMOS/processed/segmentation/pseudo_labels/patient_585_Lateral_mask.png,True,1.063,0.974,1.023,1.063,1.038,1.083,1.137,0,train,D:/LUMOS/processed/vertebral_rois/patient_585/Lateral/L1.png,True,D:/LUMOS/processed/vertebral_rois/patient_585/Lateral/L2.png,True,D:/LUMOS/processed/vertebral_rois/patient_585/Lateral/L3.png,True,D:/LUMOS/processed/vertebral_rois/patient_585/Lateral/L4.png,True
586,AP,D:/LUMOS/processed/preprocessed_images/patient_586/AP.png,D:/LUMOS/processed/segmentation/pseudo_labels/patient_586_AP_mask.png,True,0.829759068043421,0.765,0.796,0.83,0.808,0.847,0.882,1,train,D:/LUMOS/processed/vertebral_rois/patient_586/AP/L1.png,True,D:/LUMOS/processed/vertebral_rois/patient_586/AP/L2.png,True,D:/LUMOS/processed/vertebral_rois/patient_586/AP/L3.png,True,D:/LUMOS/processed/vertebral_rois/patient_586/AP/L4.png,True
586,Lateral,D:/LUMOS/processed/preprocessed_images/patient_586/Lateral.png,D:/LUMOS/processed/segmentation/pseudo_labels/patient_586_Lateral_mask.png,True,0.829759068043421,0.765,0.796,0.83,0.808,0.847,0.882,1,train,D:/LUMOS/processed/vertebral_rois/patient_586/Lateral/L1.png,True,D:/LUMOS/processed/vertebral_rois/patient_586/Lateral/L2.png,True,D:/LUMOS/processed/vertebral_rois/patient_586/Lateral/L3.png,False,D:/LUMOS/processed/vertebral_rois/patient_586/Lateral/L4.png,True
587,AP,D:/LUMOS/processed/preprocessed_images/patient_587/AP.png,D:/LUMOS/processed/segmentation/pseudo_labels/patient_587_AP_mask.png,True,1.127,1.086,1.112,1.127,1.144,1.151,1.159,0,train,D:/LUMOS/processed/vertebral_rois/patient_587/AP/L1.png,True,D:/LUMOS/processed/vertebral_rois/patient_587/AP/L2.png,True,D:/LUMOS/processed/vertebral_rois/patient_587/AP/L3.png,True,D:/LUMOS/processed/vertebral_rois/patient_587/AP/L4.png,True
587,Lateral,D:/LUMOS/processed/preprocessed_images/patient_587/Lateral.png,D:/LUMOS/processed/segmentation/pseudo_labels/patient_587_Lateral_mask.png,True,1.127,1.086,1.112,1.127,1.144,1.151,1.159,0,train,D:/LUMOS/processed/vertebral_rois/patient_587/Lateral/L1.png,True,D:/LUMOS/processed/vertebral_rois/patient_587/Lateral/L2.png,True,D:/LUMOS/processed/vertebral_rois/patient_587/Lateral/L3.png,True,D:/LUMOS/processed/vertebral_rois/patient_587/Lateral/L4.png,True
588,AP,D:/LUMOS/processed/preprocessed_images/patient_588/AP.png,D:/LUMOS/processed/segmentation/pseudo_labels/patient_588_AP_mask.png,True,0.857,0.701,0.756,0.857,0.808,0.917,0.978,1,train,D:/LUMOS/processed/vertebral_rois/patient_588/AP/L1.png,True,D:/LUMOS/processed/vertebral_rois/patient_588/AP/L2.png,True,D:/LUMOS/processed/vertebral_rois/patient_588/AP/L3.png,True,D:/LUMOS/processed/vertebral_rois/patient_588/AP/L4.png,True
588,Lateral,D:/LUMOS/processed/preprocessed_images/patient_588/Lateral.png,D:/LUMOS/processed/segmentation/pseudo_labels/patient_588_Lateral_mask.png,True,0.857,0.701,0.756,0.857,0.808,0.917,0.978,1,train,D:/LUMOS/processed/vertebral_rois/patient_588/Lateral/L1.png,True,D:/LUMOS/processed/vertebral_rois/patient_588/Lateral/L2.png,True,D:/LUMOS/processed/vertebral_rois/patient_588/Lateral/L3.png,True,D:/LUMOS/processed/vertebral_rois/patient_588/Lateral/L4.png,True
589,AP,D:/LUMOS/processed/preprocessed_images/patient_589/AP.png,D:/LUMOS/processed/segmentation/pseudo_labels/patient_589_AP_mask.png,True,0.976,0.928,0.951,0.976,0.972,0.997,1.016,1,train,D:/LUMOS/processed/vertebral_rois/patient_589/AP/L1.png,True,D:/LUMOS/processed/vertebral_rois/patient_589/AP/L2.png,True,D:/LUMOS/processed/vertebral_rois/patient_589/AP/L3.png,True,D:/LUMOS/processed/vertebral_rois/patient_589/AP/L4.png,True
589,Lateral,D:/LUMOS/processed/preprocessed_images/patient_589/Lateral.png,D:/LUMOS/processed/segmentation/pseudo_labels/patient_589_Lateral_mask.png,True,0.976,0.928,0.951,0.976,0.972,0.997,1.016,1,train,D:/LUMOS/processed/vertebral_rois/patient_589/Lateral/L1.png,True,D:/LUMOS/processed/vertebral_rois/patient_589/Lateral/L2.png,True,D:/LUMOS/processed/vertebral_rois/patient_589/Lateral/L3.png,True,D:/LUMOS/processed/vertebral_rois/patient_589/Lateral/L4.png,True
590,AP,D:/LUMOS/processed/preprocessed_images/patient_590/AP.png,D:/LUMOS/processed/segmentation/pseudo_labels/patient_590_AP_mask.png,True,1.143,1.089,1.157,1.143,1.198,1.165,1.185,0,validation,D:/LUMOS/processed/vertebral_rois/patient_590/AP/L1.png,True,D:/LUMOS/processed/vertebral_rois/patient_590/AP/L2.png,True,D:/LUMOS/processed/vertebral_rois/patient_590/AP/L3.png,True,D:/LUMOS/processed/vertebral_rois/patient_590/AP/L4.png,True
590,Lateral,D:/LUMOS/processed/preprocessed_images/patient_590/Lateral.png,D:/LUMOS/processed/segmentation/pseudo_labels/patient_590_Lateral_mask.png,True,1.143,1.089,1.157,1.143,1.198,1.165,1.185,0,validation,D:/LUMOS/processed/vertebral_rois/patient_590/Lateral/L1.png,True,D:/LUMOS/processed/vertebral_rois/patient_590/Lateral/L2.png,True,D:/LUMOS/processed/vertebral_rois/patient_590/Lateral/L3.png,True,D:/LUMOS/processed/vertebral_rois/patient_590/Lateral/L4.png,True
591,AP,D:/LUMOS/processed/preprocessed_images/patient_591/AP.png,D:/LUMOS/processed/segmentation/pseudo_labels/patient_591_AP_mask.png,True,1.298,1.161,1.235,1.298,1.273,1.338,1.408,0,train,D:/LUMOS/processed/vertebral_rois/patient_591/AP/L1.png,True,D:/LUMOS/processed/vertebral_rois/patient_591/AP/L2.png,True,D:/LUMOS/processed/vertebral_rois/patient_591/AP/L3.png,True,D:/LUMOS/processed/vertebral_rois/patient_591/AP/L4.png,True
591,Lateral,D:/LUMOS/processed/preprocessed_images/patient_591/Lateral.png,D:/LUMOS/processed/segmentation/pseudo_labels/patient_591_Lateral_mask.png,True,1.298,1.161,1.235,1.298,1.273,1.338,1.408,0,train,D:/LUMOS/processed/vertebral_rois/patient_591/Lateral/L1.png,True,D:/LUMOS/processed/vertebral_rois/patient_591/Lateral/L2.png,False,D:/LUMOS/processed/vertebral_rois/patient_591/Lateral/L3.png,True,D:/LUMOS/processed/vertebral_rois/patient_591/Lateral/L4.png,True
592,AP,D:/LUMOS/processed/preprocessed_images/patient_592/AP.png,D:/LUMOS/processed/segmentation/pseudo_labels/patient_592_AP_mask.png,True,0.937566816335258,0.85,0.899,0.939,0.922,0.966,1.013,1,train,D:/LUMOS/processed/vertebral_rois/patient_592/AP/L1.png,True,D:/LUMOS/processed/vertebral_rois/patient_592/AP/L2.png,True,D:/LUMOS/processed/vertebral_rois/patient_592/AP/L3.png,True,D:/LUMOS/processed/vertebral_rois/patient_592/AP/L4.png,True
592,Lateral,D:/LUMOS/processed/preprocessed_images/patient_592/Lateral.png,D:/LUMOS/processed/segmentation/pseudo_labels/patient_592_Lateral_mask.png,True,0.937566816335258,0.85,0.899,0.939,0.922,0.966,1.013,1,train,D:/LUMOS/processed/vertebral_rois/patient_592/Lateral/L1.png,True,D:/LUMOS/processed/vertebral_rois/patient_592/Lateral/L2.png,True,D:/LUMOS/processed/vertebral_rois/patient_592/Lateral/L3.png,True,D:/LUMOS/processed/vertebral_rois/patient_592/Lateral/L4.png,True
593,AP,D:/LUMOS/processed/preprocessed_images/patient_593/AP.png,D:/LUMOS/processed/segmentation/pseudo_labels/patient_593_AP_mask.png,True,0.891211401425178,0.901,0.866,0.891,0.867,0.9,0.883,1,train,D:/LUMOS/processed/vertebral_rois/patient_593/AP/L1.png,True,D:/LUMOS/processed/vertebral_rois/patient_593/AP/L2.png,True,D:/LUMOS/processed/vertebral_rois/patient_593/AP/L3.png,True,D:/LUMOS/processed/vertebral_rois/patient_593/AP/L4.png,True
593,Lateral,D:/LUMOS/processed/preprocessed_images/patient_593/Lateral.png,D:/LUMOS/processed/segmentation/pseudo_labels/patient_593_Lateral_mask.png,True,0.891211401425178,0.901,0.866,0.891,0.867,0.9,0.883,1,train,D:/LUMOS/processed/vertebral_rois/patient_593/Lateral/L1.png,True,D:/LUMOS/processed/vertebral_rois/patient_593/Lateral/L2.png,True,D:/LUMOS/processed/vertebral_rois/patient_593/Lateral/L3.png,True,D:/LUMOS/processed/vertebral_rois/patient_593/Lateral/L4.png,True
594,AP,D:/LUMOS/processed/preprocessed_images/patient_594/AP.png,D:/LUMOS/processed/segmentation/pseudo_labels/patient_594_AP_mask.png,True,1.299,1.211,1.266,1.299,1.298,1.328,1.372,0,train,D:/LUMOS/processed/vertebral_rois/patient_594/AP/L1.png,True,D:/LUMOS/processed/vertebral_rois/patient_594/AP/L2.png,True,D:/LUMOS/processed/vertebral_rois/patient_594/AP/L3.png,True,D:/LUMOS/processed/vertebral_rois/patient_594/AP/L4.png,True
594,Lateral,D:/LUMOS/processed/preprocessed_images/patient_594/Lateral.png,D:/LUMOS/processed/segmentation/pseudo_labels/patient_594_Lateral_mask.png,True,1.299,1.211,1.266,1.299,1.298,1.328,1.372,0,train,D:/LUMOS/processed/vertebral_rois/patient_594/Lateral/L1.png,True,D:/LUMOS/processed/vertebral_rois/patient_594/Lateral/L2.png,True,D:/LUMOS/processed/vertebral_rois/patient_594/Lateral/L3.png,True,D:/LUMOS/processed/vertebral_rois/patient_594/Lateral/L4.png,False
595,AP,D:/LUMOS/processed/preprocessed_images/patient_595/AP.png,D:/LUMOS/processed/segmentation/pseudo_labels/patient_595_AP_mask.png,True,0.977,0.912,0.955,0.977,0.951,0.98,1.034,1,train,D:/LUMOS/processed/vertebral_rois/patient_595/AP/L1.png,True,D:/LUMOS/processed/vertebral_rois/patient_595/AP/L2.png,True,D:/LUMOS/processed/vertebral_rois/patient_595/AP/L3.png,True,D:/LUMOS/processed/vertebral_rois/patient_595/AP/L4.png,True
595,Lateral,D:/LUMOS/processed/preprocessed_images/patient_595/Lateral.png,D:/LUMOS/processed/segmentation/pseudo_labels/patient_595_Lateral_mask.png,True,0.977,0.912,0.955,0.977,0.951,0.98,1.034,1,train,D:/LUMOS/processed/vertebral_rois/patient_595/Lateral/L1.png,True,D:/LUMOS/processed/vertebral_rois/patient_595/Lateral/L2.png,True,D:/LUMOS/processed/vertebral_rois/patient_595/Lateral/L3.png,True,D:/LUMOS/processed/vertebral_rois/patient_595/Lateral/L4.png,True
596,AP,D:/LUMOS/processed/preprocessed_images/patient_596/AP.png,D:/LUMOS/processed/segmentation/pseudo_labels/patient_596_AP_mask.png,True,0.984,0.943,0.972,0.984,1.012,1.012,1.017,1,train,D:/LUMOS/processed/vertebral_rois/patient_596/AP/L1.png,True,D:/LUMOS/processed/vertebral_rois/patient_596/AP/L2.png,True,D:/LUMOS/processed/vertebral_rois/patient_596/AP/L3.png,True,D:/LUMOS/processed/vertebral_rois/patient_596/AP/L4.png,True
596,Lateral,D:/LUMOS/processed/preprocessed_images/patient_596/Lateral.png,D:/LUMOS/processed/segmentation/pseudo_labels/patient_596_Lateral_mask.png,True,0.984,0.943,0.972,0.984,1.012,1.012,1.017,1,train,D:/LUMOS/processed/vertebral_rois/patient_596/Lateral/L1.png,True,D:/LUMOS/processed/vertebral_rois/patient_596/Lateral/L2.png,True,D:/LUMOS/processed/vertebral_rois/patient_596/Lateral/L3.png,True,D:/LUMOS/processed/vertebral_rois/patient_596/Lateral/L4.png,True
597,AP,D:/LUMOS/processed/preprocessed_images/patient_597/AP.png,D:/LUMOS/processed/segmentation/pseudo_labels/patient_597_AP_mask.png,True,0.799,0.751,0.774,0.799,0.81,0.829,0.838,2,train,D:/LUMOS/processed/vertebral_rois/patient_597/AP/L1.png,True,D:/LUMOS/processed/vertebral_rois/patient_597/AP/L2.png,True,D:/LUMOS/processed/vertebral_rois/patient_597/AP/L3.png,True,D:/LUMOS/processed/vertebral_rois/patient_597/AP/L4.png,True
597,Lateral,D:/LUMOS/processed/preprocessed_images/patient_597/Lateral.png,D:/LUMOS/processed/segmentation/pseudo_labels/patient_597_Lateral_mask.png,True,0.799,0.751,0.774,0.799,0.81,0.829,0.838,2,train,D:/LUMOS/processed/vertebral_rois/patient_597/Lateral/L1.png,True,D:/LUMOS/processed/vertebral_rois/patient_597/Lateral/L2.png,True,D:/LUMOS/processed/vertebral_rois/patient_597/Lateral/L3.png,True,D:/LUMOS/processed/vertebral_rois/patient_597/Lateral/L4.png,True
598,AP,D:/LUMOS/processed/preprocessed_images/patient_598/AP.png,D:/LUMOS/processed/segmentation/pseudo_labels/patient_598_AP_mask.png,True,0.954,0.931,0.93,0.954,0.928,0.96,0.972,1,validation,D:/LUMOS/processed/vertebral_rois/patient_598/AP/L1.png,True,D:/LUMOS/processed/vertebral_rois/patient_598/AP/L2.png,True,D:/LUMOS/processed/vertebral_rois/patient_598/AP/L3.png,True,D:/LUMOS/processed/vertebral_rois/patient_598/AP/L4.png,True
598,Lateral,D:/LUMOS/processed/preprocessed_images/patient_598/Lateral.png,D:/LUMOS/processed/segmentation/pseudo_labels/patient_598_Lateral_mask.png,True,0.954,0.931,0.93,0.954,0.928,0.96,0.972,1,validation,D:/LUMOS/processed/vertebral_rois/patient_598/Lateral/L1.png,True,D:/LUMOS/processed/vertebral_rois/patient_598/Lateral/L2.png,True,D:/LUMOS/processed/vertebral_rois/patient_598/Lateral/L3.png,True,D:/LUMOS/processed/vertebral_rois/patient_598/Lateral/L4.png,False
599,AP,D:/LUMOS/processed/preprocessed_images/patient_599/AP.png,D:/LUMOS/processed/segmentation/pseudo_labels/patient_599_AP_mask.png,True,0.97,0.935,0.979,0.97,1.043,1.008,1.001,1,train,D:/LUMOS/processed/vertebral_rois/patient_599/AP/L1.png,True,D:/LUMOS/processed/vertebral_rois/patient_599/AP/L2.png,True,D:/LUMOS/processed/vertebral_rois/patient_599/AP/L3.png,True,D:/LUMOS/processed/vertebral_rois/patient_599/AP/L4.png,True
599,Lateral,D:/LUMOS/processed/preprocessed_images/patient_599/Lateral.png,D:/LUMOS/processed/segmentation/pseudo_labels/patient_599_Lateral_mask.png,True,0.97,0.935,0.979,0.97,1.043,1.008,1.001,1,train,D:/LUMOS/processed/vertebral_rois/patient_599/Lateral/L1.png,True,D:/LUMOS/processed/vertebral_rois/patient_599/Lateral/L2.png,True,D:/LUMOS/processed/vertebral_rois/patient_599/Lateral/L3.png,True,D:/LUMOS/processed/vertebral_rois/patient_599/Lateral/L4.png,True
601,AP,D:/LUMOS/processed/preprocessed_images/patient_601/AP.png,D:/LUMOS/processed/segmentation/pseudo_labels/patient_601_AP_mask.png,True,0.983,0.818,0.886,0.983,0.922,1.035,1.125,1,validation,D:/LUMOS/processed/vertebral_rois/patient_601/AP/L1.png,True,D:/LUMOS/processed/vertebral_rois/patient_601/AP/L2.png,True,D:/LUMOS/processed/vertebral_rois/patient_601/AP/L3.png,True,D:/LUMOS/processed/vertebral_rois/patient_601/AP/L4.png,True
601,Lateral,D:/LUMOS/processed/preprocessed_images/patient_601/Lateral.png,D:/LUMOS/processed/segmentation/pseudo_labels/patient_601_Lateral_mask.png,True,0.983,0.818,0.886,0.983,0.922,1.035,1.125,1,validation,D:/LUMOS/processed/vertebral_rois/patient_601/Lateral/L1.png,True,D:/LUMOS/processed/vertebral_rois/patient_601/Lateral/L2.png,True,D:/LUMOS/processed/vertebral_rois/patient_601/Lateral/L3.png,True,D:/LUMOS/processed/vertebral_rois/patient_601/Lateral/L4.png,True
602,AP,D:/LUMOS/processed/preprocessed_images/patient_602/AP.png,D:/LUMOS/processed/segmentation/pseudo_labels/patient_602_AP_mask.png,True,1.26,1.18,1.227,1.26,1.251,1.285,1.326,0,train,D:/LUMOS/processed/vertebral_rois/patient_602/AP/L1.png,True,D:/LUMOS/processed/vertebral_rois/patient_602/AP/L2.png,True,D:/LUMOS/processed/vertebral_rois/patient_602/AP/L3.png,True,D:/LUMOS/processed/vertebral_rois/patient_602/AP/L4.png,True
602,Lateral,D:/LUMOS/processed/preprocessed_images/patient_602/Lateral.png,D:/LUMOS/processed/segmentation/pseudo_labels/patient_602_Lateral_mask.png,True,1.26,1.18,1.227,1.26,1.251,1.285,1.326,0,train,D:/LUMOS/processed/vertebral_rois/patient_602/Lateral/L1.png,True,D:/LUMOS/processed/vertebral_rois/patient_602/Lateral/L2.png,True,D:/LUMOS/processed/vertebral_rois/patient_602/Lateral/L3.png,True,D:/LUMOS/processed/vertebral_rois/patient_602/Lateral/L4.png,True
603,AP,D:/LUMOS/processed/preprocessed_images/patient_603/AP.png,D:/LUMOS/processed/segmentation/pseudo_labels/patient_603_AP_mask.png,True,0.949592449592449,0.83,0.89,0.95,0.934,0.995,1.049,1,train,D:/LUMOS/processed/vertebral_rois/patient_603/AP/L1.png,True,D:/LUMOS/processed/vertebral_rois/patient_603/AP/L2.png,True,D:/LUMOS/processed/vertebral_rois/patient_603/AP/L3.png,True,D:/LUMOS/processed/vertebral_rois/patient_603/AP/L4.png,True
603,Lateral,D:/LUMOS/processed/preprocessed_images/patient_603/Lateral.png,D:/LUMOS/processed/segmentation/pseudo_labels/patient_603_Lateral_mask.png,True,0.949592449592449,0.83,0.89,0.95,0.934,0.995,1.049,1,train,D:/LUMOS/processed/vertebral_rois/patient_603/Lateral/L1.png,True,D:/LUMOS/processed/vertebral_rois/patient_603/Lateral/L2.png,True,D:/LUMOS/processed/vertebral_rois/patient_603/Lateral/L3.png,True,D:/LUMOS/processed/vertebral_rois/patient_603/Lateral/L4.png,True
604,AP,D:/LUMOS/processed/preprocessed_images/patient_604/AP.png,D:/LUMOS/processed/segmentation/pseudo_labels/patient_604_AP_mask.png,True,0.846,0.806,0.825,0.846,0.838,0.86,0.877,1,train,D:/LUMOS/processed/vertebral_rois/patient_604/AP/L1.png,True,D:/LUMOS/processed/vertebral_rois/patient_604/AP/L2.png,True,D:/LUMOS/processed/vertebral_rois/patient_604/AP/L3.png,True,D:/LUMOS/processed/vertebral_rois/patient_604/AP/L4.png,True
604,Lateral,D:/LUMOS/processed/preprocessed_images/patient_604/Lateral.png,D:/LUMOS/processed/segmentation/pseudo_labels/patient_604_Lateral_mask.png,True,0.846,0.806,0.825,0.846,0.838,0.86,0.877,1,train,D:/LUMOS/processed/vertebral_rois/patient_604/Lateral/L1.png,True,D:/LUMOS/processed/vertebral_rois/patient_604/Lateral/L2.png,True,D:/LUMOS/processed/vertebral_rois/patient_604/Lateral/L3.png,True,D:/LUMOS/processed/vertebral_rois/patient_604/Lateral/L4.png,True
605,AP,D:/LUMOS/processed/preprocessed_images/patient_605/AP.png,D:/LUMOS/processed/segmentation/pseudo_labels/patient_605_AP_mask.png,True,0.974,0.921,0.936,0.974,0.951,0.992,1.011,1,validation,D:/LUMOS/processed/vertebral_rois/patient_605/AP/L1.png,True,D:/LUMOS/processed/vertebral_rois/patient_605/AP/L2.png,True,D:/LUMOS/processed/vertebral_rois/patient_605/AP/L3.png,True,D:/LUMOS/processed/vertebral_rois/patient_605/AP/L4.png,True
605,Lateral,D:/LUMOS/processed/preprocessed_images/patient_605/Lateral.png,D:/LUMOS/processed/segmentation/pseudo_labels/patient_605_Lateral_mask.png,True,0.974,0.921,0.936,0.974,0.951,0.992,1.011,1,validation,D:/LUMOS/processed/vertebral_rois/patient_605/Lateral/L1.png,True,D:/LUMOS/processed/vertebral_rois/patient_605/Lateral/L2.png,True,D:/LUMOS/processed/vertebral_rois/patient_605/Lateral/L3.png,True,D:/LUMOS/processed/vertebral_rois/patient_605/Lateral/L4.png,True
606,AP,D:/LUMOS/processed/preprocessed_images/patient_606/AP.png,D:/LUMOS/processed/segmentation/pseudo_labels/patient_606_AP_mask.png,True,1.362,1.328,1.342,1.362,1.359,1.378,1.39,0,train,D:/LUMOS/processed/vertebral_rois/patient_606/AP/L1.png,True,D:/LUMOS/processed/vertebral_rois/patient_606/AP/L2.png,True,D:/LUMOS/processed/vertebral_rois/patient_606/AP/L3.png,True,D:/LUMOS/processed/vertebral_rois/patient_606/AP/L4.png,True
606,Lateral,D:/LUMOS/processed/preprocessed_images/patient_606/Lateral.png,D:/LUMOS/processed/segmentation/pseudo_labels/patient_606_Lateral_mask.png,True,1.362,1.328,1.342,1.362,1.359,1.378,1.39,0,train,D:/LUMOS/processed/vertebral_rois/patient_606/Lateral/L1.png,True,D:/LUMOS/processed/vertebral_rois/patient_606/Lateral/L2.png,True,D:/LUMOS/processed/vertebral_rois/patient_606/Lateral/L3.png,True,D:/LUMOS/processed/vertebral_rois/patient_606/Lateral/L4.png,True
607,AP,D:/LUMOS/processed/preprocessed_images/patient_607/AP.png,D:/LUMOS/processed/segmentation/pseudo_labels/patient_607_AP_mask.png,True,1.051,0.99,1.045,1.051,1.073,1.07,1.098,0,train,D:/LUMOS/processed/vertebral_rois/patient_607/AP/L1.png,True,D:/LUMOS/processed/vertebral_rois/patient_607/AP/L2.png,True,D:/LUMOS/processed/vertebral_rois/patient_607/AP/L3.png,True,D:/LUMOS/processed/vertebral_rois/patient_607/AP/L4.png,False
607,Lateral,D:/LUMOS/processed/preprocessed_images/patient_607/Lateral.png,D:/LUMOS/processed/segmentation/pseudo_labels/patient_607_Lateral_mask.png,True,1.051,0.99,1.045,1.051,1.073,1.07,1.098,0,train,D:/LUMOS/processed/vertebral_rois/patient_607/Lateral/L1.png,True,D:/LUMOS/processed/vertebral_rois/patient_607/Lateral/L2.png,True,D:/LUMOS/processed/vertebral_rois/patient_607/Lateral/L3.png,True,D:/LUMOS/processed/vertebral_rois/patient_607/Lateral/L4.png,True
608,AP,D:/LUMOS/processed/preprocessed_images/patient_608/AP.png,D:/LUMOS/processed/segmentation/pseudo_labels/patient_608_AP_mask.png,True,0.921,0.846,0.9,0.921,0.93,0.946,0.982,1,train,D:/LUMOS/processed/vertebral_rois/patient_608/AP/L1.png,True,D:/LUMOS/processed/vertebral_rois/patient_608/AP/L2.png,True,D:/LUMOS/processed/vertebral_rois/patient_608/AP/L3.png,True,D:/LUMOS/processed/vertebral_rois/patient_608/AP/L4.png,True
608,Lateral,D:/LUMOS/processed/preprocessed_images/patient_608/Lateral.png,D:/LUMOS/processed/segmentation/pseudo_labels/patient_608_Lateral_mask.png,True,0.921,0.846,0.9,0.921,0.93,0.946,0.982,1,train,D:/LUMOS/processed/vertebral_rois/patient_608/Lateral/L1.png,True,D:/LUMOS/processed/vertebral_rois/patient_608/Lateral/L2.png,True,D:/LUMOS/processed/vertebral_rois/patient_608/Lateral/L3.png,True,D:/LUMOS/processed/vertebral_rois/patient_608/Lateral/L4.png,True
609,AP,D:/LUMOS/processed/preprocessed_images/patient_609/AP.png,D:/LUMOS/processed/segmentation/pseudo_labels/patient_609_AP_mask.png,True,0.679,0.621,0.674,0.679,0.69,0.69,0.723,2,train,D:/LUMOS/processed/vertebral_rois/patient_609/AP/L1.png,True,D:/LUMOS/processed/vertebral_rois/patient_609/AP/L2.png,True,D:/LUMOS/processed/vertebral_rois/patient_609/AP/L3.png,True,D:/LUMOS/processed/vertebral_rois/patient_609/AP/L4.png,True
609,Lateral,D:/LUMOS/processed/preprocessed_images/patient_609/Lateral.png,D:/LUMOS/processed/segmentation/pseudo_labels/patient_609_Lateral_mask.png,True,0.679,0.621,0.674,0.679,0.69,0.69,0.723,2,train,D:/LUMOS/processed/vertebral_rois/patient_609/Lateral/L1.png,True,D:/LUMOS/processed/vertebral_rois/patient_609/Lateral/L2.png,True,D:/LUMOS/processed/vertebral_rois/patient_609/Lateral/L3.png,True,D:/LUMOS/processed/vertebral_rois/patient_609/Lateral/L4.png,True
610,AP,D:/LUMOS/processed/preprocessed_images/patient_610/AP.png,D:/LUMOS/processed/segmentation/pseudo_labels/patient_610_AP_mask.png,True,0.987,0.98,0.988,0.987,0.996,0.991,0.993,1,test,D:/LUMOS/processed/vertebral_rois/patient_610/AP/L1.png,True,D:/LUMOS/processed/vertebral_rois/patient_610/AP/L2.png,True,D:/LUMOS/processed/vertebral_rois/patient_610/AP/L3.png,True,D:/LUMOS/processed/vertebral_rois/patient_610/AP/L4.png,True
610,Lateral,D:/LUMOS/processed/preprocessed_images/patient_610/Lateral.png,D:/LUMOS/processed/segmentation/pseudo_labels/patient_610_Lateral_mask.png,True,0.987,0.98,0.988,0.987,0.996,0.991,0.993,1,test,D:/LUMOS/processed/vertebral_rois/patient_610/Lateral/L1.png,True,D:/LUMOS/processed/vertebral_rois/patient_610/Lateral/L2.png,True,D:/LUMOS/processed/vertebral_rois/patient_610/Lateral/L3.png,True,D:/LUMOS/processed/vertebral_rois/patient_610/Lateral/L4.png,True
611,AP,D:/LUMOS/processed/preprocessed_images/patient_611/AP.png,D:/LUMOS/processed/segmentation/pseudo_labels/patient_611_AP_mask.png,True,1.168,1.094,1.148,1.168,1.158,1.18,1.225,0,train,D:/LUMOS/processed/vertebral_rois/patient_611/AP/L1.png,True,D:/LUMOS/processed/vertebral_rois/patient_611/AP/L2.png,True,D:/LUMOS/processed/vertebral_rois/patient_611/AP/L3.png,True,D:/LUMOS/processed/vertebral_rois/patient_611/AP/L4.png,True
611,Lateral,D:/LUMOS/processed/preprocessed_images/patient_611/Lateral.png,D:/LUMOS/processed/segmentation/pseudo_labels/patient_611_Lateral_mask.png,True,1.168,1.094,1.148,1.168,1.158,1.18,1.225,0,train,D:/LUMOS/processed/vertebral_rois/patient_611/Lateral/L1.png,True,D:/LUMOS/processed/vertebral_rois/patient_611/Lateral/L2.png,True,D:/LUMOS/processed/vertebral_rois/patient_611/Lateral/L3.png,True,D:/LUMOS/processed/vertebral_rois/patient_611/Lateral/L4.png,True
612,AP,D:/LUMOS/processed/preprocessed_images/patient_612/AP.png,D:/LUMOS/processed/segmentation/pseudo_labels/patient_612_AP_mask.png,True,1.00481134464421,1.017,1.011,1.004,0.999,0.996,0.995,0,train,D:/LUMOS/processed/vertebral_rois/patient_612/AP/L1.png,True,D:/LUMOS/processed/vertebral_rois/patient_612/AP/L2.png,True,D:/LUMOS/processed/vertebral_rois/patient_612/AP/L3.png,True,D:/LUMOS/processed/vertebral_rois/patient_612/AP/L4.png,True
612,Lateral,D:/LUMOS/processed/preprocessed_images/patient_612/Lateral.png,D:/LUMOS/processed/segmentation/pseudo_labels/patient_612_Lateral_mask.png,True,1.00481134464421,1.017,1.011,1.004,0.999,0.996,0.995,0,train,D:/LUMOS/processed/vertebral_rois/patient_612/Lateral/L1.png,True,D:/LUMOS/processed/vertebral_rois/patient_612/Lateral/L2.png,True,D:/LUMOS/processed/vertebral_rois/patient_612/Lateral/L3.png,True,D:/LUMOS/processed/vertebral_rois/patient_612/Lateral/L4.png,False
613,AP,D:/LUMOS/processed/preprocessed_images/patient_613/AP.png,D:/LUMOS/processed/segmentation/pseudo_labels/patient_613_AP_mask.png,True,0.552,0.52,0.539,0.552,0.543,0.558,0.577,2,train,D:/LUMOS/processed/vertebral_rois/patient_613/AP/L1.png,True,D:/LUMOS/processed/vertebral_rois/patient_613/AP/L2.png,True,D:/LUMOS/processed/vertebral_rois/patient_613/AP/L3.png,True,D:/LUMOS/processed/vertebral_rois/patient_613/AP/L4.png,True
613,Lateral,D:/LUMOS/processed/preprocessed_images/patient_613/Lateral.png,D:/LUMOS/processed/segmentation/pseudo_labels/patient_613_Lateral_mask.png,True,0.552,0.52,0.539,0.552,0.543,0.558,0.577,2,train,D:/LUMOS/processed/vertebral_rois/patient_613/Lateral/L1.png,True,D:/LUMOS/processed/vertebral_rois/patient_613/Lateral/L2.png,True,D:/LUMOS/processed/vertebral_rois/patient_613/Lateral/L3.png,True,D:/LUMOS/processed/vertebral_rois/patient_613/Lateral/L4.png,True
614,AP,D:/LUMOS/processed/preprocessed_images/patient_614/AP.png,D:/LUMOS/processed/segmentation/pseudo_labels/patient_614_AP_mask.png,True,0.617,0.531,0.558,0.613,0.569,0.634,0.675,2,train,D:/LUMOS/processed/vertebral_rois/patient_614/AP/L1.png,True,D:/LUMOS/processed/vertebral_rois/patient_614/AP/L2.png,True,D:/LUMOS/processed/vertebral_rois/patient_614/AP/L3.png,True,D:/LUMOS/processed/vertebral_rois/patient_614/AP/L4.png,True
614,Lateral,D:/LUMOS/processed/preprocessed_images/patient_614/Lateral.png,D:/LUMOS/processed/segmentation/pseudo_labels/patient_614_Lateral_mask.png,True,0.617,0.531,0.558,0.613,0.569,0.634,0.675,2,train,D:/LUMOS/processed/vertebral_rois/patient_614/Lateral/L1.png,True,D:/LUMOS/processed/vertebral_rois/patient_614/Lateral/L2.png,True,D:/LUMOS/processed/vertebral_rois/patient_614/Lateral/L3.png,True,D:/LUMOS/processed/vertebral_rois/patient_614/Lateral/L4.png,True
615,AP,D:/LUMOS/processed/preprocessed_images/patient_615/AP.png,D:/LUMOS/processed/segmentation/pseudo_labels/patient_615_AP_mask.png,True,0.681,0.66,0.669,0.682,0.674,0.689,0.7,2,train,D:/LUMOS/processed/vertebral_rois/patient_615/AP/L1.png,True,D:/LUMOS/processed/vertebral_rois/patient_615/AP/L2.png,True,D:/LUMOS/processed/vertebral_rois/patient_615/AP/L3.png,True,D:/LUMOS/processed/vertebral_rois/patient_615/AP/L4.png,True
615,Lateral,D:/LUMOS/processed/preprocessed_images/patient_615/Lateral.png,D:/LUMOS/processed/segmentation/pseudo_labels/patient_615_Lateral_mask.png,True,0.681,0.66,0.669,0.682,0.674,0.689,0.7,2,train,D:/LUMOS/processed/vertebral_rois/patient_615/Lateral/L1.png,True,D:/LUMOS/processed/vertebral_rois/patient_615/Lateral/L2.png,True,D:/LUMOS/processed/vertebral_rois/patient_615/Lateral/L3.png,True,D:/LUMOS/processed/vertebral_rois/patient_615/Lateral/L4.png,True
616,AP,D:/LUMOS/processed/preprocessed_images/patient_616/AP.png,D:/LUMOS/processed/segmentation/pseudo_labels/patient_616_AP_mask.png,True,0.995,0.896,0.947,0.995,0.987,1.034,1.08,0,test,D:/LUMOS/processed/vertebral_rois/patient_616/AP/L1.png,True,D:/LUMOS/processed/vertebral_rois/patient_616/AP/L2.png,True,D:/LUMOS/processed/vertebral_rois/patient_616/AP/L3.png,True,D:/LUMOS/processed/vertebral_rois/patient_616/AP/L4.png,True
616,Lateral,D:/LUMOS/processed/preprocessed_images/patient_616/Lateral.png,D:/LUMOS/processed/segmentation/pseudo_labels/patient_616_Lateral_mask.png,True,0.995,0.896,0.947,0.995,0.987,1.034,1.08,0,test,D:/LUMOS/processed/vertebral_rois/patient_616/Lateral/L1.png,True,D:/LUMOS/processed/vertebral_rois/patient_616/Lateral/L2.png,True,D:/LUMOS/processed/vertebral_rois/patient_616/Lateral/L3.png,True,D:/LUMOS/processed/vertebral_rois/patient_616/Lateral/L4.png,True
617,AP,D:/LUMOS/processed/preprocessed_images/patient_617/AP.png,D:/LUMOS/processed/segmentation/pseudo_labels/patient_617_AP_mask.png,True,1.281,1.292,1.28,1.281,1.278,1.28,1.273,0,test,D:/LUMOS/processed/vertebral_rois/patient_617/AP/L1.png,True,D:/LUMOS/processed/vertebral_rois/patient_617/AP/L2.png,True,D:/LUMOS/processed/vertebral_rois/patient_617/AP/L3.png,False,D:/LUMOS/processed/vertebral_rois/patient_617/AP/L4.png,True
617,Lateral,D:/LUMOS/processed/preprocessed_images/patient_617/Lateral.png,D:/LUMOS/processed/segmentation/pseudo_labels/patient_617_Lateral_mask.png,True,1.281,1.292,1.28,1.281,1.278,1.28,1.273,0,test,D:/LUMOS/processed/vertebral_rois/patient_617/Lateral/L1.png,True,D:/LUMOS/processed/vertebral_rois/patient_617/Lateral/L2.png,True,D:/LUMOS/processed/vertebral_rois/patient_617/Lateral/L3.png,True,D:/LUMOS/processed/vertebral_rois/patient_617/Lateral/L4.png,True
618,AP,D:/LUMOS/processed/preprocessed_images/patient_618/AP.png,D:/LUMOS/processed/segmentation/pseudo_labels/patient_618_AP_mask.png,True,0.758,0.693,0.744,0.758,0.78,0.785,0.809,2,validation,D:/LUMOS/processed/vertebral_rois/patient_618/AP/L1.png,True,D:/LUMOS/processed/vertebral_rois/patient_618/AP/L2.png,True,D:/LUMOS/processed/vertebral_rois/patient_618/AP/L3.png,True,D:/LUMOS/processed/vertebral_rois/patient_618/AP/L4.png,True
618,Lateral,D:/LUMOS/processed/preprocessed_images/patient_618/Lateral.png,D:/LUMOS/processed/segmentation/pseudo_labels/patient_618_Lateral_mask.png,True,0.758,0.693,0.744,0.758,0.78,0.785,0.809,2,validation,D:/LUMOS/processed/vertebral_rois/patient_618/Lateral/L1.png,True,D:/LUMOS/processed/vertebral_rois/patient_618/Lateral/L2.png,True,D:/LUMOS/processed/vertebral_rois/patient_618/Lateral/L3.png,True,D:/LUMOS/processed/vertebral_rois/patient_618/Lateral/L4.png,True
619,AP,D:/LUMOS/processed/preprocessed_images/patient_619/AP.png,D:/LUMOS/processed/segmentation/pseudo_labels/patient_619_AP_mask.png,True,1.234,1.199,1.227,1.234,1.225,1.234,1.261,0,train,D:/LUMOS/processed/vertebral_rois/patient_619/AP/L1.png,True,D:/LUMOS/processed/vertebral_rois/patient_619/AP/L2.png,True,D:/LUMOS/processed/vertebral_rois/patient_619/AP/L3.png,True,D:/LUMOS/processed/vertebral_rois/patient_619/AP/L4.png,True
619,Lateral,D:/LUMOS/processed/preprocessed_images/patient_619/Lateral.png,D:/LUMOS/processed/segmentation/pseudo_labels/patient_619_Lateral_mask.png,True,1.234,1.199,1.227,1.234,1.225,1.234,1.261,0,train,D:/LUMOS/processed/vertebral_rois/patient_619/Lateral/L1.png,True,D:/LUMOS/processed/vertebral_rois/patient_619/Lateral/L2.png,True,D:/LUMOS/processed/vertebral_rois/patient_619/Lateral/L3.png,True,D:/LUMOS/processed/vertebral_rois/patient_619/Lateral/L4.png,True
620,AP,D:/LUMOS/processed/preprocessed_images/patient_620/AP.png,D:/LUMOS/processed/segmentation/pseudo_labels/patient_620_AP_mask.png,True,1.233,1.157,1.182,1.233,1.227,1.276,1.296,0,train,D:/LUMOS/processed/vertebral_rois/patient_620/AP/L1.png,True,D:/LUMOS/processed/vertebral_rois/patient_620/AP/L2.png,True,D:/LUMOS/processed/vertebral_rois/patient_620/AP/L3.png,True,D:/LUMOS/processed/vertebral_rois/patient_620/AP/L4.png,True
620,Lateral,D:/LUMOS/processed/preprocessed_images/patient_620/Lateral.png,D:/LUMOS/processed/segmentation/pseudo_labels/patient_620_Lateral_mask.png,True,1.233,1.157,1.182,1.233,1.227,1.276,1.296,0,train,D:/LUMOS/processed/vertebral_rois/patient_620/Lateral/L1.png,True,D:/LUMOS/processed/vertebral_rois/patient_620/Lateral/L2.png,True,D:/LUMOS/processed/vertebral_rois/patient_620/Lateral/L3.png,True,D:/LUMOS/processed/vertebral_rois/patient_620/Lateral/L4.png,True
621,AP,D:/LUMOS/processed/preprocessed_images/patient_621/AP.png,D:/LUMOS/processed/segmentation/pseudo_labels/patient_621_AP_mask.png,True,0.987,0.909,0.932,0.987,0.982,1.035,1.055,1,train,D:/LUMOS/processed/vertebral_rois/patient_621/AP/L1.png,True,D:/LUMOS/processed/vertebral_rois/patient_621/AP/L2.png,True,D:/LUMOS/processed/vertebral_rois/patient_621/AP/L3.png,True,D:/LUMOS/processed/vertebral_rois/patient_621/AP/L4.png,True
621,Lateral,D:/LUMOS/processed/preprocessed_images/patient_621/Lateral.png,D:/LUMOS/processed/segmentation/pseudo_labels/patient_621_Lateral_mask.png,True,0.987,0.909,0.932,0.987,0.982,1.035,1.055,1,train,D:/LUMOS/processed/vertebral_rois/patient_621/Lateral/L1.png,True,D:/LUMOS/processed/vertebral_rois/patient_621/Lateral/L2.png,True,D:/LUMOS/processed/vertebral_rois/patient_621/Lateral/L3.png,True,D:/LUMOS/processed/vertebral_rois/patient_621/Lateral/L4.png,True
622,AP,D:/LUMOS/processed/preprocessed_images/patient_622/AP.png,D:/LUMOS/processed/segmentation/pseudo_labels/patient_622_AP_mask.png,True,0.871,0.87,0.874,0.871,0.86,0.862,0.872,1,train,D:/LUMOS/processed/vertebral_rois/patient_622/AP/L1.png,True,D:/LUMOS/processed/vertebral_rois/patient_622/AP/L2.png,True,D:/LUMOS/processed/vertebral_rois/patient_622/AP/L3.png,True,D:/LUMOS/processed/vertebral_rois/patient_622/AP/L4.png,True
622,Lateral,D:/LUMOS/processed/preprocessed_images/patient_622/Lateral.png,D:/LUMOS/processed/segmentation/pseudo_labels/patient_622_Lateral_mask.png,True,0.871,0.87,0.874,0.871,0.86,0.862,0.872,1,train,D:/LUMOS/processed/vertebral_rois/patient_622/Lateral/L1.png,True,D:/LUMOS/processed/vertebral_rois/patient_622/Lateral/L2.png,True,D:/LUMOS/processed/vertebral_rois/patient_622/Lateral/L3.png,True,D:/LUMOS/processed/vertebral_rois/patient_622/Lateral/L4.png,False
623,AP,D:/LUMOS/processed/preprocessed_images/patient_623/AP.png,D:/LUMOS/processed/segmentation/pseudo_labels/patient_623_AP_mask.png,True,0.856,0.793,0.834,0.856,0.885,0.896,0.913,1,test,D:/LUMOS/processed/vertebral_rois/patient_623/AP/L1.png,True,D:/LUMOS/processed/vertebral_rois/patient_623/AP/L2.png,True,D:/LUMOS/processed/vertebral_rois/patient_623/AP/L3.png,True,D:/LUMOS/processed/vertebral_rois/patient_623/AP/L4.png,True
623,Lateral,D:/LUMOS/processed/preprocessed_images/patient_623/Lateral.png,D:/LUMOS/processed/segmentation/pseudo_labels/patient_623_Lateral_mask.png,True,0.856,0.793,0.834,0.856,0.885,0.896,0.913,1,test,D:/LUMOS/processed/vertebral_rois/patient_623/Lateral/L1.png,True,D:/LUMOS/processed/vertebral_rois/patient_623/Lateral/L2.png,True,D:/LUMOS/processed/vertebral_rois/patient_623/Lateral/L3.png,True,D:/LUMOS/processed/vertebral_rois/patient_623/Lateral/L4.png,True
624,AP,D:/LUMOS/processed/preprocessed_images/patient_624/AP.png,D:/LUMOS/processed/segmentation/pseudo_labels/patient_624_AP_mask.png,True,1.06,1.033,1.064,1.06,1.082,1.069,1.081,0,train,D:/LUMOS/processed/vertebral_rois/patient_624/AP/L1.png,True,D:/LUMOS/processed/vertebral_rois/patient_624/AP/L2.png,True,D:/LUMOS/processed/vertebral_rois/patient_624/AP/L3.png,True,D:/LUMOS/processed/vertebral_rois/patient_624/AP/L4.png,True
624,Lateral,D:/LUMOS/processed/preprocessed_images/patient_624/Lateral.png,D:/LUMOS/processed/segmentation/pseudo_labels/patient_624_Lateral_mask.png,True,1.06,1.033,1.064,1.06,1.082,1.069,1.081,0,train,D:/LUMOS/processed/vertebral_rois/patient_624/Lateral/L1.png,True,D:/LUMOS/processed/vertebral_rois/patient_624/Lateral/L2.png,True,D:/LUMOS/processed/vertebral_rois/patient_624/Lateral/L3.png,True,D:/LUMOS/processed/vertebral_rois/patient_624/Lateral/L4.png,True
625,AP,D:/LUMOS/processed/preprocessed_images/patient_625/AP.png,D:/LUMOS/processed/segmentation/pseudo_labels/patient_625_AP_mask.png,True,1.277,1.139,1.238,1.277,1.316,1.337,1.386,0,train,D:/LUMOS/processed/vertebral_rois/patient_625/AP/L1.png,True,D:/LUMOS/processed/vertebral_rois/patient_625/AP/L2.png,True,D:/LUMOS/processed/vertebral_rois/patient_625/AP/L3.png,True,D:/LUMOS/processed/vertebral_rois/patient_625/AP/L4.png,True
625,Lateral,D:/LUMOS/processed/preprocessed_images/patient_625/Lateral.png,D:/LUMOS/processed/segmentation/pseudo_labels/patient_625_Lateral_mask.png,True,1.277,1.139,1.238,1.277,1.316,1.337,1.386,0,train,D:/LUMOS/processed/vertebral_rois/patient_625/Lateral/L1.png,True,D:/LUMOS/processed/vertebral_rois/patient_625/Lateral/L2.png,True,D:/LUMOS/processed/vertebral_rois/patient_625/Lateral/L3.png,True,D:/LUMOS/processed/vertebral_rois/patient_625/Lateral/L4.png,True
626,AP,D:/LUMOS/processed/preprocessed_images/patient_626/AP.png,D:/LUMOS/processed/segmentation/pseudo_labels/patient_626_AP_mask.png,True,0.806,0.753,0.803,0.806,0.838,0.828,0.849,2,train,D:/LUMOS/processed/vertebral_rois/patient_626/AP/L1.png,True,D:/LUMOS/processed/vertebral_rois/patient_626/AP/L2.png,True,D:/LUMOS/processed/vertebral_rois/patient_626/AP/L3.png,True,D:/LUMOS/processed/vertebral_rois/patient_626/AP/L4.png,True
626,Lateral,D:/LUMOS/processed/preprocessed_images/patient_626/Lateral.png,D:/LUMOS/processed/segmentation/pseudo_labels/patient_626_Lateral_mask.png,True,0.806,0.753,0.803,0.806,0.838,0.828,0.849,2,train,D:/LUMOS/processed/vertebral_rois/patient_626/Lateral/L1.png,True,D:/LUMOS/processed/vertebral_rois/patient_626/Lateral/L2.png,True,D:/LUMOS/processed/vertebral_rois/patient_626/Lateral/L3.png,True,D:/LUMOS/processed/vertebral_rois/patient_626/Lateral/L4.png,True
627,AP,D:/LUMOS/processed/preprocessed_images/patient_627/AP.png,D:/LUMOS/processed/segmentation/pseudo_labels/patient_627_AP_mask.png,True,0.712,0.694,0.686,0.712,0.653,0.699,0.729,2,train,D:/LUMOS/processed/vertebral_rois/patient_627/AP/L1.png,True,D:/LUMOS/processed/vertebral_rois/patient_627/AP/L2.png,True,D:/LUMOS/processed/vertebral_rois/patient_627/AP/L3.png,True,D:/LUMOS/processed/vertebral_rois/patient_627/AP/L4.png,False
627,Lateral,D:/LUMOS/processed/preprocessed_images/patient_627/Lateral.png,D:/LUMOS/processed/segmentation/pseudo_labels/patient_627_Lateral_mask.png,True,0.712,0.694,0.686,0.712,0.653,0.699,0.729,2,train,D:/LUMOS/processed/vertebral_rois/patient_627/Lateral/L1.png,True,D:/LUMOS/processed/vertebral_rois/patient_627/Lateral/L2.png,True,D:/LUMOS/processed/vertebral_rois/patient_627/Lateral/L3.png,True,D:/LUMOS/processed/vertebral_rois/patient_627/Lateral/L4.png,True
628,AP,D:/LUMOS/processed/preprocessed_images/patient_628/AP.png,D:/LUMOS/processed/segmentation/pseudo_labels/patient_628_AP_mask.png,True,1.207,1.153,1.19,1.207,1.214,1.227,1.25,0,train,D:/LUMOS/processed/vertebral_rois/patient_628/AP/L1.png,True,D:/LUMOS/processed/vertebral_rois/patient_628/AP/L2.png,True,D:/LUMOS/processed/vertebral_rois/patient_628/AP/L3.png,True,D:/LUMOS/processed/vertebral_rois/patient_628/AP/L4.png,True
628,Lateral,D:/LUMOS/processed/preprocessed_images/patient_628/Lateral.png,D:/LUMOS/processed/segmentation/pseudo_labels/patient_628_Lateral_mask.png,True,1.207,1.153,1.19,1.207,1.214,1.227,1.25,0,train,D:/LUMOS/processed/vertebral_rois/patient_628/Lateral/L1.png,True,D:/LUMOS/processed/vertebral_rois/patient_628/Lateral/L2.png,True,D:/LUMOS/processed/vertebral_rois/patient_628/Lateral/L3.png,True,D:/LUMOS/processed/vertebral_rois/patient_628/Lateral/L4.png,True
629,AP,D:/LUMOS/processed/preprocessed_images/patient_629/AP.png,D:/LUMOS/processed/segmentation/pseudo_labels/patient_629_AP_mask.png,True,0.658,0.609,0.654,0.658,0.684,0.677,0.693,2,train,D:/LUMOS/processed/vertebral_rois/patient_629/AP/L1.png,True,D:/LUMOS/processed/vertebral_rois/patient_629/AP/L2.png,True,D:/LUMOS/processed/vertebral_rois/patient_629/AP/L3.png,True,D:/LUMOS/processed/vertebral_rois/patient_629/AP/L4.png,True
629,Lateral,D:/LUMOS/processed/preprocessed_images/patient_629/Lateral.png,D:/LUMOS/processed/segmentation/pseudo_labels/patient_629_Lateral_mask.png,True,0.658,0.609,0.654,0.658,0.684,0.677,0.693,2,train,D:/LUMOS/processed/vertebral_rois/patient_629/Lateral/L1.png,True,D:/LUMOS/processed/vertebral_rois/patient_629/Lateral/L2.png,True,D:/LUMOS/processed/vertebral_rois/patient_629/Lateral/L3.png,True,D:/LUMOS/processed/vertebral_rois/patient_629/Lateral/L4.png,True
630,AP,D:/LUMOS/processed/preprocessed_images/patient_630/AP.png,D:/LUMOS/processed/segmentation/pseudo_labels/patient_630_AP_mask.png,True,0.927,0.899,0.933,0.927,0.948,0.935,0.949,1,train,D:/LUMOS/processed/vertebral_rois/patient_630/AP/L1.png,True,D:/LUMOS/processed/vertebral_rois/patient_630/AP/L2.png,True,D:/LUMOS/processed/vertebral_rois/patient_630/AP/L3.png,True,D:/LUMOS/processed/vertebral_rois/patient_630/AP/L4.png,True
630,Lateral,D:/LUMOS/processed/preprocessed_images/patient_630/Lateral.png,D:/LUMOS/processed/segmentation/pseudo_labels/patient_630_Lateral_mask.png,True,0.927,0.899,0.933,0.927,0.948,0.935,0.949,1,train,D:/LUMOS/processed/vertebral_rois/patient_630/Lateral/L1.png,True,D:/LUMOS/processed/vertebral_rois/patient_630/Lateral/L2.png,True,D:/LUMOS/processed/vertebral_rois/patient_630/Lateral/L3.png,True,D:/LUMOS/processed/vertebral_rois/patient_630/Lateral/L4.png,True
631,AP,D:/LUMOS/processed/preprocessed_images/patient_631/AP.png,D:/LUMOS/processed/segmentation/pseudo_labels/patient_631_AP_mask.png,True,0.812,0.713,0.767,0.812,0.81,0.851,0.89,2,test,D:/LUMOS/processed/vertebral_rois/patient_631/AP/L1.png,True,D:/LUMOS/processed/vertebral_rois/patient_631/AP/L2.png,True,D:/LUMOS/processed/vertebral_rois/patient_631/AP/L3.png,True,D:/LUMOS/processed/vertebral_rois/patient_631/AP/L4.png,True
631,Lateral,D:/LUMOS/processed/preprocessed_images/patient_631/Lateral.png,D:/LUMOS/processed/segmentation/pseudo_labels/patient_631_Lateral_mask.png,True,0.812,0.713,0.767,0.812,0.81,0.851,0.89,2,test,D:/LUMOS/processed/vertebral_rois/patient_631/Lateral/L1.png,True,D:/LUMOS/processed/vertebral_rois/patient_631/Lateral/L2.png,True,D:/LUMOS/processed/vertebral_rois/patient_631/Lateral/L3.png,True,D:/LUMOS/processed/vertebral_rois/patient_631/Lateral/L4.png,True
632,AP,D:/LUMOS/processed/preprocessed_images/patient_632/AP.png,D:/LUMOS/processed/segmentation/pseudo_labels/patient_632_AP_mask.png,True,0.876,0.835,0.871,0.876,0.898,0.894,0.908,1,validation,D:/LUMOS/processed/vertebral_rois/patient_632/AP/L1.png,True,D:/LUMOS/processed/vertebral_rois/patient_632/AP/L2.png,True,D:/LUMOS/processed/vertebral_rois/patient_632/AP/L3.png,True,D:/LUMOS/processed/vertebral_rois/patient_632/AP/L4.png,True
632,Lateral,D:/LUMOS/processed/preprocessed_images/patient_632/Lateral.png,D:/LUMOS/processed/segmentation/pseudo_labels/patient_632_Lateral_mask.png,True,0.876,0.835,0.871,0.876,0.898,0.894,0.908,1,validation,D:/LUMOS/processed/vertebral_rois/patient_632/Lateral/L1.png,True,D:/LUMOS/processed/vertebral_rois/patient_632/Lateral/L2.png,True,D:/LUMOS/processed/vertebral_rois/patient_632/Lateral/L3.png,True,D:/LUMOS/processed/vertebral_rois/patient_632/Lateral/L4.png,True
633,AP,D:/LUMOS/processed/preprocessed_images/patient_633/AP.png,D:/LUMOS/processed/segmentation/pseudo_labels/patient_633_AP_mask.png,True,0.537,0.423,0.506,0.537,0.539,0.565,0.625,2,train,D:/LUMOS/processed/vertebral_rois/patient_633/AP/L1.png,True,D:/LUMOS/processed/vertebral_rois/patient_633/AP/L2.png,True,D:/LUMOS/processed/vertebral_rois/patient_633/AP/L3.png,True,D:/LUMOS/processed/vertebral_rois/patient_633/AP/L4.png,True
633,Lateral,D:/LUMOS/processed/preprocessed_images/patient_633/Lateral.png,D:/LUMOS/processed/segmentation/pseudo_labels/patient_633_Lateral_mask.png,True,0.537,0.423,0.506,0.537,0.539,0.565,0.625,2,train,D:/LUMOS/processed/vertebral_rois/patient_633/Lateral/L1.png,True,D:/LUMOS/processed/vertebral_rois/patient_633/Lateral/L2.png,True,D:/LUMOS/processed/vertebral_rois/patient_633/Lateral/L3.png,True,D:/LUMOS/processed/vertebral_rois/patient_633/Lateral/L4.png,True
634,AP,D:/LUMOS/processed/preprocessed_images/patient_634/AP.png,D:/LUMOS/processed/segmentation/pseudo_labels/patient_634_AP_mask.png,True,0.666,0.557,0.6,0.663,0.647,0.709,0.75,2,test,D:/LUMOS/processed/vertebral_rois/patient_634/AP/L1.png,True,D:/LUMOS/processed/vertebral_rois/patient_634/AP/L2.png,True,D:/LUMOS/processed/vertebral_rois/patient_634/AP/L3.png,True,D:/LUMOS/processed/vertebral_rois/patient_634/AP/L4.png,True
634,Lateral,D:/LUMOS/processed/preprocessed_images/patient_634/Lateral.png,D:/LUMOS/processed/segmentation/pseudo_labels/patient_634_Lateral_mask.png,True,0.666,0.557,0.6,0.663,0.647,0.709,0.75,2,test,D:/LUMOS/processed/vertebral_rois/patient_634/Lateral/L1.png,True,D:/LUMOS/processed/vertebral_rois/patient_634/Lateral/L2.png,True,D:/LUMOS/processed/vertebral_rois/patient_634/Lateral/L3.png,True,D:/LUMOS/processed/vertebral_rois/patient_634/Lateral/L4.png,True
635,AP,D:/LUMOS/processed/preprocessed_images/patient_635/AP.png,D:/LUMOS/processed/segmentation/pseudo_labels/patient_635_AP_mask.png,True,1.118,1.018,1.079,1.118,1.133,1.163,1.202,0,validation,D:/LUMOS/processed/vertebral_rois/patient_635/AP/L1.png,True,D:/LUMOS/processed/vertebral_rois/patient_635/AP/L2.png,True,D:/LUMOS/processed/vertebral_rois/patient_635/AP/L3.png,True,D:/LUMOS/processed/vertebral_rois/patient_635/AP/L4.png,True
635,Lateral,D:/LUMOS/processed/preprocessed_images/patient_635/Lateral.png,D:/LUMOS/processed/segmentation/pseudo_labels/patient_635_Lateral_mask.png,True,1.118,1.018,1.079,1.118,1.133,1.163,1.202,0,validation,D:/LUMOS/processed/vertebral_rois/patient_635/Lateral/L1.png,True,D:/LUMOS/processed/vertebral_rois/patient_635/Lateral/L2.png,True,D:/LUMOS/processed/vertebral_rois/patient_635/Lateral/L3.png,True,D:/LUMOS/processed/vertebral_rois/patient_635/Lateral/L4.png,True
636,AP,D:/LUMOS/processed/preprocessed_images/patient_636/AP.png,D:/LUMOS/processed/segmentation/pseudo_labels/patient_636_AP_mask.png,True,0.995,0.968,0.99,0.995,1.007,1.008,1.017,0,train,D:/LUMOS/processed/vertebral_rois/patient_636/AP/L1.png,True,D:/LUMOS/processed/vertebral_rois/patient_636/AP/L2.png,True,D:/LUMOS/processed/vertebral_rois/patient_636/AP/L3.png,True,D:/LUMOS/processed/vertebral_rois/patient_636/AP/L4.png,True
636,Lateral,D:/LUMOS/processed/preprocessed_images/patient_636/Lateral.png,D:/LUMOS/processed/segmentation/pseudo_labels/patient_636_Lateral_mask.png,True,0.995,0.968,0.99,0.995,1.007,1.008,1.017,0,train,D:/LUMOS/processed/vertebral_rois/patient_636/Lateral/L1.png,True,D:/LUMOS/processed/vertebral_rois/patient_636/Lateral/L2.png,True,D:/LUMOS/processed/vertebral_rois/patient_636/Lateral/L3.png,True,D:/LUMOS/processed/vertebral_rois/patient_636/Lateral/L4.png,True
637,AP,D:/LUMOS/processed/preprocessed_images/patient_637/AP.png,D:/LUMOS/processed/segmentation/pseudo_labels/patient_637_AP_mask.png,True,0.749,0.741,0.724,0.749,0.683,0.731,0.756,2,test,D:/LUMOS/processed/vertebral_rois/patient_637/AP/L1.png,True,D:/LUMOS/processed/vertebral_rois/patient_637/AP/L2.png,True,D:/LUMOS/processed/vertebral_rois/patient_637/AP/L3.png,True,D:/LUMOS/processed/vertebral_rois/patient_637/AP/L4.png,True
637,Lateral,D:/LUMOS/processed/preprocessed_images/patient_637/Lateral.png,D:/LUMOS/processed/segmentation/pseudo_labels/patient_637_Lateral_mask.png,True,0.749,0.741,0.724,0.749,0.683,0.731,0.756,2,test,D:/LUMOS/processed/vertebral_rois/patient_637/Lateral/L1.png,True,D:/LUMOS/processed/vertebral_rois/patient_637/Lateral/L2.png,True,D:/LUMOS/processed/vertebral_rois/patient_637/Lateral/L3.png,True,D:/LUMOS/processed/vertebral_rois/patient_637/Lateral/L4.png,False
638,AP,D:/LUMOS/processed/preprocessed_images/patient_638/AP.png,D:/LUMOS/processed/segmentation/pseudo_labels/patient_638_AP_mask.png,True,0.983,0.946,0.994,0.983,1.046,1.013,1.014,1,validation,D:/LUMOS/processed/vertebral_rois/patient_638/AP/L1.png,True,D:/LUMOS/processed/vertebral_rois/patient_638/AP/L2.png,True,D:/LUMOS/processed/vertebral_rois/patient_638/AP/L3.png,True,D:/LUMOS/processed/vertebral_rois/patient_638/AP/L4.png,True
638,Lateral,D:/LUMOS/processed/preprocessed_images/patient_638/Lateral.png,D:/LUMOS/processed/segmentation/pseudo_labels/patient_638_Lateral_mask.png,True,0.983,0.946,0.994,0.983,1.046,1.013,1.014,1,validation,D:/LUMOS/processed/vertebral_rois/patient_638/Lateral/L1.png,True,D:/LUMOS/processed/vertebral_rois/patient_638/Lateral/L2.png,True,D:/LUMOS/processed/vertebral_rois/patient_638/Lateral/L3.png,True,D:/LUMOS/processed/vertebral_rois/patient_638/Lateral/L4.png,True
639,AP,D:/LUMOS/processed/preprocessed_images/patient_639/AP.png,D:/LUMOS/processed/segmentation/pseudo_labels/patient_639_AP_mask.png,True,0.952,0.984,0.955,0.952,0.923,0.932,0.927,1,train,D:/LUMOS/processed/vertebral_rois/patient_639/AP/L1.png,True,D:/LUMOS/processed/vertebral_rois/patient_639/AP/L2.png,True,D:/LUMOS/processed/vertebral_rois/patient_639/AP/L3.png,True,D:/LUMOS/processed/vertebral_rois/patient_639/AP/L4.png,True
639,Lateral,D:/LUMOS/processed/preprocessed_images/patient_639/Lateral.png,D:/LUMOS/processed/segmentation/pseudo_labels/patient_639_Lateral_mask.png,True,0.952,0.984,0.955,0.952,0.923,0.932,0.927,1,train,D:/LUMOS/processed/vertebral_rois/patient_639/Lateral/L1.png,True,D:/LUMOS/processed/vertebral_rois/patient_639/Lateral/L2.png,True,D:/LUMOS/processed/vertebral_rois/patient_639/Lateral/L3.png,True,D:/LUMOS/processed/vertebral_rois/patient_639/Lateral/L4.png,True
640,AP,D:/LUMOS/processed/preprocessed_images/patient_640/AP.png,D:/LUMOS/processed/segmentation/pseudo_labels/patient_640_AP_mask.png,True,0.897,0.854,0.891,0.897,0.905,0.907,0.932,1,train,D:/LUMOS/processed/vertebral_rois/patient_640/AP/L1.png,True,D:/LUMOS/processed/vertebral_rois/patient_640/AP/L2.png,True,D:/LUMOS/processed/vertebral_rois/patient_640/AP/L3.png,True,D:/LUMOS/processed/vertebral_rois/patient_640/AP/L4.png,True
640,Lateral,D:/LUMOS/processed/preprocessed_images/patient_640/Lateral.png,D:/LUMOS/processed/segmentation/pseudo_labels/patient_640_Lateral_mask.png,True,0.897,0.854,0.891,0.897,0.905,0.907,0.932,1,train,D:/LUMOS/processed/vertebral_rois/patient_640/Lateral/L1.png,True,D:/LUMOS/processed/vertebral_rois/patient_640/Lateral/L2.png,True,D:/LUMOS/processed/vertebral_rois/patient_640/Lateral/L3.png,True,D:/LUMOS/processed/vertebral_rois/patient_640/Lateral/L4.png,True
641,AP,D:/LUMOS/processed/preprocessed_images/patient_641/AP.png,D:/LUMOS/processed/segmentation/pseudo_labels/patient_641_AP_mask.png,True,0.878,0.851,0.861,0.878,0.889,0.902,0.902,1,train,D:/LUMOS/processed/vertebral_rois/patient_641/AP/L1.png,True,D:/LUMOS/processed/vertebral_rois/patient_641/AP/L2.png,True,D:/LUMOS/processed/vertebral_rois/patient_641/AP/L3.png,True,D:/LUMOS/processed/vertebral_rois/patient_641/AP/L4.png,True
641,Lateral,D:/LUMOS/processed/preprocessed_images/patient_641/Lateral.png,D:/LUMOS/processed/segmentation/pseudo_labels/patient_641_Lateral_mask.png,True,0.878,0.851,0.861,0.878,0.889,0.902,0.902,1,train,D:/LUMOS/processed/vertebral_rois/patient_641/Lateral/L1.png,True,D:/LUMOS/processed/vertebral_rois/patient_641/Lateral/L2.png,True,D:/LUMOS/processed/vertebral_rois/patient_641/Lateral/L3.png,True,D:/LUMOS/processed/vertebral_rois/patient_641/Lateral/L4.png,True
642,AP,D:/LUMOS/processed/preprocessed_images/patient_642/AP.png,D:/LUMOS/processed/segmentation/pseudo_labels/patient_642_AP_mask.png,True,0.769,0.605,0.699,0.769,0.752,0.827,0.93,2,validation,D:/LUMOS/processed/vertebral_rois/patient_642/AP/L1.png,True,D:/LUMOS/processed/vertebral_rois/patient_642/AP/L2.png,True,D:/LUMOS/processed/vertebral_rois/patient_642/AP/L3.png,True,D:/LUMOS/processed/vertebral_rois/patient_642/AP/L4.png,True
642,Lateral,D:/LUMOS/processed/preprocessed_images/patient_642/Lateral.png,D:/LUMOS/processed/segmentation/pseudo_labels/patient_642_Lateral_mask.png,True,0.769,0.605,0.699,0.769,0.752,0.827,0.93,2,validation,D:/LUMOS/processed/vertebral_rois/patient_642/Lateral/L1.png,True,D:/LUMOS/processed/vertebral_rois/patient_642/Lateral/L2.png,True,D:/LUMOS/processed/vertebral_rois/patient_642/Lateral/L3.png,True,D:/LUMOS/processed/vertebral_rois/patient_642/Lateral/L4.png,False
643,AP,D:/LUMOS/processed/preprocessed_images/patient_643/AP.png,D:/LUMOS/processed/segmentation/pseudo_labels/patient_643_AP_mask.png,True,0.754,0.722,0.748,0.754,0.753,0.759,0.779,2,test,D:/LUMOS/processed/vertebral_rois/patient_643/AP/L1.png,True,D:/LUMOS/processed/vertebral_rois/patient_643/AP/L2.png,True,D:/LUMOS/processed/vertebral_rois/patient_643/AP/L3.png,True,D:/LUMOS/processed/vertebral_rois/patient_643/AP/L4.png,True
643,Lateral,D:/LUMOS/processed/preprocessed_images/patient_643/Lateral.png,D:/LUMOS/processed/segmentation/pseudo_labels/patient_643_Lateral_mask.png,True,0.754,0.722,0.748,0.754,0.753,0.759,0.779,2,test,D:/LUMOS/processed/vertebral_rois/patient_643/Lateral/L1.png,True,D:/LUMOS/processed/vertebral_rois/patient_643/Lateral/L2.png,False,D:/LUMOS/processed/vertebral_rois/patient_643/Lateral/L3.png,True,D:/LUMOS/processed/vertebral_rois/patient_643/Lateral/L4.png,True
644,AP,D:/LUMOS/processed/preprocessed_images/patient_644/AP.png,D:/LUMOS/processed/segmentation/pseudo_labels/patient_644_AP_mask.png,True,0.718,0.699,0.714,0.718,0.719,0.723,0.735,2,train,D:/LUMOS/processed/vertebral_rois/patient_644/AP/L1.png,True,D:/LUMOS/processed/vertebral_rois/patient_644/AP/L2.png,True,D:/LUMOS/processed/vertebral_rois/patient_644/AP/L3.png,True,D:/LUMOS/processed/vertebral_rois/patient_644/AP/L4.png,True
644,Lateral,D:/LUMOS/processed/preprocessed_images/patient_644/Lateral.png,D:/LUMOS/processed/segmentation/pseudo_labels/patient_644_Lateral_mask.png,True,0.718,0.699,0.714,0.718,0.719,0.723,0.735,2,train,D:/LUMOS/processed/vertebral_rois/patient_644/Lateral/L1.png,True,D:/LUMOS/processed/vertebral_rois/patient_644/Lateral/L2.png,True,D:/LUMOS/processed/vertebral_rois/patient_644/Lateral/L3.png,True,D:/LUMOS/processed/vertebral_rois/patient_644/Lateral/L4.png,True
645,AP,D:/LUMOS/processed/preprocessed_images/patient_645/AP.png,D:/LUMOS/processed/segmentation/pseudo_labels/patient_645_AP_mask.png,True,1.187,1.074,1.133,1.187,1.17,1.227,1.281,0,validation,D:/LUMOS/processed/vertebral_rois/patient_645/AP/L1.png,True,D:/LUMOS/processed/vertebral_rois/patient_645/AP/L2.png,True,D:/LUMOS/processed/vertebral_rois/patient_645/AP/L3.png,True,D:/LUMOS/processed/vertebral_rois/patient_645/AP/L4.png,True
645,Lateral,D:/LUMOS/processed/preprocessed_images/patient_645/Lateral.png,D:/LUMOS/processed/segmentation/pseudo_labels/patient_645_Lateral_mask.png,True,1.187,1.074,1.133,1.187,1.17,1.227,1.281,0,validation,D:/LUMOS/processed/vertebral_rois/patient_645/Lateral/L1.png,True,D:/LUMOS/processed/vertebral_rois/patient_645/Lateral/L2.png,True,D:/LUMOS/processed/vertebral_rois/patient_645/Lateral/L3.png,True,D:/LUMOS/processed/vertebral_rois/patient_645/Lateral/L4.png,True
646,AP,D:/LUMOS/processed/preprocessed_images/patient_646/AP.png,D:/LUMOS/processed/segmentation/pseudo_labels/patient_646_AP_mask.png,True,0.983,0.918,0.944,0.983,0.958,1.003,1.038,1,test,D:/LUMOS/processed/vertebral_rois/patient_646/AP/L1.png,True,D:/LUMOS/processed/vertebral_rois/patient_646/AP/L2.png,True,D:/LUMOS/processed/vertebral_rois/patient_646/AP/L3.png,True,D:/LUMOS/processed/vertebral_rois/patient_646/AP/L4.png,True
646,Lateral,D:/LUMOS/processed/preprocessed_images/patient_646/Lateral.png,D:/LUMOS/processed/segmentation/pseudo_labels/patient_646_Lateral_mask.png,True,0.983,0.918,0.944,0.983,0.958,1.003,1.038,1,test,D:/LUMOS/processed/vertebral_rois/patient_646/Lateral/L1.png,True,D:/LUMOS/processed/vertebral_rois/patient_646/Lateral/L2.png,True,D:/LUMOS/processed/vertebral_rois/patient_646/Lateral/L3.png,True,D:/LUMOS/processed/vertebral_rois/patient_646/Lateral/L4.png,True
647,AP,D:/LUMOS/processed/preprocessed_images/patient_647/AP.png,D:/LUMOS/processed/segmentation/pseudo_labels/patient_647_AP_mask.png,True,1.031,1.01,1.027,1.031,1.062,1.054,1.048,0,train,D:/LUMOS/processed/vertebral_rois/patient_647/AP/L1.png,True,D:/LUMOS/processed/vertebral_rois/patient_647/AP/L2.png,True,D:/LUMOS/processed/vertebral_rois/patient_647/AP/L3.png,True,D:/LUMOS/processed/vertebral_rois/patient_647/AP/L4.png,True
647,Lateral,D:/LUMOS/processed/preprocessed_images/patient_647/Lateral.png,D:/LUMOS/processed/segmentation/pseudo_labels/patient_647_Lateral_mask.png,True,1.031,1.01,1.027,1.031,1.062,1.054,1.048,0,train,D:/LUMOS/processed/vertebral_rois/patient_647/Lateral/L1.png,True,D:/LUMOS/processed/vertebral_rois/patient_647/Lateral/L2.png,True,D:/LUMOS/processed/vertebral_rois/patient_647/Lateral/L3.png,True,D:/LUMOS/processed/vertebral_rois/patient_647/Lateral/L4.png,True
648,AP,D:/LUMOS/processed/preprocessed_images/patient_648/AP.png,D:/LUMOS/processed/segmentation/pseudo_labels/patient_648_AP_mask.png,True,0.903,0.827,0.863,0.903,0.885,0.927,0.963,1,train,D:/LUMOS/processed/vertebral_rois/patient_648/AP/L1.png,True,D:/LUMOS/processed/vertebral_rois/patient_648/AP/L2.png,True,D:/LUMOS/processed/vertebral_rois/patient_648/AP/L3.png,True,D:/LUMOS/processed/vertebral_rois/patient_648/AP/L4.png,True
648,Lateral,D:/LUMOS/processed/preprocessed_images/patient_648/Lateral.png,D:/LUMOS/processed/segmentation/pseudo_labels/patient_648_Lateral_mask.png,True,0.903,0.827,0.863,0.903,0.885,0.927,0.963,1,train,D:/LUMOS/processed/vertebral_rois/patient_648/Lateral/L1.png,True,D:/LUMOS/processed/vertebral_rois/patient_648/Lateral/L2.png,True,D:/LUMOS/processed/vertebral_rois/patient_648/Lateral/L3.png,True,D:/LUMOS/processed/vertebral_rois/patient_648/Lateral/L4.png,True
649,AP,D:/LUMOS/processed/preprocessed_images/patient_649/AP.png,D:/LUMOS/processed/segmentation/pseudo_labels/patient_649_AP_mask.png,True,0.618,0.571,0.581,0.618,0.601,0.643,0.662,2,test,D:/LUMOS/processed/vertebral_rois/patient_649/AP/L1.png,True,D:/LUMOS/processed/vertebral_rois/patient_649/AP/L2.png,True,D:/LUMOS/processed/vertebral_rois/patient_649/AP/L3.png,True,D:/LUMOS/processed/vertebral_rois/patient_649/AP/L4.png,True
649,Lateral,D:/LUMOS/processed/preprocessed_images/patient_649/Lateral.png,D:/LUMOS/processed/segmentation/pseudo_labels/patient_649_Lateral_mask.png,True,0.618,0.571,0.581,0.618,0.601,0.643,0.662,2,test,D:/LUMOS/processed/vertebral_rois/patient_649/Lateral/L1.png,True,D:/LUMOS/processed/vertebral_rois/patient_649/Lateral/L2.png,True,D:/LUMOS/processed/vertebral_rois/patient_649/Lateral/L3.png,True,D:/LUMOS/processed/vertebral_rois/patient_649/Lateral/L4.png,False
650,AP,D:/LUMOS/processed/preprocessed_images/patient_650/AP.png,D:/LUMOS/processed/segmentation/pseudo_labels/patient_650_AP_mask.png,True,1.017,1.004,1.01,1.017,0.994,1.009,1.027,0,validation,D:/LUMOS/processed/vertebral_rois/patient_650/AP/L1.png,True,D:/LUMOS/processed/vertebral_rois/patient_650/AP/L2.png,True,D:/LUMOS/processed/vertebral_rois/patient_650/AP/L3.png,True,D:/LUMOS/processed/vertebral_rois/patient_650/AP/L4.png,True
650,Lateral,D:/LUMOS/processed/preprocessed_images/patient_650/Lateral.png,D:/LUMOS/processed/segmentation/pseudo_labels/patient_650_Lateral_mask.png,True,1.017,1.004,1.01,1.017,0.994,1.009,1.027,0,validation,D:/LUMOS/processed/vertebral_rois/patient_650/Lateral/L1.png,True,D:/LUMOS/processed/vertebral_rois/patient_650/Lateral/L2.png,True,D:/LUMOS/processed/vertebral_rois/patient_650/Lateral/L3.png,True,D:/LUMOS/processed/vertebral_rois/patient_650/Lateral/L4.png,True
651,AP,D:/LUMOS/processed/preprocessed_images/patient_651/AP.png,D:/LUMOS/processed/segmentation/pseudo_labels/patient_651_AP_mask.png,True,0.995,0.927,0.969,0.995,1.041,1.049,1.055,0,train,D:/LUMOS/processed/vertebral_rois/patient_651/AP/L1.png,True,D:/LUMOS/processed/vertebral_rois/patient_651/AP/L2.png,True,D:/LUMOS/processed/vertebral_rois/patient_651/AP/L3.png,True,D:/LUMOS/processed/vertebral_rois/patient_651/AP/L4.png,True
651,Lateral,D:/LUMOS/processed/preprocessed_images/patient_651/Lateral.png,D:/LUMOS/processed/segmentation/pseudo_labels/patient_651_Lateral_mask.png,True,0.995,0.927,0.969,0.995,1.041,1.049,1.055,0,train,D:/LUMOS/processed/vertebral_rois/patient_651/Lateral/L1.png,True,D:/LUMOS/processed/vertebral_rois/patient_651/Lateral/L2.png,True,D:/LUMOS/processed/vertebral_rois/patient_651/Lateral/L3.png,True,D:/LUMOS/processed/vertebral_rois/patient_651/Lateral/L4.png,True
652,AP,D:/LUMOS/processed/preprocessed_images/patient_652/AP.png,D:/LUMOS/processed/segmentation/pseudo_labels/patient_652_AP_mask.png,True,0.709,0.641,0.682,0.709,0.697,0.726,0.766,2,train,D:/LUMOS/processed/vertebral_rois/patient_652/AP/L1.png,True,D:/LUMOS/processed/vertebral_rois/patient_652/AP/L2.png,True,D:/LUMOS/processed/vertebral_rois/patient_652/AP/L3.png,True,D:/LUMOS/processed/vertebral_rois/patient_652/AP/L4.png,True
652,Lateral,D:/LUMOS/processed/preprocessed_images/patient_652/Lateral.png,D:/LUMOS/processed/segmentation/pseudo_labels/patient_652_Lateral_mask.png,True,0.709,0.641,0.682,0.709,0.697,0.726,0.766,2,train,D:/LUMOS/processed/vertebral_rois/patient_652/Lateral/L1.png,True,D:/LUMOS/processed/vertebral_rois/patient_652/Lateral/L2.png,True,D:/LUMOS/processed/vertebral_rois/patient_652/Lateral/L3.png,True,D:/LUMOS/processed/vertebral_rois/patient_652/Lateral/L4.png,True
653,AP,D:/LUMOS/processed/preprocessed_images/patient_653/AP.png,D:/LUMOS/processed/segmentation/pseudo_labels/patient_653_AP_mask.png,True,0.842,0.84,0.844,0.842,0.862,0.852,0.843,1,train,D:/LUMOS/processed/vertebral_rois/patient_653/AP/L1.png,True,D:/LUMOS/processed/vertebral_rois/patient_653/AP/L2.png,True,D:/LUMOS/processed/vertebral_rois/patient_653/AP/L3.png,True,D:/LUMOS/processed/vertebral_rois/patient_653/AP/L4.png,True
653,Lateral,D:/LUMOS/processed/preprocessed_images/patient_653/Lateral.png,D:/LUMOS/processed/segmentation/pseudo_labels/patient_653_Lateral_mask.png,True,0.842,0.84,0.844,0.842,0.862,0.852,0.843,1,train,D:/LUMOS/processed/vertebral_rois/patient_653/Lateral/L1.png,True,D:/LUMOS/processed/vertebral_rois/patient_653/Lateral/L2.png,True,D:/LUMOS/processed/vertebral_rois/patient_653/Lateral/L3.png,True,D:/LUMOS/processed/vertebral_rois/patient_653/Lateral/L4.png,True
654,AP,D:/LUMOS/processed/preprocessed_images/patient_654/AP.png,D:/LUMOS/processed/segmentation/pseudo_labels/patient_654_AP_mask.png,True,0.642,0.654,0.63,0.643,0.615,0.637,0.633,2,validation,D:/LUMOS/processed/vertebral_rois/patient_654/AP/L1.png,True,D:/LUMOS/processed/vertebral_rois/patient_654/AP/L2.png,True,D:/LUMOS/processed/vertebral_rois/patient_654/AP/L3.png,True,D:/LUMOS/processed/vertebral_rois/patient_654/AP/L4.png,True
654,Lateral,D:/LUMOS/processed/preprocessed_images/patient_654/Lateral.png,D:/LUMOS/processed/segmentation/pseudo_labels/patient_654_Lateral_mask.png,True,0.642,0.654,0.63,0.643,0.615,0.637,0.633,2,validation,D:/LUMOS/processed/vertebral_rois/patient_654/Lateral/L1.png,True,D:/LUMOS/processed/vertebral_rois/patient_654/Lateral/L2.png,True,D:/LUMOS/processed/vertebral_rois/patient_654/Lateral/L3.png,True,D:/LUMOS/processed/vertebral_rois/patient_654/Lateral/L4.png,True
655,AP,D:/LUMOS/processed/preprocessed_images/patient_655/AP.png,D:/LUMOS/processed/segmentation/pseudo_labels/patient_655_AP_mask.png,True,0.787,0.794,0.798,0.787,0.8,0.785,0.781,2,train,D:/LUMOS/processed/vertebral_rois/patient_655/AP/L1.png,True,D:/LUMOS/processed/vertebral_rois/patient_655/AP/L2.png,True,D:/LUMOS/processed/vertebral_rois/patient_655/AP/L3.png,True,D:/LUMOS/processed/vertebral_rois/patient_655/AP/L4.png,True
655,Lateral,D:/LUMOS/processed/preprocessed_images/patient_655/Lateral.png,D:/LUMOS/processed/segmentation/pseudo_labels/patient_655_Lateral_mask.png,True,0.787,0.794,0.798,0.787,0.8,0.785,0.781,2,train,D:/LUMOS/processed/vertebral_rois/patient_655/Lateral/L1.png,True,D:/LUMOS/processed/vertebral_rois/patient_655/Lateral/L2.png,True,D:/LUMOS/processed/vertebral_rois/patient_655/Lateral/L3.png,True,D:/LUMOS/processed/vertebral_rois/patient_655/Lateral/L4.png,True
656,AP,D:/LUMOS/processed/preprocessed_images/patient_656/AP.png,D:/LUMOS/processed/segmentation/pseudo_labels/patient_656_AP_mask.png,True,1.147,1.094,1.133,1.147,1.143,1.157,1.19,0,train,D:/LUMOS/processed/vertebral_rois/patient_656/AP/L1.png,True,D:/LUMOS/processed/vertebral_rois/patient_656/AP/L2.png,True,D:/LUMOS/processed/vertebral_rois/patient_656/AP/L3.png,True,D:/LUMOS/processed/vertebral_rois/patient_656/AP/L4.png,True
656,Lateral,D:/LUMOS/processed/preprocessed_images/patient_656/Lateral.png,D:/LUMOS/processed/segmentation/pseudo_labels/patient_656_Lateral_mask.png,True,1.147,1.094,1.133,1.147,1.143,1.157,1.19,0,train,D:/LUMOS/processed/vertebral_rois/patient_656/Lateral/L1.png,True,D:/LUMOS/processed/vertebral_rois/patient_656/Lateral/L2.png,True,D:/LUMOS/processed/vertebral_rois/patient_656/Lateral/L3.png,True,D:/LUMOS/processed/vertebral_rois/patient_656/Lateral/L4.png,True
657,AP,D:/LUMOS/processed/preprocessed_images/patient_657/AP.png,D:/LUMOS/processed/segmentation/pseudo_labels/patient_657_AP_mask.png,True,1.109,1.06,1.098,1.109,1.137,1.136,1.148,0,test,D:/LUMOS/processed/vertebral_rois/patient_657/AP/L1.png,True,D:/LUMOS/processed/vertebral_rois/patient_657/AP/L2.png,True,D:/LUMOS/processed/vertebral_rois/patient_657/AP/L3.png,True,D:/LUMOS/processed/vertebral_rois/patient_657/AP/L4.png,True
657,Lateral,D:/LUMOS/processed/preprocessed_images/patient_657/Lateral.png,D:/LUMOS/processed/segmentation/pseudo_labels/patient_657_Lateral_mask.png,True,1.109,1.06,1.098,1.109,1.137,1.136,1.148,0,test,D:/LUMOS/processed/vertebral_rois/patient_657/Lateral/L1.png,True,D:/LUMOS/processed/vertebral_rois/patient_657/Lateral/L2.png,True,D:/LUMOS/processed/vertebral_rois/patient_657/Lateral/L3.png,True,D:/LUMOS/processed/vertebral_rois/patient_657/Lateral/L4.png,True
658,AP,D:/LUMOS/processed/preprocessed_images/patient_658/AP.png,D:/LUMOS/processed/segmentation/pseudo_labels/patient_658_AP_mask.png,True,1.744,1.659,1.737,1.744,1.825,1.801,1.812,0,test,D:/LUMOS/processed/vertebral_rois/patient_658/AP/L1.png,True,D:/LUMOS/processed/vertebral_rois/patient_658/AP/L2.png,True,D:/LUMOS/processed/vertebral_rois/patient_658/AP/L3.png,False,D:/LUMOS/processed/vertebral_rois/patient_658/AP/L4.png,True
658,Lateral,D:/LUMOS/processed/preprocessed_images/patient_658/Lateral.png,D:/LUMOS/processed/segmentation/pseudo_labels/patient_658_Lateral_mask.png,True,1.744,1.659,1.737,1.744,1.825,1.801,1.812,0,test,D:/LUMOS/processed/vertebral_rois/patient_658/Lateral/L1.png,True,D:/LUMOS/processed/vertebral_rois/patient_658/Lateral/L2.png,True,D:/LUMOS/processed/vertebral_rois/patient_658/Lateral/L3.png,True,D:/LUMOS/processed/vertebral_rois/patient_658/Lateral/L4.png,True
659,AP,D:/LUMOS/processed/preprocessed_images/patient_659/AP.png,D:/LUMOS/processed/segmentation/pseudo_labels/patient_659_AP_mask.png,True,0.816,0.752,0.804,0.816,0.81,0.823,0.87,1,validation,D:/LUMOS/processed/vertebral_rois/patient_659/AP/L1.png,True,D:/LUMOS/processed/vertebral_rois/patient_659/AP/L2.png,True,D:/LUMOS/processed/vertebral_rois/patient_659/AP/L3.png,True,D:/LUMOS/processed/vertebral_rois/patient_659/AP/L4.png,True
659,Lateral,D:/LUMOS/processed/preprocessed_images/patient_659/Lateral.png,D:/LUMOS/processed/segmentation/pseudo_labels/patient_659_Lateral_mask.png,True,0.816,0.752,0.804,0.816,0.81,0.823,0.87,1,validation,D:/LUMOS/processed/vertebral_rois/patient_659/Lateral/L1.png,True,D:/LUMOS/processed/vertebral_rois/patient_659/Lateral/L2.png,True,D:/LUMOS/processed/vertebral_rois/patient_659/Lateral/L3.png,True,D:/LUMOS/processed/vertebral_rois/patient_659/Lateral/L4.png,True
660,AP,D:/LUMOS/processed/preprocessed_images/patient_660/AP.png,D:/LUMOS/processed/segmentation/pseudo_labels/patient_660_AP_mask.png,True,1.05,0.949,1.0,1.05,1.03,1.083,1.133,0,train,D:/LUMOS/processed/vertebral_rois/patient_660/AP/L1.png,True,D:/LUMOS/processed/vertebral_rois/patient_660/AP/L2.png,True,D:/LUMOS/processed/vertebral_rois/patient_660/AP/L3.png,True,D:/LUMOS/processed/vertebral_rois/patient_660/AP/L4.png,True
660,Lateral,D:/LUMOS/processed/preprocessed_images/patient_660/Lateral.png,D:/LUMOS/processed/segmentation/pseudo_labels/patient_660_Lateral_mask.png,True,1.05,0.949,1.0,1.05,1.03,1.083,1.133,0,train,D:/LUMOS/processed/vertebral_rois/patient_660/Lateral/L1.png,True,D:/LUMOS/processed/vertebral_rois/patient_660/Lateral/L2.png,True,D:/LUMOS/processed/vertebral_rois/patient_660/Lateral/L3.png,True,D:/LUMOS/processed/vertebral_rois/patient_660/Lateral/L4.png,True
661,AP,D:/LUMOS/processed/preprocessed_images/patient_661/AP.png,D:/LUMOS/processed/segmentation/pseudo_labels/patient_661_AP_mask.png,True,0.875,0.763,0.836,0.875,0.887,0.917,0.967,1,test,D:/LUMOS/processed/vertebral_rois/patient_661/AP/L1.png,True,D:/LUMOS/processed/vertebral_rois/patient_661/AP/L2.png,True,D:/LUMOS/processed/vertebral_rois/patient_661/AP/L3.png,True,D:/LUMOS/processed/vertebral_rois/patient_661/AP/L4.png,True
661,Lateral,D:/LUMOS/processed/preprocessed_images/patient_661/Lateral.png,D:/LUMOS/processed/segmentation/pseudo_labels/patient_661_Lateral_mask.png,True,0.875,0.763,0.836,0.875,0.887,0.917,0.967,1,test,D:/LUMOS/processed/vertebral_rois/patient_661/Lateral/L1.png,True,D:/LUMOS/processed/vertebral_rois/patient_661/Lateral/L2.png,True,D:/LUMOS/processed/vertebral_rois/patient_661/Lateral/L3.png,True,D:/LUMOS/processed/vertebral_rois/patient_661/Lateral/L4.png,False
662,AP,D:/LUMOS/processed/preprocessed_images/patient_662/AP.png,D:/LUMOS/processed/segmentation/pseudo_labels/patient_662_AP_mask.png,True,1.056,0.992,1.056,1.056,1.083,1.073,1.105,0,train,D:/LUMOS/processed/vertebral_rois/patient_662/AP/L1.png,True,D:/LUMOS/processed/vertebral_rois/patient_662/AP/L2.png,True,D:/LUMOS/processed/vertebral_rois/patient_662/AP/L3.png,True,D:/LUMOS/processed/vertebral_rois/patient_662/AP/L4.png,True
662,Lateral,D:/LUMOS/processed/preprocessed_images/patient_662/Lateral.png,D:/LUMOS/processed/segmentation/pseudo_labels/patient_662_Lateral_mask.png,True,1.056,0.992,1.056,1.056,1.083,1.073,1.105,0,train,D:/LUMOS/processed/vertebral_rois/patient_662/Lateral/L1.png,True,D:/LUMOS/processed/vertebral_rois/patient_662/Lateral/L2.png,True,D:/LUMOS/processed/vertebral_rois/patient_662/Lateral/L3.png,True,D:/LUMOS/processed/vertebral_rois/patient_662/Lateral/L4.png,True
663,AP,D:/LUMOS/processed/preprocessed_images/patient_663/AP.png,D:/LUMOS/processed/segmentation/pseudo_labels/patient_663_AP_mask.png,True,0.875,0.834,0.857,0.875,0.883,0.896,0.906,1,train,D:/LUMOS/processed/vertebral_rois/patient_663/AP/L1.png,True,D:/LUMOS/processed/vertebral_rois/patient_663/AP/L2.png,True,D:/LUMOS/processed/vertebral_rois/patient_663/AP/L3.png,True,D:/LUMOS/processed/vertebral_rois/patient_663/AP/L4.png,True
663,Lateral,D:/LUMOS/processed/preprocessed_images/patient_663/Lateral.png,D:/LUMOS/processed/segmentation/pseudo_labels/patient_663_Lateral_mask.png,True,0.875,0.834,0.857,0.875,0.883,0.896,0.906,1,train,D:/LUMOS/processed/vertebral_rois/patient_663/Lateral/L1.png,True,D:/LUMOS/processed/vertebral_rois/patient_663/Lateral/L2.png,True,D:/LUMOS/processed/vertebral_rois/patient_663/Lateral/L3.png,True,D:/LUMOS/processed/vertebral_rois/patient_663/Lateral/L4.png,True
664,AP,D:/LUMOS/processed/preprocessed_images/patient_664/AP.png,D:/LUMOS/processed/segmentation/pseudo_labels/patient_664_AP_mask.png,True,1.019,0.914,0.986,1.019,1.039,1.064,1.115,0,test,D:/LUMOS/processed/vertebral_rois/patient_664/AP/L1.png,True,D:/LUMOS/processed/vertebral_rois/patient_664/AP/L2.png,True,D:/LUMOS/processed/vertebral_rois/patient_664/AP/L3.png,True,D:/LUMOS/processed/vertebral_rois/patient_664/AP/L4.png,True
664,Lateral,D:/LUMOS/processed/preprocessed_images/patient_664/Lateral.png,D:/LUMOS/processed/segmentation/pseudo_labels/patient_664_Lateral_mask.png,True,1.019,0.914,0.986,1.019,1.039,1.064,1.115,0,test,D:/LUMOS/processed/vertebral_rois/patient_664/Lateral/L1.png,True,D:/LUMOS/processed/vertebral_rois/patient_664/Lateral/L2.png,True,D:/LUMOS/processed/vertebral_rois/patient_664/Lateral/L3.png,True,D:/LUMOS/processed/vertebral_rois/patient_664/Lateral/L4.png,True
665,AP,D:/LUMOS/processed/preprocessed_images/patient_665/AP.png,D:/LUMOS/processed/segmentation/pseudo_labels/patient_665_AP_mask.png,True,0.794,0.653,0.745,0.794,0.801,0.84,0.906,2,validation,D:/LUMOS/processed/vertebral_rois/patient_665/AP/L1.png,True,D:/LUMOS/processed/vertebral_rois/patient_665/AP/L2.png,True,D:/LUMOS/processed/vertebral_rois/patient_665/AP/L3.png,True,D:/LUMOS/processed/vertebral_rois/patient_665/AP/L4.png,True
665,Lateral,D:/LUMOS/processed/preprocessed_images/patient_665/Lateral.png,D:/LUMOS/processed/segmentation/pseudo_labels/patient_665_Lateral_mask.png,True,0.794,0.653,0.745,0.794,0.801,0.84,0.906,2,validation,D:/LUMOS/processed/vertebral_rois/patient_665/Lateral/L1.png,True,D:/LUMOS/processed/vertebral_rois/patient_665/Lateral/L2.png,True,D:/LUMOS/processed/vertebral_rois/patient_665/Lateral/L3.png,True,D:/LUMOS/processed/vertebral_rois/patient_665/Lateral/L4.png,True
666,AP,D:/LUMOS/processed/preprocessed_images/patient_666/AP.png,D:/LUMOS/processed/segmentation/pseudo_labels/patient_666_AP_mask.png,True,0.841,0.788,0.809,0.842,0.831,0.865,0.887,1,train,D:/LUMOS/processed/vertebral_rois/patient_666/AP/L1.png,True,D:/LUMOS/processed/vertebral_rois/patient_666/AP/L2.png,True,D:/LUMOS/processed/vertebral_rois/patient_666/AP/L3.png,True,D:/LUMOS/processed/vertebral_rois/patient_666/AP/L4.png,True
666,Lateral,D:/LUMOS/processed/preprocessed_images/patient_666/Lateral.png,D:/LUMOS/processed/segmentation/pseudo_labels/patient_666_Lateral_mask.png,True,0.841,0.788,0.809,0.842,0.831,0.865,0.887,1,train,D:/LUMOS/processed/vertebral_rois/patient_666/Lateral/L1.png,True,D:/LUMOS/processed/vertebral_rois/patient_666/Lateral/L2.png,True,D:/LUMOS/processed/vertebral_rois/patient_666/Lateral/L3.png,True,D:/LUMOS/processed/vertebral_rois/patient_666/Lateral/L4.png,True
667,AP,D:/LUMOS/processed/preprocessed_images/patient_667/AP.png,D:/LUMOS/processed/segmentation/pseudo_labels/patient_667_AP_mask.png,True,0.72,0.709,0.725,0.72,0.73,0.722,0.729,2,train,D:/LUMOS/processed/vertebral_rois/patient_667/AP/L1.png,True,D:/LUMOS/processed/vertebral_rois/patient_667/AP/L2.png,True,D:/LUMOS/processed/vertebral_rois/patient_667/AP/L3.png,True,D:/LUMOS/processed/vertebral_rois/patient_667/AP/L4.png,True
667,Lateral,D:/LUMOS/processed/preprocessed_images/patient_667/Lateral.png,D:/LUMOS/processed/segmentation/pseudo_labels/patient_667_Lateral_mask.png,True,0.72,0.709,0.725,0.72,0.73,0.722,0.729,2,train,D:/LUMOS/processed/vertebral_rois/patient_667/Lateral/L1.png,True,D:/LUMOS/processed/vertebral_rois/patient_667/Lateral/L2.png,True,D:/LUMOS/processed/vertebral_rois/patient_667/Lateral/L3.png,True,D:/LUMOS/processed/vertebral_rois/patient_667/Lateral/L4.png,True
668,AP,D:/LUMOS/processed/preprocessed_images/patient_668/AP.png,D:/LUMOS/processed/segmentation/pseudo_labels/patient_668_AP_mask.png,True,0.752,0.707,0.726,0.752,0.728,0.76,0.787,2,train,D:/LUMOS/processed/vertebral_rois/patient_668/AP/L1.png,True,D:/LUMOS/processed/vertebral_rois/patient_668/AP/L2.png,True,D:/LUMOS/processed/vertebral_rois/patient_668/AP/L3.png,False,D:/LUMOS/processed/vertebral_rois/patient_668/AP/L4.png,True
668,Lateral,D:/LUMOS/processed/preprocessed_images/patient_668/Lateral.png,D:/LUMOS/processed/segmentation/pseudo_labels/patient_668_Lateral_mask.png,True,0.752,0.707,0.726,0.752,0.728,0.76,0.787,2,train,D:/LUMOS/processed/vertebral_rois/patient_668/Lateral/L1.png,True,D:/LUMOS/processed/vertebral_rois/patient_668/Lateral/L2.png,True,D:/LUMOS/processed/vertebral_rois/patient_668/Lateral/L3.png,True,D:/LUMOS/processed/vertebral_rois/patient_668/Lateral/L4.png,True
669,AP,D:/LUMOS/processed/preprocessed_images/patient_669/AP.png,D:/LUMOS/processed/segmentation/pseudo_labels/patient_669_AP_mask.png,True,0.97,0.856,0.943,0.97,1.011,1.022,1.065,1,test,D:/LUMOS/processed/vertebral_rois/patient_669/AP/L1.png,True,D:/LUMOS/processed/vertebral_rois/patient_669/AP/L2.png,False,D:/LUMOS/processed/vertebral_rois/patient_669/AP/L3.png,True,D:/LUMOS/processed/vertebral_rois/patient_669/AP/L4.png,True
669,Lateral,D:/LUMOS/processed/preprocessed_images/patient_669/Lateral.png,D:/LUMOS/processed/segmentation/pseudo_labels/patient_669_Lateral_mask.png,True,0.97,0.856,0.943,0.97,1.011,1.022,1.065,1,test,D:/LUMOS/processed/vertebral_rois/patient_669/Lateral/L1.png,True,D:/LUMOS/processed/vertebral_rois/patient_669/Lateral/L2.png,False,D:/LUMOS/processed/vertebral_rois/patient_669/Lateral/L3.png,True,D:/LUMOS/processed/vertebral_rois/patient_669/Lateral/L4.png,True
670,AP,D:/LUMOS/processed/preprocessed_images/patient_670/AP.png,D:/LUMOS/processed/segmentation/pseudo_labels/patient_670_AP_mask.png,True,1.08,1.073,1.081,1.08,1.07,1.074,1.086,0,train,D:/LUMOS/processed/vertebral_rois/patient_670/AP/L1.png,True,D:/LUMOS/processed/vertebral_rois/patient_670/AP/L2.png,True,D:/LUMOS/processed/vertebral_rois/patient_670/AP/L3.png,True,D:/LUMOS/processed/vertebral_rois/patient_670/AP/L4.png,True
670,Lateral,D:/LUMOS/processed/preprocessed_images/patient_670/Lateral.png,D:/LUMOS/processed/segmentation/pseudo_labels/patient_670_Lateral_mask.png,True,1.08,1.073,1.081,1.08,1.07,1.074,1.086,0,train,D:/LUMOS/processed/vertebral_rois/patient_670/Lateral/L1.png,True,D:/LUMOS/processed/vertebral_rois/patient_670/Lateral/L2.png,True,D:/LUMOS/processed/vertebral_rois/patient_670/Lateral/L3.png,True,D:/LUMOS/processed/vertebral_rois/patient_670/Lateral/L4.png,True
671,AP,D:/LUMOS/processed/preprocessed_images/patient_671/AP.png,D:/LUMOS/processed/segmentation/pseudo_labels/patient_671_AP_mask.png,True,0.984,0.932,0.956,0.984,0.954,0.991,1.035,1,test,D:/LUMOS/processed/vertebral_rois/patient_671/AP/L1.png,True,D:/LUMOS/processed/vertebral_rois/patient_671/AP/L2.png,True,D:/LUMOS/processed/vertebral_rois/patient_671/AP/L3.png,True,D:/LUMOS/processed/vertebral_rois/patient_671/AP/L4.png,True
671,Lateral,D:/LUMOS/processed/preprocessed_images/patient_671/Lateral.png,D:/LUMOS/processed/segmentation/pseudo_labels/patient_671_Lateral_mask.png,True,0.984,0.932,0.956,0.984,0.954,0.991,1.035,1,test,D:/LUMOS/processed/vertebral_rois/patient_671/Lateral/L1.png,True,D:/LUMOS/processed/vertebral_rois/patient_671/Lateral/L2.png,True,D:/LUMOS/processed/vertebral_rois/patient_671/Lateral/L3.png,True,D:/LUMOS/processed/vertebral_rois/patient_671/Lateral/L4.png,True
672,AP,D:/LUMOS/processed/preprocessed_images/patient_672/AP.png,D:/LUMOS/processed/segmentation/pseudo_labels/patient_672_AP_mask.png,True,1.021,1.01,1.023,1.021,1.027,1.023,1.03,0,train,D:/LUMOS/processed/vertebral_rois/patient_672/AP/L1.png,True,D:/LUMOS/processed/vertebral_rois/patient_672/AP/L2.png,True,D:/LUMOS/processed/vertebral_rois/patient_672/AP/L3.png,True,D:/LUMOS/processed/vertebral_rois/patient_672/AP/L4.png,True
672,Lateral,D:/LUMOS/processed/preprocessed_images/patient_672/Lateral.png,D:/LUMOS/processed/segmentation/pseudo_labels/patient_672_Lateral_mask.png,True,1.021,1.01,1.023,1.021,1.027,1.023,1.03,0,train,D:/LUMOS/processed/vertebral_rois/patient_672/Lateral/L1.png,True,D:/LUMOS/processed/vertebral_rois/patient_672/Lateral/L2.png,True,D:/LUMOS/processed/vertebral_rois/patient_672/Lateral/L3.png,True,D:/LUMOS/processed/vertebral_rois/patient_672/Lateral/L4.png,True
673,AP,D:/LUMOS/processed/preprocessed_images/patient_673/AP.png,D:/LUMOS/processed/segmentation/pseudo_labels/patient_673_AP_mask.png,True,0.65,0.596,0.621,0.65,0.643,0.671,0.691,2,train,D:/LUMOS/processed/vertebral_rois/patient_673/AP/L1.png,True,D:/LUMOS/processed/vertebral_rois/patient_673/AP/L2.png,True,D:/LUMOS/processed/vertebral_rois/patient_673/AP/L3.png,True,D:/LUMOS/processed/vertebral_rois/patient_673/AP/L4.png,True
673,Lateral,D:/LUMOS/processed/preprocessed_images/patient_673/Lateral.png,D:/LUMOS/processed/segmentation/pseudo_labels/patient_673_Lateral_mask.png,True,0.65,0.596,0.621,0.65,0.643,0.671,0.691,2,train,D:/LUMOS/processed/vertebral_rois/patient_673/Lateral/L1.png,True,D:/LUMOS/processed/vertebral_rois/patient_673/Lateral/L2.png,True,D:/LUMOS/processed/vertebral_rois/patient_673/Lateral/L3.png,True,D:/LUMOS/processed/vertebral_rois/patient_673/Lateral/L4.png,False
674,AP,D:/LUMOS/processed/preprocessed_images/patient_674/AP.png,D:/LUMOS/processed/segmentation/pseudo_labels/patient_674_AP_mask.png,True,1.023,0.982,1.009,1.023,1.014,1.031,1.057,0,train,D:/LUMOS/processed/vertebral_rois/patient_674/AP/L1.png,True,D:/LUMOS/processed/vertebral_rois/patient_674/AP/L2.png,True,D:/LUMOS/processed/vertebral_rois/patient_674/AP/L3.png,True,D:/LUMOS/processed/vertebral_rois/patient_674/AP/L4.png,True
674,Lateral,D:/LUMOS/processed/preprocessed_images/patient_674/Lateral.png,D:/LUMOS/processed/segmentation/pseudo_labels/patient_674_Lateral_mask.png,True,1.023,0.982,1.009,1.023,1.014,1.031,1.057,0,train,D:/LUMOS/processed/vertebral_rois/patient_674/Lateral/L1.png,True,D:/LUMOS/processed/vertebral_rois/patient_674/Lateral/L2.png,True,D:/LUMOS/processed/vertebral_rois/patient_674/Lateral/L3.png,True,D:/LUMOS/processed/vertebral_rois/patient_674/Lateral/L4.png,True
675,AP,D:/LUMOS/processed/preprocessed_images/patient_675/AP.png,D:/LUMOS/processed/segmentation/pseudo_labels/patient_675_AP_mask.png,True,0.716,0.686,0.68,0.716,0.669,0.718,0.737,2,test,D:/LUMOS/processed/vertebral_rois/patient_675/AP/L1.png,True,D:/LUMOS/processed/vertebral_rois/patient_675/AP/L2.png,True,D:/LUMOS/processed/vertebral_rois/patient_675/AP/L3.png,True,D:/LUMOS/processed/vertebral_rois/patient_675/AP/L4.png,True
675,Lateral,D:/LUMOS/processed/preprocessed_images/patient_675/Lateral.png,D:/LUMOS/processed/segmentation/pseudo_labels/patient_675_Lateral_mask.png,True,0.716,0.686,0.68,0.716,0.669,0.718,0.737,2,test,D:/LUMOS/processed/vertebral_rois/patient_675/Lateral/L1.png,True,D:/LUMOS/processed/vertebral_rois/patient_675/Lateral/L2.png,True,D:/LUMOS/processed/vertebral_rois/patient_675/Lateral/L3.png,True,D:/LUMOS/processed/vertebral_rois/patient_675/Lateral/L4.png,False
676,AP,D:/LUMOS/processed/preprocessed_images/patient_676/AP.png,D:/LUMOS/processed/segmentation/pseudo_labels/patient_676_AP_mask.png,True,0.712,0.686,0.718,0.712,0.724,0.714,0.732,2,train,D:/LUMOS/processed/vertebral_rois/patient_676/AP/L1.png,True,D:/LUMOS/processed/vertebral_rois/patient_676/AP/L2.png,True,D:/LUMOS/processed/vertebral_rois/patient_676/AP/L3.png,True,D:/LUMOS/processed/vertebral_rois/patient_676/AP/L4.png,True
676,Lateral,D:/LUMOS/processed/preprocessed_images/patient_676/Lateral.png,D:/LUMOS/processed/segmentation/pseudo_labels/patient_676_Lateral_mask.png,True,0.712,0.686,0.718,0.712,0.724,0.714,0.732,2,train,D:/LUMOS/processed/vertebral_rois/patient_676/Lateral/L1.png,True,D:/LUMOS/processed/vertebral_rois/patient_676/Lateral/L2.png,True,D:/LUMOS/processed/vertebral_rois/patient_676/Lateral/L3.png,True,D:/LUMOS/processed/vertebral_rois/patient_676/Lateral/L4.png,True
677,AP,D:/LUMOS/processed/preprocessed_images/patient_677/AP.png,D:/LUMOS/processed/segmentation/pseudo_labels/patient_677_AP_mask.png,True,0.95,0.873,0.915,0.95,0.943,0.978,1.016,1,train,D:/LUMOS/processed/vertebral_rois/patient_677/AP/L1.png,True,D:/LUMOS/processed/vertebral_rois/patient_677/AP/L2.png,True,D:/LUMOS/processed/vertebral_rois/patient_677/AP/L3.png,True,D:/LUMOS/processed/vertebral_rois/patient_677/AP/L4.png,True
677,Lateral,D:/LUMOS/processed/preprocessed_images/patient_677/Lateral.png,D:/LUMOS/processed/segmentation/pseudo_labels/patient_677_Lateral_mask.png,True,0.95,0.873,0.915,0.95,0.943,0.978,1.016,1,train,D:/LUMOS/processed/vertebral_rois/patient_677/Lateral/L1.png,True,D:/LUMOS/processed/vertebral_rois/patient_677/Lateral/L2.png,True,D:/LUMOS/processed/vertebral_rois/patient_677/Lateral/L3.png,True,D:/LUMOS/processed/vertebral_rois/patient_677/Lateral/L4.png,True
678,AP,D:/LUMOS/processed/preprocessed_images/patient_678/AP.png,D:/LUMOS/processed/segmentation/pseudo_labels/patient_678_AP_mask.png,True,0.841,0.781,0.835,0.841,0.883,0.874,0.89,1,train,D:/LUMOS/processed/vertebral_rois/patient_678/AP/L1.png,True,D:/LUMOS/processed/vertebral_rois/patient_678/AP/L2.png,True,D:/LUMOS/processed/vertebral_rois/patient_678/AP/L3.png,True,D:/LUMOS/processed/vertebral_rois/patient_678/AP/L4.png,True
678,Lateral,D:/LUMOS/processed/preprocessed_images/patient_678/Lateral.png,D:/LUMOS/processed/segmentation/pseudo_labels/patient_678_Lateral_mask.png,True,0.841,0.781,0.835,0.841,0.883,0.874,0.89,1,train,D:/LUMOS/processed/vertebral_rois/patient_678/Lateral/L1.png,True,D:/LUMOS/processed/vertebral_rois/patient_678/Lateral/L2.png,True,D:/LUMOS/processed/vertebral_rois/patient_678/Lateral/L3.png,True,D:/LUMOS/processed/vertebral_rois/patient_678/Lateral/L4.png,True
679,AP,D:/LUMOS/processed/preprocessed_images/patient_679/AP.png,D:/LUMOS/processed/segmentation/pseudo_labels/patient_679_AP_mask.png,True,0.652,0.582,0.615,0.652,0.631,0.672,0.709,2,train,D:/LUMOS/processed/vertebral_rois/patient_679/AP/L1.png,True,D:/LUMOS/processed/vertebral_rois/patient_679/AP/L2.png,True,D:/LUMOS/processed/vertebral_rois/patient_679/AP/L3.png,True,D:/LUMOS/processed/vertebral_rois/patient_679/AP/L4.png,True
679,Lateral,D:/LUMOS/processed/preprocessed_images/patient_679/Lateral.png,D:/LUMOS/processed/segmentation/pseudo_labels/patient_679_Lateral_mask.png,True,0.652,0.582,0.615,0.652,0.631,0.672,0.709,2,train,D:/LUMOS/processed/vertebral_rois/patient_679/Lateral/L1.png,True,D:/LUMOS/processed/vertebral_rois/patient_679/Lateral/L2.png,True,D:/LUMOS/processed/vertebral_rois/patient_679/Lateral/L3.png,True,D:/LUMOS/processed/vertebral_rois/patient_679/Lateral/L4.png,True
680,AP,D:/LUMOS/processed/preprocessed_images/patient_680/AP.png,D:/LUMOS/processed/segmentation/pseudo_labels/patient_680_AP_mask.png,True,1.07496947496948,1.05,1.063,1.075,1.086,1.094,1.099,0,train,D:/LUMOS/processed/vertebral_rois/patient_680/AP/L1.png,True,D:/LUMOS/processed/vertebral_rois/patient_680/AP/L2.png,True,D:/LUMOS/processed/vertebral_rois/patient_680/AP/L3.png,True,D:/LUMOS/processed/vertebral_rois/patient_680/AP/L4.png,True
680,Lateral,D:/LUMOS/processed/preprocessed_images/patient_680/Lateral.png,D:/LUMOS/processed/segmentation/pseudo_labels/patient_680_Lateral_mask.png,True,1.07496947496948,1.05,1.063,1.075,1.086,1.094,1.099,0,train,D:/LUMOS/processed/vertebral_rois/patient_680/Lateral/L1.png,True,D:/LUMOS/processed/vertebral_rois/patient_680/Lateral/L2.png,True,D:/LUMOS/processed/vertebral_rois/patient_680/Lateral/L3.png,True,D:/LUMOS/processed/vertebral_rois/patient_680/Lateral/L4.png,True
681,AP,D:/LUMOS/processed/preprocessed_images/patient_681/AP.png,D:/LUMOS/processed/segmentation/pseudo_labels/patient_681_AP_mask.png,True,1.001,0.868,0.966,1.001,1.031,1.055,1.114,0,test,D:/LUMOS/processed/vertebral_rois/patient_681/AP/L1.png,True,D:/LUMOS/processed/vertebral_rois/patient_681/AP/L2.png,True,D:/LUMOS/processed/vertebral_rois/patient_681/AP/L3.png,False,D:/LUMOS/processed/vertebral_rois/patient_681/AP/L4.png,True
681,Lateral,D:/LUMOS/processed/preprocessed_images/patient_681/Lateral.png,D:/LUMOS/processed/segmentation/pseudo_labels/patient_681_Lateral_mask.png,True,1.001,0.868,0.966,1.001,1.031,1.055,1.114,0,test,D:/LUMOS/processed/vertebral_rois/patient_681/Lateral/L1.png,True,D:/LUMOS/processed/vertebral_rois/patient_681/Lateral/L2.png,True,D:/LUMOS/processed/vertebral_rois/patient_681/Lateral/L3.png,True,D:/LUMOS/processed/vertebral_rois/patient_681/Lateral/L4.png,False
682,AP,D:/LUMOS/processed/preprocessed_images/patient_682/AP.png,D:/LUMOS/processed/segmentation/pseudo_labels/patient_682_AP_mask.png,True,1.059,0.984,1.032,1.062,1.075,1.098,1.127,0,train,D:/LUMOS/processed/vertebral_rois/patient_682/AP/L1.png,True,D:/LUMOS/processed/vertebral_rois/patient_682/AP/L2.png,True,D:/LUMOS/processed/vertebral_rois/patient_682/AP/L3.png,True,D:/LUMOS/processed/vertebral_rois/patient_682/AP/L4.png,True
682,Lateral,D:/LUMOS/processed/preprocessed_images/patient_682/Lateral.png,D:/LUMOS/processed/segmentation/pseudo_labels/patient_682_Lateral_mask.png,True,1.059,0.984,1.032,1.062,1.075,1.098,1.127,0,train,D:/LUMOS/processed/vertebral_rois/patient_682/Lateral/L1.png,True,D:/LUMOS/processed/vertebral_rois/patient_682/Lateral/L2.png,True,D:/LUMOS/processed/vertebral_rois/patient_682/Lateral/L3.png,True,D:/LUMOS/processed/vertebral_rois/patient_682/Lateral/L4.png,True
683,AP,D:/LUMOS/processed/preprocessed_images/patient_683/AP.png,D:/LUMOS/processed/segmentation/pseudo_labels/patient_683_AP_mask.png,True,0.73,0.649,0.681,0.73,0.7,0.757,0.801,2,validation,D:/LUMOS/processed/vertebral_rois/patient_683/AP/L1.png,True,D:/LUMOS/processed/vertebral_rois/patient_683/AP/L2.png,False,D:/LUMOS/processed/vertebral_rois/patient_683/AP/L3.png,True,D:/LUMOS/processed/vertebral_rois/patient_683/AP/L4.png,True
683,Lateral,D:/LUMOS/processed/preprocessed_images/patient_683/Lateral.png,D:/LUMOS/processed/segmentation/pseudo_labels/patient_683_Lateral_mask.png,True,0.73,0.649,0.681,0.73,0.7,0.757,0.801,2,validation,D:/LUMOS/processed/vertebral_rois/patient_683/Lateral/L1.png,True,D:/LUMOS/processed/vertebral_rois/patient_683/Lateral/L2.png,True,D:/LUMOS/processed/vertebral_rois/patient_683/Lateral/L3.png,True,D:/LUMOS/processed/vertebral_rois/patient_683/Lateral/L4.png,False
684,AP,D:/LUMOS/processed/preprocessed_images/patient_684/AP.png,D:/LUMOS/processed/segmentation/pseudo_labels/patient_684_AP_mask.png,True,0.836,0.764,0.791,0.836,0.818,0.867,0.903,1,train,D:/LUMOS/processed/vertebral_rois/patient_684/AP/L1.png,True,D:/LUMOS/processed/vertebral_rois/patient_684/AP/L2.png,True,D:/LUMOS/processed/vertebral_rois/patient_684/AP/L3.png,True,D:/LUMOS/processed/vertebral_rois/patient_684/AP/L4.png,True
684,Lateral,D:/LUMOS/processed/preprocessed_images/patient_684/Lateral.png,D:/LUMOS/processed/segmentation/pseudo_labels/patient_684_Lateral_mask.png,True,0.836,0.764,0.791,0.836,0.818,0.867,0.903,1,train,D:/LUMOS/processed/vertebral_rois/patient_684/Lateral/L1.png,True,D:/LUMOS/processed/vertebral_rois/patient_684/Lateral/L2.png,True,D:/LUMOS/processed/vertebral_rois/patient_684/Lateral/L3.png,True,D:/LUMOS/processed/vertebral_rois/patient_684/Lateral/L4.png,True
685,AP,D:/LUMOS/processed/preprocessed_images/patient_685/AP.png,D:/LUMOS/processed/segmentation/pseudo_labels/patient_685_AP_mask.png,True,0.745,0.671,0.699,0.745,0.721,0.774,0.812,2,train,D:/LUMOS/processed/vertebral_rois/patient_685/AP/L1.png,True,D:/LUMOS/processed/vertebral_rois/patient_685/AP/L2.png,False,D:/LUMOS/processed/vertebral_rois/patient_685/AP/L3.png,True,D:/LUMOS/processed/vertebral_rois/patient_685/AP/L4.png,True
685,Lateral,D:/LUMOS/processed/preprocessed_images/patient_685/Lateral.png,D:/LUMOS/processed/segmentation/pseudo_labels/patient_685_Lateral_mask.png,True,0.745,0.671,0.699,0.745,0.721,0.774,0.812,2,train,D:/LUMOS/processed/vertebral_rois/patient_685/Lateral/L1.png,True,D:/LUMOS/processed/vertebral_rois/patient_685/Lateral/L2.png,True,D:/LUMOS/processed/vertebral_rois/patient_685/Lateral/L3.png,True,D:/LUMOS/processed/vertebral_rois/patient_685/Lateral/L4.png,True
686,AP,D:/LUMOS/processed/preprocessed_images/patient_686/AP.png,D:/LUMOS/processed/segmentation/pseudo_labels/patient_686_AP_mask.png,True,0.716,0.67,0.697,0.716,0.694,0.721,0.755,2,train,D:/LUMOS/processed/vertebral_rois/patient_686/AP/L1.png,True,D:/LUMOS/processed/vertebral_rois/patient_686/AP/L2.png,False,D:/LUMOS/processed/vertebral_rois/patient_686/AP/L3.png,False,D:/LUMOS/processed/vertebral_rois/patient_686/AP/L4.png,True
686,Lateral,D:/LUMOS/processed/preprocessed_images/patient_686/Lateral.png,D:/LUMOS/processed/segmentation/pseudo_labels/patient_686_Lateral_mask.png,True,0.716,0.67,0.697,0.716,0.694,0.721,0.755,2,train,D:/LUMOS/processed/vertebral_rois/patient_686/Lateral/L1.png,True,D:/LUMOS/processed/vertebral_rois/patient_686/Lateral/L2.png,True,D:/LUMOS/processed/vertebral_rois/patient_686/Lateral/L3.png,True,D:/LUMOS/processed/vertebral_rois/patient_686/Lateral/L4.png,True
687,AP,D:/LUMOS/processed/preprocessed_images/patient_687/AP.png,D:/LUMOS/processed/segmentation/pseudo_labels/patient_687_AP_mask.png,True,0.949,0.873,0.914,0.949,0.952,0.983,1.013,1,train,D:/LUMOS/processed/vertebral_rois/patient_687/AP/L1.png,True,D:/LUMOS/processed/vertebral_rois/patient_687/AP/L2.png,True,D:/LUMOS/processed/vertebral_rois/patient_687/AP/L3.png,True,D:/LUMOS/processed/vertebral_rois/patient_687/AP/L4.png,True
687,Lateral,D:/LUMOS/processed/preprocessed_images/patient_687/Lateral.png,D:/LUMOS/processed/segmentation/pseudo_labels/patient_687_Lateral_mask.png,True,0.949,0.873,0.914,0.949,0.952,0.983,1.013,1,train,D:/LUMOS/processed/vertebral_rois/patient_687/Lateral/L1.png,True,D:/LUMOS/processed/vertebral_rois/patient_687/Lateral/L2.png,True,D:/LUMOS/processed/vertebral_rois/patient_687/Lateral/L3.png,True,D:/LUMOS/processed/vertebral_rois/patient_687/Lateral/L4.png,True
688,AP,D:/LUMOS/processed/preprocessed_images/patient_688/AP.png,D:/LUMOS/processed/segmentation/pseudo_labels/patient_688_AP_mask.png,True,1.137,1.112,1.119,1.137,1.141,1.156,1.157,0,train,D:/LUMOS/processed/vertebral_rois/patient_688/AP/L1.png,True,D:/LUMOS/processed/vertebral_rois/patient_688/AP/L2.png,True,D:/LUMOS/processed/vertebral_rois/patient_688/AP/L3.png,True,D:/LUMOS/processed/vertebral_rois/patient_688/AP/L4.png,True
688,Lateral,D:/LUMOS/processed/preprocessed_images/patient_688/Lateral.png,D:/LUMOS/processed/segmentation/pseudo_labels/patient_688_Lateral_mask.png,True,1.137,1.112,1.119,1.137,1.141,1.156,1.157,0,train,D:/LUMOS/processed/vertebral_rois/patient_688/Lateral/L1.png,True,D:/LUMOS/processed/vertebral_rois/patient_688/Lateral/L2.png,True,D:/LUMOS/processed/vertebral_rois/patient_688/Lateral/L3.png,True,D:/LUMOS/processed/vertebral_rois/patient_688/Lateral/L4.png,True
689,AP,D:/LUMOS/processed/preprocessed_images/patient_689/AP.png,D:/LUMOS/processed/segmentation/pseudo_labels/patient_689_AP_mask.png,True,0.905806887238353,0.81,0.842,0.898,0.861,0.925,0.968,1,train,D:/LUMOS/processed/vertebral_rois/patient_689/AP/L1.png,True,D:/LUMOS/processed/vertebral_rois/patient_689/AP/L2.png,True,D:/LUMOS/processed/vertebral_rois/patient_689/AP/L3.png,True,D:/LUMOS/processed/vertebral_rois/patient_689/AP/L4.png,True
689,Lateral,D:/LUMOS/processed/preprocessed_images/patient_689/Lateral.png,D:/LUMOS/processed/segmentation/pseudo_labels/patient_689_Lateral_mask.png,True,0.905806887238353,0.81,0.842,0.898,0.861,0.925,0.968,1,train,D:/LUMOS/processed/vertebral_rois/patient_689/Lateral/L1.png,True,D:/LUMOS/processed/vertebral_rois/patient_689/Lateral/L2.png,True,D:/LUMOS/processed/vertebral_rois/patient_689/Lateral/L3.png,True,D:/LUMOS/processed/vertebral_rois/patient_689/Lateral/L4.png,True
690,AP,D:/LUMOS/processed/preprocessed_images/patient_690/AP.png,D:/LUMOS/processed/segmentation/pseudo_labels/patient_690_AP_mask.png,True,0.575,0.54,0.551,0.575,0.57,0.592,0.602,2,train,D:/LUMOS/processed/vertebral_rois/patient_690/AP/L1.png,True,D:/LUMOS/processed/vertebral_rois/patient_690/AP/L2.png,True,D:/LUMOS/processed/vertebral_rois/patient_690/AP/L3.png,True,D:/LUMOS/processed/vertebral_rois/patient_690/AP/L4.png,True
690,Lateral,D:/LUMOS/processed/preprocessed_images/patient_690/Lateral.png,D:/LUMOS/processed/segmentation/pseudo_labels/patient_690_Lateral_mask.png,True,0.575,0.54,0.551,0.575,0.57,0.592,0.602,2,train,D:/LUMOS/processed/vertebral_rois/patient_690/Lateral/L1.png,True,D:/LUMOS/processed/vertebral_rois/patient_690/Lateral/L2.png,True,D:/LUMOS/processed/vertebral_rois/patient_690/Lateral/L3.png,True,D:/LUMOS/processed/vertebral_rois/patient_690/Lateral/L4.png,True
691,AP,D:/LUMOS/processed/preprocessed_images/patient_691/AP.png,D:/LUMOS/processed/segmentation/pseudo_labels/patient_691_AP_mask.png,True,0.893,0.848,0.882,0.893,0.898,0.906,0.926,1,train,D:/LUMOS/processed/vertebral_rois/patient_691/AP/L1.png,True,D:/LUMOS/processed/vertebral_rois/patient_691/AP/L2.png,True,D:/LUMOS/processed/vertebral_rois/patient_691/AP/L3.png,True,D:/LUMOS/processed/vertebral_rois/patient_691/AP/L4.png,True
691,Lateral,D:/LUMOS/processed/preprocessed_images/patient_691/Lateral.png,D:/LUMOS/processed/segmentation/pseudo_labels/patient_691_Lateral_mask.png,True,0.893,0.848,0.882,0.893,0.898,0.906,0.926,1,train,D:/LUMOS/processed/vertebral_rois/patient_691/Lateral/L1.png,True,D:/LUMOS/processed/vertebral_rois/patient_691/Lateral/L2.png,True,D:/LUMOS/processed/vertebral_rois/patient_691/Lateral/L3.png,True,D:/LUMOS/processed/vertebral_rois/patient_691/Lateral/L4.png,True
692,AP,D:/LUMOS/processed/preprocessed_images/patient_692/AP.png,D:/LUMOS/processed/segmentation/pseudo_labels/patient_692_AP_mask.png,True,0.924,0.809,0.872,0.924,0.914,0.964,1.013,1,train,D:/LUMOS/processed/vertebral_rois/patient_692/AP/L1.png,True,D:/LUMOS/processed/vertebral_rois/patient_692/AP/L2.png,True,D:/LUMOS/processed/vertebral_rois/patient_692/AP/L3.png,True,D:/LUMOS/processed/vertebral_rois/patient_692/AP/L4.png,True
692,Lateral,D:/LUMOS/processed/preprocessed_images/patient_692/Lateral.png,D:/LUMOS/processed/segmentation/pseudo_labels/patient_692_Lateral_mask.png,True,0.924,0.809,0.872,0.924,0.914,0.964,1.013,1,train,D:/LUMOS/processed/vertebral_rois/patient_692/Lateral/L1.png,True,D:/LUMOS/processed/vertebral_rois/patient_692/Lateral/L2.png,True,D:/LUMOS/processed/vertebral_rois/patient_692/Lateral/L3.png,True,D:/LUMOS/processed/vertebral_rois/patient_692/Lateral/L4.png,True
693,AP,D:/LUMOS/processed/preprocessed_images/patient_693/AP.png,D:/LUMOS/processed/segmentation/pseudo_labels/patient_693_AP_mask.png,True,0.97,0.967,0.985,0.992,0.998,1.002,1.014,1,validation,D:/LUMOS/processed/vertebral_rois/patient_693/AP/L1.png,True,D:/LUMOS/processed/vertebral_rois/patient_693/AP/L2.png,True,D:/LUMOS/processed/vertebral_rois/patient_693/AP/L3.png,True,D:/LUMOS/processed/vertebral_rois/patient_693/AP/L4.png,True
693,Lateral,D:/LUMOS/processed/preprocessed_images/patient_693/Lateral.png,D:/LUMOS/processed/segmentation/pseudo_labels/patient_693_Lateral_mask.png,True,0.97,0.967,0.985,0.992,0.998,1.002,1.014,1,validation,D:/LUMOS/processed/vertebral_rois/patient_693/Lateral/L1.png,True,D:/LUMOS/processed/vertebral_rois/patient_693/Lateral/L2.png,True,D:/LUMOS/processed/vertebral_rois/patient_693/Lateral/L3.png,True,D:/LUMOS/processed/vertebral_rois/patient_693/Lateral/L4.png,True
694,AP,D:/LUMOS/processed/preprocessed_images/patient_694/AP.png,D:/LUMOS/processed/segmentation/pseudo_labels/patient_694_AP_mask.png,True,1.246,1.162,1.237,1.245,1.314,1.295,1.31,0,train,D:/LUMOS/processed/vertebral_rois/patient_694/AP/L1.png,True,D:/LUMOS/processed/vertebral_rois/patient_694/AP/L2.png,True,D:/LUMOS/processed/vertebral_rois/patient_694/AP/L3.png,True,D:/LUMOS/processed/vertebral_rois/patient_694/AP/L4.png,True
694,Lateral,D:/LUMOS/processed/preprocessed_images/patient_694/Lateral.png,D:/LUMOS/processed/segmentation/pseudo_labels/patient_694_Lateral_mask.png,True,1.246,1.162,1.237,1.245,1.314,1.295,1.31,0,train,D:/LUMOS/processed/vertebral_rois/patient_694/Lateral/L1.png,True,D:/LUMOS/processed/vertebral_rois/patient_694/Lateral/L2.png,True,D:/LUMOS/processed/vertebral_rois/patient_694/Lateral/L3.png,True,D:/LUMOS/processed/vertebral_rois/patient_694/Lateral/L4.png,True
695,AP,D:/LUMOS/processed/preprocessed_images/patient_695/AP.png,D:/LUMOS/processed/segmentation/pseudo_labels/patient_695_AP_mask.png,True,0.87,0.826,0.833,0.87,0.873,0.907,0.909,1,test,D:/LUMOS/processed/vertebral_rois/patient_695/AP/L1.png,True,D:/LUMOS/processed/vertebral_rois/patient_695/AP/L2.png,True,D:/LUMOS/processed/vertebral_rois/patient_695/AP/L3.png,True,D:/LUMOS/processed/vertebral_rois/patient_695/AP/L4.png,True
695,Lateral,D:/LUMOS/processed/preprocessed_images/patient_695/Lateral.png,D:/LUMOS/processed/segmentation/pseudo_labels/patient_695_Lateral_mask.png,True,0.87,0.826,0.833,0.87,0.873,0.907,0.909,1,test,D:/LUMOS/processed/vertebral_rois/patient_695/Lateral/L1.png,True,D:/LUMOS/processed/vertebral_rois/patient_695/Lateral/L2.png,True,D:/LUMOS/processed/vertebral_rois/patient_695/Lateral/L3.png,True,D:/LUMOS/processed/vertebral_rois/patient_695/Lateral/L4.png,True
696,AP,D:/LUMOS/processed/preprocessed_images/patient_696/AP.png,D:/LUMOS/processed/segmentation/pseudo_labels/patient_696_AP_mask.png,True,1.287,1.164,1.228,1.287,1.293,1.346,1.403,0,train,D:/LUMOS/processed/vertebral_rois/patient_696/AP/L1.png,True,D:/LUMOS/processed/vertebral_rois/patient_696/AP/L2.png,True,D:/LUMOS/processed/vertebral_rois/patient_696/AP/L3.png,True,D:/LUMOS/processed/vertebral_rois/patient_696/AP/L4.png,True
696,Lateral,D:/LUMOS/processed/preprocessed_images/patient_696/Lateral.png,D:/LUMOS/processed/segmentation/pseudo_labels/patient_696_Lateral_mask.png,True,1.287,1.164,1.228,1.287,1.293,1.346,1.403,0,train,D:/LUMOS/processed/vertebral_rois/patient_696/Lateral/L1.png,True,D:/LUMOS/processed/vertebral_rois/patient_696/Lateral/L2.png,True,D:/LUMOS/processed/vertebral_rois/patient_696/Lateral/L3.png,True,D:/LUMOS/processed/vertebral_rois/patient_696/Lateral/L4.png,True
697,AP,D:/LUMOS/processed/preprocessed_images/patient_697/AP.png,D:/LUMOS/processed/segmentation/pseudo_labels/patient_697_AP_mask.png,True,1.334,1.202,1.298,1.334,1.374,1.389,1.432,0,test,D:/LUMOS/processed/vertebral_rois/patient_697/AP/L1.png,True,D:/LUMOS/processed/vertebral_rois/patient_697/AP/L2.png,True,D:/LUMOS/processed/vertebral_rois/patient_697/AP/L3.png,True,D:/LUMOS/processed/vertebral_rois/patient_697/AP/L4.png,True
697,Lateral,D:/LUMOS/processed/preprocessed_images/patient_697/Lateral.png,D:/LUMOS/processed/segmentation/pseudo_labels/patient_697_Lateral_mask.png,True,1.334,1.202,1.298,1.334,1.374,1.389,1.432,0,test,D:/LUMOS/processed/vertebral_rois/patient_697/Lateral/L1.png,True,D:/LUMOS/processed/vertebral_rois/patient_697/Lateral/L2.png,True,D:/LUMOS/processed/vertebral_rois/patient_697/Lateral/L3.png,True,D:/LUMOS/processed/vertebral_rois/patient_697/Lateral/L4.png,True
698,AP,D:/LUMOS/processed/preprocessed_images/patient_698/AP.png,D:/LUMOS/processed/segmentation/pseudo_labels/patient_698_AP_mask.png,True,0.88,0.859,0.878,0.882,0.894,0.893,0.902,1,train,D:/LUMOS/processed/vertebral_rois/patient_698/AP/L1.png,True,D:/LUMOS/processed/vertebral_rois/patient_698/AP/L2.png,True,D:/LUMOS/processed/vertebral_rois/patient_698/AP/L3.png,True,D:/LUMOS/processed/vertebral_rois/patient_698/AP/L4.png,True
698,Lateral,D:/LUMOS/processed/preprocessed_images/patient_698/Lateral.png,D:/LUMOS/processed/segmentation/pseudo_labels/patient_698_Lateral_mask.png,True,0.88,0.859,0.878,0.882,0.894,0.893,0.902,1,train,D:/LUMOS/processed/vertebral_rois/patient_698/Lateral/L1.png,True,D:/LUMOS/processed/vertebral_rois/patient_698/Lateral/L2.png,True,D:/LUMOS/processed/vertebral_rois/patient_698/Lateral/L3.png,True,D:/LUMOS/processed/vertebral_rois/patient_698/Lateral/L4.png,True
699,AP,D:/LUMOS/processed/preprocessed_images/patient_699/AP.png,D:/LUMOS/processed/segmentation/pseudo_labels/patient_699_AP_mask.png,True,0.855,0.797,0.821,0.855,0.827,0.869,0.907,1,train,D:/LUMOS/processed/vertebral_rois/patient_699/AP/L1.png,True,D:/LUMOS/processed/vertebral_rois/patient_699/AP/L2.png,True,D:/LUMOS/processed/vertebral_rois/patient_699/AP/L3.png,True,D:/LUMOS/processed/vertebral_rois/patient_699/AP/L4.png,True
699,Lateral,D:/LUMOS/processed/preprocessed_images/patient_699/Lateral.png,D:/LUMOS/processed/segmentation/pseudo_labels/patient_699_Lateral_mask.png,True,0.855,0.797,0.821,0.855,0.827,0.869,0.907,1,train,D:/LUMOS/processed/vertebral_rois/patient_699/Lateral/L1.png,True,D:/LUMOS/processed/vertebral_rois/patient_699/Lateral/L2.png,True,D:/LUMOS/processed/vertebral_rois/patient_699/Lateral/L3.png,True,D:/LUMOS/processed/vertebral_rois/patient_699/Lateral/L4.png,True
700,AP,D:/LUMOS/processed/preprocessed_images/patient_700/AP.png,D:/LUMOS/processed/segmentation/pseudo_labels/patient_700_AP_mask.png,True,0.915,0.841,0.9,0.915,0.958,0.953,0.973,1,train,D:/LUMOS/processed/vertebral_rois/patient_700/AP/L1.png,True,D:/LUMOS/processed/vertebral_rois/patient_700/AP/L2.png,False,D:/LUMOS/processed/vertebral_rois/patient_700/AP/L3.png,True,D:/LUMOS/processed/vertebral_rois/patient_700/AP/L4.png,True
700,Lateral,D:/LUMOS/processed/preprocessed_images/patient_700/Lateral.png,D:/LUMOS/processed/segmentation/pseudo_labels/patient_700_Lateral_mask.png,True,0.915,0.841,0.9,0.915,0.958,0.953,0.973,1,train,D:/LUMOS/processed/vertebral_rois/patient_700/Lateral/L1.png,True,D:/LUMOS/processed/vertebral_rois/patient_700/Lateral/L2.png,True,D:/LUMOS/processed/vertebral_rois/patient_700/Lateral/L3.png,True,D:/LUMOS/processed/vertebral_rois/patient_700/Lateral/L4.png,True
701,AP,D:/LUMOS/processed/preprocessed_images/patient_701/AP.png,D:/LUMOS/processed/segmentation/pseudo_labels/patient_701_AP_mask.png,True,0.735309017223911,0.752,0.716,0.735,0.678,0.716,0.722,2,train,D:/LUMOS/processed/vertebral_rois/patient_701/AP/L1.png,True,D:/LUMOS/processed/vertebral_rois/patient_701/AP/L2.png,True,D:/LUMOS/processed/vertebral_rois/patient_701/AP/L3.png,True,D:/LUMOS/processed/vertebral_rois/patient_701/AP/L4.png,True
701,Lateral,D:/LUMOS/processed/preprocessed_images/patient_701/Lateral.png,D:/LUMOS/processed/segmentation/pseudo_labels/patient_701_Lateral_mask.png,True,0.735309017223911,0.752,0.716,0.735,0.678,0.716,0.722,2,train,D:/LUMOS/processed/vertebral_rois/patient_701/Lateral/L1.png,True,D:/LUMOS/processed/vertebral_rois/patient_701/Lateral/L2.png,True,D:/LUMOS/processed/vertebral_rois/patient_701/Lateral/L3.png,True,D:/LUMOS/processed/vertebral_rois/patient_701/Lateral/L4.png,False
702,AP,D:/LUMOS/processed/preprocessed_images/patient_702/AP.png,D:/LUMOS/processed/segmentation/pseudo_labels/patient_702_AP_mask.png,True,1.163,1.163,1.201,1.163,1.224,1.167,1.163,0,test,D:/LUMOS/processed/vertebral_rois/patient_702/AP/L1.png,True,D:/LUMOS/processed/vertebral_rois/patient_702/AP/L2.png,True,D:/LUMOS/processed/vertebral_rois/patient_702/AP/L3.png,True,D:/LUMOS/processed/vertebral_rois/patient_702/AP/L4.png,True
702,Lateral,D:/LUMOS/processed/preprocessed_images/patient_702/Lateral.png,D:/LUMOS/processed/segmentation/pseudo_labels/patient_702_Lateral_mask.png,True,1.163,1.163,1.201,1.163,1.224,1.167,1.163,0,test,D:/LUMOS/processed/vertebral_rois/patient_702/Lateral/L1.png,True,D:/LUMOS/processed/vertebral_rois/patient_702/Lateral/L2.png,True,D:/LUMOS/processed/vertebral_rois/patient_702/Lateral/L3.png,True,D:/LUMOS/processed/vertebral_rois/patient_702/Lateral/L4.png,True
703,AP,D:/LUMOS/processed/preprocessed_images/patient_703/AP.png,D:/LUMOS/processed/segmentation/pseudo_labels/patient_703_AP_mask.png,True,0.759,0.751,0.763,0.759,0.786,0.772,0.768,2,validation,D:/LUMOS/processed/vertebral_rois/patient_703/AP/L1.png,True,D:/LUMOS/processed/vertebral_rois/patient_703/AP/L2.png,True,D:/LUMOS/processed/vertebral_rois/patient_703/AP/L3.png,True,D:/LUMOS/processed/vertebral_rois/patient_703/AP/L4.png,True
703,Lateral,D:/LUMOS/processed/preprocessed_images/patient_703/Lateral.png,D:/LUMOS/processed/segmentation/pseudo_labels/patient_703_Lateral_mask.png,True,0.759,0.751,0.763,0.759,0.786,0.772,0.768,2,validation,D:/LUMOS/processed/vertebral_rois/patient_703/Lateral/L1.png,True,D:/LUMOS/processed/vertebral_rois/patient_703/Lateral/L2.png,True,D:/LUMOS/processed/vertebral_rois/patient_703/Lateral/L3.png,True,D:/LUMOS/processed/vertebral_rois/patient_703/Lateral/L4.png,False
704,AP,D:/LUMOS/processed/preprocessed_images/patient_704/AP.png,D:/LUMOS/processed/segmentation/pseudo_labels/patient_704_AP_mask.png,True,0.815464587394412,0.8,0.826,0.815,0.818,0.806,0.828,1,train,D:/LUMOS/processed/vertebral_rois/patient_704/AP/L1.png,True,D:/LUMOS/processed/vertebral_rois/patient_704/AP/L2.png,True,D:/LUMOS/processed/vertebral_rois/patient_704/AP/L3.png,True,D:/LUMOS/processed/vertebral_rois/patient_704/AP/L4.png,True
704,Lateral,D:/LUMOS/processed/preprocessed_images/patient_704/Lateral.png,D:/LUMOS/processed/segmentation/pseudo_labels/patient_704_Lateral_mask.png,True,0.815464587394412,0.8,0.826,0.815,0.818,0.806,0.828,1,train,D:/LUMOS/processed/vertebral_rois/patient_704/Lateral/L1.png,True,D:/LUMOS/processed/vertebral_rois/patient_704/Lateral/L2.png,True,D:/LUMOS/processed/vertebral_rois/patient_704/Lateral/L3.png,True,D:/LUMOS/processed/vertebral_rois/patient_704/Lateral/L4.png,True
705,AP,D:/LUMOS/processed/preprocessed_images/patient_705/AP.png,D:/LUMOS/processed/segmentation/pseudo_labels/patient_705_AP_mask.png,True,0.829,0.828,0.836,0.829,0.85,0.837,0.831,1,train,D:/LUMOS/processed/vertebral_rois/patient_705/AP/L1.png,True,D:/LUMOS/processed/vertebral_rois/patient_705/AP/L2.png,True,D:/LUMOS/processed/vertebral_rois/patient_705/AP/L3.png,True,D:/LUMOS/processed/vertebral_rois/patient_705/AP/L4.png,True
705,Lateral,D:/LUMOS/processed/preprocessed_images/patient_705/Lateral.png,D:/LUMOS/processed/segmentation/pseudo_labels/patient_705_Lateral_mask.png,True,0.829,0.828,0.836,0.829,0.85,0.837,0.831,1,train,D:/LUMOS/processed/vertebral_rois/patient_705/Lateral/L1.png,True,D:/LUMOS/processed/vertebral_rois/patient_705/Lateral/L2.png,True,D:/LUMOS/processed/vertebral_rois/patient_705/Lateral/L3.png,True,D:/LUMOS/processed/vertebral_rois/patient_705/Lateral/L4.png,True
706,AP,D:/LUMOS/processed/preprocessed_images/patient_706/AP.png,D:/LUMOS/processed/segmentation/pseudo_labels/patient_706_AP_mask.png,True,0.833,0.724,0.769,0.833,0.818,0.88,0.92,1,train,D:/LUMOS/processed/vertebral_rois/patient_706/AP/L1.png,True,D:/LUMOS/processed/vertebral_rois/patient_706/AP/L2.png,True,D:/LUMOS/processed/vertebral_rois/patient_706/AP/L3.png,True,D:/LUMOS/processed/vertebral_rois/patient_706/AP/L4.png,True
706,Lateral,D:/LUMOS/processed/preprocessed_images/patient_706/Lateral.png,D:/LUMOS/processed/segmentation/pseudo_labels/patient_706_Lateral_mask.png,True,0.833,0.724,0.769,0.833,0.818,0.88,0.92,1,train,D:/LUMOS/processed/vertebral_rois/patient_706/Lateral/L1.png,True,D:/LUMOS/processed/vertebral_rois/patient_706/Lateral/L2.png,True,D:/LUMOS/processed/vertebral_rois/patient_706/Lateral/L3.png,True,D:/LUMOS/processed/vertebral_rois/patient_706/Lateral/L4.png,True
707,AP,D:/LUMOS/processed/preprocessed_images/patient_707/AP.png,D:/LUMOS/processed/segmentation/pseudo_labels/patient_707_AP_mask.png,True,0.762,0.74,0.794,0.762,0.847,0.787,0.781,2,train,D:/LUMOS/processed/vertebral_rois/patient_707/AP/L1.png,True,D:/LUMOS/processed/vertebral_rois/patient_707/AP/L2.png,True,D:/LUMOS/processed/vertebral_rois/patient_707/AP/L3.png,True,D:/LUMOS/processed/vertebral_rois/patient_707/AP/L4.png,True
707,Lateral,D:/LUMOS/processed/preprocessed_images/patient_707/Lateral.png,D:/LUMOS/processed/segmentation/pseudo_labels/patient_707_Lateral_mask.png,True,0.762,0.74,0.794,0.762,0.847,0.787,0.781,2,train,D:/LUMOS/processed/vertebral_rois/patient_707/Lateral/L1.png,True,D:/LUMOS/processed/vertebral_rois/patient_707/Lateral/L2.png,True,D:/LUMOS/processed/vertebral_rois/patient_707/Lateral/L3.png,False,D:/LUMOS/processed/vertebral_rois/patient_707/Lateral/L4.png,False
708,AP,D:/LUMOS/processed/preprocessed_images/patient_708/AP.png,D:/LUMOS/processed/segmentation/pseudo_labels/patient_708_AP_mask.png,True,0.883,0.795,0.843,0.883,0.876,0.915,0.953,1,train,D:/LUMOS/processed/vertebral_rois/patient_708/AP/L1.png,True,D:/LUMOS/processed/vertebral_rois/patient_708/AP/L2.png,True,D:/LUMOS/processed/vertebral_rois/patient_708/AP/L3.png,True,D:/LUMOS/processed/vertebral_rois/patient_708/AP/L4.png,True
708,Lateral,D:/LUMOS/processed/preprocessed_images/patient_708/Lateral.png,D:/LUMOS/processed/segmentation/pseudo_labels/patient_708_Lateral_mask.png,True,0.883,0.795,0.843,0.883,0.876,0.915,0.953,1,train,D:/LUMOS/processed/vertebral_rois/patient_708/Lateral/L1.png,True,D:/LUMOS/processed/vertebral_rois/patient_708/Lateral/L2.png,True,D:/LUMOS/processed/vertebral_rois/patient_708/Lateral/L3.png,True,D:/LUMOS/processed/vertebral_rois/patient_708/Lateral/L4.png,True
709,AP,D:/LUMOS/processed/preprocessed_images/patient_709/AP.png,D:/LUMOS/processed/segmentation/pseudo_labels/patient_709_AP_mask.png,True,0.597,0.551,0.577,0.597,0.567,0.596,0.636,2,train,D:/LUMOS/processed/vertebral_rois/patient_709/AP/L1.png,True,D:/LUMOS/processed/vertebral_rois/patient_709/AP/L2.png,True,D:/LUMOS/processed/vertebral_rois/patient_709/AP/L3.png,True,D:/LUMOS/processed/vertebral_rois/patient_709/AP/L4.png,True
709,Lateral,D:/LUMOS/processed/preprocessed_images/patient_709/Lateral.png,D:/LUMOS/processed/segmentation/pseudo_labels/patient_709_Lateral_mask.png,True,0.597,0.551,0.577,0.597,0.567,0.596,0.636,2,train,D:/LUMOS/processed/vertebral_rois/patient_709/Lateral/L1.png,True,D:/LUMOS/processed/vertebral_rois/patient_709/Lateral/L2.png,True,D:/LUMOS/processed/vertebral_rois/patient_709/Lateral/L3.png,True,D:/LUMOS/processed/vertebral_rois/patient_709/Lateral/L4.png,True
710,AP,D:/LUMOS/processed/preprocessed_images/patient_710/AP.png,D:/LUMOS/processed/segmentation/pseudo_labels/patient_710_AP_mask.png,True,1.095,1.055,1.099,1.095,1.132,1.115,1.129,0,validation,D:/LUMOS/processed/vertebral_rois/patient_710/AP/L1.png,True,D:/LUMOS/processed/vertebral_rois/patient_710/AP/L2.png,True,D:/LUMOS/processed/vertebral_rois/patient_710/AP/L3.png,True,D:/LUMOS/processed/vertebral_rois/patient_710/AP/L4.png,True
710,Lateral,D:/LUMOS/processed/preprocessed_images/patient_710/Lateral.png,D:/LUMOS/processed/segmentation/pseudo_labels/patient_710_Lateral_mask.png,True,1.095,1.055,1.099,1.095,1.132,1.115,1.129,0,validation,D:/LUMOS/processed/vertebral_rois/patient_710/Lateral/L1.png,True,D:/LUMOS/processed/vertebral_rois/patient_710/Lateral/L2.png,True,D:/LUMOS/processed/vertebral_rois/patient_710/Lateral/L3.png,True,D:/LUMOS/processed/vertebral_rois/patient_710/Lateral/L4.png,True
711,AP,D:/LUMOS/processed/preprocessed_images/patient_711/AP.png,D:/LUMOS/processed/segmentation/pseudo_labels/patient_711_AP_mask.png,True,0.74,0.621,0.709,0.74,0.779,0.794,0.852,2,train,D:/LUMOS/processed/vertebral_rois/patient_711/AP/L1.png,True,D:/LUMOS/processed/vertebral_rois/patient_711/AP/L2.png,True,D:/LUMOS/processed/vertebral_rois/patient_711/AP/L3.png,True,D:/LUMOS/processed/vertebral_rois/patient_711/AP/L4.png,True
711,Lateral,D:/LUMOS/processed/preprocessed_images/patient_711/Lateral.png,D:/LUMOS/processed/segmentation/pseudo_labels/patient_711_Lateral_mask.png,True,0.74,0.621,0.709,0.74,0.779,0.794,0.852,2,train,D:/LUMOS/processed/vertebral_rois/patient_711/Lateral/L1.png,True,D:/LUMOS/processed/vertebral_rois/patient_711/Lateral/L2.png,True,D:/LUMOS/processed/vertebral_rois/patient_711/Lateral/L3.png,True,D:/LUMOS/processed/vertebral_rois/patient_711/Lateral/L4.png,True
712,AP,D:/LUMOS/processed/preprocessed_images/patient_712/AP.png,D:/LUMOS/processed/segmentation/pseudo_labels/patient_712_AP_mask.png,True,0.759,0.671,0.698,0.759,0.707,0.782,0.83,2,train,D:/LUMOS/processed/vertebral_rois/patient_712/AP/L1.png,True,D:/LUMOS/processed/vertebral_rois/patient_712/AP/L2.png,True,D:/LUMOS/processed/vertebral_rois/patient_712/AP/L3.png,True,D:/LUMOS/processed/vertebral_rois/patient_712/AP/L4.png,True
712,Lateral,D:/LUMOS/processed/preprocessed_images/patient_712/Lateral.png,D:/LUMOS/processed/segmentation/pseudo_labels/patient_712_Lateral_mask.png,True,0.759,0.671,0.698,0.759,0.707,0.782,0.83,2,train,D:/LUMOS/processed/vertebral_rois/patient_712/Lateral/L1.png,True,D:/LUMOS/processed/vertebral_rois/patient_712/Lateral/L2.png,True,D:/LUMOS/processed/vertebral_rois/patient_712/Lateral/L3.png,True,D:/LUMOS/processed/vertebral_rois/patient_712/Lateral/L4.png,True
713,AP,D:/LUMOS/processed/preprocessed_images/patient_713/AP.png,D:/LUMOS/processed/segmentation/pseudo_labels/patient_713_AP_mask.png,True,0.973,0.81,0.909,0.972,0.986,1.038,1.106,1,test,D:/LUMOS/processed/vertebral_rois/patient_713/AP/L1.png,True,D:/LUMOS/processed/vertebral_rois/patient_713/AP/L2.png,True,D:/LUMOS/processed/vertebral_rois/patient_713/AP/L3.png,True,D:/LUMOS/processed/vertebral_rois/patient_713/AP/L4.png,True
713,Lateral,D:/LUMOS/processed/preprocessed_images/patient_713/Lateral.png,D:/LUMOS/processed/segmentation/pseudo_labels/patient_713_Lateral_mask.png,True,0.973,0.81,0.909,0.972,0.986,1.038,1.106,1,test,D:/LUMOS/processed/vertebral_rois/patient_713/Lateral/L1.png,True,D:/LUMOS/processed/vertebral_rois/patient_713/Lateral/L2.png,False,D:/LUMOS/processed/vertebral_rois/patient_713/Lateral/L3.png,True,D:/LUMOS/processed/vertebral_rois/patient_713/Lateral/L4.png,True
714,AP,D:/LUMOS/processed/preprocessed_images/patient_714/AP.png,D:/LUMOS/processed/segmentation/pseudo_labels/patient_714_AP_mask.png,True,1.16,1.029,1.108,1.16,1.14,1.197,1.282,0,train,D:/LUMOS/processed/vertebral_rois/patient_714/AP/L1.png,True,D:/LUMOS/processed/vertebral_rois/patient_714/AP/L2.png,True,D:/LUMOS/processed/vertebral_rois/patient_714/AP/L3.png,True,D:/LUMOS/processed/vertebral_rois/patient_714/AP/L4.png,True
714,Lateral,D:/LUMOS/processed/preprocessed_images/patient_714/Lateral.png,D:/LUMOS/processed/segmentation/pseudo_labels/patient_714_Lateral_mask.png,True,1.16,1.029,1.108,1.16,1.14,1.197,1.282,0,train,D:/LUMOS/processed/vertebral_rois/patient_714/Lateral/L1.png,True,D:/LUMOS/processed/vertebral_rois/patient_714/Lateral/L2.png,True,D:/LUMOS/processed/vertebral_rois/patient_714/Lateral/L3.png,True,D:/LUMOS/processed/vertebral_rois/patient_714/Lateral/L4.png,True
715,AP,D:/LUMOS/processed/preprocessed_images/patient_715/AP.png,D:/LUMOS/processed/segmentation/pseudo_labels/patient_715_AP_mask.png,True,0.78694942903752,0.674,0.743,0.786,0.774,0.817,0.875,2,train,D:/LUMOS/processed/vertebral_rois/patient_715/AP/L1.png,True,D:/LUMOS/processed/vertebral_rois/patient_715/AP/L2.png,True,D:/LUMOS/processed/vertebral_rois/patient_715/AP/L3.png,True,D:/LUMOS/processed/vertebral_rois/patient_715/AP/L4.png,True
715,Lateral,D:/LUMOS/processed/preprocessed_images/patient_715/Lateral.png,D:/LUMOS/processed/segmentation/pseudo_labels/patient_715_Lateral_mask.png,True,0.78694942903752,0.674,0.743,0.786,0.774,0.817,0.875,2,train,D:/LUMOS/processed/vertebral_rois/patient_715/Lateral/L1.png,True,D:/LUMOS/processed/vertebral_rois/patient_715/Lateral/L2.png,True,D:/LUMOS/processed/vertebral_rois/patient_715/Lateral/L3.png,True,D:/LUMOS/processed/vertebral_rois/patient_715/Lateral/L4.png,True
716,AP,D:/LUMOS/processed/preprocessed_images/patient_716/AP.png,D:/LUMOS/processed/segmentation/pseudo_labels/patient_716_AP_mask.png,True,0.962,0.919,0.966,0.992,1.006,1.025,1.052,1,train,D:/LUMOS/processed/vertebral_rois/patient_716/AP/L1.png,True,D:/LUMOS/processed/vertebral_rois/patient_716/AP/L2.png,True,D:/LUMOS/processed/vertebral_rois/patient_716/AP/L3.png,True,D:/LUMOS/processed/vertebral_rois/patient_716/AP/L4.png,True
716,Lateral,D:/LUMOS/processed/preprocessed_images/patient_716/Lateral.png,D:/LUMOS/processed/segmentation/pseudo_labels/patient_716_Lateral_mask.png,True,0.962,0.919,0.966,0.992,1.006,1.025,1.052,1,train,D:/LUMOS/processed/vertebral_rois/patient_716/Lateral/L1.png,True,D:/LUMOS/processed/vertebral_rois/patient_716/Lateral/L2.png,True,D:/LUMOS/processed/vertebral_rois/patient_716/Lateral/L3.png,True,D:/LUMOS/processed/vertebral_rois/patient_716/Lateral/L4.png,True
717,AP,D:/LUMOS/processed/preprocessed_images/patient_717/AP.png,D:/LUMOS/processed/segmentation/pseudo_labels/patient_717_AP_mask.png,True,1.397,1.284,1.359,1.397,1.404,1.436,1.488,0,train,D:/LUMOS/processed/vertebral_rois/patient_717/AP/L1.png,True,D:/LUMOS/processed/vertebral_rois/patient_717/AP/L2.png,True,D:/LUMOS/processed/vertebral_rois/patient_717/AP/L3.png,True,D:/LUMOS/processed/vertebral_rois/patient_717/AP/L4.png,True
717,Lateral,D:/LUMOS/processed/preprocessed_images/patient_717/Lateral.png,D:/LUMOS/processed/segmentation/pseudo_labels/patient_717_Lateral_mask.png,True,1.397,1.284,1.359,1.397,1.404,1.436,1.488,0,train,D:/LUMOS/processed/vertebral_rois/patient_717/Lateral/L1.png,True,D:/LUMOS/processed/vertebral_rois/patient_717/Lateral/L2.png,True,D:/LUMOS/processed/vertebral_rois/patient_717/Lateral/L3.png,True,D:/LUMOS/processed/vertebral_rois/patient_717/Lateral/L4.png,True
718,AP,D:/LUMOS/processed/preprocessed_images/patient_718/AP.png,D:/LUMOS/processed/segmentation/pseudo_labels/patient_718_AP_mask.png,True,0.768,0.663,0.718,0.768,0.729,0.788,0.845,2,train,D:/LUMOS/processed/vertebral_rois/patient_718/AP/L1.png,True,D:/LUMOS/processed/vertebral_rois/patient_718/AP/L2.png,True,D:/LUMOS/processed/vertebral_rois/patient_718/AP/L3.png,True,D:/LUMOS/processed/vertebral_rois/patient_718/AP/L4.png,True
718,Lateral,D:/LUMOS/processed/preprocessed_images/patient_718/Lateral.png,D:/LUMOS/processed/segmentation/pseudo_labels/patient_718_Lateral_mask.png,True,0.768,0.663,0.718,0.768,0.729,0.788,0.845,2,train,D:/LUMOS/processed/vertebral_rois/patient_718/Lateral/L1.png,True,D:/LUMOS/processed/vertebral_rois/patient_718/Lateral/L2.png,True,D:/LUMOS/processed/vertebral_rois/patient_718/Lateral/L3.png,True,D:/LUMOS/processed/vertebral_rois/patient_718/Lateral/L4.png,True
719,AP,D:/LUMOS/processed/preprocessed_images/patient_719/AP.png,D:/LUMOS/processed/segmentation/pseudo_labels/patient_719_AP_mask.png,True,1.348,1.18,1.276,1.348,1.363,1.425,1.498,0,train,D:/LUMOS/processed/vertebral_rois/patient_719/AP/L1.png,True,D:/LUMOS/processed/vertebral_rois/patient_719/AP/L2.png,True,D:/LUMOS/processed/vertebral_rois/patient_719/AP/L3.png,False,D:/LUMOS/processed/vertebral_rois/patient_719/AP/L4.png,True
719,Lateral,D:/LUMOS/processed/preprocessed_images/patient_719/Lateral.png,D:/LUMOS/processed/segmentation/pseudo_labels/patient_719_Lateral_mask.png,True,1.348,1.18,1.276,1.348,1.363,1.425,1.498,0,train,D:/LUMOS/processed/vertebral_rois/patient_719/Lateral/L1.png,True,D:/LUMOS/processed/vertebral_rois/patient_719/Lateral/L2.png,True,D:/LUMOS/processed/vertebral_rois/patient_719/Lateral/L3.png,True,D:/LUMOS/processed/vertebral_rois/patient_719/Lateral/L4.png,True
720,AP,D:/LUMOS/processed/preprocessed_images/patient_720/AP.png,D:/LUMOS/processed/segmentation/pseudo_labels/patient_720_AP_mask.png,True,0.697,0.651,0.662,0.697,0.66,0.704,0.733,2,train,D:/LUMOS/processed/vertebral_rois/patient_720/AP/L1.png,True,D:/LUMOS/processed/vertebral_rois/patient_720/AP/L2.png,True,D:/LUMOS/processed/vertebral_rois/patient_720/AP/L3.png,True,D:/LUMOS/processed/vertebral_rois/patient_720/AP/L4.png,True
720,Lateral,D:/LUMOS/processed/preprocessed_images/patient_720/Lateral.png,D:/LUMOS/processed/segmentation/pseudo_labels/patient_720_Lateral_mask.png,True,0.697,0.651,0.662,0.697,0.66,0.704,0.733,2,train,D:/LUMOS/processed/vertebral_rois/patient_720/Lateral/L1.png,True,D:/LUMOS/processed/vertebral_rois/patient_720/Lateral/L2.png,True,D:/LUMOS/processed/vertebral_rois/patient_720/Lateral/L3.png,True,D:/LUMOS/processed/vertebral_rois/patient_720/Lateral/L4.png,True
721,AP,D:/LUMOS/processed/preprocessed_images/patient_721/AP.png,D:/LUMOS/processed/segmentation/pseudo_labels/patient_721_AP_mask.png,True,0.92,0.927,0.949,0.92,0.989,0.937,0.915,1,train,D:/LUMOS/processed/vertebral_rois/patient_721/AP/L1.png,True,D:/LUMOS/processed/vertebral_rois/patient_721/AP/L2.png,True,D:/LUMOS/processed/vertebral_rois/patient_721/AP/L3.png,True,D:/LUMOS/processed/vertebral_rois/patient_721/AP/L4.png,True
721,Lateral,D:/LUMOS/processed/preprocessed_images/patient_721/Lateral.png,D:/LUMOS/processed/segmentation/pseudo_labels/patient_721_Lateral_mask.png,True,0.92,0.927,0.949,0.92,0.989,0.937,0.915,1,train,D:/LUMOS/processed/vertebral_rois/patient_721/Lateral/L1.png,True,D:/LUMOS/processed/vertebral_rois/patient_721/Lateral/L2.png,True,D:/LUMOS/processed/vertebral_rois/patient_721/Lateral/L3.png,True,D:/LUMOS/processed/vertebral_rois/patient_721/Lateral/L4.png,False
722,AP,D:/LUMOS/processed/preprocessed_images/patient_722/AP.png,D:/LUMOS/processed/segmentation/pseudo_labels/patient_722_AP_mask.png,True,1.222,1.139,1.204,1.222,1.28,1.278,1.295,0,train,D:/LUMOS/processed/vertebral_rois/patient_722/AP/L1.png,True,D:/LUMOS/processed/vertebral_rois/patient_722/AP/L2.png,True,D:/LUMOS/processed/vertebral_rois/patient_722/AP/L3.png,True,D:/LUMOS/processed/vertebral_rois/patient_722/AP/L4.png,True
722,Lateral,D:/LUMOS/processed/preprocessed_images/patient_722/Lateral.png,D:/LUMOS/processed/segmentation/pseudo_labels/patient_722_Lateral_mask.png,True,1.222,1.139,1.204,1.222,1.28,1.278,1.295,0,train,D:/LUMOS/processed/vertebral_rois/patient_722/Lateral/L1.png,True,D:/LUMOS/processed/vertebral_rois/patient_722/Lateral/L2.png,True,D:/LUMOS/processed/vertebral_rois/patient_722/Lateral/L3.png,True,D:/LUMOS/processed/vertebral_rois/patient_722/Lateral/L4.png,True
723,AP,D:/LUMOS/processed/preprocessed_images/patient_723/AP.png,D:/LUMOS/processed/segmentation/pseudo_labels/patient_723_AP_mask.png,True,0.991,0.943,0.983,0.99,1.018,1.013,1.025,1,train,D:/LUMOS/processed/vertebral_rois/patient_723/AP/L1.png,True,D:/LUMOS/processed/vertebral_rois/patient_723/AP/L2.png,True,D:/LUMOS/processed/vertebral_rois/patient_723/AP/L3.png,True,D:/LUMOS/processed/vertebral_rois/patient_723/AP/L4.png,True
723,Lateral,D:/LUMOS/processed/preprocessed_images/patient_723/Lateral.png,D:/LUMOS/processed/segmentation/pseudo_labels/patient_723_Lateral_mask.png,True,0.991,0.943,0.983,0.99,1.018,1.013,1.025,1,train,D:/LUMOS/processed/vertebral_rois/patient_723/Lateral/L1.png,True,D:/LUMOS/processed/vertebral_rois/patient_723/Lateral/L2.png,True,D:/LUMOS/processed/vertebral_rois/patient_723/Lateral/L3.png,True,D:/LUMOS/processed/vertebral_rois/patient_723/Lateral/L4.png,True
724,AP,D:/LUMOS/processed/preprocessed_images/patient_724/AP.png,D:/LUMOS/processed/segmentation/pseudo_labels/patient_724_AP_mask.png,True,0.974,0.915,0.953,0.974,0.964,0.987,1.023,1,train,D:/LUMOS/processed/vertebral_rois/patient_724/AP/L1.png,True,D:/LUMOS/processed/vertebral_rois/patient_724/AP/L2.png,True,D:/LUMOS/processed/vertebral_rois/patient_724/AP/L3.png,True,D:/LUMOS/processed/vertebral_rois/patient_724/AP/L4.png,True
724,Lateral,D:/LUMOS/processed/preprocessed_images/patient_724/Lateral.png,D:/LUMOS/processed/segmentation/pseudo_labels/patient_724_Lateral_mask.png,True,0.974,0.915,0.953,0.974,0.964,0.987,1.023,1,train,D:/LUMOS/processed/vertebral_rois/patient_724/Lateral/L1.png,True,D:/LUMOS/processed/vertebral_rois/patient_724/Lateral/L2.png,True,D:/LUMOS/processed/vertebral_rois/patient_724/Lateral/L3.png,True,D:/LUMOS/processed/vertebral_rois/patient_724/Lateral/L4.png,True
725,AP,D:/LUMOS/processed/preprocessed_images/patient_725/AP.png,D:/LUMOS/processed/segmentation/pseudo_labels/patient_725_AP_mask.png,True,0.985,0.938,0.968,0.985,0.974,0.993,1.023,1,validation,D:/LUMOS/processed/vertebral_rois/patient_725/AP/L1.png,True,D:/LUMOS/processed/vertebral_rois/patient_725/AP/L2.png,True,D:/LUMOS/processed/vertebral_rois/patient_725/AP/L3.png,True,D:/LUMOS/processed/vertebral_rois/patient_725/AP/L4.png,True
725,Lateral,D:/LUMOS/processed/preprocessed_images/patient_725/Lateral.png,D:/LUMOS/processed/segmentation/pseudo_labels/patient_725_Lateral_mask.png,True,0.985,0.938,0.968,0.985,0.974,0.993,1.023,1,validation,D:/LUMOS/processed/vertebral_rois/patient_725/Lateral/L1.png,True,D:/LUMOS/processed/vertebral_rois/patient_725/Lateral/L2.png,True,D:/LUMOS/processed/vertebral_rois/patient_725/Lateral/L3.png,True,D:/LUMOS/processed/vertebral_rois/patient_725/Lateral/L4.png,True
726,AP,D:/LUMOS/processed/preprocessed_images/patient_726/AP.png,D:/LUMOS/processed/segmentation/pseudo_labels/patient_726_AP_mask.png,True,0.949,0.905,0.945,0.949,0.968,0.966,0.988,1,train,D:/LUMOS/processed/vertebral_rois/patient_726/AP/L1.png,True,D:/LUMOS/processed/vertebral_rois/patient_726/AP/L2.png,True,D:/LUMOS/processed/vertebral_rois/patient_726/AP/L3.png,True,D:/LUMOS/processed/vertebral_rois/patient_726/AP/L4.png,True
726,Lateral,D:/LUMOS/processed/preprocessed_images/patient_726/Lateral.png,D:/LUMOS/processed/segmentation/pseudo_labels/patient_726_Lateral_mask.png,True,0.949,0.905,0.945,0.949,0.968,0.966,0.988,1,train,D:/LUMOS/processed/vertebral_rois/patient_726/Lateral/L1.png,True,D:/LUMOS/processed/vertebral_rois/patient_726/Lateral/L2.png,True,D:/LUMOS/processed/vertebral_rois/patient_726/Lateral/L3.png,True,D:/LUMOS/processed/vertebral_rois/patient_726/Lateral/L4.png,True
727,AP,D:/LUMOS/processed/preprocessed_images/patient_727/AP.png,D:/LUMOS/processed/segmentation/pseudo_labels/patient_727_AP_mask.png,True,0.96,0.899,0.936,0.96,0.975,0.993,1.015,1,train,D:/LUMOS/processed/vertebral_rois/patient_727/AP/L1.png,True,D:/LUMOS/processed/vertebral_rois/patient_727/AP/L2.png,True,D:/LUMOS/processed/vertebral_rois/patient_727/AP/L3.png,True,D:/LUMOS/processed/vertebral_rois/patient_727/AP/L4.png,True
727,Lateral,D:/LUMOS/processed/preprocessed_images/patient_727/Lateral.png,D:/LUMOS/processed/segmentation/pseudo_labels/patient_727_Lateral_mask.png,True,0.96,0.899,0.936,0.96,0.975,0.993,1.015,1,train,D:/LUMOS/processed/vertebral_rois/patient_727/Lateral/L1.png,True,D:/LUMOS/processed/vertebral_rois/patient_727/Lateral/L2.png,True,D:/LUMOS/processed/vertebral_rois/patient_727/Lateral/L3.png,True,D:/LUMOS/processed/vertebral_rois/patient_727/Lateral/L4.png,True
728,AP,D:/LUMOS/processed/preprocessed_images/patient_728/AP.png,D:/LUMOS/processed/segmentation/pseudo_labels/patient_728_AP_mask.png,True,0.836,0.846,0.844,0.836,0.917,0.882,0.826,1,train,D:/LUMOS/processed/vertebral_rois/patient_728/AP/L1.png,True,D:/LUMOS/processed/vertebral_rois/patient_728/AP/L2.png,True,D:/LUMOS/processed/vertebral_rois/patient_728/AP/L3.png,True,D:/LUMOS/processed/vertebral_rois/patient_728/AP/L4.png,True
728,Lateral,D:/LUMOS/processed/preprocessed_images/patient_728/Lateral.png,D:/LUMOS/processed/segmentation/pseudo_labels/patient_728_Lateral_mask.png,True,0.836,0.846,0.844,0.836,0.917,0.882,0.826,1,train,D:/LUMOS/processed/vertebral_rois/patient_728/Lateral/L1.png,True,D:/LUMOS/processed/vertebral_rois/patient_728/Lateral/L2.png,True,D:/LUMOS/processed/vertebral_rois/patient_728/Lateral/L3.png,True,D:/LUMOS/processed/vertebral_rois/patient_728/Lateral/L4.png,True
729,AP,D:/LUMOS/processed/preprocessed_images/patient_729/AP.png,D:/LUMOS/processed/segmentation/pseudo_labels/patient_729_AP_mask.png,True,0.958,0.864,0.917,0.958,0.978,1.009,1.043,1,validation,D:/LUMOS/processed/vertebral_rois/patient_729/AP/L1.png,True,D:/LUMOS/processed/vertebral_rois/patient_729/AP/L2.png,True,D:/LUMOS/processed/vertebral_rois/patient_729/AP/L3.png,True,D:/LUMOS/processed/vertebral_rois/patient_729/AP/L4.png,True
729,Lateral,D:/LUMOS/processed/preprocessed_images/patient_729/Lateral.png,D:/LUMOS/processed/segmentation/pseudo_labels/patient_729_Lateral_mask.png,True,0.958,0.864,0.917,0.958,0.978,1.009,1.043,1,validation,D:/LUMOS/processed/vertebral_rois/patient_729/Lateral/L1.png,True,D:/LUMOS/processed/vertebral_rois/patient_729/Lateral/L2.png,True,D:/LUMOS/processed/vertebral_rois/patient_729/Lateral/L3.png,True,D:/LUMOS/processed/vertebral_rois/patient_729/Lateral/L4.png,True
730,AP,D:/LUMOS/processed/preprocessed_images/patient_730/AP.png,D:/LUMOS/processed/segmentation/pseudo_labels/patient_730_AP_mask.png,True,0.808,0.828,0.813,0.808,0.802,0.8,0.791,2,train,D:/LUMOS/processed/vertebral_rois/patient_730/AP/L1.png,True,D:/LUMOS/processed/vertebral_rois/patient_730/AP/L2.png,True,D:/LUMOS/processed/vertebral_rois/patient_730/AP/L3.png,True,D:/LUMOS/processed/vertebral_rois/patient_730/AP/L4.png,True
730,Lateral,D:/LUMOS/processed/preprocessed_images/patient_730/Lateral.png,D:/LUMOS/processed/segmentation/pseudo_labels/patient_730_Lateral_mask.png,True,0.808,0.828,0.813,0.808,0.802,0.8,0.791,2,train,D:/LUMOS/processed/vertebral_rois/patient_730/Lateral/L1.png,True,D:/LUMOS/processed/vertebral_rois/patient_730/Lateral/L2.png,True,D:/LUMOS/processed/vertebral_rois/patient_730/Lateral/L3.png,True,D:/LUMOS/processed/vertebral_rois/patient_730/Lateral/L4.png,True
731,AP,D:/LUMOS/processed/preprocessed_images/patient_731/AP.png,D:/LUMOS/processed/segmentation/pseudo_labels/patient_731_AP_mask.png,True,1.359,1.308,1.355,1.359,1.391,1.382,1.4,0,test,D:/LUMOS/processed/vertebral_rois/patient_731/AP/L1.png,True,D:/LUMOS/processed/vertebral_rois/patient_731/AP/L2.png,True,D:/LUMOS/processed/vertebral_rois/patient_731/AP/L3.png,True,D:/LUMOS/processed/vertebral_rois/patient_731/AP/L4.png,True
731,Lateral,D:/LUMOS/processed/preprocessed_images/patient_731/Lateral.png,D:/LUMOS/processed/segmentation/pseudo_labels/patient_731_Lateral_mask.png,True,1.359,1.308,1.355,1.359,1.391,1.382,1.4,0,test,D:/LUMOS/processed/vertebral_rois/patient_731/Lateral/L1.png,True,D:/LUMOS/processed/vertebral_rois/patient_731/Lateral/L2.png,True,D:/LUMOS/processed/vertebral_rois/patient_731/Lateral/L3.png,True,D:/LUMOS/processed/vertebral_rois/patient_731/Lateral/L4.png,True
732,AP,D:/LUMOS/processed/preprocessed_images/patient_732/AP.png,D:/LUMOS/processed/segmentation/pseudo_labels/patient_732_AP_mask.png,True,0.984,0.915,0.957,0.984,1.023,1.035,1.046,1,train,D:/LUMOS/processed/vertebral_rois/patient_732/AP/L1.png,True,D:/LUMOS/processed/vertebral_rois/patient_732/AP/L2.png,True,D:/LUMOS/processed/vertebral_rois/patient_732/AP/L3.png,True,D:/LUMOS/processed/vertebral_rois/patient_732/AP/L4.png,True
732,Lateral,D:/LUMOS/processed/preprocessed_images/patient_732/Lateral.png,D:/LUMOS/processed/segmentation/pseudo_labels/patient_732_Lateral_mask.png,True,0.984,0.915,0.957,0.984,1.023,1.035,1.046,1,train,D:/LUMOS/processed/vertebral_rois/patient_732/Lateral/L1.png,True,D:/LUMOS/processed/vertebral_rois/patient_732/Lateral/L2.png,True,D:/LUMOS/processed/vertebral_rois/patient_732/Lateral/L3.png,True,D:/LUMOS/processed/vertebral_rois/patient_732/Lateral/L4.png,False
733,AP,D:/LUMOS/processed/preprocessed_images/patient_733/AP.png,D:/LUMOS/processed/segmentation/pseudo_labels/patient_733_AP_mask.png,True,1.167,1.098,1.15,1.167,1.196,1.2,1.224,0,validation,D:/LUMOS/processed/vertebral_rois/patient_733/AP/L1.png,True,D:/LUMOS/processed/vertebral_rois/patient_733/AP/L2.png,True,D:/LUMOS/processed/vertebral_rois/patient_733/AP/L3.png,True,D:/LUMOS/processed/vertebral_rois/patient_733/AP/L4.png,True
733,Lateral,D:/LUMOS/processed/preprocessed_images/patient_733/Lateral.png,D:/LUMOS/processed/segmentation/pseudo_labels/patient_733_Lateral_mask.png,True,1.167,1.098,1.15,1.167,1.196,1.2,1.224,0,validation,D:/LUMOS/processed/vertebral_rois/patient_733/Lateral/L1.png,True,D:/LUMOS/processed/vertebral_rois/patient_733/Lateral/L2.png,True,D:/LUMOS/processed/vertebral_rois/patient_733/Lateral/L3.png,True,D:/LUMOS/processed/vertebral_rois/patient_733/Lateral/L4.png,True
734,AP,D:/LUMOS/processed/preprocessed_images/patient_734/AP.png,D:/LUMOS/processed/segmentation/pseudo_labels/patient_734_AP_mask.png,True,1.084,0.977,1.012,1.084,1.019,1.11,1.177,0,train,D:/LUMOS/processed/vertebral_rois/patient_734/AP/L1.png,True,D:/LUMOS/processed/vertebral_rois/patient_734/AP/L2.png,True,D:/LUMOS/processed/vertebral_rois/patient_734/AP/L3.png,True,D:/LUMOS/processed/vertebral_rois/patient_734/AP/L4.png,True
734,Lateral,D:/LUMOS/processed/preprocessed_images/patient_734/Lateral.png,D:/LUMOS/processed/segmentation/pseudo_labels/patient_734_Lateral_mask.png,True,1.084,0.977,1.012,1.084,1.019,1.11,1.177,0,train,D:/LUMOS/processed/vertebral_rois/patient_734/Lateral/L1.png,True,D:/LUMOS/processed/vertebral_rois/patient_734/Lateral/L2.png,True,D:/LUMOS/processed/vertebral_rois/patient_734/Lateral/L3.png,True,D:/LUMOS/processed/vertebral_rois/patient_734/Lateral/L4.png,True
735,AP,D:/LUMOS/processed/preprocessed_images/patient_735/AP.png,D:/LUMOS/processed/segmentation/pseudo_labels/patient_735_AP_mask.png,True,0.558,0.593,0.562,0.558,0.535,0.541,0.532,2,train,D:/LUMOS/processed/vertebral_rois/patient_735/AP/L1.png,True,D:/LUMOS/processed/vertebral_rois/patient_735/AP/L2.png,True,D:/LUMOS/processed/vertebral_rois/patient_735/AP/L3.png,True,D:/LUMOS/processed/vertebral_rois/patient_735/AP/L4.png,True
735,Lateral,D:/LUMOS/processed/preprocessed_images/patient_735/Lateral.png,D:/LUMOS/processed/segmentation/pseudo_labels/patient_735_Lateral_mask.png,True,0.558,0.593,0.562,0.558,0.535,0.541,0.532,2,train,D:/LUMOS/processed/vertebral_rois/patient_735/Lateral/L1.png,True,D:/LUMOS/processed/vertebral_rois/patient_735/Lateral/L2.png,True,D:/LUMOS/processed/vertebral_rois/patient_735/Lateral/L3.png,True,D:/LUMOS/processed/vertebral_rois/patient_735/Lateral/L4.png,True
736,AP,D:/LUMOS/processed/preprocessed_images/patient_736/AP.png,D:/LUMOS/processed/segmentation/pseudo_labels/patient_736_AP_mask.png,True,1.159,1.044,1.107,1.159,1.161,1.207,1.251,0,train,D:/LUMOS/processed/vertebral_rois/patient_736/AP/L1.png,True,D:/LUMOS/processed/vertebral_rois/patient_736/AP/L2.png,True,D:/LUMOS/processed/vertebral_rois/patient_736/AP/L3.png,True,D:/LUMOS/processed/vertebral_rois/patient_736/AP/L4.png,True
736,Lateral,D:/LUMOS/processed/preprocessed_images/patient_736/Lateral.png,D:/LUMOS/processed/segmentation/pseudo_labels/patient_736_Lateral_mask.png,True,1.159,1.044,1.107,1.159,1.161,1.207,1.251,0,train,D:/LUMOS/processed/vertebral_rois/patient_736/Lateral/L1.png,True,D:/LUMOS/processed/vertebral_rois/patient_736/Lateral/L2.png,True,D:/LUMOS/processed/vertebral_rois/patient_736/Lateral/L3.png,True,D:/LUMOS/processed/vertebral_rois/patient_736/Lateral/L4.png,True
737,AP,D:/LUMOS/processed/preprocessed_images/patient_737/AP.png,D:/LUMOS/processed/segmentation/pseudo_labels/patient_737_AP_mask.png,True,0.837092183052332,0.754,0.787,0.837,0.82,0.874,0.915,1,validation,D:/LUMOS/processed/vertebral_rois/patient_737/AP/L1.png,True,D:/LUMOS/processed/vertebral_rois/patient_737/AP/L2.png,True,D:/LUMOS/processed/vertebral_rois/patient_737/AP/L3.png,True,D:/LUMOS/processed/vertebral_rois/patient_737/AP/L4.png,True
737,Lateral,D:/LUMOS/processed/preprocessed_images/patient_737/Lateral.png,D:/LUMOS/processed/segmentation/pseudo_labels/patient_737_Lateral_mask.png,True,0.837092183052332,0.754,0.787,0.837,0.82,0.874,0.915,1,validation,D:/LUMOS/processed/vertebral_rois/patient_737/Lateral/L1.png,True,D:/LUMOS/processed/vertebral_rois/patient_737/Lateral/L2.png,True,D:/LUMOS/processed/vertebral_rois/patient_737/Lateral/L3.png,True,D:/LUMOS/processed/vertebral_rois/patient_737/Lateral/L4.png,True
738,AP,D:/LUMOS/processed/preprocessed_images/patient_738/AP.png,D:/LUMOS/processed/segmentation/pseudo_labels/patient_738_AP_mask.png,True,1.002,0.959,0.987,1.002,1.014,1.023,1.036,0,train,D:/LUMOS/processed/vertebral_rois/patient_738/AP/L1.png,True,D:/LUMOS/processed/vertebral_rois/patient_738/AP/L2.png,True,D:/LUMOS/processed/vertebral_rois/patient_738/AP/L3.png,True,D:/LUMOS/processed/vertebral_rois/patient_738/AP/L4.png,True
738,Lateral,D:/LUMOS/processed/preprocessed_images/patient_738/Lateral.png,D:/LUMOS/processed/segmentation/pseudo_labels/patient_738_Lateral_mask.png,True,1.002,0.959,0.987,1.002,1.014,1.023,1.036,0,train,D:/LUMOS/processed/vertebral_rois/patient_738/Lateral/L1.png,True,D:/LUMOS/processed/vertebral_rois/patient_738/Lateral/L2.png,True,D:/LUMOS/processed/vertebral_rois/patient_738/Lateral/L3.png,True,D:/LUMOS/processed/vertebral_rois/patient_738/Lateral/L4.png,False
739,AP,D:/LUMOS/processed/preprocessed_images/patient_739/AP.png,D:/LUMOS/processed/segmentation/pseudo_labels/patient_739_AP_mask.png,True,0.674,0.588,0.664,0.674,0.713,0.707,0.751,2,train,D:/LUMOS/processed/vertebral_rois/patient_739/AP/L1.png,True,D:/LUMOS/processed/vertebral_rois/patient_739/AP/L2.png,True,D:/LUMOS/processed/vertebral_rois/patient_739/AP/L3.png,True,D:/LUMOS/processed/vertebral_rois/patient_739/AP/L4.png,True
739,Lateral,D:/LUMOS/processed/preprocessed_images/patient_739/Lateral.png,D:/LUMOS/processed/segmentation/pseudo_labels/patient_739_Lateral_mask.png,True,0.674,0.588,0.664,0.674,0.713,0.707,0.751,2,train,D:/LUMOS/processed/vertebral_rois/patient_739/Lateral/L1.png,True,D:/LUMOS/processed/vertebral_rois/patient_739/Lateral/L2.png,True,D:/LUMOS/processed/vertebral_rois/patient_739/Lateral/L3.png,True,D:/LUMOS/processed/vertebral_rois/patient_739/Lateral/L4.png,False
740,AP,D:/LUMOS/processed/preprocessed_images/patient_740/AP.png,D:/LUMOS/processed/segmentation/pseudo_labels/patient_740_AP_mask.png,True,0.924,0.811,0.876,0.924,0.928,0.97,1.012,1,train,D:/LUMOS/processed/vertebral_rois/patient_740/AP/L1.png,True,D:/LUMOS/processed/vertebral_rois/patient_740/AP/L2.png,True,D:/LUMOS/processed/vertebral_rois/patient_740/AP/L3.png,True,D:/LUMOS/processed/vertebral_rois/patient_740/AP/L4.png,True
740,Lateral,D:/LUMOS/processed/preprocessed_images/patient_740/Lateral.png,D:/LUMOS/processed/segmentation/pseudo_labels/patient_740_Lateral_mask.png,True,0.924,0.811,0.876,0.924,0.928,0.97,1.012,1,train,D:/LUMOS/processed/vertebral_rois/patient_740/Lateral/L1.png,True,D:/LUMOS/processed/vertebral_rois/patient_740/Lateral/L2.png,True,D:/LUMOS/processed/vertebral_rois/patient_740/Lateral/L3.png,True,D:/LUMOS/processed/vertebral_rois/patient_740/Lateral/L4.png,True
741,AP,D:/LUMOS/processed/preprocessed_images/patient_741/AP.png,D:/LUMOS/processed/segmentation/pseudo_labels/patient_741_AP_mask.png,True,0.988,0.915,0.963,0.988,0.99,1.013,1.052,1,train,D:/LUMOS/processed/vertebral_rois/patient_741/AP/L1.png,True,D:/LUMOS/processed/vertebral_rois/patient_741/AP/L2.png,True,D:/LUMOS/processed/vertebral_rois/patient_741/AP/L3.png,True,D:/LUMOS/processed/vertebral_rois/patient_741/AP/L4.png,True
741,Lateral,D:/LUMOS/processed/preprocessed_images/patient_741/Lateral.png,D:/LUMOS/processed/segmentation/pseudo_labels/patient_741_Lateral_mask.png,True,0.988,0.915,0.963,0.988,0.99,1.013,1.052,1,train,D:/LUMOS/processed/vertebral_rois/patient_741/Lateral/L1.png,True,D:/LUMOS/processed/vertebral_rois/patient_741/Lateral/L2.png,True,D:/LUMOS/processed/vertebral_rois/patient_741/Lateral/L3.png,True,D:/LUMOS/processed/vertebral_rois/patient_741/Lateral/L4.png,True
742,AP,D:/LUMOS/processed/preprocessed_images/patient_742/AP.png,D:/LUMOS/processed/segmentation/pseudo_labels/patient_742_AP_mask.png,True,0.727,0.604,0.631,0.727,0.635,0.756,0.824,2,test,D:/LUMOS/processed/vertebral_rois/patient_742/AP/L1.png,True,D:/LUMOS/processed/vertebral_rois/patient_742/AP/L2.png,True,D:/LUMOS/processed/vertebral_rois/patient_742/AP/L3.png,True,D:/LUMOS/processed/vertebral_rois/patient_742/AP/L4.png,True
742,Lateral,D:/LUMOS/processed/preprocessed_images/patient_742/Lateral.png,D:/LUMOS/processed/segmentation/pseudo_labels/patient_742_Lateral_mask.png,True,0.727,0.604,0.631,0.727,0.635,0.756,0.824,2,test,D:/LUMOS/processed/vertebral_rois/patient_742/Lateral/L1.png,True,D:/LUMOS/processed/vertebral_rois/patient_742/Lateral/L2.png,True,D:/LUMOS/processed/vertebral_rois/patient_742/Lateral/L3.png,False,D:/LUMOS/processed/vertebral_rois/patient_742/Lateral/L4.png,True
743,AP,D:/LUMOS/processed/preprocessed_images/patient_743/AP.png,D:/LUMOS/processed/segmentation/pseudo_labels/patient_743_AP_mask.png,True,0.755300127713921,0.75,0.747,0.756,0.776,0.777,0.762,2,test,D:/LUMOS/processed/vertebral_rois/patient_743/AP/L1.png,True,D:/LUMOS/processed/vertebral_rois/patient_743/AP/L2.png,True,D:/LUMOS/processed/vertebral_rois/patient_743/AP/L3.png,True,D:/LUMOS/processed/vertebral_rois/patient_743/AP/L4.png,True
743,Lateral,D:/LUMOS/processed/preprocessed_images/patient_743/Lateral.png,D:/LUMOS/processed/segmentation/pseudo_labels/patient_743_Lateral_mask.png,True,0.755300127713921,0.75,0.747,0.756,0.776,0.777,0.762,2,test,D:/LUMOS/processed/vertebral_rois/patient_743/Lateral/L1.png,True,D:/LUMOS/processed/vertebral_rois/patient_743/Lateral/L2.png,True,D:/LUMOS/processed/vertebral_rois/patient_743/Lateral/L3.png,True,D:/LUMOS/processed/vertebral_rois/patient_743/Lateral/L4.png,True
744,AP,D:/LUMOS/processed/preprocessed_images/patient_744/AP.png,D:/LUMOS/processed/segmentation/pseudo_labels/patient_744_AP_mask.png,True,0.909,0.784,0.861,0.909,0.925,0.964,1.018,1,train,D:/LUMOS/processed/vertebral_rois/patient_744/AP/L1.png,True,D:/LUMOS/processed/vertebral_rois/patient_744/AP/L2.png,False,D:/LUMOS/processed/vertebral_rois/patient_744/AP/L3.png,True,D:/LUMOS/processed/vertebral_rois/patient_744/AP/L4.png,True
744,Lateral,D:/LUMOS/processed/preprocessed_images/patient_744/Lateral.png,D:/LUMOS/processed/segmentation/pseudo_labels/patient_744_Lateral_mask.png,True,0.909,0.784,0.861,0.909,0.925,0.964,1.018,1,train,D:/LUMOS/processed/vertebral_rois/patient_744/Lateral/L1.png,True,D:/LUMOS/processed/vertebral_rois/patient_744/Lateral/L2.png,True,D:/LUMOS/processed/vertebral_rois/patient_744/Lateral/L3.png,True,D:/LUMOS/processed/vertebral_rois/patient_744/Lateral/L4.png,True
745,AP,D:/LUMOS/processed/preprocessed_images/patient_745/AP.png,D:/LUMOS/processed/segmentation/pseudo_labels/patient_745_AP_mask.png,True,1.132,1.026,1.075,1.132,1.092,1.159,1.219,0,train,D:/LUMOS/processed/vertebral_rois/patient_745/AP/L1.png,True,D:/LUMOS/processed/vertebral_rois/patient_745/AP/L2.png,True,D:/LUMOS/processed/vertebral_rois/patient_745/AP/L3.png,True,D:/LUMOS/processed/vertebral_rois/patient_745/AP/L4.png,True
745,Lateral,D:/LUMOS/processed/preprocessed_images/patient_745/Lateral.png,D:/LUMOS/processed/segmentation/pseudo_labels/patient_745_Lateral_mask.png,True,1.132,1.026,1.075,1.132,1.092,1.159,1.219,0,train,D:/LUMOS/processed/vertebral_rois/patient_745/Lateral/L1.png,True,D:/LUMOS/processed/vertebral_rois/patient_745/Lateral/L2.png,True,D:/LUMOS/processed/vertebral_rois/patient_745/Lateral/L3.png,True,D:/LUMOS/processed/vertebral_rois/patient_745/Lateral/L4.png,True
746,AP,D:/LUMOS/processed/preprocessed_images/patient_746/AP.png,D:/LUMOS/processed/segmentation/pseudo_labels/patient_746_AP_mask.png,True,0.917,0.841,0.895,0.917,0.917,0.936,0.978,1,train,D:/LUMOS/processed/vertebral_rois/patient_746/AP/L1.png,True,D:/LUMOS/processed/vertebral_rois/patient_746/AP/L2.png,True,D:/LUMOS/processed/vertebral_rois/patient_746/AP/L3.png,True,D:/LUMOS/processed/vertebral_rois/patient_746/AP/L4.png,True
746,Lateral,D:/LUMOS/processed/preprocessed_images/patient_746/Lateral.png,D:/LUMOS/processed/segmentation/pseudo_labels/patient_746_Lateral_mask.png,True,0.917,0.841,0.895,0.917,0.917,0.936,0.978,1,train,D:/LUMOS/processed/vertebral_rois/patient_746/Lateral/L1.png,True,D:/LUMOS/processed/vertebral_rois/patient_746/Lateral/L2.png,True,D:/LUMOS/processed/vertebral_rois/patient_746/Lateral/L3.png,True,D:/LUMOS/processed/vertebral_rois/patient_746/Lateral/L4.png,False
747,AP,D:/LUMOS/processed/preprocessed_images/patient_747/AP.png,D:/LUMOS/processed/segmentation/pseudo_labels/patient_747_AP_mask.png,True,0.818,0.739,0.775,0.818,0.797,0.844,0.883,1,train,D:/LUMOS/processed/vertebral_rois/patient_747/AP/L1.png,True,D:/LUMOS/processed/vertebral_rois/patient_747/AP/L2.png,True,D:/LUMOS/processed/vertebral_rois/patient_747/AP/L3.png,True,D:/LUMOS/processed/vertebral_rois/patient_747/AP/L4.png,True
747,Lateral,D:/LUMOS/processed/preprocessed_images/patient_747/Lateral.png,D:/LUMOS/processed/segmentation/pseudo_labels/patient_747_Lateral_mask.png,True,0.818,0.739,0.775,0.818,0.797,0.844,0.883,1,train,D:/LUMOS/processed/vertebral_rois/patient_747/Lateral/L1.png,True,D:/LUMOS/processed/vertebral_rois/patient_747/Lateral/L2.png,True,D:/LUMOS/processed/vertebral_rois/patient_747/Lateral/L3.png,True,D:/LUMOS/processed/vertebral_rois/patient_747/Lateral/L4.png,True
748,AP,D:/LUMOS/processed/preprocessed_images/patient_748/AP.png,D:/LUMOS/processed/segmentation/pseudo_labels/patient_748_AP_mask.png,True,1.056,1.03,1.072,1.056,1.114,1.078,1.076,0,test,D:/LUMOS/processed/vertebral_rois/patient_748/AP/L1.png,True,D:/LUMOS/processed/vertebral_rois/patient_748/AP/L2.png,True,D:/LUMOS/processed/vertebral_rois/patient_748/AP/L3.png,True,D:/LUMOS/processed/vertebral_rois/patient_748/AP/L4.png,True
748,Lateral,D:/LUMOS/processed/preprocessed_images/patient_748/Lateral.png,D:/LUMOS/processed/segmentation/pseudo_labels/patient_748_Lateral_mask.png,True,1.056,1.03,1.072,1.056,1.114,1.078,1.076,0,test,D:/LUMOS/processed/vertebral_rois/patient_748/Lateral/L1.png,True,D:/LUMOS/processed/vertebral_rois/patient_748/Lateral/L2.png,True,D:/LUMOS/processed/vertebral_rois/patient_748/Lateral/L3.png,True,D:/LUMOS/processed/vertebral_rois/patient_748/Lateral/L4.png,True
749,AP,D:/LUMOS/processed/preprocessed_images/patient_749/AP.png,D:/LUMOS/processed/segmentation/pseudo_labels/patient_749_AP_mask.png,True,0.702,0.665,0.662,0.702,0.636,0.698,0.732,2,train,D:/LUMOS/processed/vertebral_rois/patient_749/AP/L1.png,True,D:/LUMOS/processed/vertebral_rois/patient_749/AP/L2.png,True,D:/LUMOS/processed/vertebral_rois/patient_749/AP/L3.png,True,D:/LUMOS/processed/vertebral_rois/patient_749/AP/L4.png,True
749,Lateral,D:/LUMOS/processed/preprocessed_images/patient_749/Lateral.png,D:/LUMOS/processed/segmentation/pseudo_labels/patient_749_Lateral_mask.png,True,0.702,0.665,0.662,0.702,0.636,0.698,0.732,2,train,D:/LUMOS/processed/vertebral_rois/patient_749/Lateral/L1.png,True,D:/LUMOS/processed/vertebral_rois/patient_749/Lateral/L2.png,True,D:/LUMOS/processed/vertebral_rois/patient_749/Lateral/L3.png,True,D:/LUMOS/processed/vertebral_rois/patient_749/Lateral/L4.png,True
750,AP,D:/LUMOS/processed/preprocessed_images/patient_750/AP.png,D:/LUMOS/processed/segmentation/pseudo_labels/patient_750_AP_mask.png,True,0.91,0.895,0.897,0.91,0.926,0.933,0.924,1,train,D:/LUMOS/processed/vertebral_rois/patient_750/AP/L1.png,True,D:/LUMOS/processed/vertebral_rois/patient_750/AP/L2.png,True,D:/LUMOS/processed/vertebral_rois/patient_750/AP/L3.png,True,D:/LUMOS/processed/vertebral_rois/patient_750/AP/L4.png,True
750,Lateral,D:/LUMOS/processed/preprocessed_images/patient_750/Lateral.png,D:/LUMOS/processed/segmentation/pseudo_labels/patient_750_Lateral_mask.png,True,0.91,0.895,0.897,0.91,0.926,0.933,0.924,1,train,D:/LUMOS/processed/vertebral_rois/patient_750/Lateral/L1.png,True,D:/LUMOS/processed/vertebral_rois/patient_750/Lateral/L2.png,True,D:/LUMOS/processed/vertebral_rois/patient_750/Lateral/L3.png,True,D:/LUMOS/processed/vertebral_rois/patient_750/Lateral/L4.png,True
751,AP,D:/LUMOS/processed/preprocessed_images/patient_751/AP.png,D:/LUMOS/processed/segmentation/pseudo_labels/patient_751_AP_mask.png,True,0.795,0.706,0.764,0.793,0.795,0.82,0.86,2,validation,D:/LUMOS/processed/vertebral_rois/patient_751/AP/L1.png,True,D:/LUMOS/processed/vertebral_rois/patient_751/AP/L2.png,True,D:/LUMOS/processed/vertebral_rois/patient_751/AP/L3.png,True,D:/LUMOS/processed/vertebral_rois/patient_751/AP/L4.png,True
751,Lateral,D:/LUMOS/processed/preprocessed_images/patient_751/Lateral.png,D:/LUMOS/processed/segmentation/pseudo_labels/patient_751_Lateral_mask.png,True,0.795,0.706,0.764,0.793,0.795,0.82,0.86,2,validation,D:/LUMOS/processed/vertebral_rois/patient_751/Lateral/L1.png,True,D:/LUMOS/processed/vertebral_rois/patient_751/Lateral/L2.png,True,D:/LUMOS/processed/vertebral_rois/patient_751/Lateral/L3.png,True,D:/LUMOS/processed/vertebral_rois/patient_751/Lateral/L4.png,True
752,AP,D:/LUMOS/processed/preprocessed_images/patient_752/AP.png,D:/LUMOS/processed/segmentation/pseudo_labels/patient_752_AP_mask.png,True,0.961,0.918,0.93,0.961,0.949,0.982,0.995,1,train,D:/LUMOS/processed/vertebral_rois/patient_752/AP/L1.png,True,D:/LUMOS/processed/vertebral_rois/patient_752/AP/L2.png,True,D:/LUMOS/processed/vertebral_rois/patient_752/AP/L3.png,True,D:/LUMOS/processed/vertebral_rois/patient_752/AP/L4.png,True
752,Lateral,D:/LUMOS/processed/preprocessed_images/patient_752/Lateral.png,D:/LUMOS/processed/segmentation/pseudo_labels/patient_752_Lateral_mask.png,True,0.961,0.918,0.93,0.961,0.949,0.982,0.995,1,train,D:/LUMOS/processed/vertebral_rois/patient_752/Lateral/L1.png,True,D:/LUMOS/processed/vertebral_rois/patient_752/Lateral/L2.png,True,D:/LUMOS/processed/vertebral_rois/patient_752/Lateral/L3.png,True,D:/LUMOS/processed/vertebral_rois/patient_752/Lateral/L4.png,True
753,AP,D:/LUMOS/processed/preprocessed_images/patient_753/AP.png,D:/LUMOS/processed/segmentation/pseudo_labels/patient_753_AP_mask.png,True,0.609966084,0.547,0.581,0.611,0.591,0.626,0.663,2,train,D:/LUMOS/processed/vertebral_rois/patient_753/AP/L1.png,True,D:/LUMOS/processed/vertebral_rois/patient_753/AP/L2.png,True,D:/LUMOS/processed/vertebral_rois/patient_753/AP/L3.png,True,D:/LUMOS/processed/vertebral_rois/patient_753/AP/L4.png,True
753,Lateral,D:/LUMOS/processed/preprocessed_images/patient_753/Lateral.png,D:/LUMOS/processed/segmentation/pseudo_labels/patient_753_Lateral_mask.png,True,0.609966084,0.547,0.581,0.611,0.591,0.626,0.663,2,train,D:/LUMOS/processed/vertebral_rois/patient_753/Lateral/L1.png,True,D:/LUMOS/processed/vertebral_rois/patient_753/Lateral/L2.png,True,D:/LUMOS/processed/vertebral_rois/patient_753/Lateral/L3.png,True,D:/LUMOS/processed/vertebral_rois/patient_753/Lateral/L4.png,True
754,AP,D:/LUMOS/processed/preprocessed_images/patient_754/AP.png,D:/LUMOS/processed/segmentation/pseudo_labels/patient_754_AP_mask.png,True,0.643,0.624,0.649,0.644,0.673,0.657,0.66,2,train,D:/LUMOS/processed/vertebral_rois/patient_754/AP/L1.png,True,D:/LUMOS/processed/vertebral_rois/patient_754/AP/L2.png,True,D:/LUMOS/processed/vertebral_rois/patient_754/AP/L3.png,True,D:/LUMOS/processed/vertebral_rois/patient_754/AP/L4.png,True
754,Lateral,D:/LUMOS/processed/preprocessed_images/patient_754/Lateral.png,D:/LUMOS/processed/segmentation/pseudo_labels/patient_754_Lateral_mask.png,True,0.643,0.624,0.649,0.644,0.673,0.657,0.66,2,train,D:/LUMOS/processed/vertebral_rois/patient_754/Lateral/L1.png,True,D:/LUMOS/processed/vertebral_rois/patient_754/Lateral/L2.png,True,D:/LUMOS/processed/vertebral_rois/patient_754/Lateral/L3.png,True,D:/LUMOS/processed/vertebral_rois/patient_754/Lateral/L4.png,False
755,AP,D:/LUMOS/processed/preprocessed_images/patient_755/AP.png,D:/LUMOS/processed/segmentation/pseudo_labels/patient_755_AP_mask.png,True,1.088,0.999,1.048,1.088,1.097,1.13,1.165,0,train,D:/LUMOS/processed/vertebral_rois/patient_755/AP/L1.png,True,D:/LUMOS/processed/vertebral_rois/patient_755/AP/L2.png,True,D:/LUMOS/processed/vertebral_rois/patient_755/AP/L3.png,True,D:/LUMOS/processed/vertebral_rois/patient_755/AP/L4.png,True
755,Lateral,D:/LUMOS/processed/preprocessed_images/patient_755/Lateral.png,D:/LUMOS/processed/segmentation/pseudo_labels/patient_755_Lateral_mask.png,True,1.088,0.999,1.048,1.088,1.097,1.13,1.165,0,train,D:/LUMOS/processed/vertebral_rois/patient_755/Lateral/L1.png,True,D:/LUMOS/processed/vertebral_rois/patient_755/Lateral/L2.png,True,D:/LUMOS/processed/vertebral_rois/patient_755/Lateral/L3.png,True,D:/LUMOS/processed/vertebral_rois/patient_755/Lateral/L4.png,True
756,AP,D:/LUMOS/processed/preprocessed_images/patient_756/AP.png,D:/LUMOS/processed/segmentation/pseudo_labels/patient_756_AP_mask.png,True,0.803,0.759,0.778,0.803,0.784,0.814,0.838,2,train,D:/LUMOS/processed/vertebral_rois/patient_756/AP/L1.png,True,D:/LUMOS/processed/vertebral_rois/patient_756/AP/L2.png,True,D:/LUMOS/processed/vertebral_rois/patient_756/AP/L3.png,True,D:/LUMOS/processed/vertebral_rois/patient_756/AP/L4.png,True
756,Lateral,D:/LUMOS/processed/preprocessed_images/patient_756/Lateral.png,D:/LUMOS/processed/segmentation/pseudo_labels/patient_756_Lateral_mask.png,True,0.803,0.759,0.778,0.803,0.784,0.814,0.838,2,train,D:/LUMOS/processed/vertebral_rois/patient_756/Lateral/L1.png,True,D:/LUMOS/processed/vertebral_rois/patient_756/Lateral/L2.png,True,D:/LUMOS/processed/vertebral_rois/patient_756/Lateral/L3.png,True,D:/LUMOS/processed/vertebral_rois/patient_756/Lateral/L4.png,True
757,AP,D:/LUMOS/processed/preprocessed_images/patient_757/AP.png,D:/LUMOS/processed/segmentation/pseudo_labels/patient_757_AP_mask.png,True,0.866487016,0.796,0.84,0.866,0.888,0.904,0.925,1,train,D:/LUMOS/processed/vertebral_rois/patient_757/AP/L1.png,True,D:/LUMOS/processed/vertebral_rois/patient_757/AP/L2.png,False,D:/LUMOS/processed/vertebral_rois/patient_757/AP/L3.png,True,D:/LUMOS/processed/vertebral_rois/patient_757/AP/L4.png,True
757,Lateral,D:/LUMOS/processed/preprocessed_images/patient_757/Lateral.png,D:/LUMOS/processed/segmentation/pseudo_labels/patient_757_Lateral_mask.png,True,0.866487016,0.796,0.84,0.866,0.888,0.904,0.925,1,train,D:/LUMOS/processed/vertebral_rois/patient_757/Lateral/L1.png,True,D:/LUMOS/processed/vertebral_rois/patient_757/Lateral/L2.png,True,D:/LUMOS/processed/vertebral_rois/patient_757/Lateral/L3.png,True,D:/LUMOS/processed/vertebral_rois/patient_757/Lateral/L4.png,True
758,AP,D:/LUMOS/processed/preprocessed_images/patient_758/AP.png,D:/LUMOS/processed/segmentation/pseudo_labels/patient_758_AP_mask.png,True,0.814,0.762,0.779,0.814,0.803,0.838,0.853,2,train,D:/LUMOS/processed/vertebral_rois/patient_758/AP/L1.png,True,D:/LUMOS/processed/vertebral_rois/patient_758/AP/L2.png,True,D:/LUMOS/processed/vertebral_rois/patient_758/AP/L3.png,True,D:/LUMOS/processed/vertebral_rois/patient_758/AP/L4.png,True
758,Lateral,D:/LUMOS/processed/preprocessed_images/patient_758/Lateral.png,D:/LUMOS/processed/segmentation/pseudo_labels/patient_758_Lateral_mask.png,True,0.814,0.762,0.779,0.814,0.803,0.838,0.853,2,train,D:/LUMOS/processed/vertebral_rois/patient_758/Lateral/L1.png,True,D:/LUMOS/processed/vertebral_rois/patient_758/Lateral/L2.png,True,D:/LUMOS/processed/vertebral_rois/patient_758/Lateral/L3.png,True,D:/LUMOS/processed/vertebral_rois/patient_758/Lateral/L4.png,True
759,AP,D:/LUMOS/processed/preprocessed_images/patient_759/AP.png,D:/LUMOS/processed/segmentation/pseudo_labels/patient_759_AP_mask.png,True,0.843,0.707,0.787,0.843,0.818,0.878,0.956,1,train,D:/LUMOS/processed/vertebral_rois/patient_759/AP/L1.png,True,D:/LUMOS/processed/vertebral_rois/patient_759/AP/L2.png,True,D:/LUMOS/processed/vertebral_rois/patient_759/AP/L3.png,True,D:/LUMOS/processed/vertebral_rois/patient_759/AP/L4.png,True
759,Lateral,D:/LUMOS/processed/preprocessed_images/patient_759/Lateral.png,D:/LUMOS/processed/segmentation/pseudo_labels/patient_759_Lateral_mask.png,True,0.843,0.707,0.787,0.843,0.818,0.878,0.956,1,train,D:/LUMOS/processed/vertebral_rois/patient_759/Lateral/L1.png,True,D:/LUMOS/processed/vertebral_rois/patient_759/Lateral/L2.png,True,D:/LUMOS/processed/vertebral_rois/patient_759/Lateral/L3.png,True,D:/LUMOS/processed/vertebral_rois/patient_759/Lateral/L4.png,True
760,AP,D:/LUMOS/processed/preprocessed_images/patient_760/AP.png,D:/LUMOS/processed/segmentation/pseudo_labels/patient_760_AP_mask.png,True,0.802,0.785,0.831,0.802,0.846,0.804,0.815,2,train,D:/LUMOS/processed/vertebral_rois/patient_760/AP/L1.png,True,D:/LUMOS/processed/vertebral_rois/patient_760/AP/L2.png,True,D:/LUMOS/processed/vertebral_rois/patient_760/AP/L3.png,True,D:/LUMOS/processed/vertebral_rois/patient_760/AP/L4.png,False
760,Lateral,D:/LUMOS/processed/preprocessed_images/patient_760/Lateral.png,D:/LUMOS/processed/segmentation/pseudo_labels/patient_760_Lateral_mask.png,True,0.802,0.785,0.831,0.802,0.846,0.804,0.815,2,train,D:/LUMOS/processed/vertebral_rois/patient_760/Lateral/L1.png,True,D:/LUMOS/processed/vertebral_rois/patient_760/Lateral/L2.png,True,D:/LUMOS/processed/vertebral_rois/patient_760/Lateral/L3.png,True,D:/LUMOS/processed/vertebral_rois/patient_760/Lateral/L4.png,True
761,AP,D:/LUMOS/processed/preprocessed_images/patient_761/AP.png,D:/LUMOS/processed/segmentation/pseudo_labels/patient_761_AP_mask.png,True,0.92,0.85,0.875,0.92,0.914,0.96,0.989,1,train,D:/LUMOS/processed/vertebral_rois/patient_761/AP/L1.png,True,D:/LUMOS/processed/vertebral_rois/patient_761/AP/L2.png,True,D:/LUMOS/processed/vertebral_rois/patient_761/AP/L3.png,True,D:/LUMOS/processed/vertebral_rois/patient_761/AP/L4.png,True
761,Lateral,D:/LUMOS/processed/preprocessed_images/patient_761/Lateral.png,D:/LUMOS/processed/segmentation/pseudo_labels/patient_761_Lateral_mask.png,True,0.92,0.85,0.875,0.92,0.914,0.96,0.989,1,train,D:/LUMOS/processed/vertebral_rois/patient_761/Lateral/L1.png,True,D:/LUMOS/processed/vertebral_rois/patient_761/Lateral/L2.png,True,D:/LUMOS/processed/vertebral_rois/patient_761/Lateral/L3.png,True,D:/LUMOS/processed/vertebral_rois/patient_761/Lateral/L4.png,True
762,AP,D:/LUMOS/processed/preprocessed_images/patient_762/AP.png,D:/LUMOS/processed/segmentation/pseudo_labels/patient_762_AP_mask.png,True,1.233,1.219,1.227,1.233,1.259,1.255,1.245,0,train,D:/LUMOS/processed/vertebral_rois/patient_762/AP/L1.png,True,D:/LUMOS/processed/vertebral_rois/patient_762/AP/L2.png,True,D:/LUMOS/processed/vertebral_rois/patient_762/AP/L3.png,True,D:/LUMOS/processed/vertebral_rois/patient_762/AP/L4.png,True
762,Lateral,D:/LUMOS/processed/preprocessed_images/patient_762/Lateral.png,D:/LUMOS/processed/segmentation/pseudo_labels/patient_762_Lateral_mask.png,True,1.233,1.219,1.227,1.233,1.259,1.255,1.245,0,train,D:/LUMOS/processed/vertebral_rois/patient_762/Lateral/L1.png,True,D:/LUMOS/processed/vertebral_rois/patient_762/Lateral/L2.png,True,D:/LUMOS/processed/vertebral_rois/patient_762/Lateral/L3.png,True,D:/LUMOS/processed/vertebral_rois/patient_762/Lateral/L4.png,True
763,AP,D:/LUMOS/processed/preprocessed_images/patient_763/AP.png,D:/LUMOS/processed/segmentation/pseudo_labels/patient_763_AP_mask.png,True,0.663,0.996,1.012,0.998,1.033,1.007,0.999,2,train,D:/LUMOS/processed/vertebral_rois/patient_763/AP/L1.png,True,D:/LUMOS/processed/vertebral_rois/patient_763/AP/L2.png,True,D:/LUMOS/processed/vertebral_rois/patient_763/AP/L3.png,True,D:/LUMOS/processed/vertebral_rois/patient_763/AP/L4.png,True
763,Lateral,D:/LUMOS/processed/preprocessed_images/patient_763/Lateral.png,D:/LUMOS/processed/segmentation/pseudo_labels/patient_763_Lateral_mask.png,True,0.663,0.996,1.012,0.998,1.033,1.007,0.999,2,train,D:/LUMOS/processed/vertebral_rois/patient_763/Lateral/L1.png,True,D:/LUMOS/processed/vertebral_rois/patient_763/Lateral/L2.png,True,D:/LUMOS/processed/vertebral_rois/patient_763/Lateral/L3.png,True,D:/LUMOS/processed/vertebral_rois/patient_763/Lateral/L4.png,True
764,AP,D:/LUMOS/processed/preprocessed_images/patient_764/AP.png,D:/LUMOS/processed/segmentation/pseudo_labels/patient_764_AP_mask.png,True,0.689,0.728,0.72,0.689,0.733,0.688,0.658,2,train,D:/LUMOS/processed/vertebral_rois/patient_764/AP/L1.png,True,D:/LUMOS/processed/vertebral_rois/patient_764/AP/L2.png,True,D:/LUMOS/processed/vertebral_rois/patient_764/AP/L3.png,True,D:/LUMOS/processed/vertebral_rois/patient_764/AP/L4.png,True
764,Lateral,D:/LUMOS/processed/preprocessed_images/patient_764/Lateral.png,D:/LUMOS/processed/segmentation/pseudo_labels/patient_764_Lateral_mask.png,True,0.689,0.728,0.72,0.689,0.733,0.688,0.658,2,train,D:/LUMOS/processed/vertebral_rois/patient_764/Lateral/L1.png,True,D:/LUMOS/processed/vertebral_rois/patient_764/Lateral/L2.png,True,D:/LUMOS/processed/vertebral_rois/patient_764/Lateral/L3.png,True,D:/LUMOS/processed/vertebral_rois/patient_764/Lateral/L4.png,True
765,AP,D:/LUMOS/processed/preprocessed_images/patient_765/AP.png,D:/LUMOS/processed/segmentation/pseudo_labels/patient_765_AP_mask.png,True,0.541800339686733,0.53,0.518,0.539,0.508,0.539,0.547,2,train,D:/LUMOS/processed/vertebral_rois/patient_765/AP/L1.png,True,D:/LUMOS/processed/vertebral_rois/patient_765/AP/L2.png,True,D:/LUMOS/processed/vertebral_rois/patient_765/AP/L3.png,True,D:/LUMOS/processed/vertebral_rois/patient_765/AP/L4.png,True
765,Lateral,D:/LUMOS/processed/preprocessed_images/patient_765/Lateral.png,D:/LUMOS/processed/segmentation/pseudo_labels/patient_765_Lateral_mask.png,True,0.541800339686733,0.53,0.518,0.539,0.508,0.539,0.547,2,train,D:/LUMOS/processed/vertebral_rois/patient_765/Lateral/L1.png,True,D:/LUMOS/processed/vertebral_rois/patient_765/Lateral/L2.png,True,D:/LUMOS/processed/vertebral_rois/patient_765/Lateral/L3.png,True,D:/LUMOS/processed/vertebral_rois/patient_765/Lateral/L4.png,True
766,AP,D:/LUMOS/processed/preprocessed_images/patient_766/AP.png,D:/LUMOS/processed/segmentation/pseudo_labels/patient_766_AP_mask.png,True,0.81,0.761,0.777,0.81,0.793,0.83,0.852,2,validation,D:/LUMOS/processed/vertebral_rois/patient_766/AP/L1.png,True,D:/LUMOS/processed/vertebral_rois/patient_766/AP/L2.png,True,D:/LUMOS/processed/vertebral_rois/patient_766/AP/L3.png,True,D:/LUMOS/processed/vertebral_rois/patient_766/AP/L4.png,True
766,Lateral,D:/LUMOS/processed/preprocessed_images/patient_766/Lateral.png,D:/LUMOS/processed/segmentation/pseudo_labels/patient_766_Lateral_mask.png,True,0.81,0.761,0.777,0.81,0.793,0.83,0.852,2,validation,D:/LUMOS/processed/vertebral_rois/patient_766/Lateral/L1.png,True,D:/LUMOS/processed/vertebral_rois/patient_766/Lateral/L2.png,True,D:/LUMOS/processed/vertebral_rois/patient_766/Lateral/L3.png,True,D:/LUMOS/processed/vertebral_rois/patient_766/Lateral/L4.png,True
767,AP,D:/LUMOS/processed/preprocessed_images/patient_767/AP.png,D:/LUMOS/processed/segmentation/pseudo_labels/patient_767_AP_mask.png,True,0.853,0.729,0.771,0.853,0.817,0.903,0.947,1,test,D:/LUMOS/processed/vertebral_rois/patient_767/AP/L1.png,True,D:/LUMOS/processed/vertebral_rois/patient_767/AP/L2.png,True,D:/LUMOS/processed/vertebral_rois/patient_767/AP/L3.png,True,D:/LUMOS/processed/vertebral_rois/patient_767/AP/L4.png,True
767,Lateral,D:/LUMOS/processed/preprocessed_images/patient_767/Lateral.png,D:/LUMOS/processed/segmentation/pseudo_labels/patient_767_Lateral_mask.png,True,0.853,0.729,0.771,0.853,0.817,0.903,0.947,1,test,D:/LUMOS/processed/vertebral_rois/patient_767/Lateral/L1.png,True,D:/LUMOS/processed/vertebral_rois/patient_767/Lateral/L2.png,True,D:/LUMOS/processed/vertebral_rois/patient_767/Lateral/L3.png,True,D:/LUMOS/processed/vertebral_rois/patient_767/Lateral/L4.png,True
768,AP,D:/LUMOS/processed/preprocessed_images/patient_768/AP.png,D:/LUMOS/processed/segmentation/pseudo_labels/patient_768_AP_mask.png,True,0.79,0.709,0.763,0.79,0.789,0.812,0.851,2,train,D:/LUMOS/processed/vertebral_rois/patient_768/AP/L1.png,True,D:/LUMOS/processed/vertebral_rois/patient_768/AP/L2.png,True,D:/LUMOS/processed/vertebral_rois/patient_768/AP/L3.png,True,D:/LUMOS/processed/vertebral_rois/patient_768/AP/L4.png,True
768,Lateral,D:/LUMOS/processed/preprocessed_images/patient_768/Lateral.png,D:/LUMOS/processed/segmentation/pseudo_labels/patient_768_Lateral_mask.png,True,0.79,0.709,0.763,0.79,0.789,0.812,0.851,2,train,D:/LUMOS/processed/vertebral_rois/patient_768/Lateral/L1.png,True,D:/LUMOS/processed/vertebral_rois/patient_768/Lateral/L2.png,True,D:/LUMOS/processed/vertebral_rois/patient_768/Lateral/L3.png,True,D:/LUMOS/processed/vertebral_rois/patient_768/Lateral/L4.png,True
769,AP,D:/LUMOS/processed/preprocessed_images/patient_769/AP.png,D:/LUMOS/processed/segmentation/pseudo_labels/patient_769_AP_mask.png,True,0.802438473696094,0.728,0.764,0.802,0.784,0.826,0.86,2,test,D:/LUMOS/processed/vertebral_rois/patient_769/AP/L1.png,True,D:/LUMOS/processed/vertebral_rois/patient_769/AP/L2.png,True,D:/LUMOS/processed/vertebral_rois/patient_769/AP/L3.png,True,D:/LUMOS/processed/vertebral_rois/patient_769/AP/L4.png,True
769,Lateral,D:/LUMOS/processed/preprocessed_images/patient_769/Lateral.png,D:/LUMOS/processed/segmentation/pseudo_labels/patient_769_Lateral_mask.png,True,0.802438473696094,0.728,0.764,0.802,0.784,0.826,0.86,2,test,D:/LUMOS/processed/vertebral_rois/patient_769/Lateral/L1.png,True,D:/LUMOS/processed/vertebral_rois/patient_769/Lateral/L2.png,True,D:/LUMOS/processed/vertebral_rois/patient_769/Lateral/L3.png,True,D:/LUMOS/processed/vertebral_rois/patient_769/Lateral/L4.png,True
770,AP,D:/LUMOS/processed/preprocessed_images/patient_770/AP.png,D:/LUMOS/processed/segmentation/pseudo_labels/patient_770_AP_mask.png,True,0.931,0.836,0.899,0.931,0.95,0.97,1.005,1,train,D:/LUMOS/processed/vertebral_rois/patient_770/AP/L1.png,True,D:/LUMOS/processed/vertebral_rois/patient_770/AP/L2.png,True,D:/LUMOS/processed/vertebral_rois/patient_770/AP/L3.png,True,D:/LUMOS/processed/vertebral_rois/patient_770/AP/L4.png,True
770,Lateral,D:/LUMOS/processed/preprocessed_images/patient_770/Lateral.png,D:/LUMOS/processed/segmentation/pseudo_labels/patient_770_Lateral_mask.png,True,0.931,0.836,0.899,0.931,0.95,0.97,1.005,1,train,D:/LUMOS/processed/vertebral_rois/patient_770/Lateral/L1.png,True,D:/LUMOS/processed/vertebral_rois/patient_770/Lateral/L2.png,True,D:/LUMOS/processed/vertebral_rois/patient_770/Lateral/L3.png,True,D:/LUMOS/processed/vertebral_rois/patient_770/Lateral/L4.png,True
771,AP,D:/LUMOS/processed/preprocessed_images/patient_771/AP.png,D:/LUMOS/processed/segmentation/pseudo_labels/patient_771_AP_mask.png,True,1.081,1.027,1.052,1.081,1.068,1.099,1.128,0,train,D:/LUMOS/processed/vertebral_rois/patient_771/AP/L1.png,True,D:/LUMOS/processed/vertebral_rois/patient_771/AP/L2.png,True,D:/LUMOS/processed/vertebral_rois/patient_771/AP/L3.png,True,D:/LUMOS/processed/vertebral_rois/patient_771/AP/L4.png,True
771,Lateral,D:/LUMOS/processed/preprocessed_images/patient_771/Lateral.png,D:/LUMOS/processed/segmentation/pseudo_labels/patient_771_Lateral_mask.png,True,1.081,1.027,1.052,1.081,1.068,1.099,1.128,0,train,D:/LUMOS/processed/vertebral_rois/patient_771/Lateral/L1.png,True,D:/LUMOS/processed/vertebral_rois/patient_771/Lateral/L2.png,True,D:/LUMOS/processed/vertebral_rois/patient_771/Lateral/L3.png,True,D:/LUMOS/processed/vertebral_rois/patient_771/Lateral/L4.png,True
772,AP,D:/LUMOS/processed/preprocessed_images/patient_772/AP.png,D:/LUMOS/processed/segmentation/pseudo_labels/patient_772_AP_mask.png,True,0.823,0.801,0.83,0.823,0.854,0.836,0.84,1,test,D:/LUMOS/processed/vertebral_rois/patient_772/AP/L1.png,True,D:/LUMOS/processed/vertebral_rois/patient_772/AP/L2.png,True,D:/LUMOS/processed/vertebral_rois/patient_772/AP/L3.png,True,D:/LUMOS/processed/vertebral_rois/patient_772/AP/L4.png,True
772,Lateral,D:/LUMOS/processed/preprocessed_images/patient_772/Lateral.png,D:/LUMOS/processed/segmentation/pseudo_labels/patient_772_Lateral_mask.png,True,0.823,0.801,0.83,0.823,0.854,0.836,0.84,1,test,D:/LUMOS/processed/vertebral_rois/patient_772/Lateral/L1.png,True,D:/LUMOS/processed/vertebral_rois/patient_772/Lateral/L2.png,True,D:/LUMOS/processed/vertebral_rois/patient_772/Lateral/L3.png,True,D:/LUMOS/processed/vertebral_rois/patient_772/Lateral/L4.png,True
773,AP,D:/LUMOS/processed/preprocessed_images/patient_773/AP.png,D:/LUMOS/processed/segmentation/pseudo_labels/patient_773_AP_mask.png,True,0.758,0.711,0.732,0.758,0.723,0.759,0.799,2,test,D:/LUMOS/processed/vertebral_rois/patient_773/AP/L1.png,True,D:/LUMOS/processed/vertebral_rois/patient_773/AP/L2.png,True,D:/LUMOS/processed/vertebral_rois/patient_773/AP/L3.png,True,D:/LUMOS/processed/vertebral_rois/patient_773/AP/L4.png,True
773,Lateral,D:/LUMOS/processed/preprocessed_images/patient_773/Lateral.png,D:/LUMOS/processed/segmentation/pseudo_labels/patient_773_Lateral_mask.png,True,0.758,0.711,0.732,0.758,0.723,0.759,0.799,2,test,D:/LUMOS/processed/vertebral_rois/patient_773/Lateral/L1.png,True,D:/LUMOS/processed/vertebral_rois/patient_773/Lateral/L2.png,True,D:/LUMOS/processed/vertebral_rois/patient_773/Lateral/L3.png,True,D:/LUMOS/processed/vertebral_rois/patient_773/Lateral/L4.png,True
774,AP,D:/LUMOS/processed/preprocessed_images/patient_774/AP.png,D:/LUMOS/processed/segmentation/pseudo_labels/patient_774_AP_mask.png,True,0.855,0.781,0.837,0.856,0.855,0.873,0.916,1,train,D:/LUMOS/processed/vertebral_rois/patient_774/AP/L1.png,True,D:/LUMOS/processed/vertebral_rois/patient_774/AP/L2.png,True,D:/LUMOS/processed/vertebral_rois/patient_774/AP/L3.png,True,D:/LUMOS/processed/vertebral_rois/patient_774/AP/L4.png,True
774,Lateral,D:/LUMOS/processed/preprocessed_images/patient_774/Lateral.png,D:/LUMOS/processed/segmentation/pseudo_labels/patient_774_Lateral_mask.png,True,0.855,0.781,0.837,0.856,0.855,0.873,0.916,1,train,D:/LUMOS/processed/vertebral_rois/patient_774/Lateral/L1.png,True,D:/LUMOS/processed/vertebral_rois/patient_774/Lateral/L2.png,True,D:/LUMOS/processed/vertebral_rois/patient_774/Lateral/L3.png,True,D:/LUMOS/processed/vertebral_rois/patient_774/Lateral/L4.png,True
775,AP,D:/LUMOS/processed/preprocessed_images/patient_775/AP.png,D:/LUMOS/processed/segmentation/pseudo_labels/patient_775_AP_mask.png,True,0.69,0.66,0.679,0.69,0.692,0.701,0.716,2,validation,D:/LUMOS/processed/vertebral_rois/patient_775/AP/L1.png,True,D:/LUMOS/processed/vertebral_rois/patient_775/AP/L2.png,True,D:/LUMOS/processed/vertebral_rois/patient_775/AP/L3.png,True,D:/LUMOS/processed/vertebral_rois/patient_775/AP/L4.png,True
775,Lateral,D:/LUMOS/processed/preprocessed_images/patient_775/Lateral.png,D:/LUMOS/processed/segmentation/pseudo_labels/patient_775_Lateral_mask.png,True,0.69,0.66,0.679,0.69,0.692,0.701,0.716,2,validation,D:/LUMOS/processed/vertebral_rois/patient_775/Lateral/L1.png,True,D:/LUMOS/processed/vertebral_rois/patient_775/Lateral/L2.png,True,D:/LUMOS/processed/vertebral_rois/patient_775/Lateral/L3.png,True,D:/LUMOS/processed/vertebral_rois/patient_775/Lateral/L4.png,False
776,AP,D:/LUMOS/processed/preprocessed_images/patient_776/AP.png,D:/LUMOS/processed/segmentation/pseudo_labels/patient_776_AP_mask.png,True,0.787,0.743,0.769,0.787,0.789,0.804,0.821,2,train,D:/LUMOS/processed/vertebral_rois/patient_776/AP/L1.png,True,D:/LUMOS/processed/vertebral_rois/patient_776/AP/L2.png,True,D:/LUMOS/processed/vertebral_rois/patient_776/AP/L3.png,True,D:/LUMOS/processed/vertebral_rois/patient_776/AP/L4.png,True
776,Lateral,D:/LUMOS/processed/preprocessed_images/patient_776/Lateral.png,D:/LUMOS/processed/segmentation/pseudo_labels/patient_776_Lateral_mask.png,True,0.787,0.743,0.769,0.787,0.789,0.804,0.821,2,train,D:/LUMOS/processed/vertebral_rois/patient_776/Lateral/L1.png,True,D:/LUMOS/processed/vertebral_rois/patient_776/Lateral/L2.png,True,D:/LUMOS/processed/vertebral_rois/patient_776/Lateral/L3.png,True,D:/LUMOS/processed/vertebral_rois/patient_776/Lateral/L4.png,True
777,AP,D:/LUMOS/processed/preprocessed_images/patient_777/AP.png,D:/LUMOS/processed/segmentation/pseudo_labels/patient_777_AP_mask.png,True,0.986270022883295,0.962,0.967,0.986,0.959,0.987,1.008,1,train,D:/LUMOS/processed/vertebral_rois/patient_777/AP/L1.png,True,D:/LUMOS/processed/vertebral_rois/patient_777/AP/L2.png,True,D:/LUMOS/processed/vertebral_rois/patient_777/AP/L3.png,True,D:/LUMOS/processed/vertebral_rois/patient_777/AP/L4.png,True
777,Lateral,D:/LUMOS/processed/preprocessed_images/patient_777/Lateral.png,D:/LUMOS/processed/segmentation/pseudo_labels/patient_777_Lateral_mask.png,True,0.986270022883295,0.962,0.967,0.986,0.959,0.987,1.008,1,train,D:/LUMOS/processed/vertebral_rois/patient_777/Lateral/L1.png,True,D:/LUMOS/processed/vertebral_rois/patient_777/Lateral/L2.png,True,D:/LUMOS/processed/vertebral_rois/patient_777/Lateral/L3.png,True,D:/LUMOS/processed/vertebral_rois/patient_777/Lateral/L4.png,True
778,AP,D:/LUMOS/processed/preprocessed_images/patient_778/AP.png,D:/LUMOS/processed/segmentation/pseudo_labels/patient_778_AP_mask.png,True,0.986,0.959,0.952,0.986,0.984,1.016,1.009,1,validation,D:/LUMOS/processed/vertebral_rois/patient_778/AP/L1.png,True,D:/LUMOS/processed/vertebral_rois/patient_778/AP/L2.png,True,D:/LUMOS/processed/vertebral_rois/patient_778/AP/L3.png,False,D:/LUMOS/processed/vertebral_rois/patient_778/AP/L4.png,True
778,Lateral,D:/LUMOS/processed/preprocessed_images/patient_778/Lateral.png,D:/LUMOS/processed/segmentation/pseudo_labels/patient_778_Lateral_mask.png,True,0.986,0.959,0.952,0.986,0.984,1.016,1.009,1,validation,D:/LUMOS/processed/vertebral_rois/patient_778/Lateral/L1.png,True,D:/LUMOS/processed/vertebral_rois/patient_778/Lateral/L2.png,True,D:/LUMOS/processed/vertebral_rois/patient_778/Lateral/L3.png,True,D:/LUMOS/processed/vertebral_rois/patient_778/Lateral/L4.png,True
779,AP,D:/LUMOS/processed/preprocessed_images/patient_779/AP.png,D:/LUMOS/processed/segmentation/pseudo_labels/patient_779_AP_mask.png,True,0.718,0.632,0.689,0.717,0.724,0.744,0.778,2,test,D:/LUMOS/processed/vertebral_rois/patient_779/AP/L1.png,True,D:/LUMOS/processed/vertebral_rois/patient_779/AP/L2.png,True,D:/LUMOS/processed/vertebral_rois/patient_779/AP/L3.png,True,D:/LUMOS/processed/vertebral_rois/patient_779/AP/L4.png,True
779,Lateral,D:/LUMOS/processed/preprocessed_images/patient_779/Lateral.png,D:/LUMOS/processed/segmentation/pseudo_labels/patient_779_Lateral_mask.png,True,0.718,0.632,0.689,0.717,0.724,0.744,0.778,2,test,D:/LUMOS/processed/vertebral_rois/patient_779/Lateral/L1.png,True,D:/LUMOS/processed/vertebral_rois/patient_779/Lateral/L2.png,True,D:/LUMOS/processed/vertebral_rois/patient_779/Lateral/L3.png,True,D:/LUMOS/processed/vertebral_rois/patient_779/Lateral/L4.png,True
780,AP,D:/LUMOS/processed/preprocessed_images/patient_780/AP.png,D:/LUMOS/processed/segmentation/pseudo_labels/patient_780_AP_mask.png,True,0.935,0.891,0.93,0.935,0.942,0.943,0.967,1,train,D:/LUMOS/processed/vertebral_rois/patient_780/AP/L1.png,True,D:/LUMOS/processed/vertebral_rois/patient_780/AP/L2.png,True,D:/LUMOS/processed/vertebral_rois/patient_780/AP/L3.png,True,D:/LUMOS/processed/vertebral_rois/patient_780/AP/L4.png,True
780,Lateral,D:/LUMOS/processed/preprocessed_images/patient_780/Lateral.png,D:/LUMOS/processed/segmentation/pseudo_labels/patient_780_Lateral_mask.png,True,0.935,0.891,0.93,0.935,0.942,0.943,0.967,1,train,D:/LUMOS/processed/vertebral_rois/patient_780/Lateral/L1.png,True,D:/LUMOS/processed/vertebral_rois/patient_780/Lateral/L2.png,True,D:/LUMOS/processed/vertebral_rois/patient_780/Lateral/L3.png,True,D:/LUMOS/processed/vertebral_rois/patient_780/Lateral/L4.png,True
781,AP,D:/LUMOS/processed/preprocessed_images/patient_781/AP.png,D:/LUMOS/processed/segmentation/pseudo_labels/patient_781_AP_mask.png,True,0.991,0.94,0.962,0.991,0.97,1.004,1.03,1,validation,D:/LUMOS/processed/vertebral_rois/patient_781/AP/L1.png,True,D:/LUMOS/processed/vertebral_rois/patient_781/AP/L2.png,True,D:/LUMOS/processed/vertebral_rois/patient_781/AP/L3.png,True,D:/LUMOS/processed/vertebral_rois/patient_781/AP/L4.png,True
781,Lateral,D:/LUMOS/processed/preprocessed_images/patient_781/Lateral.png,D:/LUMOS/processed/segmentation/pseudo_labels/patient_781_Lateral_mask.png,True,0.991,0.94,0.962,0.991,0.97,1.004,1.03,1,validation,D:/LUMOS/processed/vertebral_rois/patient_781/Lateral/L1.png,True,D:/LUMOS/processed/vertebral_rois/patient_781/Lateral/L2.png,True,D:/LUMOS/processed/vertebral_rois/patient_781/Lateral/L3.png,True,D:/LUMOS/processed/vertebral_rois/patient_781/Lateral/L4.png,False
782,AP,D:/LUMOS/processed/preprocessed_images/patient_782/AP.png,D:/LUMOS/processed/segmentation/pseudo_labels/patient_782_AP_mask.png,True,0.797,0.888,0.841,0.797,0.781,0.747,0.731,2,validation,D:/LUMOS/processed/vertebral_rois/patient_782/AP/L1.png,True,D:/LUMOS/processed/vertebral_rois/patient_782/AP/L2.png,True,D:/LUMOS/processed/vertebral_rois/patient_782/AP/L3.png,True,D:/LUMOS/processed/vertebral_rois/patient_782/AP/L4.png,True
782,Lateral,D:/LUMOS/processed/preprocessed_images/patient_782/Lateral.png,D:/LUMOS/processed/segmentation/pseudo_labels/patient_782_Lateral_mask.png,True,0.797,0.888,0.841,0.797,0.781,0.747,0.731,2,validation,D:/LUMOS/processed/vertebral_rois/patient_782/Lateral/L1.png,True,D:/LUMOS/processed/vertebral_rois/patient_782/Lateral/L2.png,True,D:/LUMOS/processed/vertebral_rois/patient_782/Lateral/L3.png,True,D:/LUMOS/processed/vertebral_rois/patient_782/Lateral/L4.png,True
783,AP,D:/LUMOS/processed/preprocessed_images/patient_783/AP.png,D:/LUMOS/processed/segmentation/pseudo_labels/patient_783_AP_mask.png,True,1.109,1.055,1.108,1.109,1.162,1.143,1.152,0,train,D:/LUMOS/processed/vertebral_rois/patient_783/AP/L1.png,True,D:/LUMOS/processed/vertebral_rois/patient_783/AP/L2.png,True,D:/LUMOS/processed/vertebral_rois/patient_783/AP/L3.png,True,D:/LUMOS/processed/vertebral_rois/patient_783/AP/L4.png,True
783,Lateral,D:/LUMOS/processed/preprocessed_images/patient_783/Lateral.png,D:/LUMOS/processed/segmentation/pseudo_labels/patient_783_Lateral_mask.png,True,1.109,1.055,1.108,1.109,1.162,1.143,1.152,0,train,D:/LUMOS/processed/vertebral_rois/patient_783/Lateral/L1.png,True,D:/LUMOS/processed/vertebral_rois/patient_783/Lateral/L2.png,True,D:/LUMOS/processed/vertebral_rois/patient_783/Lateral/L3.png,True,D:/LUMOS/processed/vertebral_rois/patient_783/Lateral/L4.png,True
784,AP,D:/LUMOS/processed/preprocessed_images/patient_784/AP.png,D:/LUMOS/processed/segmentation/pseudo_labels/patient_784_AP_mask.png,True,0.502,0.524,0.502,0.502,0.461,0.476,0.483,2,train,D:/LUMOS/processed/vertebral_rois/patient_784/AP/L1.png,True,D:/LUMOS/processed/vertebral_rois/patient_784/AP/L2.png,True,D:/LUMOS/processed/vertebral_rois/patient_784/AP/L3.png,True,D:/LUMOS/processed/vertebral_rois/patient_784/AP/L4.png,True
784,Lateral,D:/LUMOS/processed/preprocessed_images/patient_784/Lateral.png,D:/LUMOS/processed/segmentation/pseudo_labels/patient_784_Lateral_mask.png,True,0.502,0.524,0.502,0.502,0.461,0.476,0.483,2,train,D:/LUMOS/processed/vertebral_rois/patient_784/Lateral/L1.png,True,D:/LUMOS/processed/vertebral_rois/patient_784/Lateral/L2.png,True,D:/LUMOS/processed/vertebral_rois/patient_784/Lateral/L3.png,True,D:/LUMOS/processed/vertebral_rois/patient_784/Lateral/L4.png,True
785,AP,D:/LUMOS/processed/preprocessed_images/patient_785/AP.png,D:/LUMOS/processed/segmentation/pseudo_labels/patient_785_AP_mask.png,True,1.217,1.172,1.196,1.217,1.229,1.242,1.25,0,train,D:/LUMOS/processed/vertebral_rois/patient_785/AP/L1.png,True,D:/LUMOS/processed/vertebral_rois/patient_785/AP/L2.png,True,D:/LUMOS/processed/vertebral_rois/patient_785/AP/L3.png,True,D:/LUMOS/processed/vertebral_rois/patient_785/AP/L4.png,True
785,Lateral,D:/LUMOS/processed/preprocessed_images/patient_785/Lateral.png,D:/LUMOS/processed/segmentation/pseudo_labels/patient_785_Lateral_mask.png,True,1.217,1.172,1.196,1.217,1.229,1.242,1.25,0,train,D:/LUMOS/processed/vertebral_rois/patient_785/Lateral/L1.png,True,D:/LUMOS/processed/vertebral_rois/patient_785/Lateral/L2.png,True,D:/LUMOS/processed/vertebral_rois/patient_785/Lateral/L3.png,True,D:/LUMOS/processed/vertebral_rois/patient_785/Lateral/L4.png,True
786,AP,D:/LUMOS/processed/preprocessed_images/patient_786/AP.png,D:/LUMOS/processed/segmentation/pseudo_labels/patient_786_AP_mask.png,True,0.737,0.701,0.725,0.737,0.731,0.744,0.768,2,train,D:/LUMOS/processed/vertebral_rois/patient_786/AP/L1.png,True,D:/LUMOS/processed/vertebral_rois/patient_786/AP/L2.png,True,D:/LUMOS/processed/vertebral_rois/patient_786/AP/L3.png,True,D:/LUMOS/processed/vertebral_rois/patient_786/AP/L4.png,True
786,Lateral,D:/LUMOS/processed/preprocessed_images/patient_786/Lateral.png,D:/LUMOS/processed/segmentation/pseudo_labels/patient_786_Lateral_mask.png,True,0.737,0.701,0.725,0.737,0.731,0.744,0.768,2,train,D:/LUMOS/processed/vertebral_rois/patient_786/Lateral/L1.png,True,D:/LUMOS/processed/vertebral_rois/patient_786/Lateral/L2.png,True,D:/LUMOS/processed/vertebral_rois/patient_786/Lateral/L3.png,True,D:/LUMOS/processed/vertebral_rois/patient_786/Lateral/L4.png,True
787,AP,D:/LUMOS/processed/preprocessed_images/patient_787/AP.png,D:/LUMOS/processed/segmentation/pseudo_labels/patient_787_AP_mask.png,True,0.951,0.918,0.957,0.951,0.987,0.97,0.984,1,train,D:/LUMOS/processed/vertebral_rois/patient_787/AP/L1.png,True,D:/LUMOS/processed/vertebral_rois/patient_787/AP/L2.png,True,D:/LUMOS/processed/vertebral_rois/patient_787/AP/L3.png,True,D:/LUMOS/processed/vertebral_rois/patient_787/AP/L4.png,True
787,Lateral,D:/LUMOS/processed/preprocessed_images/patient_787/Lateral.png,D:/LUMOS/processed/segmentation/pseudo_labels/patient_787_Lateral_mask.png,True,0.951,0.918,0.957,0.951,0.987,0.97,0.984,1,train,D:/LUMOS/processed/vertebral_rois/patient_787/Lateral/L1.png,True,D:/LUMOS/processed/vertebral_rois/patient_787/Lateral/L2.png,True,D:/LUMOS/processed/vertebral_rois/patient_787/Lateral/L3.png,True,D:/LUMOS/processed/vertebral_rois/patient_787/Lateral/L4.png,True
788,AP,D:/LUMOS/processed/preprocessed_images/patient_788/AP.png,D:/LUMOS/processed/segmentation/pseudo_labels/patient_788_AP_mask.png,True,0.929,0.928,0.939,0.929,0.972,0.948,0.931,1,validation,D:/LUMOS/processed/vertebral_rois/patient_788/AP/L1.png,True,D:/LUMOS/processed/vertebral_rois/patient_788/AP/L2.png,True,D:/LUMOS/processed/vertebral_rois/patient_788/AP/L3.png,True,D:/LUMOS/processed/vertebral_rois/patient_788/AP/L4.png,True
788,Lateral,D:/LUMOS/processed/preprocessed_images/patient_788/Lateral.png,D:/LUMOS/processed/segmentation/pseudo_labels/patient_788_Lateral_mask.png,True,0.929,0.928,0.939,0.929,0.972,0.948,0.931,1,validation,D:/LUMOS/processed/vertebral_rois/patient_788/Lateral/L1.png,True,D:/LUMOS/processed/vertebral_rois/patient_788/Lateral/L2.png,True,D:/LUMOS/processed/vertebral_rois/patient_788/Lateral/L3.png,True,D:/LUMOS/processed/vertebral_rois/patient_788/Lateral/L4.png,True
789,AP,D:/LUMOS/processed/preprocessed_images/patient_789/AP.png,D:/LUMOS/processed/segmentation/pseudo_labels/patient_789_AP_mask.png,True,0.9,0.855,0.881,0.9,0.96,0.956,0.938,1,train,D:/LUMOS/processed/vertebral_rois/patient_789/AP/L1.png,True,D:/LUMOS/processed/vertebral_rois/patient_789/AP/L2.png,True,D:/LUMOS/processed/vertebral_rois/patient_789/AP/L3.png,True,D:/LUMOS/processed/vertebral_rois/patient_789/AP/L4.png,True
789,Lateral,D:/LUMOS/processed/preprocessed_images/patient_789/Lateral.png,D:/LUMOS/processed/segmentation/pseudo_labels/patient_789_Lateral_mask.png,True,0.9,0.855,0.881,0.9,0.96,0.956,0.938,1,train,D:/LUMOS/processed/vertebral_rois/patient_789/Lateral/L1.png,True,D:/LUMOS/processed/vertebral_rois/patient_789/Lateral/L2.png,True,D:/LUMOS/processed/vertebral_rois/patient_789/Lateral/L3.png,True,D:/LUMOS/processed/vertebral_rois/patient_789/Lateral/L4.png,True
790,AP,D:/LUMOS/processed/preprocessed_images/patient_790/AP.png,D:/LUMOS/processed/segmentation/pseudo_labels/patient_790_AP_mask.png,True,1.126,1.106,1.122,1.126,1.111,1.12,1.145,0,train,D:/LUMOS/processed/vertebral_rois/patient_790/AP/L1.png,True,D:/LUMOS/processed/vertebral_rois/patient_790/AP/L2.png,True,D:/LUMOS/processed/vertebral_rois/patient_790/AP/L3.png,True,D:/LUMOS/processed/vertebral_rois/patient_790/AP/L4.png,True
790,Lateral,D:/LUMOS/processed/preprocessed_images/patient_790/Lateral.png,D:/LUMOS/processed/segmentation/pseudo_labels/patient_790_Lateral_mask.png,True,1.126,1.106,1.122,1.126,1.111,1.12,1.145,0,train,D:/LUMOS/processed/vertebral_rois/patient_790/Lateral/L1.png,True,D:/LUMOS/processed/vertebral_rois/patient_790/Lateral/L2.png,True,D:/LUMOS/processed/vertebral_rois/patient_790/Lateral/L3.png,True,D:/LUMOS/processed/vertebral_rois/patient_790/Lateral/L4.png,False
791,AP,D:/LUMOS/processed/preprocessed_images/patient_791/AP.png,D:/LUMOS/processed/segmentation/pseudo_labels/patient_791_AP_mask.png,True,1.238,1.229,1.246,1.238,1.27,1.251,1.246,0,validation,D:/LUMOS/processed/vertebral_rois/patient_791/AP/L1.png,True,D:/LUMOS/processed/vertebral_rois/patient_791/AP/L2.png,True,D:/LUMOS/processed/vertebral_rois/patient_791/AP/L3.png,True,D:/LUMOS/processed/vertebral_rois/patient_791/AP/L4.png,True
791,Lateral,D:/LUMOS/processed/preprocessed_images/patient_791/Lateral.png,D:/LUMOS/processed/segmentation/pseudo_labels/patient_791_Lateral_mask.png,True,1.238,1.229,1.246,1.238,1.27,1.251,1.246,0,validation,D:/LUMOS/processed/vertebral_rois/patient_791/Lateral/L1.png,True,D:/LUMOS/processed/vertebral_rois/patient_791/Lateral/L2.png,True,D:/LUMOS/processed/vertebral_rois/patient_791/Lateral/L3.png,True,D:/LUMOS/processed/vertebral_rois/patient_791/Lateral/L4.png,True
792,AP,D:/LUMOS/processed/preprocessed_images/patient_792/AP.png,D:/LUMOS/processed/segmentation/pseudo_labels/patient_792_AP_mask.png,True,0.78,0.715,0.765,0.78,0.797,0.805,0.839,2,train,D:/LUMOS/processed/vertebral_rois/patient_792/AP/L1.png,True,D:/LUMOS/processed/vertebral_rois/patient_792/AP/L2.png,True,D:/LUMOS/processed/vertebral_rois/patient_792/AP/L3.png,True,D:/LUMOS/processed/vertebral_rois/patient_792/AP/L4.png,True
792,Lateral,D:/LUMOS/processed/preprocessed_images/patient_792/Lateral.png,D:/LUMOS/processed/segmentation/pseudo_labels/patient_792_Lateral_mask.png,True,0.78,0.715,0.765,0.78,0.797,0.805,0.839,2,train,D:/LUMOS/processed/vertebral_rois/patient_792/Lateral/L1.png,True,D:/LUMOS/processed/vertebral_rois/patient_792/Lateral/L2.png,True,D:/LUMOS/processed/vertebral_rois/patient_792/Lateral/L3.png,True,D:/LUMOS/processed/vertebral_rois/patient_792/Lateral/L4.png,True
793,AP,D:/LUMOS/processed/preprocessed_images/patient_793/AP.png,D:/LUMOS/processed/segmentation/pseudo_labels/patient_793_AP_mask.png,True,1.068,1.018,1.072,1.068,1.111,1.09,1.108,0,train,D:/LUMOS/processed/vertebral_rois/patient_793/AP/L1.png,True,D:/LUMOS/processed/vertebral_rois/patient_793/AP/L2.png,True,D:/LUMOS/processed/vertebral_rois/patient_793/AP/L3.png,True,D:/LUMOS/processed/vertebral_rois/patient_793/AP/L4.png,True
793,Lateral,D:/LUMOS/processed/preprocessed_images/patient_793/Lateral.png,D:/LUMOS/processed/segmentation/pseudo_labels/patient_793_Lateral_mask.png,True,1.068,1.018,1.072,1.068,1.111,1.09,1.108,0,train,D:/LUMOS/processed/vertebral_rois/patient_793/Lateral/L1.png,True,D:/LUMOS/processed/vertebral_rois/patient_793/Lateral/L2.png,True,D:/LUMOS/processed/vertebral_rois/patient_793/Lateral/L3.png,True,D:/LUMOS/processed/vertebral_rois/patient_793/Lateral/L4.png,True
794,AP,D:/LUMOS/processed/preprocessed_images/patient_794/AP.png,D:/LUMOS/processed/segmentation/pseudo_labels/patient_794_AP_mask.png,True,0.559,0.511,0.532,0.551,0.532,0.556,0.58,2,train,D:/LUMOS/processed/vertebral_rois/patient_794/AP/L1.png,True,D:/LUMOS/processed/vertebral_rois/patient_794/AP/L2.png,True,D:/LUMOS/processed/vertebral_rois/patient_794/AP/L3.png,True,D:/LUMOS/processed/vertebral_rois/patient_794/AP/L4.png,True
794,Lateral,D:/LUMOS/processed/preprocessed_images/patient_794/Lateral.png,D:/LUMOS/processed/segmentation/pseudo_labels/patient_794_Lateral_mask.png,True,0.559,0.511,0.532,0.551,0.532,0.556,0.58,2,train,D:/LUMOS/processed/vertebral_rois/patient_794/Lateral/L1.png,True,D:/LUMOS/processed/vertebral_rois/patient_794/Lateral/L2.png,True,D:/LUMOS/processed/vertebral_rois/patient_794/Lateral/L3.png,True,D:/LUMOS/processed/vertebral_rois/patient_794/Lateral/L4.png,True
795,AP,D:/LUMOS/processed/preprocessed_images/patient_795/AP.png,D:/LUMOS/processed/segmentation/pseudo_labels/patient_795_AP_mask.png,True,0.939,0.851,0.893,0.939,0.934,0.979,1.016,1,train,D:/LUMOS/processed/vertebral_rois/patient_795/AP/L1.png,True,D:/LUMOS/processed/vertebral_rois/patient_795/AP/L2.png,True,D:/LUMOS/processed/vertebral_rois/patient_795/AP/L3.png,True,D:/LUMOS/processed/vertebral_rois/patient_795/AP/L4.png,True
795,Lateral,D:/LUMOS/processed/preprocessed_images/patient_795/Lateral.png,D:/LUMOS/processed/segmentation/pseudo_labels/patient_795_Lateral_mask.png,True,0.939,0.851,0.893,0.939,0.934,0.979,1.016,1,train,D:/LUMOS/processed/vertebral_rois/patient_795/Lateral/L1.png,True,D:/LUMOS/processed/vertebral_rois/patient_795/Lateral/L2.png,True,D:/LUMOS/processed/vertebral_rois/patient_795/Lateral/L3.png,True,D:/LUMOS/processed/vertebral_rois/patient_795/Lateral/L4.png,True
796,AP,D:/LUMOS/processed/preprocessed_images/patient_796/AP.png,D:/LUMOS/processed/segmentation/pseudo_labels/patient_796_AP_mask.png,True,0.84612096601838,0.809,0.84,0.846,0.846,0.852,0.877,1,validation,D:/LUMOS/processed/vertebral_rois/patient_796/AP/L1.png,True,D:/LUMOS/processed/vertebral_rois/patient_796/AP/L2.png,True,D:/LUMOS/processed/vertebral_rois/patient_796/AP/L3.png,True,D:/LUMOS/processed/vertebral_rois/patient_796/AP/L4.png,True
796,Lateral,D:/LUMOS/processed/preprocessed_images/patient_796/Lateral.png,D:/LUMOS/processed/segmentation/pseudo_labels/patient_796_Lateral_mask.png,True,0.84612096601838,0.809,0.84,0.846,0.846,0.852,0.877,1,validation,D:/LUMOS/processed/vertebral_rois/patient_796/Lateral/L1.png,True,D:/LUMOS/processed/vertebral_rois/patient_796/Lateral/L2.png,True,D:/LUMOS/processed/vertebral_rois/patient_796/Lateral/L3.png,True,D:/LUMOS/processed/vertebral_rois/patient_796/Lateral/L4.png,True
797,AP,D:/LUMOS/processed/preprocessed_images/patient_797/AP.png,D:/LUMOS/processed/segmentation/pseudo_labels/patient_797_AP_mask.png,True,0.803,0.771,0.769,0.803,0.812,0.84,0.831,2,train,D:/LUMOS/processed/vertebral_rois/patient_797/AP/L1.png,True,D:/LUMOS/processed/vertebral_rois/patient_797/AP/L2.png,True,D:/LUMOS/processed/vertebral_rois/patient_797/AP/L3.png,True,D:/LUMOS/processed/vertebral_rois/patient_797/AP/L4.png,True
797,Lateral,D:/LUMOS/processed/preprocessed_images/patient_797/Lateral.png,D:/LUMOS/processed/segmentation/pseudo_labels/patient_797_Lateral_mask.png,True,0.803,0.771,0.769,0.803,0.812,0.84,0.831,2,train,D:/LUMOS/processed/vertebral_rois/patient_797/Lateral/L1.png,True,D:/LUMOS/processed/vertebral_rois/patient_797/Lateral/L2.png,True,D:/LUMOS/processed/vertebral_rois/patient_797/Lateral/L3.png,True,D:/LUMOS/processed/vertebral_rois/patient_797/Lateral/L4.png,True
798,AP,D:/LUMOS/processed/preprocessed_images/patient_798/AP.png,D:/LUMOS/processed/segmentation/pseudo_labels/patient_798_AP_mask.png,True,1.38159706287288,1.216,1.301,1.384,1.328,1.423,1.518,0,train,D:/LUMOS/processed/vertebral_rois/patient_798/AP/L1.png,True,D:/LUMOS/processed/vertebral_rois/patient_798/AP/L2.png,True,D:/LUMOS/processed/vertebral_rois/patient_798/AP/L3.png,True,D:/LUMOS/processed/vertebral_rois/patient_798/AP/L4.png,True
798,Lateral,D:/LUMOS/processed/preprocessed_images/patient_798/Lateral.png,D:/LUMOS/processed/segmentation/pseudo_labels/patient_798_Lateral_mask.png,True,1.38159706287288,1.216,1.301,1.384,1.328,1.423,1.518,0,train,D:/LUMOS/processed/vertebral_rois/patient_798/Lateral/L1.png,True,D:/LUMOS/processed/vertebral_rois/patient_798/Lateral/L2.png,True,D:/LUMOS/processed/vertebral_rois/patient_798/Lateral/L3.png,True,D:/LUMOS/processed/vertebral_rois/patient_798/Lateral/L4.png,True
799,AP,D:/LUMOS/processed/preprocessed_images/patient_799/AP.png,D:/LUMOS/processed/segmentation/pseudo_labels/patient_799_AP_mask.png,True,0.903,0.739,0.774,0.903,0.808,0.959,1.042,1,train,D:/LUMOS/processed/vertebral_rois/patient_799/AP/L1.png,True,D:/LUMOS/processed/vertebral_rois/patient_799/AP/L2.png,True,D:/LUMOS/processed/vertebral_rois/patient_799/AP/L3.png,True,D:/LUMOS/processed/vertebral_rois/patient_799/AP/L4.png,True
799,Lateral,D:/LUMOS/processed/preprocessed_images/patient_799/Lateral.png,D:/LUMOS/processed/segmentation/pseudo_labels/patient_799_Lateral_mask.png,True,0.903,0.739,0.774,0.903,0.808,0.959,1.042,1,train,D:/LUMOS/processed/vertebral_rois/patient_799/Lateral/L1.png,True,D:/LUMOS/processed/vertebral_rois/patient_799/Lateral/L2.png,True,D:/LUMOS/processed/vertebral_rois/patient_799/Lateral/L3.png,True,D:/LUMOS/processed/vertebral_rois/patient_799/Lateral/L4.png,True
800,AP,D:/LUMOS/processed/preprocessed_images/patient_800/AP.png,D:/LUMOS/processed/segmentation/pseudo_labels/patient_800_AP_mask.png,True,1.001,1.024,0.986,1.001,0.875,0.936,0.982,0,train,D:/LUMOS/processed/vertebral_rois/patient_800/AP/L1.png,True,D:/LUMOS/processed/vertebral_rois/patient_800/AP/L2.png,True,D:/LUMOS/processed/vertebral_rois/patient_800/AP/L3.png,True,D:/LUMOS/processed/vertebral_rois/patient_800/AP/L4.png,True
800,Lateral,D:/LUMOS/processed/preprocessed_images/patient_800/Lateral.png,D:/LUMOS/processed/segmentation/pseudo_labels/patient_800_Lateral_mask.png,True,1.001,1.024,0.986,1.001,0.875,0.936,0.982,0,train,D:/LUMOS/processed/vertebral_rois/patient_800/Lateral/L1.png,True,D:/LUMOS/processed/vertebral_rois/patient_800/Lateral/L2.png,True,D:/LUMOS/processed/vertebral_rois/patient_800/Lateral/L3.png,True,D:/LUMOS/processed/vertebral_rois/patient_800/Lateral/L4.png,True
801,AP,D:/LUMOS/processed/preprocessed_images/patient_801/AP.png,D:/LUMOS/processed/segmentation/pseudo_labels/patient_801_AP_mask.png,True,0.68,0.634,0.656,0.679,0.649,0.681,0.717,2,train,D:/LUMOS/processed/vertebral_rois/patient_801/AP/L1.png,True,D:/LUMOS/processed/vertebral_rois/patient_801/AP/L2.png,True,D:/LUMOS/processed/vertebral_rois/patient_801/AP/L3.png,True,D:/LUMOS/processed/vertebral_rois/patient_801/AP/L4.png,True
801,Lateral,D:/LUMOS/processed/preprocessed_images/patient_801/Lateral.png,D:/LUMOS/processed/segmentation/pseudo_labels/patient_801_Lateral_mask.png,True,0.68,0.634,0.656,0.679,0.649,0.681,0.717,2,train,D:/LUMOS/processed/vertebral_rois/patient_801/Lateral/L1.png,True,D:/LUMOS/processed/vertebral_rois/patient_801/Lateral/L2.png,True,D:/LUMOS/processed/vertebral_rois/patient_801/Lateral/L3.png,True,D:/LUMOS/processed/vertebral_rois/patient_801/Lateral/L4.png,True
802,AP,D:/LUMOS/processed/preprocessed_images/patient_802/AP.png,D:/LUMOS/processed/segmentation/pseudo_labels/patient_802_AP_mask.png,True,1.038,0.936,0.986,1.038,1.022,1.076,1.125,0,train,D:/LUMOS/processed/vertebral_rois/patient_802/AP/L1.png,True,D:/LUMOS/processed/vertebral_rois/patient_802/AP/L2.png,True,D:/LUMOS/processed/vertebral_rois/patient_802/AP/L3.png,True,D:/LUMOS/processed/vertebral_rois/patient_802/AP/L4.png,True
802,Lateral,D:/LUMOS/processed/preprocessed_images/patient_802/Lateral.png,D:/LUMOS/processed/segmentation/pseudo_labels/patient_802_Lateral_mask.png,True,1.038,0.936,0.986,1.038,1.022,1.076,1.125,0,train,D:/LUMOS/processed/vertebral_rois/patient_802/Lateral/L1.png,True,D:/LUMOS/processed/vertebral_rois/patient_802/Lateral/L2.png,True,D:/LUMOS/processed/vertebral_rois/patient_802/Lateral/L3.png,True,D:/LUMOS/processed/vertebral_rois/patient_802/Lateral/L4.png,False
803,AP,D:/LUMOS/processed/preprocessed_images/patient_803/AP.png,D:/LUMOS/processed/segmentation/pseudo_labels/patient_803_AP_mask.png,True,1.074,1.037,1.05,1.074,1.071,1.094,1.106,0,validation,D:/LUMOS/processed/vertebral_rois/patient_803/AP/L1.png,True,D:/LUMOS/processed/vertebral_rois/patient_803/AP/L2.png,True,D:/LUMOS/processed/vertebral_rois/patient_803/AP/L3.png,True,D:/LUMOS/processed/vertebral_rois/patient_803/AP/L4.png,True
803,Lateral,D:/LUMOS/processed/preprocessed_images/patient_803/Lateral.png,D:/LUMOS/processed/segmentation/pseudo_labels/patient_803_Lateral_mask.png,True,1.074,1.037,1.05,1.074,1.071,1.094,1.106,0,validation,D:/LUMOS/processed/vertebral_rois/patient_803/Lateral/L1.png,True,D:/LUMOS/processed/vertebral_rois/patient_803/Lateral/L2.png,True,D:/LUMOS/processed/vertebral_rois/patient_803/Lateral/L3.png,True,D:/LUMOS/processed/vertebral_rois/patient_803/Lateral/L4.png,True
