patient_id,view,image_path,mask_path,viz_path,Osteoporosis,bmd,mask_status,verified
1,AP,d:\LUMOS\processed\preprocessed_images\patient_001\AP.png,D:\LUMOS\processed\segmentation\pseudo_labels\patient_001_AP_mask.png,D:\LUMOS\processed\segmentation\visualizations\patient_001_AP_viz.jpg,2,0.741,PSEUDO_LABEL,False
1,Lateral,d:\LUMOS\processed\preprocessed_images\patient_001\Lateral.png,D:\LUMOS\processed\segmentation\pseudo_labels\patient_001_Lateral_mask.png,D:\LUMOS\processed\segmentation\visualizations\patient_001_Lateral_viz.jpg,2,0.741,PSEUDO_LABEL,False
2,AP,d:\LUMOS\processed\preprocessed_images\patient_002\AP.png,D:\LUMOS\processed\segmentation\pseudo_labels\patient_002_AP_mask.png,D:\LUMOS\processed\segmentation\visualizations\patient_002_AP_viz.jpg,1,0.94,PSEUDO_LABEL,False
2,Lateral,d:\LUMOS\processed\preprocessed_images\patient_002\Lateral.png,D:\LUMOS\processed\segmentation\pseudo_labels\patient_002_Lateral_mask.png,D:\LUMOS\processed\segmentation\visualizations\patient_002_Lateral_viz.jpg,1,0.94,PSEUDO_LABEL,False
3,AP,d:\LUMOS\processed\preprocessed_images\patient_003\AP.png,D:\LUMOS\processed\segmentation\pseudo_labels\patient_003_AP_mask.png,D:\LUMOS\processed\segmentation\visualizations\patient_003_AP_viz.jpg,0,1.019,PSEUDO_LABEL,False
3,Lateral,d:\LUMOS\processed\preprocessed_images\patient_003\Lateral.png,D:\LUMOS\processed\segmentation\pseudo_labels\patient_003_Lateral_mask.png,D:\LUMOS\processed\segmentation\visualizations\patient_003_Lateral_viz.jpg,0,1.019,PSEUDO_LABEL,False
4,AP,d:\LUMOS\processed\preprocessed_images\patient_004\AP.png,D:\LUMOS\processed\segmentation\pseudo_labels\patient_004_AP_mask.png,D:\LUMOS\processed\segmentation\visualizations\patient_004_AP_viz.jpg,2,0.8,PSEUDO_LABEL,False
4,Lateral,d:\LUMOS\processed\preprocessed_images\patient_004\Lateral.png,D:\LUMOS\processed\segmentation\pseudo_labels\patient_004_Lateral_mask.png,D:\LUMOS\processed\segmentation\visualizations\patient_004_Lateral_viz.jpg,2,0.8,PSEUDO_LABEL,False
5,AP,d:\LUMOS\processed\preprocessed_images\patient_005\AP.png,D:\LUMOS\processed\segmentation\pseudo_labels\patient_005_AP_mask.png,D:\LUMOS\processed\segmentation\visualizations\patient_005_AP_viz.jpg,0,1.187,PSEUDO_LABEL,False
5,Lateral,d:\LUMOS\processed\preprocessed_images\patient_005\Lateral.png,D:\LUMOS\processed\segmentation\pseudo_labels\patient_005_Lateral_mask.png,D:\LUMOS\processed\segmentation\visualizations\patient_005_Lateral_viz.jpg,0,1.187,PSEUDO_LABEL,False
6,AP,d:\LUMOS\processed\preprocessed_images\patient_006\AP.png,D:\LUMOS\processed\segmentation\pseudo_labels\patient_006_AP_mask.png,D:\LUMOS\processed\segmentation\visualizations\patient_006_AP_viz.jpg,2,0.593,PSEUDO_LABEL,False
6,Lateral,d:\LUMOS\processed\preprocessed_images\patient_006\Lateral.png,D:\LUMOS\processed\segmentation\pseudo_labels\patient_006_Lateral_mask.png,D:\LUMOS\processed\segmentation\visualizations\patient_006_Lateral_viz.jpg,2,0.593,PSEUDO_LABEL,False
7,AP,d:\LUMOS\processed\preprocessed_images\patient_007\AP.png,D:\LUMOS\processed\segmentation\pseudo_labels\patient_007_AP_mask.png,D:\LUMOS\processed\segmentation\visualizations\patient_007_AP_viz.jpg,0,1.159,PSEUDO_LABEL,False
7,Lateral,d:\LUMOS\processed\preprocessed_images\patient_007\Lateral.png,D:\LUMOS\processed\segmentation\pseudo_labels\patient_007_Lateral_mask.png,D:\LUMOS\processed\segmentation\visualizations\patient_007_Lateral_viz.jpg,0,1.159,PSEUDO_LABEL,False
9,AP,d:\LUMOS\processed\preprocessed_images\patient_009\AP.png,D:\LUMOS\processed\segmentation\pseudo_labels\patient_009_AP_mask.png,D:\LUMOS\processed\segmentation\visualizations\patient_009_AP_viz.jpg,0,1.493,PSEUDO_LABEL,False
9,Lateral,d:\LUMOS\processed\preprocessed_images\patient_009\Lateral.png,D:\LUMOS\processed\segmentation\pseudo_labels\patient_009_Lateral_mask.png,D:\LUMOS\processed\segmentation\visualizations\patient_009_Lateral_viz.jpg,0,1.493,PSEUDO_LABEL,False
10,AP,d:\LUMOS\processed\preprocessed_images\patient_010\AP.png,D:\LUMOS\processed\segmentation\pseudo_labels\patient_010_AP_mask.png,D:\LUMOS\processed\segmentation\visualizations\patient_010_AP_viz.jpg,1,0.907,PSEUDO_LABEL,False
10,Lateral,d:\LUMOS\processed\preprocessed_images\patient_010\Lateral.png,D:\LUMOS\processed\segmentation\pseudo_labels\patient_010_Lateral_mask.png,D:\LUMOS\processed\segmentation\visualizations\patient_010_Lateral_viz.jpg,1,0.907,PSEUDO_LABEL,False
11,AP,d:\LUMOS\processed\preprocessed_images\patient_011\AP.png,D:\LUMOS\processed\segmentation\pseudo_labels\patient_011_AP_mask.png,D:\LUMOS\processed\segmentation\visualizations\patient_011_AP_viz.jpg,0,1.114,PSEUDO_LABEL,False
11,Lateral,d:\LUMOS\processed\preprocessed_images\patient_011\Lateral.png,D:\LUMOS\processed\segmentation\pseudo_labels\patient_011_Lateral_mask.png,D:\LUMOS\processed\segmentation\visualizations\patient_011_Lateral_viz.jpg,0,1.114,PSEUDO_LABEL,False
12,AP,d:\LUMOS\processed\preprocessed_images\patient_012\AP.png,D:\LUMOS\processed\segmentation\pseudo_labels\patient_012_AP_mask.png,D:\LUMOS\processed\segmentation\visualizations\patient_012_AP_viz.jpg,1,0.956,PSEUDO_LABEL,False
12,Lateral,d:\LUMOS\processed\preprocessed_images\patient_012\Lateral.png,D:\LUMOS\processed\segmentation\pseudo_labels\patient_012_Lateral_mask.png,D:\LUMOS\processed\segmentation\visualizations\patient_012_Lateral_viz.jpg,1,0.956,PSEUDO_LABEL,False
13,AP,d:\LUMOS\processed\preprocessed_images\patient_013\AP.png,D:\LUMOS\processed\segmentation\pseudo_labels\patient_013_AP_mask.png,D:\LUMOS\processed\segmentation\visualizations\patient_013_AP_viz.jpg,1,0.983,PSEUDO_LABEL,False
13,Lateral,d:\LUMOS\processed\preprocessed_images\patient_013\Lateral.png,D:\LUMOS\processed\segmentation\pseudo_labels\patient_013_Lateral_mask.png,D:\LUMOS\processed\segmentation\visualizations\patient_013_Lateral_viz.jpg,1,0.983,PSEUDO_LABEL,False
14,AP,d:\LUMOS\processed\preprocessed_images\patient_014\AP.png,D:\LUMOS\processed\segmentation\pseudo_labels\patient_014_AP_mask.png,D:\LUMOS\processed\segmentation\visualizations\patient_014_AP_viz.jpg,2,0.718,PSEUDO_LABEL,False
14,Lateral,d:\LUMOS\processed\preprocessed_images\patient_014\Lateral.png,D:\LUMOS\processed\segmentation\pseudo_labels\patient_014_Lateral_mask.png,D:\LUMOS\processed\segmentation\visualizations\patient_014_Lateral_viz.jpg,2,0.718,PSEUDO_LABEL,False
15,AP,d:\LUMOS\processed\preprocessed_images\patient_015\AP.png,D:\LUMOS\processed\segmentation\pseudo_labels\patient_015_AP_mask.png,D:\LUMOS\processed\segmentation\visualizations\patient_015_AP_viz.jpg,0,1.116,PSEUDO_LABEL,False
15,Lateral,d:\LUMOS\processed\preprocessed_images\patient_015\Lateral.png,D:\LUMOS\processed\segmentation\pseudo_labels\patient_015_Lateral_mask.png,D:\LUMOS\processed\segmentation\visualizations\patient_015_Lateral_viz.jpg,0,1.116,PSEUDO_LABEL,False
16,AP,d:\LUMOS\processed\preprocessed_images\patient_016\AP.png,D:\LUMOS\processed\segmentation\pseudo_labels\patient_016_AP_mask.png,D:\LUMOS\processed\segmentation\visualizations\patient_016_AP_viz.jpg,1,0.861,PSEUDO_LABEL,False
16,Lateral,d:\LUMOS\processed\preprocessed_images\patient_016\Lateral.png,D:\LUMOS\processed\segmentation\pseudo_labels\patient_016_Lateral_mask.png,D:\LUMOS\processed\segmentation\visualizations\patient_016_Lateral_viz.jpg,1,0.861,PSEUDO_LABEL,False
17,AP,d:\LUMOS\processed\preprocessed_images\patient_017\AP.png,D:\LUMOS\processed\segmentation\pseudo_labels\patient_017_AP_mask.png,D:\LUMOS\processed\segmentation\visualizations\patient_017_AP_viz.jpg,1,0.875,PSEUDO_LABEL,False
17,Lateral,d:\LUMOS\processed\preprocessed_images\patient_017\Lateral.png,D:\LUMOS\processed\segmentation\pseudo_labels\patient_017_Lateral_mask.png,D:\LUMOS\processed\segmentation\visualizations\patient_017_Lateral_viz.jpg,1,0.875,PSEUDO_LABEL,False
18,AP,d:\LUMOS\processed\preprocessed_images\patient_018\AP.png,D:\LUMOS\processed\segmentation\pseudo_labels\patient_018_AP_mask.png,D:\LUMOS\processed\segmentation\visualizations\patient_018_AP_viz.jpg,0,1.242,PSEUDO_LABEL,False
18,Lateral,d:\LUMOS\processed\preprocessed_images\patient_018\Lateral.png,D:\LUMOS\processed\segmentation\pseudo_labels\patient_018_Lateral_mask.png,D:\LUMOS\processed\segmentation\visualizations\patient_018_Lateral_viz.jpg,0,1.242,PSEUDO_LABEL,False
19,AP,d:\LUMOS\processed\preprocessed_images\patient_019\AP.png,D:\LUMOS\processed\segmentation\pseudo_labels\patient_019_AP_mask.png,D:\LUMOS\processed\segmentation\visualizations\patient_019_AP_viz.jpg,2,0.764,PSEUDO_LABEL,False
19,Lateral,d:\LUMOS\processed\preprocessed_images\patient_019\Lateral.png,D:\LUMOS\processed\segmentation\pseudo_labels\patient_019_Lateral_mask.png,D:\LUMOS\processed\segmentation\visualizations\patient_019_Lateral_viz.jpg,2,0.764,PSEUDO_LABEL,False
20,AP,d:\LUMOS\processed\preprocessed_images\patient_020\AP.png,D:\LUMOS\processed\segmentation\pseudo_labels\patient_020_AP_mask.png,D:\LUMOS\processed\segmentation\visualizations\patient_020_AP_viz.jpg,0,1.347,PSEUDO_LABEL,False
20,Lateral,d:\LUMOS\processed\preprocessed_images\patient_020\Lateral.png,D:\LUMOS\processed\segmentation\pseudo_labels\patient_020_Lateral_mask.png,D:\LUMOS\processed\segmentation\visualizations\patient_020_Lateral_viz.jpg,0,1.347,PSEUDO_LABEL,False
21,AP,d:\LUMOS\processed\preprocessed_images\patient_021\AP.png,D:\LUMOS\processed\segmentation\pseudo_labels\patient_021_AP_mask.png,D:\LUMOS\processed\segmentation\visualizations\patient_021_AP_viz.jpg,1,0.942,PSEUDO_LABEL,False
21,Lateral,d:\LUMOS\processed\preprocessed_images\patient_021\Lateral.png,D:\LUMOS\processed\segmentation\pseudo_labels\patient_021_Lateral_mask.png,D:\LUMOS\processed\segmentation\visualizations\patient_021_Lateral_viz.jpg,1,0.942,PSEUDO_LABEL,False
22,AP,d:\LUMOS\processed\preprocessed_images\patient_022\AP.png,D:\LUMOS\processed\segmentation\pseudo_labels\patient_022_AP_mask.png,D:\LUMOS\processed\segmentation\visualizations\patient_022_AP_viz.jpg,0,1.28297303862035,PSEUDO_LABEL,False
22,Lateral,d:\LUMOS\processed\preprocessed_images\patient_022\Lateral.png,D:\LUMOS\processed\segmentation\pseudo_labels\patient_022_Lateral_mask.png,D:\LUMOS\processed\segmentation\visualizations\patient_022_Lateral_viz.jpg,0,1.28297303862035,PSEUDO_LABEL,False
23,AP,d:\LUMOS\processed\preprocessed_images\patient_023\AP.png,D:\LUMOS\processed\segmentation\pseudo_labels\patient_023_AP_mask.png,D:\LUMOS\processed\segmentation\visualizations\patient_023_AP_viz.jpg,1,0.932694268815011,PSEUDO_LABEL,False
23,Lateral,d:\LUMOS\processed\preprocessed_images\patient_023\Lateral.png,D:\LUMOS\processed\segmentation\pseudo_labels\patient_023_Lateral_mask.png,D:\LUMOS\processed\segmentation\visualizations\patient_023_Lateral_viz.jpg,1,0.932694268815011,PSEUDO_LABEL,False
24,AP,d:\LUMOS\processed\preprocessed_images\patient_024\AP.png,D:\LUMOS\processed\segmentation\pseudo_labels\patient_024_AP_mask.png,D:\LUMOS\processed\segmentation\visualizations\patient_024_AP_viz.jpg,0,1.244,PSEUDO_LABEL,False
24,Lateral,d:\LUMOS\processed\preprocessed_images\patient_024\Lateral.png,D:\LUMOS\processed\segmentation\pseudo_labels\patient_024_Lateral_mask.png,D:\LUMOS\processed\segmentation\visualizations\patient_024_Lateral_viz.jpg,0,1.244,PSEUDO_LABEL,False
25,AP,d:\LUMOS\processed\preprocessed_images\patient_025\AP.png,D:\LUMOS\processed\segmentation\pseudo_labels\patient_025_AP_mask.png,D:\LUMOS\processed\segmentation\visualizations\patient_025_AP_viz.jpg,1,0.965,PSEUDO_LABEL,False
25,Lateral,d:\LUMOS\processed\preprocessed_images\patient_025\Lateral.png,D:\LUMOS\processed\segmentation\pseudo_labels\patient_025_Lateral_mask.png,D:\LUMOS\processed\segmentation\visualizations\patient_025_Lateral_viz.jpg,1,0.965,PSEUDO_LABEL,False
26,AP,d:\LUMOS\processed\preprocessed_images\patient_026\AP.png,D:\LUMOS\processed\segmentation\pseudo_labels\patient_026_AP_mask.png,D:\LUMOS\processed\segmentation\visualizations\patient_026_AP_viz.jpg,1,0.874368686868687,PSEUDO_LABEL,False
26,Lateral,d:\LUMOS\processed\preprocessed_images\patient_026\Lateral.png,D:\LUMOS\processed\segmentation\pseudo_labels\patient_026_Lateral_mask.png,D:\LUMOS\processed\segmentation\visualizations\patient_026_Lateral_viz.jpg,1,0.874368686868687,PSEUDO_LABEL,False
27,AP,d:\LUMOS\processed\preprocessed_images\patient_027\AP.png,D:\LUMOS\processed\segmentation\pseudo_labels\patient_027_AP_mask.png,D:\LUMOS\processed\segmentation\visualizations\patient_027_AP_viz.jpg,2,0.814,PSEUDO_LABEL,False
27,Lateral,d:\LUMOS\processed\preprocessed_images\patient_027\Lateral.png,D:\LUMOS\processed\segmentation\pseudo_labels\patient_027_Lateral_mask.png,D:\LUMOS\processed\segmentation\visualizations\patient_027_Lateral_viz.jpg,2,0.814,PSEUDO_LABEL,False
28,AP,d:\LUMOS\processed\preprocessed_images\patient_028\AP.png,D:\LUMOS\processed\segmentation\pseudo_labels\patient_028_AP_mask.png,D:\LUMOS\processed\segmentation\visualizations\patient_028_AP_viz.jpg,0,1.154,PSEUDO_LABEL,False
28,Lateral,d:\LUMOS\processed\preprocessed_images\patient_028\Lateral.png,D:\LUMOS\processed\segmentation\pseudo_labels\patient_028_Lateral_mask.png,D:\LUMOS\processed\segmentation\visualizations\patient_028_Lateral_viz.jpg,0,1.154,PSEUDO_LABEL,False
29,AP,d:\LUMOS\processed\preprocessed_images\patient_029\AP.png,D:\LUMOS\processed\segmentation\pseudo_labels\patient_029_AP_mask.png,D:\LUMOS\processed\segmentation\visualizations\patient_029_AP_viz.jpg,0,1.183,PSEUDO_LABEL,False
29,Lateral,d:\LUMOS\processed\preprocessed_images\patient_029\Lateral.png,D:\LUMOS\processed\segmentation\pseudo_labels\patient_029_Lateral_mask.png,D:\LUMOS\processed\segmentation\visualizations\patient_029_Lateral_viz.jpg,0,1.183,PSEUDO_LABEL,False
30,AP,d:\LUMOS\processed\preprocessed_images\patient_030\AP.png,D:\LUMOS\processed\segmentation\pseudo_labels\patient_030_AP_mask.png,D:\LUMOS\processed\segmentation\visualizations\patient_030_AP_viz.jpg,1,0.945831733,PSEUDO_LABEL,False
30,Lateral,d:\LUMOS\processed\preprocessed_images\patient_030\Lateral.png,D:\LUMOS\processed\segmentation\pseudo_labels\patient_030_Lateral_mask.png,D:\LUMOS\processed\segmentation\visualizations\patient_030_Lateral_viz.jpg,1,0.945831733,PSEUDO_LABEL,False
31,AP,d:\LUMOS\processed\preprocessed_images\patient_031\AP.png,D:\LUMOS\processed\segmentation\pseudo_labels\patient_031_AP_mask.png,D:\LUMOS\processed\segmentation\visualizations\patient_031_AP_viz.jpg,2,0.648,PSEUDO_LABEL,False
31,Lateral,d:\LUMOS\processed\preprocessed_images\patient_031\Lateral.png,D:\LUMOS\processed\segmentation\pseudo_labels\patient_031_Lateral_mask.png,D:\LUMOS\processed\segmentation\visualizations\patient_031_Lateral_viz.jpg,2,0.648,PSEUDO_LABEL,False
32,AP,d:\LUMOS\processed\preprocessed_images\patient_032\AP.png,D:\LUMOS\processed\segmentation\pseudo_labels\patient_032_AP_mask.png,D:\LUMOS\processed\segmentation\visualizations\patient_032_AP_viz.jpg,0,1.503,PSEUDO_LABEL,False
32,Lateral,d:\LUMOS\processed\preprocessed_images\patient_032\Lateral.png,D:\LUMOS\processed\segmentation\pseudo_labels\patient_032_Lateral_mask.png,D:\LUMOS\processed\segmentation\visualizations\patient_032_Lateral_viz.jpg,0,1.503,PSEUDO_LABEL,False
33,AP,d:\LUMOS\processed\preprocessed_images\patient_033\AP.png,D:\LUMOS\processed\segmentation\pseudo_labels\patient_033_AP_mask.png,D:\LUMOS\processed\segmentation\visualizations\patient_033_AP_viz.jpg,0,1.03,PSEUDO_LABEL,False
33,Lateral,d:\LUMOS\processed\preprocessed_images\patient_033\Lateral.png,D:\LUMOS\processed\segmentation\pseudo_labels\patient_033_Lateral_mask.png,D:\LUMOS\processed\segmentation\visualizations\patient_033_Lateral_viz.jpg,0,1.03,PSEUDO_LABEL,False
34,AP,d:\LUMOS\processed\preprocessed_images\patient_034\AP.png,D:\LUMOS\processed\segmentation\pseudo_labels\patient_034_AP_mask.png,D:\LUMOS\processed\segmentation\visualizations\patient_034_AP_viz.jpg,0,1.096,PSEUDO_LABEL,False
34,Lateral,d:\LUMOS\processed\preprocessed_images\patient_034\Lateral.png,D:\LUMOS\processed\segmentation\pseudo_labels\patient_034_Lateral_mask.png,D:\LUMOS\processed\segmentation\visualizations\patient_034_Lateral_viz.jpg,0,1.096,PSEUDO_LABEL,False
35,AP,d:\LUMOS\processed\preprocessed_images\patient_035\AP.png,D:\LUMOS\processed\segmentation\pseudo_labels\patient_035_AP_mask.png,D:\LUMOS\processed\segmentation\visualizations\patient_035_AP_viz.jpg,0,1.161,PSEUDO_LABEL,False
35,Lateral,d:\LUMOS\processed\preprocessed_images\patient_035\Lateral.png,D:\LUMOS\processed\segmentation\pseudo_labels\patient_035_Lateral_mask.png,D:\LUMOS\processed\segmentation\visualizations\patient_035_Lateral_viz.jpg,0,1.161,PSEUDO_LABEL,False
36,AP,d:\LUMOS\processed\preprocessed_images\patient_036\AP.png,D:\LUMOS\processed\segmentation\pseudo_labels\patient_036_AP_mask.png,D:\LUMOS\processed\segmentation\visualizations\patient_036_AP_viz.jpg,1,0.892,PSEUDO_LABEL,False
36,Lateral,d:\LUMOS\processed\preprocessed_images\patient_036\Lateral.png,D:\LUMOS\processed\segmentation\pseudo_labels\patient_036_Lateral_mask.png,D:\LUMOS\processed\segmentation\visualizations\patient_036_Lateral_viz.jpg,1,0.892,PSEUDO_LABEL,False
37,AP,d:\LUMOS\processed\preprocessed_images\patient_037\AP.png,D:\LUMOS\processed\segmentation\pseudo_labels\patient_037_AP_mask.png,D:\LUMOS\processed\segmentation\visualizations\patient_037_AP_viz.jpg,0,1.069,PSEUDO_LABEL,False
37,Lateral,d:\LUMOS\processed\preprocessed_images\patient_037\Lateral.png,D:\LUMOS\processed\segmentation\pseudo_labels\patient_037_Lateral_mask.png,D:\LUMOS\processed\segmentation\visualizations\patient_037_Lateral_viz.jpg,0,1.069,PSEUDO_LABEL,False
38,AP,d:\LUMOS\processed\preprocessed_images\patient_038\AP.png,D:\LUMOS\processed\segmentation\pseudo_labels\patient_038_AP_mask.png,D:\LUMOS\processed\segmentation\visualizations\patient_038_AP_viz.jpg,1,0.815,PSEUDO_LABEL,False
38,Lateral,d:\LUMOS\processed\preprocessed_images\patient_038\Lateral.png,D:\LUMOS\processed\segmentation\pseudo_labels\patient_038_Lateral_mask.png,D:\LUMOS\processed\segmentation\visualizations\patient_038_Lateral_viz.jpg,1,0.815,PSEUDO_LABEL,False
39,AP,d:\LUMOS\processed\preprocessed_images\patient_039\AP.png,D:\LUMOS\processed\segmentation\pseudo_labels\patient_039_AP_mask.png,D:\LUMOS\processed\segmentation\visualizations\patient_039_AP_viz.jpg,2,0.699,PSEUDO_LABEL,False
39,Lateral,d:\LUMOS\processed\preprocessed_images\patient_039\Lateral.png,D:\LUMOS\processed\segmentation\pseudo_labels\patient_039_Lateral_mask.png,D:\LUMOS\processed\segmentation\visualizations\patient_039_Lateral_viz.jpg,2,0.699,PSEUDO_LABEL,False
40,AP,d:\LUMOS\processed\preprocessed_images\patient_040\AP.png,D:\LUMOS\processed\segmentation\pseudo_labels\patient_040_AP_mask.png,D:\LUMOS\processed\segmentation\visualizations\patient_040_AP_viz.jpg,2,0.765,PSEUDO_LABEL,False
40,Lateral,d:\LUMOS\processed\preprocessed_images\patient_040\Lateral.png,D:\LUMOS\processed\segmentation\pseudo_labels\patient_040_Lateral_mask.png,D:\LUMOS\processed\segmentation\visualizations\patient_040_Lateral_viz.jpg,2,0.765,PSEUDO_LABEL,False
41,AP,d:\LUMOS\processed\preprocessed_images\patient_041\AP.png,D:\LUMOS\processed\segmentation\pseudo_labels\patient_041_AP_mask.png,D:\LUMOS\processed\segmentation\visualizations\patient_041_AP_viz.jpg,1,0.931,PSEUDO_LABEL,False
41,Lateral,d:\LUMOS\processed\preprocessed_images\patient_041\Lateral.png,D:\LUMOS\processed\segmentation\pseudo_labels\patient_041_Lateral_mask.png,D:\LUMOS\processed\segmentation\visualizations\patient_041_Lateral_viz.jpg,1,0.931,PSEUDO_LABEL,False
42,AP,d:\LUMOS\processed\preprocessed_images\patient_042\AP.png,D:\LUMOS\processed\segmentation\pseudo_labels\patient_042_AP_mask.png,D:\LUMOS\processed\segmentation\visualizations\patient_042_AP_viz.jpg,0,1.38,PSEUDO_LABEL,False
42,Lateral,d:\LUMOS\processed\preprocessed_images\patient_042\Lateral.png,D:\LUMOS\processed\segmentation\pseudo_labels\patient_042_Lateral_mask.png,D:\LUMOS\processed\segmentation\visualizations\patient_042_Lateral_viz.jpg,0,1.38,PSEUDO_LABEL,False
43,AP,d:\LUMOS\processed\preprocessed_images\patient_043\AP.png,D:\LUMOS\processed\segmentation\pseudo_labels\patient_043_AP_mask.png,D:\LUMOS\processed\segmentation\visualizations\patient_043_AP_viz.jpg,0,1.072,PSEUDO_LABEL,False
43,Lateral,d:\LUMOS\processed\preprocessed_images\patient_043\Lateral.png,D:\LUMOS\processed\segmentation\pseudo_labels\patient_043_Lateral_mask.png,D:\LUMOS\processed\segmentation\visualizations\patient_043_Lateral_viz.jpg,0,1.072,PSEUDO_LABEL,False
44,AP,d:\LUMOS\processed\preprocessed_images\patient_044\AP.png,D:\LUMOS\processed\segmentation\pseudo_labels\patient_044_AP_mask.png,D:\LUMOS\processed\segmentation\visualizations\patient_044_AP_viz.jpg,0,1.387,PSEUDO_LABEL,False
44,Lateral,d:\LUMOS\processed\preprocessed_images\patient_044\Lateral.png,D:\LUMOS\processed\segmentation\pseudo_labels\patient_044_Lateral_mask.png,D:\LUMOS\processed\segmentation\visualizations\patient_044_Lateral_viz.jpg,0,1.387,PSEUDO_LABEL,False
45,AP,d:\LUMOS\processed\preprocessed_images\patient_045\AP.png,D:\LUMOS\processed\segmentation\pseudo_labels\patient_045_AP_mask.png,D:\LUMOS\processed\segmentation\visualizations\patient_045_AP_viz.jpg,2,0.653,PSEUDO_LABEL,False
45,Lateral,d:\LUMOS\processed\preprocessed_images\patient_045\Lateral.png,D:\LUMOS\processed\segmentation\pseudo_labels\patient_045_Lateral_mask.png,D:\LUMOS\processed\segmentation\visualizations\patient_045_Lateral_viz.jpg,2,0.653,PSEUDO_LABEL,False
46,AP,d:\LUMOS\processed\preprocessed_images\patient_046\AP.png,D:\LUMOS\processed\segmentation\pseudo_labels\patient_046_AP_mask.png,D:\LUMOS\processed\segmentation\visualizations\patient_046_AP_viz.jpg,1,0.818,PSEUDO_LABEL,False
46,Lateral,d:\LUMOS\processed\preprocessed_images\patient_046\Lateral.png,D:\LUMOS\processed\segmentation\pseudo_labels\patient_046_Lateral_mask.png,D:\LUMOS\processed\segmentation\visualizations\patient_046_Lateral_viz.jpg,1,0.818,PSEUDO_LABEL,False
47,AP,d:\LUMOS\processed\preprocessed_images\patient_047\AP.png,D:\LUMOS\processed\segmentation\pseudo_labels\patient_047_AP_mask.png,D:\LUMOS\processed\segmentation\visualizations\patient_047_AP_viz.jpg,0,1.632,PSEUDO_LABEL,False
47,Lateral,d:\LUMOS\processed\preprocessed_images\patient_047\Lateral.png,D:\LUMOS\processed\segmentation\pseudo_labels\patient_047_Lateral_mask.png,D:\LUMOS\processed\segmentation\visualizations\patient_047_Lateral_viz.jpg,0,1.632,PSEUDO_LABEL,False
48,AP,d:\LUMOS\processed\preprocessed_images\patient_048\AP.png,D:\LUMOS\processed\segmentation\pseudo_labels\patient_048_AP_mask.png,D:\LUMOS\processed\segmentation\visualizations\patient_048_AP_viz.jpg,0,1.033,PSEUDO_LABEL,False
48,Lateral,d:\LUMOS\processed\preprocessed_images\patient_048\Lateral.png,D:\LUMOS\processed\segmentation\pseudo_labels\patient_048_Lateral_mask.png,D:\LUMOS\processed\segmentation\visualizations\patient_048_Lateral_viz.jpg,0,1.033,PSEUDO_LABEL,False
49,AP,d:\LUMOS\processed\preprocessed_images\patient_049\AP.png,D:\LUMOS\processed\segmentation\pseudo_labels\patient_049_AP_mask.png,D:\LUMOS\processed\segmentation\visualizations\patient_049_AP_viz.jpg,0,1.057,PSEUDO_LABEL,False
49,Lateral,d:\LUMOS\processed\preprocessed_images\patient_049\Lateral.png,D:\LUMOS\processed\segmentation\pseudo_labels\patient_049_Lateral_mask.png,D:\LUMOS\processed\segmentation\visualizations\patient_049_Lateral_viz.jpg,0,1.057,PSEUDO_LABEL,False
50,AP,d:\LUMOS\processed\preprocessed_images\patient_050\AP.png,D:\LUMOS\processed\segmentation\pseudo_labels\patient_050_AP_mask.png,D:\LUMOS\processed\segmentation\visualizations\patient_050_AP_viz.jpg,1,0.909,PSEUDO_LABEL,False
50,Lateral,d:\LUMOS\processed\preprocessed_images\patient_050\Lateral.png,D:\LUMOS\processed\segmentation\pseudo_labels\patient_050_Lateral_mask.png,D:\LUMOS\processed\segmentation\visualizations\patient_050_Lateral_viz.jpg,1,0.909,PSEUDO_LABEL,False
51,AP,d:\LUMOS\processed\preprocessed_images\patient_051\AP.png,D:\LUMOS\processed\segmentation\pseudo_labels\patient_051_AP_mask.png,D:\LUMOS\processed\segmentation\visualizations\patient_051_AP_viz.jpg,2,0.789,PSEUDO_LABEL,False
51,Lateral,d:\LUMOS\processed\preprocessed_images\patient_051\Lateral.png,D:\LUMOS\processed\segmentation\pseudo_labels\patient_051_Lateral_mask.png,D:\LUMOS\processed\segmentation\visualizations\patient_051_Lateral_viz.jpg,2,0.789,PSEUDO_LABEL,False
52,AP,d:\LUMOS\processed\preprocessed_images\patient_052\AP.png,D:\LUMOS\processed\segmentation\pseudo_labels\patient_052_AP_mask.png,D:\LUMOS\processed\segmentation\visualizations\patient_052_AP_viz.jpg,0,1.042,PSEUDO_LABEL,False
52,Lateral,d:\LUMOS\processed\preprocessed_images\patient_052\Lateral.png,D:\LUMOS\processed\segmentation\pseudo_labels\patient_052_Lateral_mask.png,D:\LUMOS\processed\segmentation\visualizations\patient_052_Lateral_viz.jpg,0,1.042,PSEUDO_LABEL,False
53,AP,d:\LUMOS\processed\preprocessed_images\patient_053\AP.png,D:\LUMOS\processed\segmentation\pseudo_labels\patient_053_AP_mask.png,D:\LUMOS\processed\segmentation\visualizations\patient_053_AP_viz.jpg,0,1.113,PSEUDO_LABEL,False
53,Lateral,d:\LUMOS\processed\preprocessed_images\patient_053\Lateral.png,D:\LUMOS\processed\segmentation\pseudo_labels\patient_053_Lateral_mask.png,D:\LUMOS\processed\segmentation\visualizations\patient_053_Lateral_viz.jpg,0,1.113,PSEUDO_LABEL,False
54,AP,d:\LUMOS\processed\preprocessed_images\patient_054\AP.png,D:\LUMOS\processed\segmentation\pseudo_labels\patient_054_AP_mask.png,D:\LUMOS\processed\segmentation\visualizations\patient_054_AP_viz.jpg,0,1.106,PSEUDO_LABEL,False
54,Lateral,d:\LUMOS\processed\preprocessed_images\patient_054\Lateral.png,D:\LUMOS\processed\segmentation\pseudo_labels\patient_054_Lateral_mask.png,D:\LUMOS\processed\segmentation\visualizations\patient_054_Lateral_viz.jpg,0,1.106,PSEUDO_LABEL,False
55,AP,d:\LUMOS\processed\preprocessed_images\patient_055\AP.png,D:\LUMOS\processed\segmentation\pseudo_labels\patient_055_AP_mask.png,D:\LUMOS\processed\segmentation\visualizations\patient_055_AP_viz.jpg,0,1.043,PSEUDO_LABEL,False
55,Lateral,d:\LUMOS\processed\preprocessed_images\patient_055\Lateral.png,D:\LUMOS\processed\segmentation\pseudo_labels\patient_055_Lateral_mask.png,D:\LUMOS\processed\segmentation\visualizations\patient_055_Lateral_viz.jpg,0,1.043,PSEUDO_LABEL,False
56,AP,d:\LUMOS\processed\preprocessed_images\patient_056\AP.png,D:\LUMOS\processed\segmentation\pseudo_labels\patient_056_AP_mask.png,D:\LUMOS\processed\segmentation\visualizations\patient_056_AP_viz.jpg,2,0.643,PSEUDO_LABEL,False
56,Lateral,d:\LUMOS\processed\preprocessed_images\patient_056\Lateral.png,D:\LUMOS\processed\segmentation\pseudo_labels\patient_056_Lateral_mask.png,D:\LUMOS\processed\segmentation\visualizations\patient_056_Lateral_viz.jpg,2,0.643,PSEUDO_LABEL,False
57,AP,d:\LUMOS\processed\preprocessed_images\patient_057\AP.png,D:\LUMOS\processed\segmentation\pseudo_labels\patient_057_AP_mask.png,D:\LUMOS\processed\segmentation\visualizations\patient_057_AP_viz.jpg,1,0.902,PSEUDO_LABEL,False
57,Lateral,d:\LUMOS\processed\preprocessed_images\patient_057\Lateral.png,D:\LUMOS\processed\segmentation\pseudo_labels\patient_057_Lateral_mask.png,D:\LUMOS\processed\segmentation\visualizations\patient_057_Lateral_viz.jpg,1,0.902,PSEUDO_LABEL,False
58,AP,d:\LUMOS\processed\preprocessed_images\patient_058\AP.png,D:\LUMOS\processed\segmentation\pseudo_labels\patient_058_AP_mask.png,D:\LUMOS\processed\segmentation\visualizations\patient_058_AP_viz.jpg,0,1.305,PSEUDO_LABEL,False
58,Lateral,d:\LUMOS\processed\preprocessed_images\patient_058\Lateral.png,D:\LUMOS\processed\segmentation\pseudo_labels\patient_058_Lateral_mask.png,D:\LUMOS\processed\segmentation\visualizations\patient_058_Lateral_viz.jpg,0,1.305,PSEUDO_LABEL,False
59,AP,d:\LUMOS\processed\preprocessed_images\patient_059\AP.png,D:\LUMOS\processed\segmentation\pseudo_labels\patient_059_AP_mask.png,D:\LUMOS\processed\segmentation\visualizations\patient_059_AP_viz.jpg,0,1.08002701333784,PSEUDO_LABEL,False
59,Lateral,d:\LUMOS\processed\preprocessed_images\patient_059\Lateral.png,D:\LUMOS\processed\segmentation\pseudo_labels\patient_059_Lateral_mask.png,D:\LUMOS\processed\segmentation\visualizations\patient_059_Lateral_viz.jpg,0,1.08002701333784,PSEUDO_LABEL,False
60,AP,d:\LUMOS\processed\preprocessed_images\patient_060\AP.png,D:\LUMOS\processed\segmentation\pseudo_labels\patient_060_AP_mask.png,D:\LUMOS\processed\segmentation\visualizations\patient_060_AP_viz.jpg,1,0.865,PSEUDO_LABEL,False
60,Lateral,d:\LUMOS\processed\preprocessed_images\patient_060\Lateral.png,D:\LUMOS\processed\segmentation\pseudo_labels\patient_060_Lateral_mask.png,D:\LUMOS\processed\segmentation\visualizations\patient_060_Lateral_viz.jpg,1,0.865,PSEUDO_LABEL,False
61,AP,d:\LUMOS\processed\preprocessed_images\patient_061\AP.png,D:\LUMOS\processed\segmentation\pseudo_labels\patient_061_AP_mask.png,D:\LUMOS\processed\segmentation\visualizations\patient_061_AP_viz.jpg,0,1.094,PSEUDO_LABEL,False
61,Lateral,d:\LUMOS\processed\preprocessed_images\patient_061\Lateral.png,D:\LUMOS\processed\segmentation\pseudo_labels\patient_061_Lateral_mask.png,D:\LUMOS\processed\segmentation\visualizations\patient_061_Lateral_viz.jpg,0,1.094,PSEUDO_LABEL,False
62,AP,d:\LUMOS\processed\preprocessed_images\patient_062\AP.png,D:\LUMOS\processed\segmentation\pseudo_labels\patient_062_AP_mask.png,D:\LUMOS\processed\segmentation\visualizations\patient_062_AP_viz.jpg,0,1.256,PSEUDO_LABEL,False
62,Lateral,d:\LUMOS\processed\preprocessed_images\patient_062\Lateral.png,D:\LUMOS\processed\segmentation\pseudo_labels\patient_062_Lateral_mask.png,D:\LUMOS\processed\segmentation\visualizations\patient_062_Lateral_viz.jpg,0,1.256,PSEUDO_LABEL,False
63,AP,d:\LUMOS\processed\preprocessed_images\patient_063\AP.png,D:\LUMOS\processed\segmentation\pseudo_labels\patient_063_AP_mask.png,D:\LUMOS\processed\segmentation\visualizations\patient_063_AP_viz.jpg,1,0.985,PSEUDO_LABEL,False
63,Lateral,d:\LUMOS\processed\preprocessed_images\patient_063\Lateral.png,D:\LUMOS\processed\segmentation\pseudo_labels\patient_063_Lateral_mask.png,D:\LUMOS\processed\segmentation\visualizations\patient_063_Lateral_viz.jpg,1,0.985,PSEUDO_LABEL,False
64,AP,d:\LUMOS\processed\preprocessed_images\patient_064\AP.png,D:\LUMOS\processed\segmentation\pseudo_labels\patient_064_AP_mask.png,D:\LUMOS\processed\segmentation\visualizations\patient_064_AP_viz.jpg,2,0.748,PSEUDO_LABEL,False
64,Lateral,d:\LUMOS\processed\preprocessed_images\patient_064\Lateral.png,D:\LUMOS\processed\segmentation\pseudo_labels\patient_064_Lateral_mask.png,D:\LUMOS\processed\segmentation\visualizations\patient_064_Lateral_viz.jpg,2,0.748,PSEUDO_LABEL,False
65,AP,d:\LUMOS\processed\preprocessed_images\patient_065\AP.png,D:\LUMOS\processed\segmentation\pseudo_labels\patient_065_AP_mask.png,D:\LUMOS\processed\segmentation\visualizations\patient_065_AP_viz.jpg,0,1.066,PSEUDO_LABEL,False
65,Lateral,d:\LUMOS\processed\preprocessed_images\patient_065\Lateral.png,D:\LUMOS\processed\segmentation\pseudo_labels\patient_065_Lateral_mask.png,D:\LUMOS\processed\segmentation\visualizations\patient_065_Lateral_viz.jpg,0,1.066,PSEUDO_LABEL,False
66,AP,d:\LUMOS\processed\preprocessed_images\patient_066\AP.png,D:\LUMOS\processed\segmentation\pseudo_labels\patient_066_AP_mask.png,D:\LUMOS\processed\segmentation\visualizations\patient_066_AP_viz.jpg,0,1.419,PSEUDO_LABEL,False
66,Lateral,d:\LUMOS\processed\preprocessed_images\patient_066\Lateral.png,D:\LUMOS\processed\segmentation\pseudo_labels\patient_066_Lateral_mask.png,D:\LUMOS\processed\segmentation\visualizations\patient_066_Lateral_viz.jpg,0,1.419,PSEUDO_LABEL,False
67,AP,d:\LUMOS\processed\preprocessed_images\patient_067\AP.png,D:\LUMOS\processed\segmentation\pseudo_labels\patient_067_AP_mask.png,D:\LUMOS\processed\segmentation\visualizations\patient_067_AP_viz.jpg,1,0.883,PSEUDO_LABEL,False
67,Lateral,d:\LUMOS\processed\preprocessed_images\patient_067\Lateral.png,D:\LUMOS\processed\segmentation\pseudo_labels\patient_067_Lateral_mask.png,D:\LUMOS\processed\segmentation\visualizations\patient_067_Lateral_viz.jpg,1,0.883,PSEUDO_LABEL,False
68,AP,d:\LUMOS\processed\preprocessed_images\patient_068\AP.png,D:\LUMOS\processed\segmentation\pseudo_labels\patient_068_AP_mask.png,D:\LUMOS\processed\segmentation\visualizations\patient_068_AP_viz.jpg,0,1.09352355072464,PSEUDO_LABEL,False
68,Lateral,d:\LUMOS\processed\preprocessed_images\patient_068\Lateral.png,D:\LUMOS\processed\segmentation\pseudo_labels\patient_068_Lateral_mask.png,D:\LUMOS\processed\segmentation\visualizations\patient_068_Lateral_viz.jpg,0,1.09352355072464,PSEUDO_LABEL,False
69,AP,d:\LUMOS\processed\preprocessed_images\patient_069\AP.png,D:\LUMOS\processed\segmentation\pseudo_labels\patient_069_AP_mask.png,D:\LUMOS\processed\segmentation\visualizations\patient_069_AP_viz.jpg,2,0.793,PSEUDO_LABEL,False
69,Lateral,d:\LUMOS\processed\preprocessed_images\patient_069\Lateral.png,D:\LUMOS\processed\segmentation\pseudo_labels\patient_069_Lateral_mask.png,D:\LUMOS\processed\segmentation\visualizations\patient_069_Lateral_viz.jpg,2,0.793,PSEUDO_LABEL,False
70,AP,d:\LUMOS\processed\preprocessed_images\patient_070\AP.png,D:\LUMOS\processed\segmentation\pseudo_labels\patient_070_AP_mask.png,D:\LUMOS\processed\segmentation\visualizations\patient_070_AP_viz.jpg,2,0.627,PSEUDO_LABEL,False
70,Lateral,d:\LUMOS\processed\preprocessed_images\patient_070\Lateral.png,D:\LUMOS\processed\segmentation\pseudo_labels\patient_070_Lateral_mask.png,D:\LUMOS\processed\segmentation\visualizations\patient_070_Lateral_viz.jpg,2,0.627,PSEUDO_LABEL,False
71,AP,d:\LUMOS\processed\preprocessed_images\patient_071\AP.png,D:\LUMOS\processed\segmentation\pseudo_labels\patient_071_AP_mask.png,D:\LUMOS\processed\segmentation\visualizations\patient_071_AP_viz.jpg,2,0.714321926489227,PSEUDO_LABEL,False
71,Lateral,d:\LUMOS\processed\preprocessed_images\patient_071\Lateral.png,D:\LUMOS\processed\segmentation\pseudo_labels\patient_071_Lateral_mask.png,D:\LUMOS\processed\segmentation\visualizations\patient_071_Lateral_viz.jpg,2,0.714321926489227,PSEUDO_LABEL,False
72,AP,d:\LUMOS\processed\preprocessed_images\patient_072\AP.png,D:\LUMOS\processed\segmentation\pseudo_labels\patient_072_AP_mask.png,D:\LUMOS\processed\segmentation\visualizations\patient_072_AP_viz.jpg,0,1.035,PSEUDO_LABEL,False
72,Lateral,d:\LUMOS\processed\preprocessed_images\patient_072\Lateral.png,D:\LUMOS\processed\segmentation\pseudo_labels\patient_072_Lateral_mask.png,D:\LUMOS\processed\segmentation\visualizations\patient_072_Lateral_viz.jpg,0,1.035,PSEUDO_LABEL,False
73,AP,d:\LUMOS\processed\preprocessed_images\patient_073\AP.png,D:\LUMOS\processed\segmentation\pseudo_labels\patient_073_AP_mask.png,D:\LUMOS\processed\segmentation\visualizations\patient_073_AP_viz.jpg,1,0.826,PSEUDO_LABEL,False
73,Lateral,d:\LUMOS\processed\preprocessed_images\patient_073\Lateral.png,D:\LUMOS\processed\segmentation\pseudo_labels\patient_073_Lateral_mask.png,D:\LUMOS\processed\segmentation\visualizations\patient_073_Lateral_viz.jpg,1,0.826,PSEUDO_LABEL,False
74,AP,d:\LUMOS\processed\preprocessed_images\patient_074\AP.png,D:\LUMOS\processed\segmentation\pseudo_labels\patient_074_AP_mask.png,D:\LUMOS\processed\segmentation\visualizations\patient_074_AP_viz.jpg,2,0.627,PSEUDO_LABEL,False
74,Lateral,d:\LUMOS\processed\preprocessed_images\patient_074\Lateral.png,D:\LUMOS\processed\segmentation\pseudo_labels\patient_074_Lateral_mask.png,D:\LUMOS\processed\segmentation\visualizations\patient_074_Lateral_viz.jpg,2,0.627,PSEUDO_LABEL,False
75,AP,d:\LUMOS\processed\preprocessed_images\patient_075\AP.png,D:\LUMOS\processed\segmentation\pseudo_labels\patient_075_AP_mask.png,D:\LUMOS\processed\segmentation\visualizations\patient_075_AP_viz.jpg,0,0.998,PSEUDO_LABEL,False
75,Lateral,d:\LUMOS\processed\preprocessed_images\patient_075\Lateral.png,D:\LUMOS\processed\segmentation\pseudo_labels\patient_075_Lateral_mask.png,D:\LUMOS\processed\segmentation\visualizations\patient_075_Lateral_viz.jpg,0,0.998,PSEUDO_LABEL,False
76,AP,d:\LUMOS\processed\preprocessed_images\patient_076\AP.png,D:\LUMOS\processed\segmentation\pseudo_labels\patient_076_AP_mask.png,D:\LUMOS\processed\segmentation\visualizations\patient_076_AP_viz.jpg,0,1.0,PSEUDO_LABEL,False
76,Lateral,d:\LUMOS\processed\preprocessed_images\patient_076\Lateral.png,D:\LUMOS\processed\segmentation\pseudo_labels\patient_076_Lateral_mask.png,D:\LUMOS\processed\segmentation\visualizations\patient_076_Lateral_viz.jpg,0,1.0,PSEUDO_LABEL,False
77,AP,d:\LUMOS\processed\preprocessed_images\patient_077\AP.png,D:\LUMOS\processed\segmentation\pseudo_labels\patient_077_AP_mask.png,D:\LUMOS\processed\segmentation\visualizations\patient_077_AP_viz.jpg,2,0.777,PSEUDO_LABEL,False
77,Lateral,d:\LUMOS\processed\preprocessed_images\patient_077\Lateral.png,D:\LUMOS\processed\segmentation\pseudo_labels\patient_077_Lateral_mask.png,D:\LUMOS\processed\segmentation\visualizations\patient_077_Lateral_viz.jpg,2,0.777,PSEUDO_LABEL,False
78,AP,d:\LUMOS\processed\preprocessed_images\patient_078\AP.png,D:\LUMOS\processed\segmentation\pseudo_labels\patient_078_AP_mask.png,D:\LUMOS\processed\segmentation\visualizations\patient_078_AP_viz.jpg,2,0.683,PSEUDO_LABEL,False
78,Lateral,d:\LUMOS\processed\preprocessed_images\patient_078\Lateral.png,D:\LUMOS\processed\segmentation\pseudo_labels\patient_078_Lateral_mask.png,D:\LUMOS\processed\segmentation\visualizations\patient_078_Lateral_viz.jpg,2,0.683,PSEUDO_LABEL,False
79,AP,d:\LUMOS\processed\preprocessed_images\patient_079\AP.png,D:\LUMOS\processed\segmentation\pseudo_labels\patient_079_AP_mask.png,D:\LUMOS\processed\segmentation\visualizations\patient_079_AP_viz.jpg,0,1.612,PSEUDO_LABEL,False
79,Lateral,d:\LUMOS\processed\preprocessed_images\patient_079\Lateral.png,D:\LUMOS\processed\segmentation\pseudo_labels\patient_079_Lateral_mask.png,D:\LUMOS\processed\segmentation\visualizations\patient_079_Lateral_viz.jpg,0,1.612,PSEUDO_LABEL,False
80,AP,d:\LUMOS\processed\preprocessed_images\patient_080\AP.png,D:\LUMOS\processed\segmentation\pseudo_labels\patient_080_AP_mask.png,D:\LUMOS\processed\segmentation\visualizations\patient_080_AP_viz.jpg,1,0.837,PSEUDO_LABEL,False
80,Lateral,d:\LUMOS\processed\preprocessed_images\patient_080\Lateral.png,D:\LUMOS\processed\segmentation\pseudo_labels\patient_080_Lateral_mask.png,D:\LUMOS\processed\segmentation\visualizations\patient_080_Lateral_viz.jpg,1,0.837,PSEUDO_LABEL,False
81,AP,d:\LUMOS\processed\preprocessed_images\patient_081\AP.png,D:\LUMOS\processed\segmentation\pseudo_labels\patient_081_AP_mask.png,D:\LUMOS\processed\segmentation\visualizations\patient_081_AP_viz.jpg,1,0.85,PSEUDO_LABEL,False
81,Lateral,d:\LUMOS\processed\preprocessed_images\patient_081\Lateral.png,D:\LUMOS\processed\segmentation\pseudo_labels\patient_081_Lateral_mask.png,D:\LUMOS\processed\segmentation\visualizations\patient_081_Lateral_viz.jpg,1,0.85,PSEUDO_LABEL,False
82,AP,d:\LUMOS\processed\preprocessed_images\patient_082\AP.png,D:\LUMOS\processed\segmentation\pseudo_labels\patient_082_AP_mask.png,D:\LUMOS\processed\segmentation\visualizations\patient_082_AP_viz.jpg,2,0.813,PSEUDO_LABEL,False
82,Lateral,d:\LUMOS\processed\preprocessed_images\patient_082\Lateral.png,D:\LUMOS\processed\segmentation\pseudo_labels\patient_082_Lateral_mask.png,D:\LUMOS\processed\segmentation\visualizations\patient_082_Lateral_viz.jpg,2,0.813,PSEUDO_LABEL,False
83,AP,d:\LUMOS\processed\preprocessed_images\patient_083\AP.png,D:\LUMOS\processed\segmentation\pseudo_labels\patient_083_AP_mask.png,D:\LUMOS\processed\segmentation\visualizations\patient_083_AP_viz.jpg,1,0.974,PSEUDO_LABEL,False
83,Lateral,d:\LUMOS\processed\preprocessed_images\patient_083\Lateral.png,D:\LUMOS\processed\segmentation\pseudo_labels\patient_083_Lateral_mask.png,D:\LUMOS\processed\segmentation\visualizations\patient_083_Lateral_viz.jpg,1,0.974,PSEUDO_LABEL,False
84,AP,d:\LUMOS\processed\preprocessed_images\patient_084\AP.png,D:\LUMOS\processed\segmentation\pseudo_labels\patient_084_AP_mask.png,D:\LUMOS\processed\segmentation\visualizations\patient_084_AP_viz.jpg,0,1.066,PSEUDO_LABEL,False
84,Lateral,d:\LUMOS\processed\preprocessed_images\patient_084\Lateral.png,D:\LUMOS\processed\segmentation\pseudo_labels\patient_084_Lateral_mask.png,D:\LUMOS\processed\segmentation\visualizations\patient_084_Lateral_viz.jpg,0,1.066,PSEUDO_LABEL,False
85,AP,d:\LUMOS\processed\preprocessed_images\patient_085\AP.png,D:\LUMOS\processed\segmentation\pseudo_labels\patient_085_AP_mask.png,D:\LUMOS\processed\segmentation\visualizations\patient_085_AP_viz.jpg,1,0.939,PSEUDO_LABEL,False
85,Lateral,d:\LUMOS\processed\preprocessed_images\patient_085\Lateral.png,D:\LUMOS\processed\segmentation\pseudo_labels\patient_085_Lateral_mask.png,D:\LUMOS\processed\segmentation\visualizations\patient_085_Lateral_viz.jpg,1,0.939,PSEUDO_LABEL,False
86,AP,d:\LUMOS\processed\preprocessed_images\patient_086\AP.png,D:\LUMOS\processed\segmentation\pseudo_labels\patient_086_AP_mask.png,D:\LUMOS\processed\segmentation\visualizations\patient_086_AP_viz.jpg,0,1.029,PSEUDO_LABEL,False
86,Lateral,d:\LUMOS\processed\preprocessed_images\patient_086\Lateral.png,D:\LUMOS\processed\segmentation\pseudo_labels\patient_086_Lateral_mask.png,D:\LUMOS\processed\segmentation\visualizations\patient_086_Lateral_viz.jpg,0,1.029,PSEUDO_LABEL,False
87,AP,d:\LUMOS\processed\preprocessed_images\patient_087\AP.png,D:\LUMOS\processed\segmentation\pseudo_labels\patient_087_AP_mask.png,D:\LUMOS\processed\segmentation\visualizations\patient_087_AP_viz.jpg,1,0.837,PSEUDO_LABEL,False
87,Lateral,d:\LUMOS\processed\preprocessed_images\patient_087\Lateral.png,D:\LUMOS\processed\segmentation\pseudo_labels\patient_087_Lateral_mask.png,D:\LUMOS\processed\segmentation\visualizations\patient_087_Lateral_viz.jpg,1,0.837,PSEUDO_LABEL,False
88,AP,d:\LUMOS\processed\preprocessed_images\patient_088\AP.png,D:\LUMOS\processed\segmentation\pseudo_labels\patient_088_AP_mask.png,D:\LUMOS\processed\segmentation\visualizations\patient_088_AP_viz.jpg,2,0.806,PSEUDO_LABEL,False
88,Lateral,d:\LUMOS\processed\preprocessed_images\patient_088\Lateral.png,D:\LUMOS\processed\segmentation\pseudo_labels\patient_088_Lateral_mask.png,D:\LUMOS\processed\segmentation\visualizations\patient_088_Lateral_viz.jpg,2,0.806,PSEUDO_LABEL,False
89,AP,d:\LUMOS\processed\preprocessed_images\patient_089\AP.png,D:\LUMOS\processed\segmentation\pseudo_labels\patient_089_AP_mask.png,D:\LUMOS\processed\segmentation\visualizations\patient_089_AP_viz.jpg,0,1.559,PSEUDO_LABEL,False
89,Lateral,d:\LUMOS\processed\preprocessed_images\patient_089\Lateral.png,D:\LUMOS\processed\segmentation\pseudo_labels\patient_089_Lateral_mask.png,D:\LUMOS\processed\segmentation\visualizations\patient_089_Lateral_viz.jpg,0,1.559,PSEUDO_LABEL,False
90,AP,d:\LUMOS\processed\preprocessed_images\patient_090\AP.png,D:\LUMOS\processed\segmentation\pseudo_labels\patient_090_AP_mask.png,D:\LUMOS\processed\segmentation\visualizations\patient_090_AP_viz.jpg,2,0.624,PSEUDO_LABEL,False
90,Lateral,d:\LUMOS\processed\preprocessed_images\patient_090\Lateral.png,D:\LUMOS\processed\segmentation\pseudo_labels\patient_090_Lateral_mask.png,D:\LUMOS\processed\segmentation\visualizations\patient_090_Lateral_viz.jpg,2,0.624,PSEUDO_LABEL,False
91,AP,d:\LUMOS\processed\preprocessed_images\patient_091\AP.png,D:\LUMOS\processed\segmentation\pseudo_labels\patient_091_AP_mask.png,D:\LUMOS\processed\segmentation\visualizations\patient_091_AP_viz.jpg,0,1.232,PSEUDO_LABEL,False
91,Lateral,d:\LUMOS\processed\preprocessed_images\patient_091\Lateral.png,D:\LUMOS\processed\segmentation\pseudo_labels\patient_091_Lateral_mask.png,D:\LUMOS\processed\segmentation\visualizations\patient_091_Lateral_viz.jpg,0,1.232,PSEUDO_LABEL,False
92,AP,d:\LUMOS\processed\preprocessed_images\patient_092\AP.png,D:\LUMOS\processed\segmentation\pseudo_labels\patient_092_AP_mask.png,D:\LUMOS\processed\segmentation\visualizations\patient_092_AP_viz.jpg,0,1.079,PSEUDO_LABEL,False
92,Lateral,d:\LUMOS\processed\preprocessed_images\patient_092\Lateral.png,D:\LUMOS\processed\segmentation\pseudo_labels\patient_092_Lateral_mask.png,D:\LUMOS\processed\segmentation\visualizations\patient_092_Lateral_viz.jpg,0,1.079,PSEUDO_LABEL,False
93,AP,d:\LUMOS\processed\preprocessed_images\patient_093\AP.png,D:\LUMOS\processed\segmentation\pseudo_labels\patient_093_AP_mask.png,D:\LUMOS\processed\segmentation\visualizations\patient_093_AP_viz.jpg,0,1.288,PSEUDO_LABEL,False
93,Lateral,d:\LUMOS\processed\preprocessed_images\patient_093\Lateral.png,D:\LUMOS\processed\segmentation\pseudo_labels\patient_093_Lateral_mask.png,D:\LUMOS\processed\segmentation\visualizations\patient_093_Lateral_viz.jpg,0,1.288,PSEUDO_LABEL,False
94,AP,d:\LUMOS\processed\preprocessed_images\patient_094\AP.png,D:\LUMOS\processed\segmentation\pseudo_labels\patient_094_AP_mask.png,D:\LUMOS\processed\segmentation\visualizations\patient_094_AP_viz.jpg,0,1.13571299148396,PSEUDO_LABEL,False
94,Lateral,d:\LUMOS\processed\preprocessed_images\patient_094\Lateral.png,D:\LUMOS\processed\segmentation\pseudo_labels\patient_094_Lateral_mask.png,D:\LUMOS\processed\segmentation\visualizations\patient_094_Lateral_viz.jpg,0,1.13571299148396,PSEUDO_LABEL,False
95,AP,d:\LUMOS\processed\preprocessed_images\patient_095\AP.png,D:\LUMOS\processed\segmentation\pseudo_labels\patient_095_AP_mask.png,D:\LUMOS\processed\segmentation\visualizations\patient_095_AP_viz.jpg,1,0.916,PSEUDO_LABEL,False
95,Lateral,d:\LUMOS\processed\preprocessed_images\patient_095\Lateral.png,D:\LUMOS\processed\segmentation\pseudo_labels\patient_095_Lateral_mask.png,D:\LUMOS\processed\segmentation\visualizations\patient_095_Lateral_viz.jpg,1,0.916,PSEUDO_LABEL,False
96,AP,d:\LUMOS\processed\preprocessed_images\patient_096\AP.png,D:\LUMOS\processed\segmentation\pseudo_labels\patient_096_AP_mask.png,D:\LUMOS\processed\segmentation\visualizations\patient_096_AP_viz.jpg,2,0.75,PSEUDO_LABEL,False
96,Lateral,d:\LUMOS\processed\preprocessed_images\patient_096\Lateral.png,D:\LUMOS\processed\segmentation\pseudo_labels\patient_096_Lateral_mask.png,D:\LUMOS\processed\segmentation\visualizations\patient_096_Lateral_viz.jpg,2,0.75,PSEUDO_LABEL,False
97,AP,d:\LUMOS\processed\preprocessed_images\patient_097\AP.png,D:\LUMOS\processed\segmentation\pseudo_labels\patient_097_AP_mask.png,D:\LUMOS\processed\segmentation\visualizations\patient_097_AP_viz.jpg,2,0.768,PSEUDO_LABEL,False
97,Lateral,d:\LUMOS\processed\preprocessed_images\patient_097\Lateral.png,D:\LUMOS\processed\segmentation\pseudo_labels\patient_097_Lateral_mask.png,D:\LUMOS\processed\segmentation\visualizations\patient_097_Lateral_viz.jpg,2,0.768,PSEUDO_LABEL,False
98,AP,d:\LUMOS\processed\preprocessed_images\patient_098\AP.png,D:\LUMOS\processed\segmentation\pseudo_labels\patient_098_AP_mask.png,D:\LUMOS\processed\segmentation\visualizations\patient_098_AP_viz.jpg,0,1.034,PSEUDO_LABEL,False
98,Lateral,d:\LUMOS\processed\preprocessed_images\patient_098\Lateral.png,D:\LUMOS\processed\segmentation\pseudo_labels\patient_098_Lateral_mask.png,D:\LUMOS\processed\segmentation\visualizations\patient_098_Lateral_viz.jpg,0,1.034,PSEUDO_LABEL,False
99,AP,d:\LUMOS\processed\preprocessed_images\patient_099\AP.png,D:\LUMOS\processed\segmentation\pseudo_labels\patient_099_AP_mask.png,D:\LUMOS\processed\segmentation\visualizations\patient_099_AP_viz.jpg,2,0.767,PSEUDO_LABEL,False
99,Lateral,d:\LUMOS\processed\preprocessed_images\patient_099\Lateral.png,D:\LUMOS\processed\segmentation\pseudo_labels\patient_099_Lateral_mask.png,D:\LUMOS\processed\segmentation\visualizations\patient_099_Lateral_viz.jpg,2,0.767,PSEUDO_LABEL,False
100,AP,d:\LUMOS\processed\preprocessed_images\patient_100\AP.png,D:\LUMOS\processed\segmentation\pseudo_labels\patient_100_AP_mask.png,D:\LUMOS\processed\segmentation\visualizations\patient_100_AP_viz.jpg,0,1.099,PSEUDO_LABEL,False
100,Lateral,d:\LUMOS\processed\preprocessed_images\patient_100\Lateral.png,D:\LUMOS\processed\segmentation\pseudo_labels\patient_100_Lateral_mask.png,D:\LUMOS\processed\segmentation\visualizations\patient_100_Lateral_viz.jpg,0,1.099,PSEUDO_LABEL,False
101,AP,d:\LUMOS\processed\preprocessed_images\patient_101\AP.png,D:\LUMOS\processed\segmentation\pseudo_labels\patient_101_AP_mask.png,D:\LUMOS\processed\segmentation\visualizations\patient_101_AP_viz.jpg,0,1.023,PSEUDO_LABEL,False
101,Lateral,d:\LUMOS\processed\preprocessed_images\patient_101\Lateral.png,D:\LUMOS\processed\segmentation\pseudo_labels\patient_101_Lateral_mask.png,D:\LUMOS\processed\segmentation\visualizations\patient_101_Lateral_viz.jpg,0,1.023,PSEUDO_LABEL,False
102,AP,d:\LUMOS\processed\preprocessed_images\patient_102\AP.png,D:\LUMOS\processed\segmentation\pseudo_labels\patient_102_AP_mask.png,D:\LUMOS\processed\segmentation\visualizations\patient_102_AP_viz.jpg,0,1.177,PSEUDO_LABEL,False
102,Lateral,d:\LUMOS\processed\preprocessed_images\patient_102\Lateral.png,D:\LUMOS\processed\segmentation\pseudo_labels\patient_102_Lateral_mask.png,D:\LUMOS\processed\segmentation\visualizations\patient_102_Lateral_viz.jpg,0,1.177,PSEUDO_LABEL,False
103,AP,d:\LUMOS\processed\preprocessed_images\patient_103\AP.png,D:\LUMOS\processed\segmentation\pseudo_labels\patient_103_AP_mask.png,D:\LUMOS\processed\segmentation\visualizations\patient_103_AP_viz.jpg,0,1.548,PSEUDO_LABEL,False
103,Lateral,d:\LUMOS\processed\preprocessed_images\patient_103\Lateral.png,D:\LUMOS\processed\segmentation\pseudo_labels\patient_103_Lateral_mask.png,D:\LUMOS\processed\segmentation\visualizations\patient_103_Lateral_viz.jpg,0,1.548,PSEUDO_LABEL,False
104,AP,d:\LUMOS\processed\preprocessed_images\patient_104\AP.png,D:\LUMOS\processed\segmentation\pseudo_labels\patient_104_AP_mask.png,D:\LUMOS\processed\segmentation\visualizations\patient_104_AP_viz.jpg,1,0.888969917958068,PSEUDO_LABEL,False
104,Lateral,d:\LUMOS\processed\preprocessed_images\patient_104\Lateral.png,D:\LUMOS\processed\segmentation\pseudo_labels\patient_104_Lateral_mask.png,D:\LUMOS\processed\segmentation\visualizations\patient_104_Lateral_viz.jpg,1,0.888969917958068,PSEUDO_LABEL,False
105,AP,d:\LUMOS\processed\preprocessed_images\patient_105\AP.png,D:\LUMOS\processed\segmentation\pseudo_labels\patient_105_AP_mask.png,D:\LUMOS\processed\segmentation\visualizations\patient_105_AP_viz.jpg,2,0.774,PSEUDO_LABEL,False
105,Lateral,d:\LUMOS\processed\preprocessed_images\patient_105\Lateral.png,D:\LUMOS\processed\segmentation\pseudo_labels\patient_105_Lateral_mask.png,D:\LUMOS\processed\segmentation\visualizations\patient_105_Lateral_viz.jpg,2,0.774,PSEUDO_LABEL,False
106,AP,d:\LUMOS\processed\preprocessed_images\patient_106\AP.png,D:\LUMOS\processed\segmentation\pseudo_labels\patient_106_AP_mask.png,D:\LUMOS\processed\segmentation\visualizations\patient_106_AP_viz.jpg,0,1.096,PSEUDO_LABEL,False
106,Lateral,d:\LUMOS\processed\preprocessed_images\patient_106\Lateral.png,D:\LUMOS\processed\segmentation\pseudo_labels\patient_106_Lateral_mask.png,D:\LUMOS\processed\segmentation\visualizations\patient_106_Lateral_viz.jpg,0,1.096,PSEUDO_LABEL,False
107,AP,d:\LUMOS\processed\preprocessed_images\patient_107\AP.png,D:\LUMOS\processed\segmentation\pseudo_labels\patient_107_AP_mask.png,D:\LUMOS\processed\segmentation\visualizations\patient_107_AP_viz.jpg,0,1.15232240437158,PSEUDO_LABEL,False
107,Lateral,d:\LUMOS\processed\preprocessed_images\patient_107\Lateral.png,D:\LUMOS\processed\segmentation\pseudo_labels\patient_107_Lateral_mask.png,D:\LUMOS\processed\segmentation\visualizations\patient_107_Lateral_viz.jpg,0,1.15232240437158,PSEUDO_LABEL,False
108,AP,d:\LUMOS\processed\preprocessed_images\patient_108\AP.png,D:\LUMOS\processed\segmentation\pseudo_labels\patient_108_AP_mask.png,D:\LUMOS\processed\segmentation\visualizations\patient_108_AP_viz.jpg,0,1.449,PSEUDO_LABEL,False
108,Lateral,d:\LUMOS\processed\preprocessed_images\patient_108\Lateral.png,D:\LUMOS\processed\segmentation\pseudo_labels\patient_108_Lateral_mask.png,D:\LUMOS\processed\segmentation\visualizations\patient_108_Lateral_viz.jpg,0,1.449,PSEUDO_LABEL,False
109,AP,d:\LUMOS\processed\preprocessed_images\patient_109\AP.png,D:\LUMOS\processed\segmentation\pseudo_labels\patient_109_AP_mask.png,D:\LUMOS\processed\segmentation\visualizations\patient_109_AP_viz.jpg,0,1.055,PSEUDO_LABEL,False
109,Lateral,d:\LUMOS\processed\preprocessed_images\patient_109\Lateral.png,D:\LUMOS\processed\segmentation\pseudo_labels\patient_109_Lateral_mask.png,D:\LUMOS\processed\segmentation\visualizations\patient_109_Lateral_viz.jpg,0,1.055,PSEUDO_LABEL,False
110,AP,d:\LUMOS\processed\preprocessed_images\patient_110\AP.png,D:\LUMOS\processed\segmentation\pseudo_labels\patient_110_AP_mask.png,D:\LUMOS\processed\segmentation\visualizations\patient_110_AP_viz.jpg,0,1.004,PSEUDO_LABEL,False
110,Lateral,d:\LUMOS\processed\preprocessed_images\patient_110\Lateral.png,D:\LUMOS\processed\segmentation\pseudo_labels\patient_110_Lateral_mask.png,D:\LUMOS\processed\segmentation\visualizations\patient_110_Lateral_viz.jpg,0,1.004,PSEUDO_LABEL,False
111,AP,d:\LUMOS\processed\preprocessed_images\patient_111\AP.png,D:\LUMOS\processed\segmentation\pseudo_labels\patient_111_AP_mask.png,D:\LUMOS\processed\segmentation\visualizations\patient_111_AP_viz.jpg,2,0.807,PSEUDO_LABEL,False
111,Lateral,d:\LUMOS\processed\preprocessed_images\patient_111\Lateral.png,D:\LUMOS\processed\segmentation\pseudo_labels\patient_111_Lateral_mask.png,D:\LUMOS\processed\segmentation\visualizations\patient_111_Lateral_viz.jpg,2,0.807,PSEUDO_LABEL,False
112,AP,d:\LUMOS\processed\preprocessed_images\patient_112\AP.png,D:\LUMOS\processed\segmentation\pseudo_labels\patient_112_AP_mask.png,D:\LUMOS\processed\segmentation\visualizations\patient_112_AP_viz.jpg,0,1.198,PSEUDO_LABEL,False
112,Lateral,d:\LUMOS\processed\preprocessed_images\patient_112\Lateral.png,D:\LUMOS\processed\segmentation\pseudo_labels\patient_112_Lateral_mask.png,D:\LUMOS\processed\segmentation\visualizations\patient_112_Lateral_viz.jpg,0,1.198,PSEUDO_LABEL,False
113,AP,d:\LUMOS\processed\preprocessed_images\patient_113\AP.png,D:\LUMOS\processed\segmentation\pseudo_labels\patient_113_AP_mask.png,D:\LUMOS\processed\segmentation\visualizations\patient_113_AP_viz.jpg,1,0.955,PSEUDO_LABEL,False
113,Lateral,d:\LUMOS\processed\preprocessed_images\patient_113\Lateral.png,D:\LUMOS\processed\segmentation\pseudo_labels\patient_113_Lateral_mask.png,D:\LUMOS\processed\segmentation\visualizations\patient_113_Lateral_viz.jpg,1,0.955,PSEUDO_LABEL,False
114,AP,d:\LUMOS\processed\preprocessed_images\patient_114\AP.png,D:\LUMOS\processed\segmentation\pseudo_labels\patient_114_AP_mask.png,D:\LUMOS\processed\segmentation\visualizations\patient_114_AP_viz.jpg,1,0.863,PSEUDO_LABEL,False
114,Lateral,d:\LUMOS\processed\preprocessed_images\patient_114\Lateral.png,D:\LUMOS\processed\segmentation\pseudo_labels\patient_114_Lateral_mask.png,D:\LUMOS\processed\segmentation\visualizations\patient_114_Lateral_viz.jpg,1,0.863,PSEUDO_LABEL,False
115,AP,d:\LUMOS\processed\preprocessed_images\patient_115\AP.png,D:\LUMOS\processed\segmentation\pseudo_labels\patient_115_AP_mask.png,D:\LUMOS\processed\segmentation\visualizations\patient_115_AP_viz.jpg,2,0.586,PSEUDO_LABEL,False
115,Lateral,d:\LUMOS\processed\preprocessed_images\patient_115\Lateral.png,D:\LUMOS\processed\segmentation\pseudo_labels\patient_115_Lateral_mask.png,D:\LUMOS\processed\segmentation\visualizations\patient_115_Lateral_viz.jpg,2,0.586,PSEUDO_LABEL,False
116,AP,d:\LUMOS\processed\preprocessed_images\patient_116\AP.png,D:\LUMOS\processed\segmentation\pseudo_labels\patient_116_AP_mask.png,D:\LUMOS\processed\segmentation\visualizations\patient_116_AP_viz.jpg,2,0.814,PSEUDO_LABEL,False
116,Lateral,d:\LUMOS\processed\preprocessed_images\patient_116\Lateral.png,D:\LUMOS\processed\segmentation\pseudo_labels\patient_116_Lateral_mask.png,D:\LUMOS\processed\segmentation\visualizations\patient_116_Lateral_viz.jpg,2,0.814,PSEUDO_LABEL,False
117,AP,d:\LUMOS\processed\preprocessed_images\patient_117\AP.png,D:\LUMOS\processed\segmentation\pseudo_labels\patient_117_AP_mask.png,D:\LUMOS\processed\segmentation\visualizations\patient_117_AP_viz.jpg,0,1.22,PSEUDO_LABEL,False
117,Lateral,d:\LUMOS\processed\preprocessed_images\patient_117\Lateral.png,D:\LUMOS\processed\segmentation\pseudo_labels\patient_117_Lateral_mask.png,D:\LUMOS\processed\segmentation\visualizations\patient_117_Lateral_viz.jpg,0,1.22,PSEUDO_LABEL,False
118,AP,d:\LUMOS\processed\preprocessed_images\patient_118\AP.png,D:\LUMOS\processed\segmentation\pseudo_labels\patient_118_AP_mask.png,D:\LUMOS\processed\segmentation\visualizations\patient_118_AP_viz.jpg,1,0.967,PSEUDO_LABEL,False
118,Lateral,d:\LUMOS\processed\preprocessed_images\patient_118\Lateral.png,D:\LUMOS\processed\segmentation\pseudo_labels\patient_118_Lateral_mask.png,D:\LUMOS\processed\segmentation\visualizations\patient_118_Lateral_viz.jpg,1,0.967,PSEUDO_LABEL,False
119,AP,d:\LUMOS\processed\preprocessed_images\patient_119\AP.png,D:\LUMOS\processed\segmentation\pseudo_labels\patient_119_AP_mask.png,D:\LUMOS\processed\segmentation\visualizations\patient_119_AP_viz.jpg,1,0.974,PSEUDO_LABEL,False
119,Lateral,d:\LUMOS\processed\preprocessed_images\patient_119\Lateral.png,D:\LUMOS\processed\segmentation\pseudo_labels\patient_119_Lateral_mask.png,D:\LUMOS\processed\segmentation\visualizations\patient_119_Lateral_viz.jpg,1,0.974,PSEUDO_LABEL,False
120,AP,d:\LUMOS\processed\preprocessed_images\patient_120\AP.png,D:\LUMOS\processed\segmentation\pseudo_labels\patient_120_AP_mask.png,D:\LUMOS\processed\segmentation\visualizations\patient_120_AP_viz.jpg,1,0.925,PSEUDO_LABEL,False
120,Lateral,d:\LUMOS\processed\preprocessed_images\patient_120\Lateral.png,D:\LUMOS\processed\segmentation\pseudo_labels\patient_120_Lateral_mask.png,D:\LUMOS\processed\segmentation\visualizations\patient_120_Lateral_viz.jpg,1,0.925,PSEUDO_LABEL,False
121,AP,d:\LUMOS\processed\preprocessed_images\patient_121\AP.png,D:\LUMOS\processed\segmentation\pseudo_labels\patient_121_AP_mask.png,D:\LUMOS\processed\segmentation\visualizations\patient_121_AP_viz.jpg,1,0.922,PSEUDO_LABEL,False
121,Lateral,d:\LUMOS\processed\preprocessed_images\patient_121\Lateral.png,D:\LUMOS\processed\segmentation\pseudo_labels\patient_121_Lateral_mask.png,D:\LUMOS\processed\segmentation\visualizations\patient_121_Lateral_viz.jpg,1,0.922,PSEUDO_LABEL,False
122,AP,d:\LUMOS\processed\preprocessed_images\patient_122\AP.png,D:\LUMOS\processed\segmentation\pseudo_labels\patient_122_AP_mask.png,D:\LUMOS\processed\segmentation\visualizations\patient_122_AP_viz.jpg,1,0.993,PSEUDO_LABEL,False
122,Lateral,d:\LUMOS\processed\preprocessed_images\patient_122\Lateral.png,D:\LUMOS\processed\segmentation\pseudo_labels\patient_122_Lateral_mask.png,D:\LUMOS\processed\segmentation\visualizations\patient_122_Lateral_viz.jpg,1,0.993,PSEUDO_LABEL,False
123,AP,d:\LUMOS\processed\preprocessed_images\patient_123\AP.png,D:\LUMOS\processed\segmentation\pseudo_labels\patient_123_AP_mask.png,D:\LUMOS\processed\segmentation\visualizations\patient_123_AP_viz.jpg,1,0.978,PSEUDO_LABEL,False
123,Lateral,d:\LUMOS\processed\preprocessed_images\patient_123\Lateral.png,D:\LUMOS\processed\segmentation\pseudo_labels\patient_123_Lateral_mask.png,D:\LUMOS\processed\segmentation\visualizations\patient_123_Lateral_viz.jpg,1,0.978,PSEUDO_LABEL,False
124,AP,d:\LUMOS\processed\preprocessed_images\patient_124\AP.png,D:\LUMOS\processed\segmentation\pseudo_labels\patient_124_AP_mask.png,D:\LUMOS\processed\segmentation\visualizations\patient_124_AP_viz.jpg,0,1.035,PSEUDO_LABEL,False
124,Lateral,d:\LUMOS\processed\preprocessed_images\patient_124\Lateral.png,D:\LUMOS\processed\segmentation\pseudo_labels\patient_124_Lateral_mask.png,D:\LUMOS\processed\segmentation\visualizations\patient_124_Lateral_viz.jpg,0,1.035,PSEUDO_LABEL,False
125,AP,d:\LUMOS\processed\preprocessed_images\patient_125\AP.png,D:\LUMOS\processed\segmentation\pseudo_labels\patient_125_AP_mask.png,D:\LUMOS\processed\segmentation\visualizations\patient_125_AP_viz.jpg,1,0.834,PSEUDO_LABEL,False
125,Lateral,d:\LUMOS\processed\preprocessed_images\patient_125\Lateral.png,D:\LUMOS\processed\segmentation\pseudo_labels\patient_125_Lateral_mask.png,D:\LUMOS\processed\segmentation\visualizations\patient_125_Lateral_viz.jpg,1,0.834,PSEUDO_LABEL,False
126,AP,d:\LUMOS\processed\preprocessed_images\patient_126\AP.png,D:\LUMOS\processed\segmentation\pseudo_labels\patient_126_AP_mask.png,D:\LUMOS\processed\segmentation\visualizations\patient_126_AP_viz.jpg,2,0.675,PSEUDO_LABEL,False
126,Lateral,d:\LUMOS\processed\preprocessed_images\patient_126\Lateral.png,D:\LUMOS\processed\segmentation\pseudo_labels\patient_126_Lateral_mask.png,D:\LUMOS\processed\segmentation\visualizations\patient_126_Lateral_viz.jpg,2,0.675,PSEUDO_LABEL,False
127,AP,d:\LUMOS\processed\preprocessed_images\patient_127\AP.png,D:\LUMOS\processed\segmentation\pseudo_labels\patient_127_AP_mask.png,D:\LUMOS\processed\segmentation\visualizations\patient_127_AP_viz.jpg,1,0.864,PSEUDO_LABEL,False
127,Lateral,d:\LUMOS\processed\preprocessed_images\patient_127\Lateral.png,D:\LUMOS\processed\segmentation\pseudo_labels\patient_127_Lateral_mask.png,D:\LUMOS\processed\segmentation\visualizations\patient_127_Lateral_viz.jpg,1,0.864,PSEUDO_LABEL,False
128,AP,d:\LUMOS\processed\preprocessed_images\patient_128\AP.png,D:\LUMOS\processed\segmentation\pseudo_labels\patient_128_AP_mask.png,D:\LUMOS\processed\segmentation\visualizations\patient_128_AP_viz.jpg,1,0.878,PSEUDO_LABEL,False
128,Lateral,d:\LUMOS\processed\preprocessed_images\patient_128\Lateral.png,D:\LUMOS\processed\segmentation\pseudo_labels\patient_128_Lateral_mask.png,D:\LUMOS\processed\segmentation\visualizations\patient_128_Lateral_viz.jpg,1,0.878,PSEUDO_LABEL,False
129,AP,d:\LUMOS\processed\preprocessed_images\patient_129\AP.png,D:\LUMOS\processed\segmentation\pseudo_labels\patient_129_AP_mask.png,D:\LUMOS\processed\segmentation\visualizations\patient_129_AP_viz.jpg,0,1.257,PSEUDO_LABEL,False
129,Lateral,d:\LUMOS\processed\preprocessed_images\patient_129\Lateral.png,D:\LUMOS\processed\segmentation\pseudo_labels\patient_129_Lateral_mask.png,D:\LUMOS\processed\segmentation\visualizations\patient_129_Lateral_viz.jpg,0,1.257,PSEUDO_LABEL,False
130,AP,d:\LUMOS\processed\preprocessed_images\patient_130\AP.png,D:\LUMOS\processed\segmentation\pseudo_labels\patient_130_AP_mask.png,D:\LUMOS\processed\segmentation\visualizations\patient_130_AP_viz.jpg,2,0.787,PSEUDO_LABEL,False
130,Lateral,d:\LUMOS\processed\preprocessed_images\patient_130\Lateral.png,D:\LUMOS\processed\segmentation\pseudo_labels\patient_130_Lateral_mask.png,D:\LUMOS\processed\segmentation\visualizations\patient_130_Lateral_viz.jpg,2,0.787,PSEUDO_LABEL,False
131,AP,d:\LUMOS\processed\preprocessed_images\patient_131\AP.png,D:\LUMOS\processed\segmentation\pseudo_labels\patient_131_AP_mask.png,D:\LUMOS\processed\segmentation\visualizations\patient_131_AP_viz.jpg,1,0.956,PSEUDO_LABEL,False
131,Lateral,d:\LUMOS\processed\preprocessed_images\patient_131\Lateral.png,D:\LUMOS\processed\segmentation\pseudo_labels\patient_131_Lateral_mask.png,D:\LUMOS\processed\segmentation\visualizations\patient_131_Lateral_viz.jpg,1,0.956,PSEUDO_LABEL,False
132,AP,d:\LUMOS\processed\preprocessed_images\patient_132\AP.png,D:\LUMOS\processed\segmentation\pseudo_labels\patient_132_AP_mask.png,D:\LUMOS\processed\segmentation\visualizations\patient_132_AP_viz.jpg,1,0.831,PSEUDO_LABEL,False
132,Lateral,d:\LUMOS\processed\preprocessed_images\patient_132\Lateral.png,D:\LUMOS\processed\segmentation\pseudo_labels\patient_132_Lateral_mask.png,D:\LUMOS\processed\segmentation\visualizations\patient_132_Lateral_viz.jpg,1,0.831,PSEUDO_LABEL,False
133,AP,d:\LUMOS\processed\preprocessed_images\patient_133\AP.png,D:\LUMOS\processed\segmentation\pseudo_labels\patient_133_AP_mask.png,D:\LUMOS\processed\segmentation\visualizations\patient_133_AP_viz.jpg,0,1.11,PSEUDO_LABEL,False
133,Lateral,d:\LUMOS\processed\preprocessed_images\patient_133\Lateral.png,D:\LUMOS\processed\segmentation\pseudo_labels\patient_133_Lateral_mask.png,D:\LUMOS\processed\segmentation\visualizations\patient_133_Lateral_viz.jpg,0,1.11,PSEUDO_LABEL,False
134,AP,d:\LUMOS\processed\preprocessed_images\patient_134\AP.png,D:\LUMOS\processed\segmentation\pseudo_labels\patient_134_AP_mask.png,D:\LUMOS\processed\segmentation\visualizations\patient_134_AP_viz.jpg,0,1.058,PSEUDO_LABEL,False
134,Lateral,d:\LUMOS\processed\preprocessed_images\patient_134\Lateral.png,D:\LUMOS\processed\segmentation\pseudo_labels\patient_134_Lateral_mask.png,D:\LUMOS\processed\segmentation\visualizations\patient_134_Lateral_viz.jpg,0,1.058,PSEUDO_LABEL,False
135,AP,d:\LUMOS\processed\preprocessed_images\patient_135\AP.png,D:\LUMOS\processed\segmentation\pseudo_labels\patient_135_AP_mask.png,D:\LUMOS\processed\segmentation\visualizations\patient_135_AP_viz.jpg,0,1.056,PSEUDO_LABEL,False
135,Lateral,d:\LUMOS\processed\preprocessed_images\patient_135\Lateral.png,D:\LUMOS\processed\segmentation\pseudo_labels\patient_135_Lateral_mask.png,D:\LUMOS\processed\segmentation\visualizations\patient_135_Lateral_viz.jpg,0,1.056,PSEUDO_LABEL,False
136,AP,d:\LUMOS\processed\preprocessed_images\patient_136\AP.png,D:\LUMOS\processed\segmentation\pseudo_labels\patient_136_AP_mask.png,D:\LUMOS\processed\segmentation\visualizations\patient_136_AP_viz.jpg,1,0.947,PSEUDO_LABEL,False
136,Lateral,d:\LUMOS\processed\preprocessed_images\patient_136\Lateral.png,D:\LUMOS\processed\segmentation\pseudo_labels\patient_136_Lateral_mask.png,D:\LUMOS\processed\segmentation\visualizations\patient_136_Lateral_viz.jpg,1,0.947,PSEUDO_LABEL,False
137,AP,d:\LUMOS\processed\preprocessed_images\patient_137\AP.png,D:\LUMOS\processed\segmentation\pseudo_labels\patient_137_AP_mask.png,D:\LUMOS\processed\segmentation\visualizations\patient_137_AP_viz.jpg,0,1.118,PSEUDO_LABEL,False
137,Lateral,d:\LUMOS\processed\preprocessed_images\patient_137\Lateral.png,D:\LUMOS\processed\segmentation\pseudo_labels\patient_137_Lateral_mask.png,D:\LUMOS\processed\segmentation\visualizations\patient_137_Lateral_viz.jpg,0,1.118,PSEUDO_LABEL,False
138,AP,d:\LUMOS\processed\preprocessed_images\patient_138\AP.png,D:\LUMOS\processed\segmentation\pseudo_labels\patient_138_AP_mask.png,D:\LUMOS\processed\segmentation\visualizations\patient_138_AP_viz.jpg,2,0.804,PSEUDO_LABEL,False
138,Lateral,d:\LUMOS\processed\preprocessed_images\patient_138\Lateral.png,D:\LUMOS\processed\segmentation\pseudo_labels\patient_138_Lateral_mask.png,D:\LUMOS\processed\segmentation\visualizations\patient_138_Lateral_viz.jpg,2,0.804,PSEUDO_LABEL,False
139,AP,d:\LUMOS\processed\preprocessed_images\patient_139\AP.png,D:\LUMOS\processed\segmentation\pseudo_labels\patient_139_AP_mask.png,D:\LUMOS\processed\segmentation\visualizations\patient_139_AP_viz.jpg,0,1.103,PSEUDO_LABEL,False
139,Lateral,d:\LUMOS\processed\preprocessed_images\patient_139\Lateral.png,D:\LUMOS\processed\segmentation\pseudo_labels\patient_139_Lateral_mask.png,D:\LUMOS\processed\segmentation\visualizations\patient_139_Lateral_viz.jpg,0,1.103,PSEUDO_LABEL,False
140,AP,d:\LUMOS\processed\preprocessed_images\patient_140\AP.png,D:\LUMOS\processed\segmentation\pseudo_labels\patient_140_AP_mask.png,D:\LUMOS\processed\segmentation\visualizations\patient_140_AP_viz.jpg,2,0.786,PSEUDO_LABEL,False
140,Lateral,d:\LUMOS\processed\preprocessed_images\patient_140\Lateral.png,D:\LUMOS\processed\segmentation\pseudo_labels\patient_140_Lateral_mask.png,D:\LUMOS\processed\segmentation\visualizations\patient_140_Lateral_viz.jpg,2,0.786,PSEUDO_LABEL,False
141,AP,d:\LUMOS\processed\preprocessed_images\patient_141\AP.png,D:\LUMOS\processed\segmentation\pseudo_labels\patient_141_AP_mask.png,D:\LUMOS\processed\segmentation\visualizations\patient_141_AP_viz.jpg,2,0.781,PSEUDO_LABEL,False
141,Lateral,d:\LUMOS\processed\preprocessed_images\patient_141\Lateral.png,D:\LUMOS\processed\segmentation\pseudo_labels\patient_141_Lateral_mask.png,D:\LUMOS\processed\segmentation\visualizations\patient_141_Lateral_viz.jpg,2,0.781,PSEUDO_LABEL,False
142,AP,d:\LUMOS\processed\preprocessed_images\patient_142\AP.png,D:\LUMOS\processed\segmentation\pseudo_labels\patient_142_AP_mask.png,D:\LUMOS\processed\segmentation\visualizations\patient_142_AP_viz.jpg,2,0.663,PSEUDO_LABEL,False
142,Lateral,d:\LUMOS\processed\preprocessed_images\patient_142\Lateral.png,D:\LUMOS\processed\segmentation\pseudo_labels\patient_142_Lateral_mask.png,D:\LUMOS\processed\segmentation\visualizations\patient_142_Lateral_viz.jpg,2,0.663,PSEUDO_LABEL,False
143,AP,d:\LUMOS\processed\preprocessed_images\patient_143\AP.png,D:\LUMOS\processed\segmentation\pseudo_labels\patient_143_AP_mask.png,D:\LUMOS\processed\segmentation\visualizations\patient_143_AP_viz.jpg,1,0.906,PSEUDO_LABEL,False
143,Lateral,d:\LUMOS\processed\preprocessed_images\patient_143\Lateral.png,D:\LUMOS\processed\segmentation\pseudo_labels\patient_143_Lateral_mask.png,D:\LUMOS\processed\segmentation\visualizations\patient_143_Lateral_viz.jpg,1,0.906,PSEUDO_LABEL,False
144,AP,d:\LUMOS\processed\preprocessed_images\patient_144\AP.png,D:\LUMOS\processed\segmentation\pseudo_labels\patient_144_AP_mask.png,D:\LUMOS\processed\segmentation\visualizations\patient_144_AP_viz.jpg,2,0.682638456751711,PSEUDO_LABEL,False
144,Lateral,d:\LUMOS\processed\preprocessed_images\patient_144\Lateral.png,D:\LUMOS\processed\segmentation\pseudo_labels\patient_144_Lateral_mask.png,D:\LUMOS\processed\segmentation\visualizations\patient_144_Lateral_viz.jpg,2,0.682638456751711,PSEUDO_LABEL,False
145,AP,d:\LUMOS\processed\preprocessed_images\patient_145\AP.png,D:\LUMOS\processed\segmentation\pseudo_labels\patient_145_AP_mask.png,D:\LUMOS\processed\segmentation\visualizations\patient_145_AP_viz.jpg,0,1.169,PSEUDO_LABEL,False
145,Lateral,d:\LUMOS\processed\preprocessed_images\patient_145\Lateral.png,D:\LUMOS\processed\segmentation\pseudo_labels\patient_145_Lateral_mask.png,D:\LUMOS\processed\segmentation\visualizations\patient_145_Lateral_viz.jpg,0,1.169,PSEUDO_LABEL,False
146,AP,d:\LUMOS\processed\preprocessed_images\patient_146\AP.png,D:\LUMOS\processed\segmentation\pseudo_labels\patient_146_AP_mask.png,D:\LUMOS\processed\segmentation\visualizations\patient_146_AP_viz.jpg,0,1.06,PSEUDO_LABEL,False
146,Lateral,d:\LUMOS\processed\preprocessed_images\patient_146\Lateral.png,D:\LUMOS\processed\segmentation\pseudo_labels\patient_146_Lateral_mask.png,D:\LUMOS\processed\segmentation\visualizations\patient_146_Lateral_viz.jpg,0,1.06,PSEUDO_LABEL,False
147,AP,d:\LUMOS\processed\preprocessed_images\patient_147\AP.png,D:\LUMOS\processed\segmentation\pseudo_labels\patient_147_AP_mask.png,D:\LUMOS\processed\segmentation\visualizations\patient_147_AP_viz.jpg,0,1.17052860246198,PSEUDO_LABEL,False
147,Lateral,d:\LUMOS\processed\preprocessed_images\patient_147\Lateral.png,D:\LUMOS\processed\segmentation\pseudo_labels\patient_147_Lateral_mask.png,D:\LUMOS\processed\segmentation\visualizations\patient_147_Lateral_viz.jpg,0,1.17052860246198,PSEUDO_LABEL,False
148,AP,d:\LUMOS\processed\preprocessed_images\patient_148\AP.png,D:\LUMOS\processed\segmentation\pseudo_labels\patient_148_AP_mask.png,D:\LUMOS\processed\segmentation\visualizations\patient_148_AP_viz.jpg,0,1.144,PSEUDO_LABEL,False
148,Lateral,d:\LUMOS\processed\preprocessed_images\patient_148\Lateral.png,D:\LUMOS\processed\segmentation\pseudo_labels\patient_148_Lateral_mask.png,D:\LUMOS\processed\segmentation\visualizations\patient_148_Lateral_viz.jpg,0,1.144,PSEUDO_LABEL,False
149,AP,d:\LUMOS\processed\preprocessed_images\patient_149\AP.png,D:\LUMOS\processed\segmentation\pseudo_labels\patient_149_AP_mask.png,D:\LUMOS\processed\segmentation\visualizations\patient_149_AP_viz.jpg,1,0.844618907425581,PSEUDO_LABEL,False
149,Lateral,d:\LUMOS\processed\preprocessed_images\patient_149\Lateral.png,D:\LUMOS\processed\segmentation\pseudo_labels\patient_149_Lateral_mask.png,D:\LUMOS\processed\segmentation\visualizations\patient_149_Lateral_viz.jpg,1,0.844618907425581,PSEUDO_LABEL,False
150,AP,d:\LUMOS\processed\preprocessed_images\patient_150\AP.png,D:\LUMOS\processed\segmentation\pseudo_labels\patient_150_AP_mask.png,D:\LUMOS\processed\segmentation\visualizations\patient_150_AP_viz.jpg,2,0.72,PSEUDO_LABEL,False
150,Lateral,d:\LUMOS\processed\preprocessed_images\patient_150\Lateral.png,D:\LUMOS\processed\segmentation\pseudo_labels\patient_150_Lateral_mask.png,D:\LUMOS\processed\segmentation\visualizations\patient_150_Lateral_viz.jpg,2,0.72,PSEUDO_LABEL,False
151,AP,d:\LUMOS\processed\preprocessed_images\patient_151\AP.png,D:\LUMOS\processed\segmentation\pseudo_labels\patient_151_AP_mask.png,D:\LUMOS\processed\segmentation\visualizations\patient_151_AP_viz.jpg,0,0.998,PSEUDO_LABEL,False
151,Lateral,d:\LUMOS\processed\preprocessed_images\patient_151\Lateral.png,D:\LUMOS\processed\segmentation\pseudo_labels\patient_151_Lateral_mask.png,D:\LUMOS\processed\segmentation\visualizations\patient_151_Lateral_viz.jpg,0,0.998,PSEUDO_LABEL,False
152,AP,d:\LUMOS\processed\preprocessed_images\patient_152\AP.png,D:\LUMOS\processed\segmentation\pseudo_labels\patient_152_AP_mask.png,D:\LUMOS\processed\segmentation\visualizations\patient_152_AP_viz.jpg,0,1.127,PSEUDO_LABEL,False
152,Lateral,d:\LUMOS\processed\preprocessed_images\patient_152\Lateral.png,D:\LUMOS\processed\segmentation\pseudo_labels\patient_152_Lateral_mask.png,D:\LUMOS\processed\segmentation\visualizations\patient_152_Lateral_viz.jpg,0,1.127,PSEUDO_LABEL,False
153,AP,d:\LUMOS\processed\preprocessed_images\patient_153\AP.png,D:\LUMOS\processed\segmentation\pseudo_labels\patient_153_AP_mask.png,D:\LUMOS\processed\segmentation\visualizations\patient_153_AP_viz.jpg,0,1.00996828273675,PSEUDO_LABEL,False
153,Lateral,d:\LUMOS\processed\preprocessed_images\patient_153\Lateral.png,D:\LUMOS\processed\segmentation\pseudo_labels\patient_153_Lateral_mask.png,D:\LUMOS\processed\segmentation\visualizations\patient_153_Lateral_viz.jpg,0,1.00996828273675,PSEUDO_LABEL,False
154,AP,d:\LUMOS\processed\preprocessed_images\patient_154\AP.png,D:\LUMOS\processed\segmentation\pseudo_labels\patient_154_AP_mask.png,D:\LUMOS\processed\segmentation\visualizations\patient_154_AP_viz.jpg,1,0.951,PSEUDO_LABEL,False
154,Lateral,d:\LUMOS\processed\preprocessed_images\patient_154\Lateral.png,D:\LUMOS\processed\segmentation\pseudo_labels\patient_154_Lateral_mask.png,D:\LUMOS\processed\segmentation\visualizations\patient_154_Lateral_viz.jpg,1,0.951,PSEUDO_LABEL,False
155,AP,d:\LUMOS\processed\preprocessed_images\patient_155\AP.png,D:\LUMOS\processed\segmentation\pseudo_labels\patient_155_AP_mask.png,D:\LUMOS\processed\segmentation\visualizations\patient_155_AP_viz.jpg,2,0.809,PSEUDO_LABEL,False
155,Lateral,d:\LUMOS\processed\preprocessed_images\patient_155\Lateral.png,D:\LUMOS\processed\segmentation\pseudo_labels\patient_155_Lateral_mask.png,D:\LUMOS\processed\segmentation\visualizations\patient_155_Lateral_viz.jpg,2,0.809,PSEUDO_LABEL,False
156,AP,d:\LUMOS\processed\preprocessed_images\patient_156\AP.png,D:\LUMOS\processed\segmentation\pseudo_labels\patient_156_AP_mask.png,D:\LUMOS\processed\segmentation\visualizations\patient_156_AP_viz.jpg,0,1.058,PSEUDO_LABEL,False
156,Lateral,d:\LUMOS\processed\preprocessed_images\patient_156\Lateral.png,D:\LUMOS\processed\segmentation\pseudo_labels\patient_156_Lateral_mask.png,D:\LUMOS\processed\segmentation\visualizations\patient_156_Lateral_viz.jpg,0,1.058,PSEUDO_LABEL,False
157,AP,d:\LUMOS\processed\preprocessed_images\patient_157\AP.png,D:\LUMOS\processed\segmentation\pseudo_labels\patient_157_AP_mask.png,D:\LUMOS\processed\segmentation\visualizations\patient_157_AP_viz.jpg,2,0.75,PSEUDO_LABEL,False
157,Lateral,d:\LUMOS\processed\preprocessed_images\patient_157\Lateral.png,D:\LUMOS\processed\segmentation\pseudo_labels\patient_157_Lateral_mask.png,D:\LUMOS\processed\segmentation\visualizations\patient_157_Lateral_viz.jpg,2,0.75,PSEUDO_LABEL,False
158,AP,d:\LUMOS\processed\preprocessed_images\patient_158\AP.png,D:\LUMOS\processed\segmentation\pseudo_labels\patient_158_AP_mask.png,D:\LUMOS\processed\segmentation\visualizations\patient_158_AP_viz.jpg,1,0.95,PSEUDO_LABEL,False
158,Lateral,d:\LUMOS\processed\preprocessed_images\patient_158\Lateral.png,D:\LUMOS\processed\segmentation\pseudo_labels\patient_158_Lateral_mask.png,D:\LUMOS\processed\segmentation\visualizations\patient_158_Lateral_viz.jpg,1,0.95,PSEUDO_LABEL,False
159,AP,d:\LUMOS\processed\preprocessed_images\patient_159\AP.png,D:\LUMOS\processed\segmentation\pseudo_labels\patient_159_AP_mask.png,D:\LUMOS\processed\segmentation\visualizations\patient_159_AP_viz.jpg,1,0.875,PSEUDO_LABEL,False
159,Lateral,d:\LUMOS\processed\preprocessed_images\patient_159\Lateral.png,D:\LUMOS\processed\segmentation\pseudo_labels\patient_159_Lateral_mask.png,D:\LUMOS\processed\segmentation\visualizations\patient_159_Lateral_viz.jpg,1,0.875,PSEUDO_LABEL,False
160,AP,d:\LUMOS\processed\preprocessed_images\patient_160\AP.png,D:\LUMOS\processed\segmentation\pseudo_labels\patient_160_AP_mask.png,D:\LUMOS\processed\segmentation\visualizations\patient_160_AP_viz.jpg,2,0.623,PSEUDO_LABEL,False
160,Lateral,d:\LUMOS\processed\preprocessed_images\patient_160\Lateral.png,D:\LUMOS\processed\segmentation\pseudo_labels\patient_160_Lateral_mask.png,D:\LUMOS\processed\segmentation\visualizations\patient_160_Lateral_viz.jpg,2,0.623,PSEUDO_LABEL,False
161,AP,d:\LUMOS\processed\preprocessed_images\patient_161\AP.png,D:\LUMOS\processed\segmentation\pseudo_labels\patient_161_AP_mask.png,D:\LUMOS\processed\segmentation\visualizations\patient_161_AP_viz.jpg,1,0.919091847,PSEUDO_LABEL,False
161,Lateral,d:\LUMOS\processed\preprocessed_images\patient_161\Lateral.png,D:\LUMOS\processed\segmentation\pseudo_labels\patient_161_Lateral_mask.png,D:\LUMOS\processed\segmentation\visualizations\patient_161_Lateral_viz.jpg,1,0.919091847,PSEUDO_LABEL,False
162,AP,d:\LUMOS\processed\preprocessed_images\patient_162\AP.png,D:\LUMOS\processed\segmentation\pseudo_labels\patient_162_AP_mask.png,D:\LUMOS\processed\segmentation\visualizations\patient_162_AP_viz.jpg,0,1.558,PSEUDO_LABEL,False
162,Lateral,d:\LUMOS\processed\preprocessed_images\patient_162\Lateral.png,D:\LUMOS\processed\segmentation\pseudo_labels\patient_162_Lateral_mask.png,D:\LUMOS\processed\segmentation\visualizations\patient_162_Lateral_viz.jpg,0,1.558,PSEUDO_LABEL,False
163,AP,d:\LUMOS\processed\preprocessed_images\patient_163\AP.png,D:\LUMOS\processed\segmentation\pseudo_labels\patient_163_AP_mask.png,D:\LUMOS\processed\segmentation\visualizations\patient_163_AP_viz.jpg,2,0.81,PSEUDO_LABEL,False
163,Lateral,d:\LUMOS\processed\preprocessed_images\patient_163\Lateral.png,D:\LUMOS\processed\segmentation\pseudo_labels\patient_163_Lateral_mask.png,D:\LUMOS\processed\segmentation\visualizations\patient_163_Lateral_viz.jpg,2,0.81,PSEUDO_LABEL,False
164,AP,d:\LUMOS\processed\preprocessed_images\patient_164\AP.png,D:\LUMOS\processed\segmentation\pseudo_labels\patient_164_AP_mask.png,D:\LUMOS\processed\segmentation\visualizations\patient_164_AP_viz.jpg,1,0.904,PSEUDO_LABEL,False
164,Lateral,d:\LUMOS\processed\preprocessed_images\patient_164\Lateral.png,D:\LUMOS\processed\segmentation\pseudo_labels\patient_164_Lateral_mask.png,D:\LUMOS\processed\segmentation\visualizations\patient_164_Lateral_viz.jpg,1,0.904,PSEUDO_LABEL,False
165,AP,d:\LUMOS\processed\preprocessed_images\patient_165\AP.png,D:\LUMOS\processed\segmentation\pseudo_labels\patient_165_AP_mask.png,D:\LUMOS\processed\segmentation\visualizations\patient_165_AP_viz.jpg,2,0.680791677239279,PSEUDO_LABEL,False
165,Lateral,d:\LUMOS\processed\preprocessed_images\patient_165\Lateral.png,D:\LUMOS\processed\segmentation\pseudo_labels\patient_165_Lateral_mask.png,D:\LUMOS\processed\segmentation\visualizations\patient_165_Lateral_viz.jpg,2,0.680791677239279,PSEUDO_LABEL,False
166,AP,d:\LUMOS\processed\preprocessed_images\patient_166\AP.png,D:\LUMOS\processed\segmentation\pseudo_labels\patient_166_AP_mask.png,D:\LUMOS\processed\segmentation\visualizations\patient_166_AP_viz.jpg,1,0.887,PSEUDO_LABEL,False
166,Lateral,d:\LUMOS\processed\preprocessed_images\patient_166\Lateral.png,D:\LUMOS\processed\segmentation\pseudo_labels\patient_166_Lateral_mask.png,D:\LUMOS\processed\segmentation\visualizations\patient_166_Lateral_viz.jpg,1,0.887,PSEUDO_LABEL,False
167,AP,d:\LUMOS\processed\preprocessed_images\patient_167\AP.png,D:\LUMOS\processed\segmentation\pseudo_labels\patient_167_AP_mask.png,D:\LUMOS\processed\segmentation\visualizations\patient_167_AP_viz.jpg,0,1.516,PSEUDO_LABEL,False
167,Lateral,d:\LUMOS\processed\preprocessed_images\patient_167\Lateral.png,D:\LUMOS\processed\segmentation\pseudo_labels\patient_167_Lateral_mask.png,D:\LUMOS\processed\segmentation\visualizations\patient_167_Lateral_viz.jpg,0,1.516,PSEUDO_LABEL,False
168,AP,d:\LUMOS\processed\preprocessed_images\patient_168\AP.png,D:\LUMOS\processed\segmentation\pseudo_labels\patient_168_AP_mask.png,D:\LUMOS\processed\segmentation\visualizations\patient_168_AP_viz.jpg,1,0.829,PSEUDO_LABEL,False
168,Lateral,d:\LUMOS\processed\preprocessed_images\patient_168\Lateral.png,D:\LUMOS\processed\segmentation\pseudo_labels\patient_168_Lateral_mask.png,D:\LUMOS\processed\segmentation\visualizations\patient_168_Lateral_viz.jpg,1,0.829,PSEUDO_LABEL,False
169,AP,d:\LUMOS\processed\preprocessed_images\patient_169\AP.png,D:\LUMOS\processed\segmentation\pseudo_labels\patient_169_AP_mask.png,D:\LUMOS\processed\segmentation\visualizations\patient_169_AP_viz.jpg,0,1.055,PSEUDO_LABEL,False
169,Lateral,d:\LUMOS\processed\preprocessed_images\patient_169\Lateral.png,D:\LUMOS\processed\segmentation\pseudo_labels\patient_169_Lateral_mask.png,D:\LUMOS\processed\segmentation\visualizations\patient_169_Lateral_viz.jpg,0,1.055,PSEUDO_LABEL,False
170,AP,d:\LUMOS\processed\preprocessed_images\patient_170\AP.png,D:\LUMOS\processed\segmentation\pseudo_labels\patient_170_AP_mask.png,D:\LUMOS\processed\segmentation\visualizations\patient_170_AP_viz.jpg,1,0.981894990947496,PSEUDO_LABEL,False
170,Lateral,d:\LUMOS\processed\preprocessed_images\patient_170\Lateral.png,D:\LUMOS\processed\segmentation\pseudo_labels\patient_170_Lateral_mask.png,D:\LUMOS\processed\segmentation\visualizations\patient_170_Lateral_viz.jpg,1,0.981894990947496,PSEUDO_LABEL,False
171,AP,d:\LUMOS\processed\preprocessed_images\patient_171\AP.png,D:\LUMOS\processed\segmentation\pseudo_labels\patient_171_AP_mask.png,D:\LUMOS\processed\segmentation\visualizations\patient_171_AP_viz.jpg,1,0.885,PSEUDO_LABEL,False
171,Lateral,d:\LUMOS\processed\preprocessed_images\patient_171\Lateral.png,D:\LUMOS\processed\segmentation\pseudo_labels\patient_171_Lateral_mask.png,D:\LUMOS\processed\segmentation\visualizations\patient_171_Lateral_viz.jpg,1,0.885,PSEUDO_LABEL,False
172,AP,d:\LUMOS\processed\preprocessed_images\patient_172\AP.png,D:\LUMOS\processed\segmentation\pseudo_labels\patient_172_AP_mask.png,D:\LUMOS\processed\segmentation\visualizations\patient_172_AP_viz.jpg,0,1.05,PSEUDO_LABEL,False
172,Lateral,d:\LUMOS\processed\preprocessed_images\patient_172\Lateral.png,D:\LUMOS\processed\segmentation\pseudo_labels\patient_172_Lateral_mask.png,D:\LUMOS\processed\segmentation\visualizations\patient_172_Lateral_viz.jpg,0,1.05,PSEUDO_LABEL,False
173,AP,d:\LUMOS\processed\preprocessed_images\patient_173\AP.png,D:\LUMOS\processed\segmentation\pseudo_labels\patient_173_AP_mask.png,D:\LUMOS\processed\segmentation\visualizations\patient_173_AP_viz.jpg,0,1.131,PSEUDO_LABEL,False
173,Lateral,d:\LUMOS\processed\preprocessed_images\patient_173\Lateral.png,D:\LUMOS\processed\segmentation\pseudo_labels\patient_173_Lateral_mask.png,D:\LUMOS\processed\segmentation\visualizations\patient_173_Lateral_viz.jpg,0,1.131,PSEUDO_LABEL,False
174,AP,d:\LUMOS\processed\preprocessed_images\patient_174\AP.png,D:\LUMOS\processed\segmentation\pseudo_labels\patient_174_AP_mask.png,D:\LUMOS\processed\segmentation\visualizations\patient_174_AP_viz.jpg,1,0.865,PSEUDO_LABEL,False
174,Lateral,d:\LUMOS\processed\preprocessed_images\patient_174\Lateral.png,D:\LUMOS\processed\segmentation\pseudo_labels\patient_174_Lateral_mask.png,D:\LUMOS\processed\segmentation\visualizations\patient_174_Lateral_viz.jpg,1,0.865,PSEUDO_LABEL,False
175,AP,d:\LUMOS\processed\preprocessed_images\patient_175\AP.png,D:\LUMOS\processed\segmentation\pseudo_labels\patient_175_AP_mask.png,D:\LUMOS\processed\segmentation\visualizations\patient_175_AP_viz.jpg,0,1.282,PSEUDO_LABEL,False
175,Lateral,d:\LUMOS\processed\preprocessed_images\patient_175\Lateral.png,D:\LUMOS\processed\segmentation\pseudo_labels\patient_175_Lateral_mask.png,D:\LUMOS\processed\segmentation\visualizations\patient_175_Lateral_viz.jpg,0,1.282,PSEUDO_LABEL,False
176,AP,d:\LUMOS\processed\preprocessed_images\patient_176\AP.png,D:\LUMOS\processed\segmentation\pseudo_labels\patient_176_AP_mask.png,D:\LUMOS\processed\segmentation\visualizations\patient_176_AP_viz.jpg,1,0.934,PSEUDO_LABEL,False
176,Lateral,d:\LUMOS\processed\preprocessed_images\patient_176\Lateral.png,D:\LUMOS\processed\segmentation\pseudo_labels\patient_176_Lateral_mask.png,D:\LUMOS\processed\segmentation\visualizations\patient_176_Lateral_viz.jpg,1,0.934,PSEUDO_LABEL,False
177,AP,d:\LUMOS\processed\preprocessed_images\patient_177\AP.png,D:\LUMOS\processed\segmentation\pseudo_labels\patient_177_AP_mask.png,D:\LUMOS\processed\segmentation\visualizations\patient_177_AP_viz.jpg,2,0.762553001562151,PSEUDO_LABEL,False
177,Lateral,d:\LUMOS\processed\preprocessed_images\patient_177\Lateral.png,D:\LUMOS\processed\segmentation\pseudo_labels\patient_177_Lateral_mask.png,D:\LUMOS\processed\segmentation\visualizations\patient_177_Lateral_viz.jpg,2,0.762553001562151,PSEUDO_LABEL,False
178,AP,d:\LUMOS\processed\preprocessed_images\patient_178\AP.png,D:\LUMOS\processed\segmentation\pseudo_labels\patient_178_AP_mask.png,D:\LUMOS\processed\segmentation\visualizations\patient_178_AP_viz.jpg,0,1.253,PSEUDO_LABEL,False
178,Lateral,d:\LUMOS\processed\preprocessed_images\patient_178\Lateral.png,D:\LUMOS\processed\segmentation\pseudo_labels\patient_178_Lateral_mask.png,D:\LUMOS\processed\segmentation\visualizations\patient_178_Lateral_viz.jpg,0,1.253,PSEUDO_LABEL,False
179,AP,d:\LUMOS\processed\preprocessed_images\patient_179\AP.png,D:\LUMOS\processed\segmentation\pseudo_labels\patient_179_AP_mask.png,D:\LUMOS\processed\segmentation\visualizations\patient_179_AP_viz.jpg,1,0.897,PSEUDO_LABEL,False
179,Lateral,d:\LUMOS\processed\preprocessed_images\patient_179\Lateral.png,D:\LUMOS\processed\segmentation\pseudo_labels\patient_179_Lateral_mask.png,D:\LUMOS\processed\segmentation\visualizations\patient_179_Lateral_viz.jpg,1,0.897,PSEUDO_LABEL,False
180,AP,d:\LUMOS\processed\preprocessed_images\patient_180\AP.png,D:\LUMOS\processed\segmentation\pseudo_labels\patient_180_AP_mask.png,D:\LUMOS\processed\segmentation\visualizations\patient_180_AP_viz.jpg,1,0.835369774919614,PSEUDO_LABEL,False
180,Lateral,d:\LUMOS\processed\preprocessed_images\patient_180\Lateral.png,D:\LUMOS\processed\segmentation\pseudo_labels\patient_180_Lateral_mask.png,D:\LUMOS\processed\segmentation\visualizations\patient_180_Lateral_viz.jpg,1,0.835369774919614,PSEUDO_LABEL,False
181,AP,d:\LUMOS\processed\preprocessed_images\patient_181\AP.png,D:\LUMOS\processed\segmentation\pseudo_labels\patient_181_AP_mask.png,D:\LUMOS\processed\segmentation\visualizations\patient_181_AP_viz.jpg,1,0.844,PSEUDO_LABEL,False
181,Lateral,d:\LUMOS\processed\preprocessed_images\patient_181\Lateral.png,D:\LUMOS\processed\segmentation\pseudo_labels\patient_181_Lateral_mask.png,D:\LUMOS\processed\segmentation\visualizations\patient_181_Lateral_viz.jpg,1,0.844,PSEUDO_LABEL,False
182,AP,d:\LUMOS\processed\preprocessed_images\patient_182\AP.png,D:\LUMOS\processed\segmentation\pseudo_labels\patient_182_AP_mask.png,D:\LUMOS\processed\segmentation\visualizations\patient_182_AP_viz.jpg,2,0.687,PSEUDO_LABEL,False
182,Lateral,d:\LUMOS\processed\preprocessed_images\patient_182\Lateral.png,D:\LUMOS\processed\segmentation\pseudo_labels\patient_182_Lateral_mask.png,D:\LUMOS\processed\segmentation\visualizations\patient_182_Lateral_viz.jpg,2,0.687,PSEUDO_LABEL,False
183,AP,d:\LUMOS\processed\preprocessed_images\patient_183\AP.png,D:\LUMOS\processed\segmentation\pseudo_labels\patient_183_AP_mask.png,D:\LUMOS\processed\segmentation\visualizations\patient_183_AP_viz.jpg,2,0.704,PSEUDO_LABEL,False
183,Lateral,d:\LUMOS\processed\preprocessed_images\patient_183\Lateral.png,D:\LUMOS\processed\segmentation\pseudo_labels\patient_183_Lateral_mask.png,D:\LUMOS\processed\segmentation\visualizations\patient_183_Lateral_viz.jpg,2,0.704,PSEUDO_LABEL,False
184,AP,d:\LUMOS\processed\preprocessed_images\patient_184\AP.png,D:\LUMOS\processed\segmentation\pseudo_labels\patient_184_AP_mask.png,D:\LUMOS\processed\segmentation\visualizations\patient_184_AP_viz.jpg,0,1.10105757931845,PSEUDO_LABEL,False
184,Lateral,d:\LUMOS\processed\preprocessed_images\patient_184\Lateral.png,D:\LUMOS\processed\segmentation\pseudo_labels\patient_184_Lateral_mask.png,D:\LUMOS\processed\segmentation\visualizations\patient_184_Lateral_viz.jpg,0,1.10105757931845,PSEUDO_LABEL,False
185,AP,d:\LUMOS\processed\preprocessed_images\patient_185\AP.png,D:\LUMOS\processed\segmentation\pseudo_labels\patient_185_AP_mask.png,D:\LUMOS\processed\segmentation\visualizations\patient_185_AP_viz.jpg,1,0.897,PSEUDO_LABEL,False
185,Lateral,d:\LUMOS\processed\preprocessed_images\patient_185\Lateral.png,D:\LUMOS\processed\segmentation\pseudo_labels\patient_185_Lateral_mask.png,D:\LUMOS\processed\segmentation\visualizations\patient_185_Lateral_viz.jpg,1,0.897,PSEUDO_LABEL,False
186,AP,d:\LUMOS\processed\preprocessed_images\patient_186\AP.png,D:\LUMOS\processed\segmentation\pseudo_labels\patient_186_AP_mask.png,D:\LUMOS\processed\segmentation\visualizations\patient_186_AP_viz.jpg,0,1.11686390532544,PSEUDO_LABEL,False
186,Lateral,d:\LUMOS\processed\preprocessed_images\patient_186\Lateral.png,D:\LUMOS\processed\segmentation\pseudo_labels\patient_186_Lateral_mask.png,D:\LUMOS\processed\segmentation\visualizations\patient_186_Lateral_viz.jpg,0,1.11686390532544,PSEUDO_LABEL,False
187,AP,d:\LUMOS\processed\preprocessed_images\patient_187\AP.png,D:\LUMOS\processed\segmentation\pseudo_labels\patient_187_AP_mask.png,D:\LUMOS\processed\segmentation\visualizations\patient_187_AP_viz.jpg,1,0.89,PSEUDO_LABEL,False
187,Lateral,d:\LUMOS\processed\preprocessed_images\patient_187\Lateral.png,D:\LUMOS\processed\segmentation\pseudo_labels\patient_187_Lateral_mask.png,D:\LUMOS\processed\segmentation\visualizations\patient_187_Lateral_viz.jpg,1,0.89,PSEUDO_LABEL,False
188,AP,d:\LUMOS\processed\preprocessed_images\patient_188\AP.png,D:\LUMOS\processed\segmentation\pseudo_labels\patient_188_AP_mask.png,D:\LUMOS\processed\segmentation\visualizations\patient_188_AP_viz.jpg,1,0.835250536166894,PSEUDO_LABEL,False
188,Lateral,d:\LUMOS\processed\preprocessed_images\patient_188\Lateral.png,D:\LUMOS\processed\segmentation\pseudo_labels\patient_188_Lateral_mask.png,D:\LUMOS\processed\segmentation\visualizations\patient_188_Lateral_viz.jpg,1,0.835250536166894,PSEUDO_LABEL,False
189,AP,d:\LUMOS\processed\preprocessed_images\patient_189\AP.png,D:\LUMOS\processed\segmentation\pseudo_labels\patient_189_AP_mask.png,D:\LUMOS\processed\segmentation\visualizations\patient_189_AP_viz.jpg,2,0.759,PSEUDO_LABEL,False
189,Lateral,d:\LUMOS\processed\preprocessed_images\patient_189\Lateral.png,D:\LUMOS\processed\segmentation\pseudo_labels\patient_189_Lateral_mask.png,D:\LUMOS\processed\segmentation\visualizations\patient_189_Lateral_viz.jpg,2,0.759,PSEUDO_LABEL,False
190,AP,d:\LUMOS\processed\preprocessed_images\patient_190\AP.png,D:\LUMOS\processed\segmentation\pseudo_labels\patient_190_AP_mask.png,D:\LUMOS\processed\segmentation\visualizations\patient_190_AP_viz.jpg,0,1.144,PSEUDO_LABEL,False
190,Lateral,d:\LUMOS\processed\preprocessed_images\patient_190\Lateral.png,D:\LUMOS\processed\segmentation\pseudo_labels\patient_190_Lateral_mask.png,D:\LUMOS\processed\segmentation\visualizations\patient_190_Lateral_viz.jpg,0,1.144,PSEUDO_LABEL,False
191,AP,d:\LUMOS\processed\preprocessed_images\patient_191\AP.png,D:\LUMOS\processed\segmentation\pseudo_labels\patient_191_AP_mask.png,D:\LUMOS\processed\segmentation\visualizations\patient_191_AP_viz.jpg,2,0.652,PSEUDO_LABEL,False
191,Lateral,d:\LUMOS\processed\preprocessed_images\patient_191\Lateral.png,D:\LUMOS\processed\segmentation\pseudo_labels\patient_191_Lateral_mask.png,D:\LUMOS\processed\segmentation\visualizations\patient_191_Lateral_viz.jpg,2,0.652,PSEUDO_LABEL,False
192,AP,d:\LUMOS\processed\preprocessed_images\patient_192\AP.png,D:\LUMOS\processed\segmentation\pseudo_labels\patient_192_AP_mask.png,D:\LUMOS\processed\segmentation\visualizations\patient_192_AP_viz.jpg,2,0.803318105313777,PSEUDO_LABEL,False
192,Lateral,d:\LUMOS\processed\preprocessed_images\patient_192\Lateral.png,D:\LUMOS\processed\segmentation\pseudo_labels\patient_192_Lateral_mask.png,D:\LUMOS\processed\segmentation\visualizations\patient_192_Lateral_viz.jpg,2,0.803318105313777,PSEUDO_LABEL,False
193,AP,d:\LUMOS\processed\preprocessed_images\patient_193\AP.png,D:\LUMOS\processed\segmentation\pseudo_labels\patient_193_AP_mask.png,D:\LUMOS\processed\segmentation\visualizations\patient_193_AP_viz.jpg,1,0.9569222432945,PSEUDO_LABEL,False
193,Lateral,d:\LUMOS\processed\preprocessed_images\patient_193\Lateral.png,D:\LUMOS\processed\segmentation\pseudo_labels\patient_193_Lateral_mask.png,D:\LUMOS\processed\segmentation\visualizations\patient_193_Lateral_viz.jpg,1,0.9569222432945,PSEUDO_LABEL,False
194,AP,d:\LUMOS\processed\preprocessed_images\patient_194\AP.png,D:\LUMOS\processed\segmentation\pseudo_labels\patient_194_AP_mask.png,D:\LUMOS\processed\segmentation\visualizations\patient_194_AP_viz.jpg,0,1.433,PSEUDO_LABEL,False
194,Lateral,d:\LUMOS\processed\preprocessed_images\patient_194\Lateral.png,D:\LUMOS\processed\segmentation\pseudo_labels\patient_194_Lateral_mask.png,D:\LUMOS\processed\segmentation\visualizations\patient_194_Lateral_viz.jpg,0,1.433,PSEUDO_LABEL,False
195,AP,d:\LUMOS\processed\preprocessed_images\patient_195\AP.png,D:\LUMOS\processed\segmentation\pseudo_labels\patient_195_AP_mask.png,D:\LUMOS\processed\segmentation\visualizations\patient_195_AP_viz.jpg,2,0.681,PSEUDO_LABEL,False
195,Lateral,d:\LUMOS\processed\preprocessed_images\patient_195\Lateral.png,D:\LUMOS\processed\segmentation\pseudo_labels\patient_195_Lateral_mask.png,D:\LUMOS\processed\segmentation\visualizations\patient_195_Lateral_viz.jpg,2,0.681,PSEUDO_LABEL,False
196,AP,d:\LUMOS\processed\preprocessed_images\patient_196\AP.png,D:\LUMOS\processed\segmentation\pseudo_labels\patient_196_AP_mask.png,D:\LUMOS\processed\segmentation\visualizations\patient_196_AP_viz.jpg,0,1.08285573931554,PSEUDO_LABEL,False
196,Lateral,d:\LUMOS\processed\preprocessed_images\patient_196\Lateral.png,D:\LUMOS\processed\segmentation\pseudo_labels\patient_196_Lateral_mask.png,D:\LUMOS\processed\segmentation\visualizations\patient_196_Lateral_viz.jpg,0,1.08285573931554,PSEUDO_LABEL,False
197,AP,d:\LUMOS\processed\preprocessed_images\patient_197\AP.png,D:\LUMOS\processed\segmentation\pseudo_labels\patient_197_AP_mask.png,D:\LUMOS\processed\segmentation\visualizations\patient_197_AP_viz.jpg,0,1.062,PSEUDO_LABEL,False
197,Lateral,d:\LUMOS\processed\preprocessed_images\patient_197\Lateral.png,D:\LUMOS\processed\segmentation\pseudo_labels\patient_197_Lateral_mask.png,D:\LUMOS\processed\segmentation\visualizations\patient_197_Lateral_viz.jpg,0,1.062,PSEUDO_LABEL,False
198,AP,d:\LUMOS\processed\preprocessed_images\patient_198\AP.png,D:\LUMOS\processed\segmentation\pseudo_labels\patient_198_AP_mask.png,D:\LUMOS\processed\segmentation\visualizations\patient_198_AP_viz.jpg,1,0.918,PSEUDO_LABEL,False
198,Lateral,d:\LUMOS\processed\preprocessed_images\patient_198\Lateral.png,D:\LUMOS\processed\segmentation\pseudo_labels\patient_198_Lateral_mask.png,D:\LUMOS\processed\segmentation\visualizations\patient_198_Lateral_viz.jpg,1,0.918,PSEUDO_LABEL,False
199,AP,d:\LUMOS\processed\preprocessed_images\patient_199\AP.png,D:\LUMOS\processed\segmentation\pseudo_labels\patient_199_AP_mask.png,D:\LUMOS\processed\segmentation\visualizations\patient_199_AP_viz.jpg,1,0.972847446,PSEUDO_LABEL,False
199,Lateral,d:\LUMOS\processed\preprocessed_images\patient_199\Lateral.png,D:\LUMOS\processed\segmentation\pseudo_labels\patient_199_Lateral_mask.png,D:\LUMOS\processed\segmentation\visualizations\patient_199_Lateral_viz.jpg,1,0.972847446,PSEUDO_LABEL,False
200,AP,d:\LUMOS\processed\preprocessed_images\patient_200\AP.png,D:\LUMOS\processed\segmentation\pseudo_labels\patient_200_AP_mask.png,D:\LUMOS\processed\segmentation\visualizations\patient_200_AP_viz.jpg,0,1.056,PSEUDO_LABEL,False
200,Lateral,d:\LUMOS\processed\preprocessed_images\patient_200\Lateral.png,D:\LUMOS\processed\segmentation\pseudo_labels\patient_200_Lateral_mask.png,D:\LUMOS\processed\segmentation\visualizations\patient_200_Lateral_viz.jpg,0,1.056,PSEUDO_LABEL,False
201,AP,d:\LUMOS\processed\preprocessed_images\patient_201\AP.png,D:\LUMOS\processed\segmentation\pseudo_labels\patient_201_AP_mask.png,D:\LUMOS\processed\segmentation\visualizations\patient_201_AP_viz.jpg,0,1.116,PSEUDO_LABEL,False
201,Lateral,d:\LUMOS\processed\preprocessed_images\patient_201\Lateral.png,D:\LUMOS\processed\segmentation\pseudo_labels\patient_201_Lateral_mask.png,D:\LUMOS\processed\segmentation\visualizations\patient_201_Lateral_viz.jpg,0,1.116,PSEUDO_LABEL,False
202,AP,d:\LUMOS\processed\preprocessed_images\patient_202\AP.png,D:\LUMOS\processed\segmentation\pseudo_labels\patient_202_AP_mask.png,D:\LUMOS\processed\segmentation\visualizations\patient_202_AP_viz.jpg,2,0.81,PSEUDO_LABEL,False
202,Lateral,d:\LUMOS\processed\preprocessed_images\patient_202\Lateral.png,D:\LUMOS\processed\segmentation\pseudo_labels\patient_202_Lateral_mask.png,D:\LUMOS\processed\segmentation\visualizations\patient_202_Lateral_viz.jpg,2,0.81,PSEUDO_LABEL,False
203,AP,d:\LUMOS\processed\preprocessed_images\patient_203\AP.png,D:\LUMOS\processed\segmentation\pseudo_labels\patient_203_AP_mask.png,D:\LUMOS\processed\segmentation\visualizations\patient_203_AP_viz.jpg,0,1.066,PSEUDO_LABEL,False
203,Lateral,d:\LUMOS\processed\preprocessed_images\patient_203\Lateral.png,D:\LUMOS\processed\segmentation\pseudo_labels\patient_203_Lateral_mask.png,D:\LUMOS\processed\segmentation\visualizations\patient_203_Lateral_viz.jpg,0,1.066,PSEUDO_LABEL,False
204,AP,d:\LUMOS\processed\preprocessed_images\patient_204\AP.png,D:\LUMOS\processed\segmentation\pseudo_labels\patient_204_AP_mask.png,D:\LUMOS\processed\segmentation\visualizations\patient_204_AP_viz.jpg,0,1.019,PSEUDO_LABEL,False
204,Lateral,d:\LUMOS\processed\preprocessed_images\patient_204\Lateral.png,D:\LUMOS\processed\segmentation\pseudo_labels\patient_204_Lateral_mask.png,D:\LUMOS\processed\segmentation\visualizations\patient_204_Lateral_viz.jpg,0,1.019,PSEUDO_LABEL,False
205,AP,d:\LUMOS\processed\preprocessed_images\patient_205\AP.png,D:\LUMOS\processed\segmentation\pseudo_labels\patient_205_AP_mask.png,D:\LUMOS\processed\segmentation\visualizations\patient_205_AP_viz.jpg,2,0.797,PSEUDO_LABEL,False
205,Lateral,d:\LUMOS\processed\preprocessed_images\patient_205\Lateral.png,D:\LUMOS\processed\segmentation\pseudo_labels\patient_205_Lateral_mask.png,D:\LUMOS\processed\segmentation\visualizations\patient_205_Lateral_viz.jpg,2,0.797,PSEUDO_LABEL,False
206,AP,d:\LUMOS\processed\preprocessed_images\patient_206\AP.png,D:\LUMOS\processed\segmentation\pseudo_labels\patient_206_AP_mask.png,D:\LUMOS\processed\segmentation\visualizations\patient_206_AP_viz.jpg,0,1.228,PSEUDO_LABEL,False
206,Lateral,d:\LUMOS\processed\preprocessed_images\patient_206\Lateral.png,D:\LUMOS\processed\segmentation\pseudo_labels\patient_206_Lateral_mask.png,D:\LUMOS\processed\segmentation\visualizations\patient_206_Lateral_viz.jpg,0,1.228,PSEUDO_LABEL,False
207,AP,d:\LUMOS\processed\preprocessed_images\patient_207\AP.png,D:\LUMOS\processed\segmentation\pseudo_labels\patient_207_AP_mask.png,D:\LUMOS\processed\segmentation\visualizations\patient_207_AP_viz.jpg,1,0.816012725344645,PSEUDO_LABEL,False
207,Lateral,d:\LUMOS\processed\preprocessed_images\patient_207\Lateral.png,D:\LUMOS\processed\segmentation\pseudo_labels\patient_207_Lateral_mask.png,D:\LUMOS\processed\segmentation\visualizations\patient_207_Lateral_viz.jpg,1,0.816012725344645,PSEUDO_LABEL,False
208,AP,d:\LUMOS\processed\preprocessed_images\patient_208\AP.png,D:\LUMOS\processed\segmentation\pseudo_labels\patient_208_AP_mask.png,D:\LUMOS\processed\segmentation\visualizations\patient_208_AP_viz.jpg,0,1.454,PSEUDO_LABEL,False
208,Lateral,d:\LUMOS\processed\preprocessed_images\patient_208\Lateral.png,D:\LUMOS\processed\segmentation\pseudo_labels\patient_208_Lateral_mask.png,D:\LUMOS\processed\segmentation\visualizations\patient_208_Lateral_viz.jpg,0,1.454,PSEUDO_LABEL,False
209,AP,d:\LUMOS\processed\preprocessed_images\patient_209\AP.png,D:\LUMOS\processed\segmentation\pseudo_labels\patient_209_AP_mask.png,D:\LUMOS\processed\segmentation\visualizations\patient_209_AP_viz.jpg,2,0.763,PSEUDO_LABEL,False
209,Lateral,d:\LUMOS\processed\preprocessed_images\patient_209\Lateral.png,D:\LUMOS\processed\segmentation\pseudo_labels\patient_209_Lateral_mask.png,D:\LUMOS\processed\segmentation\visualizations\patient_209_Lateral_viz.jpg,2,0.763,PSEUDO_LABEL,False
210,AP,d:\LUMOS\processed\preprocessed_images\patient_210\AP.png,D:\LUMOS\processed\segmentation\pseudo_labels\patient_210_AP_mask.png,D:\LUMOS\processed\segmentation\visualizations\patient_210_AP_viz.jpg,2,0.758,PSEUDO_LABEL,False
210,Lateral,d:\LUMOS\processed\preprocessed_images\patient_210\Lateral.png,D:\LUMOS\processed\segmentation\pseudo_labels\patient_210_Lateral_mask.png,D:\LUMOS\processed\segmentation\visualizations\patient_210_Lateral_viz.jpg,2,0.758,PSEUDO_LABEL,False
211,AP,d:\LUMOS\processed\preprocessed_images\patient_211\AP.png,D:\LUMOS\processed\segmentation\pseudo_labels\patient_211_AP_mask.png,D:\LUMOS\processed\segmentation\visualizations\patient_211_AP_viz.jpg,0,1.068,PSEUDO_LABEL,False
211,Lateral,d:\LUMOS\processed\preprocessed_images\patient_211\Lateral.png,D:\LUMOS\processed\segmentation\pseudo_labels\patient_211_Lateral_mask.png,D:\LUMOS\processed\segmentation\visualizations\patient_211_Lateral_viz.jpg,0,1.068,PSEUDO_LABEL,False
212,AP,d:\LUMOS\processed\preprocessed_images\patient_212\AP.png,D:\LUMOS\processed\segmentation\pseudo_labels\patient_212_AP_mask.png,D:\LUMOS\processed\segmentation\visualizations\patient_212_AP_viz.jpg,2,0.741,PSEUDO_LABEL,False
212,Lateral,d:\LUMOS\processed\preprocessed_images\patient_212\Lateral.png,D:\LUMOS\processed\segmentation\pseudo_labels\patient_212_Lateral_mask.png,D:\LUMOS\processed\segmentation\visualizations\patient_212_Lateral_viz.jpg,2,0.741,PSEUDO_LABEL,False
213,AP,d:\LUMOS\processed\preprocessed_images\patient_213\AP.png,D:\LUMOS\processed\segmentation\pseudo_labels\patient_213_AP_mask.png,D:\LUMOS\processed\segmentation\visualizations\patient_213_AP_viz.jpg,0,1.113,PSEUDO_LABEL,False
213,Lateral,d:\LUMOS\processed\preprocessed_images\patient_213\Lateral.png,D:\LUMOS\processed\segmentation\pseudo_labels\patient_213_Lateral_mask.png,D:\LUMOS\processed\segmentation\visualizations\patient_213_Lateral_viz.jpg,0,1.113,PSEUDO_LABEL,False
214,AP,d:\LUMOS\processed\preprocessed_images\patient_214\AP.png,D:\LUMOS\processed\segmentation\pseudo_labels\patient_214_AP_mask.png,D:\LUMOS\processed\segmentation\visualizations\patient_214_AP_viz.jpg,0,1.636,PSEUDO_LABEL,False
214,Lateral,d:\LUMOS\processed\preprocessed_images\patient_214\Lateral.png,D:\LUMOS\processed\segmentation\pseudo_labels\patient_214_Lateral_mask.png,D:\LUMOS\processed\segmentation\visualizations\patient_214_Lateral_viz.jpg,0,1.636,PSEUDO_LABEL,False
215,AP,d:\LUMOS\processed\preprocessed_images\patient_215\AP.png,D:\LUMOS\processed\segmentation\pseudo_labels\patient_215_AP_mask.png,D:\LUMOS\processed\segmentation\visualizations\patient_215_AP_viz.jpg,1,0.844,PSEUDO_LABEL,False
215,Lateral,d:\LUMOS\processed\preprocessed_images\patient_215\Lateral.png,D:\LUMOS\processed\segmentation\pseudo_labels\patient_215_Lateral_mask.png,D:\LUMOS\processed\segmentation\visualizations\patient_215_Lateral_viz.jpg,1,0.844,PSEUDO_LABEL,False
216,AP,d:\LUMOS\processed\preprocessed_images\patient_216\AP.png,D:\LUMOS\processed\segmentation\pseudo_labels\patient_216_AP_mask.png,D:\LUMOS\processed\segmentation\visualizations\patient_216_AP_viz.jpg,0,1.54951345163137,PSEUDO_LABEL,False
216,Lateral,d:\LUMOS\processed\preprocessed_images\patient_216\Lateral.png,D:\LUMOS\processed\segmentation\pseudo_labels\patient_216_Lateral_mask.png,D:\LUMOS\processed\segmentation\visualizations\patient_216_Lateral_viz.jpg,0,1.54951345163137,PSEUDO_LABEL,False
217,AP,d:\LUMOS\processed\preprocessed_images\patient_217\AP.png,D:\LUMOS\processed\segmentation\pseudo_labels\patient_217_AP_mask.png,D:\LUMOS\processed\segmentation\visualizations\patient_217_AP_viz.jpg,0,1.06032575909914,PSEUDO_LABEL,False
217,Lateral,d:\LUMOS\processed\preprocessed_images\patient_217\Lateral.png,D:\LUMOS\processed\segmentation\pseudo_labels\patient_217_Lateral_mask.png,D:\LUMOS\processed\segmentation\visualizations\patient_217_Lateral_viz.jpg,0,1.06032575909914,PSEUDO_LABEL,False
218,AP,d:\LUMOS\processed\preprocessed_images\patient_218\AP.png,D:\LUMOS\processed\segmentation\pseudo_labels\patient_218_AP_mask.png,D:\LUMOS\processed\segmentation\visualizations\patient_218_AP_viz.jpg,0,1.122,PSEUDO_LABEL,False
218,Lateral,d:\LUMOS\processed\preprocessed_images\patient_218\Lateral.png,D:\LUMOS\processed\segmentation\pseudo_labels\patient_218_Lateral_mask.png,D:\LUMOS\processed\segmentation\visualizations\patient_218_Lateral_viz.jpg,0,1.122,PSEUDO_LABEL,False
219,AP,d:\LUMOS\processed\preprocessed_images\patient_219\AP.png,D:\LUMOS\processed\segmentation\pseudo_labels\patient_219_AP_mask.png,D:\LUMOS\processed\segmentation\visualizations\patient_219_AP_viz.jpg,0,1.535,PSEUDO_LABEL,False
219,Lateral,d:\LUMOS\processed\preprocessed_images\patient_219\Lateral.png,D:\LUMOS\processed\segmentation\pseudo_labels\patient_219_Lateral_mask.png,D:\LUMOS\processed\segmentation\visualizations\patient_219_Lateral_viz.jpg,0,1.535,PSEUDO_LABEL,False
220,AP,d:\LUMOS\processed\preprocessed_images\patient_220\AP.png,D:\LUMOS\processed\segmentation\pseudo_labels\patient_220_AP_mask.png,D:\LUMOS\processed\segmentation\visualizations\patient_220_AP_viz.jpg,0,1.145,PSEUDO_LABEL,False
220,Lateral,d:\LUMOS\processed\preprocessed_images\patient_220\Lateral.png,D:\LUMOS\processed\segmentation\pseudo_labels\patient_220_Lateral_mask.png,D:\LUMOS\processed\segmentation\visualizations\patient_220_Lateral_viz.jpg,0,1.145,PSEUDO_LABEL,False
221,AP,d:\LUMOS\processed\preprocessed_images\patient_221\AP.png,D:\LUMOS\processed\segmentation\pseudo_labels\patient_221_AP_mask.png,D:\LUMOS\processed\segmentation\visualizations\patient_221_AP_viz.jpg,0,1.067,PSEUDO_LABEL,False
221,Lateral,d:\LUMOS\processed\preprocessed_images\patient_221\Lateral.png,D:\LUMOS\processed\segmentation\pseudo_labels\patient_221_Lateral_mask.png,D:\LUMOS\processed\segmentation\visualizations\patient_221_Lateral_viz.jpg,0,1.067,PSEUDO_LABEL,False
222,AP,d:\LUMOS\processed\preprocessed_images\patient_222\AP.png,D:\LUMOS\processed\segmentation\pseudo_labels\patient_222_AP_mask.png,D:\LUMOS\processed\segmentation\visualizations\patient_222_AP_viz.jpg,2,0.758,PSEUDO_LABEL,False
222,Lateral,d:\LUMOS\processed\preprocessed_images\patient_222\Lateral.png,D:\LUMOS\processed\segmentation\pseudo_labels\patient_222_Lateral_mask.png,D:\LUMOS\processed\segmentation\visualizations\patient_222_Lateral_viz.jpg,2,0.758,PSEUDO_LABEL,False
223,AP,d:\LUMOS\processed\preprocessed_images\patient_223\AP.png,D:\LUMOS\processed\segmentation\pseudo_labels\patient_223_AP_mask.png,D:\LUMOS\processed\segmentation\visualizations\patient_223_AP_viz.jpg,0,1.206,PSEUDO_LABEL,False
223,Lateral,d:\LUMOS\processed\preprocessed_images\patient_223\Lateral.png,D:\LUMOS\processed\segmentation\pseudo_labels\patient_223_Lateral_mask.png,D:\LUMOS\processed\segmentation\visualizations\patient_223_Lateral_viz.jpg,0,1.206,PSEUDO_LABEL,False
224,AP,d:\LUMOS\processed\preprocessed_images\patient_224\AP.png,D:\LUMOS\processed\segmentation\pseudo_labels\patient_224_AP_mask.png,D:\LUMOS\processed\segmentation\visualizations\patient_224_AP_viz.jpg,0,1.315,PSEUDO_LABEL,False
224,Lateral,d:\LUMOS\processed\preprocessed_images\patient_224\Lateral.png,D:\LUMOS\processed\segmentation\pseudo_labels\patient_224_Lateral_mask.png,D:\LUMOS\processed\segmentation\visualizations\patient_224_Lateral_viz.jpg,0,1.315,PSEUDO_LABEL,False
225,AP,d:\LUMOS\processed\preprocessed_images\patient_225\AP.png,D:\LUMOS\processed\segmentation\pseudo_labels\patient_225_AP_mask.png,D:\LUMOS\processed\segmentation\visualizations\patient_225_AP_viz.jpg,0,1.327,PSEUDO_LABEL,False
225,Lateral,d:\LUMOS\processed\preprocessed_images\patient_225\Lateral.png,D:\LUMOS\processed\segmentation\pseudo_labels\patient_225_Lateral_mask.png,D:\LUMOS\processed\segmentation\visualizations\patient_225_Lateral_viz.jpg,0,1.327,PSEUDO_LABEL,False
226,AP,d:\LUMOS\processed\preprocessed_images\patient_226\AP.png,D:\LUMOS\processed\segmentation\pseudo_labels\patient_226_AP_mask.png,D:\LUMOS\processed\segmentation\visualizations\patient_226_AP_viz.jpg,0,1.015,PSEUDO_LABEL,False
226,Lateral,d:\LUMOS\processed\preprocessed_images\patient_226\Lateral.png,D:\LUMOS\processed\segmentation\pseudo_labels\patient_226_Lateral_mask.png,D:\LUMOS\processed\segmentation\visualizations\patient_226_Lateral_viz.jpg,0,1.015,PSEUDO_LABEL,False
227,AP,d:\LUMOS\processed\preprocessed_images\patient_227\AP.png,D:\LUMOS\processed\segmentation\pseudo_labels\patient_227_AP_mask.png,D:\LUMOS\processed\segmentation\visualizations\patient_227_AP_viz.jpg,2,0.601,PSEUDO_LABEL,False
227,Lateral,d:\LUMOS\processed\preprocessed_images\patient_227\Lateral.png,D:\LUMOS\processed\segmentation\pseudo_labels\patient_227_Lateral_mask.png,D:\LUMOS\processed\segmentation\visualizations\patient_227_Lateral_viz.jpg,2,0.601,PSEUDO_LABEL,False
228,AP,d:\LUMOS\processed\preprocessed_images\patient_228\AP.png,D:\LUMOS\processed\segmentation\pseudo_labels\patient_228_AP_mask.png,D:\LUMOS\processed\segmentation\visualizations\patient_228_AP_viz.jpg,1,0.872,PSEUDO_LABEL,False
228,Lateral,d:\LUMOS\processed\preprocessed_images\patient_228\Lateral.png,D:\LUMOS\processed\segmentation\pseudo_labels\patient_228_Lateral_mask.png,D:\LUMOS\processed\segmentation\visualizations\patient_228_Lateral_viz.jpg,1,0.872,PSEUDO_LABEL,False
229,AP,d:\LUMOS\processed\preprocessed_images\patient_229\AP.png,D:\LUMOS\processed\segmentation\pseudo_labels\patient_229_AP_mask.png,D:\LUMOS\processed\segmentation\visualizations\patient_229_AP_viz.jpg,1,0.962,PSEUDO_LABEL,False
229,Lateral,d:\LUMOS\processed\preprocessed_images\patient_229\Lateral.png,D:\LUMOS\processed\segmentation\pseudo_labels\patient_229_Lateral_mask.png,D:\LUMOS\processed\segmentation\visualizations\patient_229_Lateral_viz.jpg,1,0.962,PSEUDO_LABEL,False
230,AP,d:\LUMOS\processed\preprocessed_images\patient_230\AP.png,D:\LUMOS\processed\segmentation\pseudo_labels\patient_230_AP_mask.png,D:\LUMOS\processed\segmentation\visualizations\patient_230_AP_viz.jpg,1,0.912979351032448,PSEUDO_LABEL,False
230,Lateral,d:\LUMOS\processed\preprocessed_images\patient_230\Lateral.png,D:\LUMOS\processed\segmentation\pseudo_labels\patient_230_Lateral_mask.png,D:\LUMOS\processed\segmentation\visualizations\patient_230_Lateral_viz.jpg,1,0.912979351032448,PSEUDO_LABEL,False
231,AP,d:\LUMOS\processed\preprocessed_images\patient_231\AP.png,D:\LUMOS\processed\segmentation\pseudo_labels\patient_231_AP_mask.png,D:\LUMOS\processed\segmentation\visualizations\patient_231_AP_viz.jpg,2,0.792,PSEUDO_LABEL,False
231,Lateral,d:\LUMOS\processed\preprocessed_images\patient_231\Lateral.png,D:\LUMOS\processed\segmentation\pseudo_labels\patient_231_Lateral_mask.png,D:\LUMOS\processed\segmentation\visualizations\patient_231_Lateral_viz.jpg,2,0.792,PSEUDO_LABEL,False
232,AP,d:\LUMOS\processed\preprocessed_images\patient_232\AP.png,D:\LUMOS\processed\segmentation\pseudo_labels\patient_232_AP_mask.png,D:\LUMOS\processed\segmentation\visualizations\patient_232_AP_viz.jpg,0,1.023,PSEUDO_LABEL,False
232,Lateral,d:\LUMOS\processed\preprocessed_images\patient_232\Lateral.png,D:\LUMOS\processed\segmentation\pseudo_labels\patient_232_Lateral_mask.png,D:\LUMOS\processed\segmentation\visualizations\patient_232_Lateral_viz.jpg,0,1.023,PSEUDO_LABEL,False
233,AP,d:\LUMOS\processed\preprocessed_images\patient_233\AP.png,D:\LUMOS\processed\segmentation\pseudo_labels\patient_233_AP_mask.png,D:\LUMOS\processed\segmentation\visualizations\patient_233_AP_viz.jpg,2,0.65,PSEUDO_LABEL,False
233,Lateral,d:\LUMOS\processed\preprocessed_images\patient_233\Lateral.png,D:\LUMOS\processed\segmentation\pseudo_labels\patient_233_Lateral_mask.png,D:\LUMOS\processed\segmentation\visualizations\patient_233_Lateral_viz.jpg,2,0.65,PSEUDO_LABEL,False
234,AP,d:\LUMOS\processed\preprocessed_images\patient_234\AP.png,D:\LUMOS\processed\segmentation\pseudo_labels\patient_234_AP_mask.png,D:\LUMOS\processed\segmentation\visualizations\patient_234_AP_viz.jpg,1,0.84,PSEUDO_LABEL,False
234,Lateral,d:\LUMOS\processed\preprocessed_images\patient_234\Lateral.png,D:\LUMOS\processed\segmentation\pseudo_labels\patient_234_Lateral_mask.png,D:\LUMOS\processed\segmentation\visualizations\patient_234_Lateral_viz.jpg,1,0.84,PSEUDO_LABEL,False
235,AP,d:\LUMOS\processed\preprocessed_images\patient_235\AP.png,D:\LUMOS\processed\segmentation\pseudo_labels\patient_235_AP_mask.png,D:\LUMOS\processed\segmentation\visualizations\patient_235_AP_viz.jpg,2,0.807,PSEUDO_LABEL,False
235,Lateral,d:\LUMOS\processed\preprocessed_images\patient_235\Lateral.png,D:\LUMOS\processed\segmentation\pseudo_labels\patient_235_Lateral_mask.png,D:\LUMOS\processed\segmentation\visualizations\patient_235_Lateral_viz.jpg,2,0.807,PSEUDO_LABEL,False
236,AP,d:\LUMOS\processed\preprocessed_images\patient_236\AP.png,D:\LUMOS\processed\segmentation\pseudo_labels\patient_236_AP_mask.png,D:\LUMOS\processed\segmentation\visualizations\patient_236_AP_viz.jpg,1,0.904,PSEUDO_LABEL,False
236,Lateral,d:\LUMOS\processed\preprocessed_images\patient_236\Lateral.png,D:\LUMOS\processed\segmentation\pseudo_labels\patient_236_Lateral_mask.png,D:\LUMOS\processed\segmentation\visualizations\patient_236_Lateral_viz.jpg,1,0.904,PSEUDO_LABEL,False
237,AP,d:\LUMOS\processed\preprocessed_images\patient_237\AP.png,D:\LUMOS\processed\segmentation\pseudo_labels\patient_237_AP_mask.png,D:\LUMOS\processed\segmentation\visualizations\patient_237_AP_viz.jpg,1,0.891,PSEUDO_LABEL,False
237,Lateral,d:\LUMOS\processed\preprocessed_images\patient_237\Lateral.png,D:\LUMOS\processed\segmentation\pseudo_labels\patient_237_Lateral_mask.png,D:\LUMOS\processed\segmentation\visualizations\patient_237_Lateral_viz.jpg,1,0.891,PSEUDO_LABEL,False
238,AP,d:\LUMOS\processed\preprocessed_images\patient_238\AP.png,D:\LUMOS\processed\segmentation\pseudo_labels\patient_238_AP_mask.png,D:\LUMOS\processed\segmentation\visualizations\patient_238_AP_viz.jpg,0,1.211,PSEUDO_LABEL,False
238,Lateral,d:\LUMOS\processed\preprocessed_images\patient_238\Lateral.png,D:\LUMOS\processed\segmentation\pseudo_labels\patient_238_Lateral_mask.png,D:\LUMOS\processed\segmentation\visualizations\patient_238_Lateral_viz.jpg,0,1.211,PSEUDO_LABEL,False
239,AP,d:\LUMOS\processed\preprocessed_images\patient_239\AP.png,D:\LUMOS\processed\segmentation\pseudo_labels\patient_239_AP_mask.png,D:\LUMOS\processed\segmentation\visualizations\patient_239_AP_viz.jpg,2,0.736,PSEUDO_LABEL,False
239,Lateral,d:\LUMOS\processed\preprocessed_images\patient_239\Lateral.png,D:\LUMOS\processed\segmentation\pseudo_labels\patient_239_Lateral_mask.png,D:\LUMOS\processed\segmentation\visualizations\patient_239_Lateral_viz.jpg,2,0.736,PSEUDO_LABEL,False
240,AP,d:\LUMOS\processed\preprocessed_images\patient_240\AP.png,D:\LUMOS\processed\segmentation\pseudo_labels\patient_240_AP_mask.png,D:\LUMOS\processed\segmentation\visualizations\patient_240_AP_viz.jpg,1,0.852,PSEUDO_LABEL,False
240,Lateral,d:\LUMOS\processed\preprocessed_images\patient_240\Lateral.png,D:\LUMOS\processed\segmentation\pseudo_labels\patient_240_Lateral_mask.png,D:\LUMOS\processed\segmentation\visualizations\patient_240_Lateral_viz.jpg,1,0.852,PSEUDO_LABEL,False
241,AP,d:\LUMOS\processed\preprocessed_images\patient_241\AP.png,D:\LUMOS\processed\segmentation\pseudo_labels\patient_241_AP_mask.png,D:\LUMOS\processed\segmentation\visualizations\patient_241_AP_viz.jpg,2,0.784,PSEUDO_LABEL,False
241,Lateral,d:\LUMOS\processed\preprocessed_images\patient_241\Lateral.png,D:\LUMOS\processed\segmentation\pseudo_labels\patient_241_Lateral_mask.png,D:\LUMOS\processed\segmentation\visualizations\patient_241_Lateral_viz.jpg,2,0.784,PSEUDO_LABEL,False
242,AP,d:\LUMOS\processed\preprocessed_images\patient_242\AP.png,D:\LUMOS\processed\segmentation\pseudo_labels\patient_242_AP_mask.png,D:\LUMOS\processed\segmentation\visualizations\patient_242_AP_viz.jpg,1,0.915,PSEUDO_LABEL,False
242,Lateral,d:\LUMOS\processed\preprocessed_images\patient_242\Lateral.png,D:\LUMOS\processed\segmentation\pseudo_labels\patient_242_Lateral_mask.png,D:\LUMOS\processed\segmentation\visualizations\patient_242_Lateral_viz.jpg,1,0.915,PSEUDO_LABEL,False
243,AP,d:\LUMOS\processed\preprocessed_images\patient_243\AP.png,D:\LUMOS\processed\segmentation\pseudo_labels\patient_243_AP_mask.png,D:\LUMOS\processed\segmentation\visualizations\patient_243_AP_viz.jpg,0,1.032,PSEUDO_LABEL,False
243,Lateral,d:\LUMOS\processed\preprocessed_images\patient_243\Lateral.png,D:\LUMOS\processed\segmentation\pseudo_labels\patient_243_Lateral_mask.png,D:\LUMOS\processed\segmentation\visualizations\patient_243_Lateral_viz.jpg,0,1.032,PSEUDO_LABEL,False
244,AP,d:\LUMOS\processed\preprocessed_images\patient_244\AP.png,D:\LUMOS\processed\segmentation\pseudo_labels\patient_244_AP_mask.png,D:\LUMOS\processed\segmentation\visualizations\patient_244_AP_viz.jpg,0,1.474,PSEUDO_LABEL,False
244,Lateral,d:\LUMOS\processed\preprocessed_images\patient_244\Lateral.png,D:\LUMOS\processed\segmentation\pseudo_labels\patient_244_Lateral_mask.png,D:\LUMOS\processed\segmentation\visualizations\patient_244_Lateral_viz.jpg,0,1.474,PSEUDO_LABEL,False
245,AP,d:\LUMOS\processed\preprocessed_images\patient_245\AP.png,D:\LUMOS\processed\segmentation\pseudo_labels\patient_245_AP_mask.png,D:\LUMOS\processed\segmentation\visualizations\patient_245_AP_viz.jpg,2,0.714117647058824,PSEUDO_LABEL,False
245,Lateral,d:\LUMOS\processed\preprocessed_images\patient_245\Lateral.png,D:\LUMOS\processed\segmentation\pseudo_labels\patient_245_Lateral_mask.png,D:\LUMOS\processed\segmentation\visualizations\patient_245_Lateral_viz.jpg,2,0.714117647058824,PSEUDO_LABEL,False
246,AP,d:\LUMOS\processed\preprocessed_images\patient_246\AP.png,D:\LUMOS\processed\segmentation\pseudo_labels\patient_246_AP_mask.png,D:\LUMOS\processed\segmentation\visualizations\patient_246_AP_viz.jpg,2,0.732265910012161,PSEUDO_LABEL,False
246,Lateral,d:\LUMOS\processed\preprocessed_images\patient_246\Lateral.png,D:\LUMOS\processed\segmentation\pseudo_labels\patient_246_Lateral_mask.png,D:\LUMOS\processed\segmentation\visualizations\patient_246_Lateral_viz.jpg,2,0.732265910012161,PSEUDO_LABEL,False
247,AP,d:\LUMOS\processed\preprocessed_images\patient_247\AP.png,D:\LUMOS\processed\segmentation\pseudo_labels\patient_247_AP_mask.png,D:\LUMOS\processed\segmentation\visualizations\patient_247_AP_viz.jpg,0,1.09606481481481,PSEUDO_LABEL,False
247,Lateral,d:\LUMOS\processed\preprocessed_images\patient_247\Lateral.png,D:\LUMOS\processed\segmentation\pseudo_labels\patient_247_Lateral_mask.png,D:\LUMOS\processed\segmentation\visualizations\patient_247_Lateral_viz.jpg,0,1.09606481481481,PSEUDO_LABEL,False
248,AP,d:\LUMOS\processed\preprocessed_images\patient_248\AP.png,D:\LUMOS\processed\segmentation\pseudo_labels\patient_248_AP_mask.png,D:\LUMOS\processed\segmentation\visualizations\patient_248_AP_viz.jpg,1,0.985,PSEUDO_LABEL,False
248,Lateral,d:\LUMOS\processed\preprocessed_images\patient_248\Lateral.png,D:\LUMOS\processed\segmentation\pseudo_labels\patient_248_Lateral_mask.png,D:\LUMOS\processed\segmentation\visualizations\patient_248_Lateral_viz.jpg,1,0.985,PSEUDO_LABEL,False
249,AP,d:\LUMOS\processed\preprocessed_images\patient_249\AP.png,D:\LUMOS\processed\segmentation\pseudo_labels\patient_249_AP_mask.png,D:\LUMOS\processed\segmentation\visualizations\patient_249_AP_viz.jpg,0,1.06,PSEUDO_LABEL,False
249,Lateral,d:\LUMOS\processed\preprocessed_images\patient_249\Lateral.png,D:\LUMOS\processed\segmentation\pseudo_labels\patient_249_Lateral_mask.png,D:\LUMOS\processed\segmentation\visualizations\patient_249_Lateral_viz.jpg,0,1.06,PSEUDO_LABEL,False
250,AP,d:\LUMOS\processed\preprocessed_images\patient_250\AP.png,D:\LUMOS\processed\segmentation\pseudo_labels\patient_250_AP_mask.png,D:\LUMOS\processed\segmentation\visualizations\patient_250_AP_viz.jpg,0,1.06,PSEUDO_LABEL,False
250,Lateral,d:\LUMOS\processed\preprocessed_images\patient_250\Lateral.png,D:\LUMOS\processed\segmentation\pseudo_labels\patient_250_Lateral_mask.png,D:\LUMOS\processed\segmentation\visualizations\patient_250_Lateral_viz.jpg,0,1.06,PSEUDO_LABEL,False
251,AP,d:\LUMOS\processed\preprocessed_images\patient_251\AP.png,D:\LUMOS\processed\segmentation\pseudo_labels\patient_251_AP_mask.png,D:\LUMOS\processed\segmentation\visualizations\patient_251_AP_viz.jpg,0,1.061,PSEUDO_LABEL,False
251,Lateral,d:\LUMOS\processed\preprocessed_images\patient_251\Lateral.png,D:\LUMOS\processed\segmentation\pseudo_labels\patient_251_Lateral_mask.png,D:\LUMOS\processed\segmentation\visualizations\patient_251_Lateral_viz.jpg,0,1.061,PSEUDO_LABEL,False
252,AP,d:\LUMOS\processed\preprocessed_images\patient_252\AP.png,D:\LUMOS\processed\segmentation\pseudo_labels\patient_252_AP_mask.png,D:\LUMOS\processed\segmentation\visualizations\patient_252_AP_viz.jpg,0,1.196,PSEUDO_LABEL,False
252,Lateral,d:\LUMOS\processed\preprocessed_images\patient_252\Lateral.png,D:\LUMOS\processed\segmentation\pseudo_labels\patient_252_Lateral_mask.png,D:\LUMOS\processed\segmentation\visualizations\patient_252_Lateral_viz.jpg,0,1.196,PSEUDO_LABEL,False
253,AP,d:\LUMOS\processed\preprocessed_images\patient_253\AP.png,D:\LUMOS\processed\segmentation\pseudo_labels\patient_253_AP_mask.png,D:\LUMOS\processed\segmentation\visualizations\patient_253_AP_viz.jpg,2,0.745,PSEUDO_LABEL,False
253,Lateral,d:\LUMOS\processed\preprocessed_images\patient_253\Lateral.png,D:\LUMOS\processed\segmentation\pseudo_labels\patient_253_Lateral_mask.png,D:\LUMOS\processed\segmentation\visualizations\patient_253_Lateral_viz.jpg,2,0.745,PSEUDO_LABEL,False
254,AP,d:\LUMOS\processed\preprocessed_images\patient_254\AP.png,D:\LUMOS\processed\segmentation\pseudo_labels\patient_254_AP_mask.png,D:\LUMOS\processed\segmentation\visualizations\patient_254_AP_viz.jpg,1,0.84,PSEUDO_LABEL,False
254,Lateral,d:\LUMOS\processed\preprocessed_images\patient_254\Lateral.png,D:\LUMOS\processed\segmentation\pseudo_labels\patient_254_Lateral_mask.png,D:\LUMOS\processed\segmentation\visualizations\patient_254_Lateral_viz.jpg,1,0.84,PSEUDO_LABEL,False
255,AP,d:\LUMOS\processed\preprocessed_images\patient_255\AP.png,D:\LUMOS\processed\segmentation\pseudo_labels\patient_255_AP_mask.png,D:\LUMOS\processed\segmentation\visualizations\patient_255_AP_viz.jpg,0,1.085,PSEUDO_LABEL,False
255,Lateral,d:\LUMOS\processed\preprocessed_images\patient_255\Lateral.png,D:\LUMOS\processed\segmentation\pseudo_labels\patient_255_Lateral_mask.png,D:\LUMOS\processed\segmentation\visualizations\patient_255_Lateral_viz.jpg,0,1.085,PSEUDO_LABEL,False
256,AP,d:\LUMOS\processed\preprocessed_images\patient_256\AP.png,D:\LUMOS\processed\segmentation\pseudo_labels\patient_256_AP_mask.png,D:\LUMOS\processed\segmentation\visualizations\patient_256_AP_viz.jpg,2,0.504,PSEUDO_LABEL,False
256,Lateral,d:\LUMOS\processed\preprocessed_images\patient_256\Lateral.png,D:\LUMOS\processed\segmentation\pseudo_labels\patient_256_Lateral_mask.png,D:\LUMOS\processed\segmentation\visualizations\patient_256_Lateral_viz.jpg,2,0.504,PSEUDO_LABEL,False
257,AP,d:\LUMOS\processed\preprocessed_images\patient_257\AP.png,D:\LUMOS\processed\segmentation\pseudo_labels\patient_257_AP_mask.png,D:\LUMOS\processed\segmentation\visualizations\patient_257_AP_viz.jpg,0,1.26901628373857,PSEUDO_LABEL,False
257,Lateral,d:\LUMOS\processed\preprocessed_images\patient_257\Lateral.png,D:\LUMOS\processed\segmentation\pseudo_labels\patient_257_Lateral_mask.png,D:\LUMOS\processed\segmentation\visualizations\patient_257_Lateral_viz.jpg,0,1.26901628373857,PSEUDO_LABEL,False
258,AP,d:\LUMOS\processed\preprocessed_images\patient_258\AP.png,D:\LUMOS\processed\segmentation\pseudo_labels\patient_258_AP_mask.png,D:\LUMOS\processed\segmentation\visualizations\patient_258_AP_viz.jpg,0,1.30515423662632,PSEUDO_LABEL,False
258,Lateral,d:\LUMOS\processed\preprocessed_images\patient_258\Lateral.png,D:\LUMOS\processed\segmentation\pseudo_labels\patient_258_Lateral_mask.png,D:\LUMOS\processed\segmentation\visualizations\patient_258_Lateral_viz.jpg,0,1.30515423662632,PSEUDO_LABEL,False
259,AP,d:\LUMOS\processed\preprocessed_images\patient_259\AP.png,D:\LUMOS\processed\segmentation\pseudo_labels\patient_259_AP_mask.png,D:\LUMOS\processed\segmentation\visualizations\patient_259_AP_viz.jpg,2,0.59,PSEUDO_LABEL,False
259,Lateral,d:\LUMOS\processed\preprocessed_images\patient_259\Lateral.png,D:\LUMOS\processed\segmentation\pseudo_labels\patient_259_Lateral_mask.png,D:\LUMOS\processed\segmentation\visualizations\patient_259_Lateral_viz.jpg,2,0.59,PSEUDO_LABEL,False
260,AP,d:\LUMOS\processed\preprocessed_images\patient_260\AP.png,D:\LUMOS\processed\segmentation\pseudo_labels\patient_260_AP_mask.png,D:\LUMOS\processed\segmentation\visualizations\patient_260_AP_viz.jpg,0,1.055,PSEUDO_LABEL,False
260,Lateral,d:\LUMOS\processed\preprocessed_images\patient_260\Lateral.png,D:\LUMOS\processed\segmentation\pseudo_labels\patient_260_Lateral_mask.png,D:\LUMOS\processed\segmentation\visualizations\patient_260_Lateral_viz.jpg,0,1.055,PSEUDO_LABEL,False
261,AP,d:\LUMOS\processed\preprocessed_images\patient_261\AP.png,D:\LUMOS\processed\segmentation\pseudo_labels\patient_261_AP_mask.png,D:\LUMOS\processed\segmentation\visualizations\patient_261_AP_viz.jpg,2,0.761797752808989,PSEUDO_LABEL,False
261,Lateral,d:\LUMOS\processed\preprocessed_images\patient_261\Lateral.png,D:\LUMOS\processed\segmentation\pseudo_labels\patient_261_Lateral_mask.png,D:\LUMOS\processed\segmentation\visualizations\patient_261_Lateral_viz.jpg,2,0.761797752808989,PSEUDO_LABEL,False
262,AP,d:\LUMOS\processed\preprocessed_images\patient_262\AP.png,D:\LUMOS\processed\segmentation\pseudo_labels\patient_262_AP_mask.png,D:\LUMOS\processed\segmentation\visualizations\patient_262_AP_viz.jpg,0,1.212,PSEUDO_LABEL,False
262,Lateral,d:\LUMOS\processed\preprocessed_images\patient_262\Lateral.png,D:\LUMOS\processed\segmentation\pseudo_labels\patient_262_Lateral_mask.png,D:\LUMOS\processed\segmentation\visualizations\patient_262_Lateral_viz.jpg,0,1.212,PSEUDO_LABEL,False
263,AP,d:\LUMOS\processed\preprocessed_images\patient_263\AP.png,D:\LUMOS\processed\segmentation\pseudo_labels\patient_263_AP_mask.png,D:\LUMOS\processed\segmentation\visualizations\patient_263_AP_viz.jpg,1,0.851,PSEUDO_LABEL,False
263,Lateral,d:\LUMOS\processed\preprocessed_images\patient_263\Lateral.png,D:\LUMOS\processed\segmentation\pseudo_labels\patient_263_Lateral_mask.png,D:\LUMOS\processed\segmentation\visualizations\patient_263_Lateral_viz.jpg,1,0.851,PSEUDO_LABEL,False
264,AP,d:\LUMOS\processed\preprocessed_images\patient_264\AP.png,D:\LUMOS\processed\segmentation\pseudo_labels\patient_264_AP_mask.png,D:\LUMOS\processed\segmentation\visualizations\patient_264_AP_viz.jpg,2,0.739,PSEUDO_LABEL,False
264,Lateral,d:\LUMOS\processed\preprocessed_images\patient_264\Lateral.png,D:\LUMOS\processed\segmentation\pseudo_labels\patient_264_Lateral_mask.png,D:\LUMOS\processed\segmentation\visualizations\patient_264_Lateral_viz.jpg,2,0.739,PSEUDO_LABEL,False
265,AP,d:\LUMOS\processed\preprocessed_images\patient_265\AP.png,D:\LUMOS\processed\segmentation\pseudo_labels\patient_265_AP_mask.png,D:\LUMOS\processed\segmentation\visualizations\patient_265_AP_viz.jpg,0,1.342,PSEUDO_LABEL,False
265,Lateral,d:\LUMOS\processed\preprocessed_images\patient_265\Lateral.png,D:\LUMOS\processed\segmentation\pseudo_labels\patient_265_Lateral_mask.png,D:\LUMOS\processed\segmentation\visualizations\patient_265_Lateral_viz.jpg,0,1.342,PSEUDO_LABEL,False
266,AP,d:\LUMOS\processed\preprocessed_images\patient_266\AP.png,D:\LUMOS\processed\segmentation\pseudo_labels\patient_266_AP_mask.png,D:\LUMOS\processed\segmentation\visualizations\patient_266_AP_viz.jpg,0,1.075,PSEUDO_LABEL,False
266,Lateral,d:\LUMOS\processed\preprocessed_images\patient_266\Lateral.png,D:\LUMOS\processed\segmentation\pseudo_labels\patient_266_Lateral_mask.png,D:\LUMOS\processed\segmentation\visualizations\patient_266_Lateral_viz.jpg,0,1.075,PSEUDO_LABEL,False
267,AP,d:\LUMOS\processed\preprocessed_images\patient_267\AP.png,D:\LUMOS\processed\segmentation\pseudo_labels\patient_267_AP_mask.png,D:\LUMOS\processed\segmentation\visualizations\patient_267_AP_viz.jpg,1,0.863,PSEUDO_LABEL,False
267,Lateral,d:\LUMOS\processed\preprocessed_images\patient_267\Lateral.png,D:\LUMOS\processed\segmentation\pseudo_labels\patient_267_Lateral_mask.png,D:\LUMOS\processed\segmentation\visualizations\patient_267_Lateral_viz.jpg,1,0.863,PSEUDO_LABEL,False
268,AP,d:\LUMOS\processed\preprocessed_images\patient_268\AP.png,D:\LUMOS\processed\segmentation\pseudo_labels\patient_268_AP_mask.png,D:\LUMOS\processed\segmentation\visualizations\patient_268_AP_viz.jpg,2,0.777,PSEUDO_LABEL,False
268,Lateral,d:\LUMOS\processed\preprocessed_images\patient_268\Lateral.png,D:\LUMOS\processed\segmentation\pseudo_labels\patient_268_Lateral_mask.png,D:\LUMOS\processed\segmentation\visualizations\patient_268_Lateral_viz.jpg,2,0.777,PSEUDO_LABEL,False
269,AP,d:\LUMOS\processed\preprocessed_images\patient_269\AP.png,D:\LUMOS\processed\segmentation\pseudo_labels\patient_269_AP_mask.png,D:\LUMOS\processed\segmentation\visualizations\patient_269_AP_viz.jpg,0,1.281,PSEUDO_LABEL,False
269,Lateral,d:\LUMOS\processed\preprocessed_images\patient_269\Lateral.png,D:\LUMOS\processed\segmentation\pseudo_labels\patient_269_Lateral_mask.png,D:\LUMOS\processed\segmentation\visualizations\patient_269_Lateral_viz.jpg,0,1.281,PSEUDO_LABEL,False
270,AP,d:\LUMOS\processed\preprocessed_images\patient_270\AP.png,D:\LUMOS\processed\segmentation\pseudo_labels\patient_270_AP_mask.png,D:\LUMOS\processed\segmentation\visualizations\patient_270_AP_viz.jpg,2,0.676,PSEUDO_LABEL,False
270,Lateral,d:\LUMOS\processed\preprocessed_images\patient_270\Lateral.png,D:\LUMOS\processed\segmentation\pseudo_labels\patient_270_Lateral_mask.png,D:\LUMOS\processed\segmentation\visualizations\patient_270_Lateral_viz.jpg,2,0.676,PSEUDO_LABEL,False
271,AP,d:\LUMOS\processed\preprocessed_images\patient_271\AP.png,D:\LUMOS\processed\segmentation\pseudo_labels\patient_271_AP_mask.png,D:\LUMOS\processed\segmentation\visualizations\patient_271_AP_viz.jpg,0,1.013,PSEUDO_LABEL,False
271,Lateral,d:\LUMOS\processed\preprocessed_images\patient_271\Lateral.png,D:\LUMOS\processed\segmentation\pseudo_labels\patient_271_Lateral_mask.png,D:\LUMOS\processed\segmentation\visualizations\patient_271_Lateral_viz.jpg,0,1.013,PSEUDO_LABEL,False
272,AP,d:\LUMOS\processed\preprocessed_images\patient_272\AP.png,D:\LUMOS\processed\segmentation\pseudo_labels\patient_272_AP_mask.png,D:\LUMOS\processed\segmentation\visualizations\patient_272_AP_viz.jpg,0,0.995,PSEUDO_LABEL,False
272,Lateral,d:\LUMOS\processed\preprocessed_images\patient_272\Lateral.png,D:\LUMOS\processed\segmentation\pseudo_labels\patient_272_Lateral_mask.png,D:\LUMOS\processed\segmentation\visualizations\patient_272_Lateral_viz.jpg,0,0.995,PSEUDO_LABEL,False
273,AP,d:\LUMOS\processed\preprocessed_images\patient_273\AP.png,D:\LUMOS\processed\segmentation\pseudo_labels\patient_273_AP_mask.png,D:\LUMOS\processed\segmentation\visualizations\patient_273_AP_viz.jpg,1,0.964,PSEUDO_LABEL,False
273,Lateral,d:\LUMOS\processed\preprocessed_images\patient_273\Lateral.png,D:\LUMOS\processed\segmentation\pseudo_labels\patient_273_Lateral_mask.png,D:\LUMOS\processed\segmentation\visualizations\patient_273_Lateral_viz.jpg,1,0.964,PSEUDO_LABEL,False
274,AP,d:\LUMOS\processed\preprocessed_images\patient_274\AP.png,D:\LUMOS\processed\segmentation\pseudo_labels\patient_274_AP_mask.png,D:\LUMOS\processed\segmentation\visualizations\patient_274_AP_viz.jpg,2,0.621,PSEUDO_LABEL,False
274,Lateral,d:\LUMOS\processed\preprocessed_images\patient_274\Lateral.png,D:\LUMOS\processed\segmentation\pseudo_labels\patient_274_Lateral_mask.png,D:\LUMOS\processed\segmentation\visualizations\patient_274_Lateral_viz.jpg,2,0.621,PSEUDO_LABEL,False
275,AP,d:\LUMOS\processed\preprocessed_images\patient_275\AP.png,D:\LUMOS\processed\segmentation\pseudo_labels\patient_275_AP_mask.png,D:\LUMOS\processed\segmentation\visualizations\patient_275_AP_viz.jpg,2,0.619,PSEUDO_LABEL,False
275,Lateral,d:\LUMOS\processed\preprocessed_images\patient_275\Lateral.png,D:\LUMOS\processed\segmentation\pseudo_labels\patient_275_Lateral_mask.png,D:\LUMOS\processed\segmentation\visualizations\patient_275_Lateral_viz.jpg,2,0.619,PSEUDO_LABEL,False
276,AP,d:\LUMOS\processed\preprocessed_images\patient_276\AP.png,D:\LUMOS\processed\segmentation\pseudo_labels\patient_276_AP_mask.png,D:\LUMOS\processed\segmentation\visualizations\patient_276_AP_viz.jpg,2,0.655,PSEUDO_LABEL,False
276,Lateral,d:\LUMOS\processed\preprocessed_images\patient_276\Lateral.png,D:\LUMOS\processed\segmentation\pseudo_labels\patient_276_Lateral_mask.png,D:\LUMOS\processed\segmentation\visualizations\patient_276_Lateral_viz.jpg,2,0.655,PSEUDO_LABEL,False
277,AP,d:\LUMOS\processed\preprocessed_images\patient_277\AP.png,D:\LUMOS\processed\segmentation\pseudo_labels\patient_277_AP_mask.png,D:\LUMOS\processed\segmentation\visualizations\patient_277_AP_viz.jpg,0,1.2276882890727,PSEUDO_LABEL,False
277,Lateral,d:\LUMOS\processed\preprocessed_images\patient_277\Lateral.png,D:\LUMOS\processed\segmentation\pseudo_labels\patient_277_Lateral_mask.png,D:\LUMOS\processed\segmentation\visualizations\patient_277_Lateral_viz.jpg,0,1.2276882890727,PSEUDO_LABEL,False
278,AP,d:\LUMOS\processed\preprocessed_images\patient_278\AP.png,D:\LUMOS\processed\segmentation\pseudo_labels\patient_278_AP_mask.png,D:\LUMOS\processed\segmentation\visualizations\patient_278_AP_viz.jpg,0,1.142,PSEUDO_LABEL,False
278,Lateral,d:\LUMOS\processed\preprocessed_images\patient_278\Lateral.png,D:\LUMOS\processed\segmentation\pseudo_labels\patient_278_Lateral_mask.png,D:\LUMOS\processed\segmentation\visualizations\patient_278_Lateral_viz.jpg,0,1.142,PSEUDO_LABEL,False
279,AP,d:\LUMOS\processed\preprocessed_images\patient_279\AP.png,D:\LUMOS\processed\segmentation\pseudo_labels\patient_279_AP_mask.png,D:\LUMOS\processed\segmentation\visualizations\patient_279_AP_viz.jpg,0,1.046,PSEUDO_LABEL,False
279,Lateral,d:\LUMOS\processed\preprocessed_images\patient_279\Lateral.png,D:\LUMOS\processed\segmentation\pseudo_labels\patient_279_Lateral_mask.png,D:\LUMOS\processed\segmentation\visualizations\patient_279_Lateral_viz.jpg,0,1.046,PSEUDO_LABEL,False
280,AP,d:\LUMOS\processed\preprocessed_images\patient_280\AP.png,D:\LUMOS\processed\segmentation\pseudo_labels\patient_280_AP_mask.png,D:\LUMOS\processed\segmentation\visualizations\patient_280_AP_viz.jpg,1,0.97,PSEUDO_LABEL,False
280,Lateral,d:\LUMOS\processed\preprocessed_images\patient_280\Lateral.png,D:\LUMOS\processed\segmentation\pseudo_labels\patient_280_Lateral_mask.png,D:\LUMOS\processed\segmentation\visualizations\patient_280_Lateral_viz.jpg,1,0.97,PSEUDO_LABEL,False
281,AP,d:\LUMOS\processed\preprocessed_images\patient_281\AP.png,D:\LUMOS\processed\segmentation\pseudo_labels\patient_281_AP_mask.png,D:\LUMOS\processed\segmentation\visualizations\patient_281_AP_viz.jpg,1,0.886,PSEUDO_LABEL,False
281,Lateral,d:\LUMOS\processed\preprocessed_images\patient_281\Lateral.png,D:\LUMOS\processed\segmentation\pseudo_labels\patient_281_Lateral_mask.png,D:\LUMOS\processed\segmentation\visualizations\patient_281_Lateral_viz.jpg,1,0.886,PSEUDO_LABEL,False
282,AP,d:\LUMOS\processed\preprocessed_images\patient_282\AP.png,D:\LUMOS\processed\segmentation\pseudo_labels\patient_282_AP_mask.png,D:\LUMOS\processed\segmentation\visualizations\patient_282_AP_viz.jpg,1,0.91,PSEUDO_LABEL,False
282,Lateral,d:\LUMOS\processed\preprocessed_images\patient_282\Lateral.png,D:\LUMOS\processed\segmentation\pseudo_labels\patient_282_Lateral_mask.png,D:\LUMOS\processed\segmentation\visualizations\patient_282_Lateral_viz.jpg,1,0.91,PSEUDO_LABEL,False
283,AP,d:\LUMOS\processed\preprocessed_images\patient_283\AP.png,D:\LUMOS\processed\segmentation\pseudo_labels\patient_283_AP_mask.png,D:\LUMOS\processed\segmentation\visualizations\patient_283_AP_viz.jpg,0,1.029,PSEUDO_LABEL,False
283,Lateral,d:\LUMOS\processed\preprocessed_images\patient_283\Lateral.png,D:\LUMOS\processed\segmentation\pseudo_labels\patient_283_Lateral_mask.png,D:\LUMOS\processed\segmentation\visualizations\patient_283_Lateral_viz.jpg,0,1.029,PSEUDO_LABEL,False
284,AP,d:\LUMOS\processed\preprocessed_images\patient_284\AP.png,D:\LUMOS\processed\segmentation\pseudo_labels\patient_284_AP_mask.png,D:\LUMOS\processed\segmentation\visualizations\patient_284_AP_viz.jpg,2,0.687485958211638,PSEUDO_LABEL,False
284,Lateral,d:\LUMOS\processed\preprocessed_images\patient_284\Lateral.png,D:\LUMOS\processed\segmentation\pseudo_labels\patient_284_Lateral_mask.png,D:\LUMOS\processed\segmentation\visualizations\patient_284_Lateral_viz.jpg,2,0.687485958211638,PSEUDO_LABEL,False
285,AP,d:\LUMOS\processed\preprocessed_images\patient_285\AP.png,D:\LUMOS\processed\segmentation\pseudo_labels\patient_285_AP_mask.png,D:\LUMOS\processed\segmentation\visualizations\patient_285_AP_viz.jpg,2,0.641,PSEUDO_LABEL,False
285,Lateral,d:\LUMOS\processed\preprocessed_images\patient_285\Lateral.png,D:\LUMOS\processed\segmentation\pseudo_labels\patient_285_Lateral_mask.png,D:\LUMOS\processed\segmentation\visualizations\patient_285_Lateral_viz.jpg,2,0.641,PSEUDO_LABEL,False
286,AP,d:\LUMOS\processed\preprocessed_images\patient_286\AP.png,D:\LUMOS\processed\segmentation\pseudo_labels\patient_286_AP_mask.png,D:\LUMOS\processed\segmentation\visualizations\patient_286_AP_viz.jpg,0,1.46388542963885,PSEUDO_LABEL,False
286,Lateral,d:\LUMOS\processed\preprocessed_images\patient_286\Lateral.png,D:\LUMOS\processed\segmentation\pseudo_labels\patient_286_Lateral_mask.png,D:\LUMOS\processed\segmentation\visualizations\patient_286_Lateral_viz.jpg,0,1.46388542963885,PSEUDO_LABEL,False
287,AP,d:\LUMOS\processed\preprocessed_images\patient_287\AP.png,D:\LUMOS\processed\segmentation\pseudo_labels\patient_287_AP_mask.png,D:\LUMOS\processed\segmentation\visualizations\patient_287_AP_viz.jpg,0,1.206,PSEUDO_LABEL,False
287,Lateral,d:\LUMOS\processed\preprocessed_images\patient_287\Lateral.png,D:\LUMOS\processed\segmentation\pseudo_labels\patient_287_Lateral_mask.png,D:\LUMOS\processed\segmentation\visualizations\patient_287_Lateral_viz.jpg,0,1.206,PSEUDO_LABEL,False
288,AP,d:\LUMOS\processed\preprocessed_images\patient_288\AP.png,D:\LUMOS\processed\segmentation\pseudo_labels\patient_288_AP_mask.png,D:\LUMOS\processed\segmentation\visualizations\patient_288_AP_viz.jpg,1,0.954,PSEUDO_LABEL,False
288,Lateral,d:\LUMOS\processed\preprocessed_images\patient_288\Lateral.png,D:\LUMOS\processed\segmentation\pseudo_labels\patient_288_Lateral_mask.png,D:\LUMOS\processed\segmentation\visualizations\patient_288_Lateral_viz.jpg,1,0.954,PSEUDO_LABEL,False
289,AP,d:\LUMOS\processed\preprocessed_images\patient_289\AP.png,D:\LUMOS\processed\segmentation\pseudo_labels\patient_289_AP_mask.png,D:\LUMOS\processed\segmentation\visualizations\patient_289_AP_viz.jpg,0,1.225,PSEUDO_LABEL,False
289,Lateral,d:\LUMOS\processed\preprocessed_images\patient_289\Lateral.png,D:\LUMOS\processed\segmentation\pseudo_labels\patient_289_Lateral_mask.png,D:\LUMOS\processed\segmentation\visualizations\patient_289_Lateral_viz.jpg,0,1.225,PSEUDO_LABEL,False
290,AP,d:\LUMOS\processed\preprocessed_images\patient_290\AP.png,D:\LUMOS\processed\segmentation\pseudo_labels\patient_290_AP_mask.png,D:\LUMOS\processed\segmentation\visualizations\patient_290_AP_viz.jpg,0,1.127,PSEUDO_LABEL,False
290,Lateral,d:\LUMOS\processed\preprocessed_images\patient_290\Lateral.png,D:\LUMOS\processed\segmentation\pseudo_labels\patient_290_Lateral_mask.png,D:\LUMOS\processed\segmentation\visualizations\patient_290_Lateral_viz.jpg,0,1.127,PSEUDO_LABEL,False
291,AP,d:\LUMOS\processed\preprocessed_images\patient_291\AP.png,D:\LUMOS\processed\segmentation\pseudo_labels\patient_291_AP_mask.png,D:\LUMOS\processed\segmentation\visualizations\patient_291_AP_viz.jpg,0,1.063,PSEUDO_LABEL,False
291,Lateral,d:\LUMOS\processed\preprocessed_images\patient_291\Lateral.png,D:\LUMOS\processed\segmentation\pseudo_labels\patient_291_Lateral_mask.png,D:\LUMOS\processed\segmentation\visualizations\patient_291_Lateral_viz.jpg,0,1.063,PSEUDO_LABEL,False
292,AP,d:\LUMOS\processed\preprocessed_images\patient_292\AP.png,D:\LUMOS\processed\segmentation\pseudo_labels\patient_292_AP_mask.png,D:\LUMOS\processed\segmentation\visualizations\patient_292_AP_viz.jpg,2,0.721,PSEUDO_LABEL,False
292,Lateral,d:\LUMOS\processed\preprocessed_images\patient_292\Lateral.png,D:\LUMOS\processed\segmentation\pseudo_labels\patient_292_Lateral_mask.png,D:\LUMOS\processed\segmentation\visualizations\patient_292_Lateral_viz.jpg,2,0.721,PSEUDO_LABEL,False
293,AP,d:\LUMOS\processed\preprocessed_images\patient_293\AP.png,D:\LUMOS\processed\segmentation\pseudo_labels\patient_293_AP_mask.png,D:\LUMOS\processed\segmentation\visualizations\patient_293_AP_viz.jpg,2,0.8,PSEUDO_LABEL,False
293,Lateral,d:\LUMOS\processed\preprocessed_images\patient_293\Lateral.png,D:\LUMOS\processed\segmentation\pseudo_labels\patient_293_Lateral_mask.png,D:\LUMOS\processed\segmentation\visualizations\patient_293_Lateral_viz.jpg,2,0.8,PSEUDO_LABEL,False
294,AP,d:\LUMOS\processed\preprocessed_images\patient_294\AP.png,D:\LUMOS\processed\segmentation\pseudo_labels\patient_294_AP_mask.png,D:\LUMOS\processed\segmentation\visualizations\patient_294_AP_viz.jpg,0,1.26,PSEUDO_LABEL,False
294,Lateral,d:\LUMOS\processed\preprocessed_images\patient_294\Lateral.png,D:\LUMOS\processed\segmentation\pseudo_labels\patient_294_Lateral_mask.png,D:\LUMOS\processed\segmentation\visualizations\patient_294_Lateral_viz.jpg,0,1.26,PSEUDO_LABEL,False
295,AP,d:\LUMOS\processed\preprocessed_images\patient_295\AP.png,D:\LUMOS\processed\segmentation\pseudo_labels\patient_295_AP_mask.png,D:\LUMOS\processed\segmentation\visualizations\patient_295_AP_viz.jpg,1,0.963,PSEUDO_LABEL,False
295,Lateral,d:\LUMOS\processed\preprocessed_images\patient_295\Lateral.png,D:\LUMOS\processed\segmentation\pseudo_labels\patient_295_Lateral_mask.png,D:\LUMOS\processed\segmentation\visualizations\patient_295_Lateral_viz.jpg,1,0.963,PSEUDO_LABEL,False
296,AP,d:\LUMOS\processed\preprocessed_images\patient_296\AP.png,D:\LUMOS\processed\segmentation\pseudo_labels\patient_296_AP_mask.png,D:\LUMOS\processed\segmentation\visualizations\patient_296_AP_viz.jpg,1,0.824,PSEUDO_LABEL,False
296,Lateral,d:\LUMOS\processed\preprocessed_images\patient_296\Lateral.png,D:\LUMOS\processed\segmentation\pseudo_labels\patient_296_Lateral_mask.png,D:\LUMOS\processed\segmentation\visualizations\patient_296_Lateral_viz.jpg,1,0.824,PSEUDO_LABEL,False
297,AP,d:\LUMOS\processed\preprocessed_images\patient_297\AP.png,D:\LUMOS\processed\segmentation\pseudo_labels\patient_297_AP_mask.png,D:\LUMOS\processed\segmentation\visualizations\patient_297_AP_viz.jpg,2,0.739,PSEUDO_LABEL,False
297,Lateral,d:\LUMOS\processed\preprocessed_images\patient_297\Lateral.png,D:\LUMOS\processed\segmentation\pseudo_labels\patient_297_Lateral_mask.png,D:\LUMOS\processed\segmentation\visualizations\patient_297_Lateral_viz.jpg,2,0.739,PSEUDO_LABEL,False
298,AP,d:\LUMOS\processed\preprocessed_images\patient_298\AP.png,D:\LUMOS\processed\segmentation\pseudo_labels\patient_298_AP_mask.png,D:\LUMOS\processed\segmentation\visualizations\patient_298_AP_viz.jpg,1,0.973,PSEUDO_LABEL,False
298,Lateral,d:\LUMOS\processed\preprocessed_images\patient_298\Lateral.png,D:\LUMOS\processed\segmentation\pseudo_labels\patient_298_Lateral_mask.png,D:\LUMOS\processed\segmentation\visualizations\patient_298_Lateral_viz.jpg,1,0.973,PSEUDO_LABEL,False
299,AP,d:\LUMOS\processed\preprocessed_images\patient_299\AP.png,D:\LUMOS\processed\segmentation\pseudo_labels\patient_299_AP_mask.png,D:\LUMOS\processed\segmentation\visualizations\patient_299_AP_viz.jpg,1,0.834,PSEUDO_LABEL,False
299,Lateral,d:\LUMOS\processed\preprocessed_images\patient_299\Lateral.png,D:\LUMOS\processed\segmentation\pseudo_labels\patient_299_Lateral_mask.png,D:\LUMOS\processed\segmentation\visualizations\patient_299_Lateral_viz.jpg,1,0.834,PSEUDO_LABEL,False
300,AP,d:\LUMOS\processed\preprocessed_images\patient_300\AP.png,D:\LUMOS\processed\segmentation\pseudo_labels\patient_300_AP_mask.png,D:\LUMOS\processed\segmentation\visualizations\patient_300_AP_viz.jpg,1,0.903,PSEUDO_LABEL,False
300,Lateral,d:\LUMOS\processed\preprocessed_images\patient_300\Lateral.png,D:\LUMOS\processed\segmentation\pseudo_labels\patient_300_Lateral_mask.png,D:\LUMOS\processed\segmentation\visualizations\patient_300_Lateral_viz.jpg,1,0.903,PSEUDO_LABEL,False
301,AP,d:\LUMOS\processed\preprocessed_images\patient_301\AP.png,D:\LUMOS\processed\segmentation\pseudo_labels\patient_301_AP_mask.png,D:\LUMOS\processed\segmentation\visualizations\patient_301_AP_viz.jpg,0,1.138,PSEUDO_LABEL,False
301,Lateral,d:\LUMOS\processed\preprocessed_images\patient_301\Lateral.png,D:\LUMOS\processed\segmentation\pseudo_labels\patient_301_Lateral_mask.png,D:\LUMOS\processed\segmentation\visualizations\patient_301_Lateral_viz.jpg,0,1.138,PSEUDO_LABEL,False
302,AP,d:\LUMOS\processed\preprocessed_images\patient_302\AP.png,D:\LUMOS\processed\segmentation\pseudo_labels\patient_302_AP_mask.png,D:\LUMOS\processed\segmentation\visualizations\patient_302_AP_viz.jpg,1,0.876,PSEUDO_LABEL,False
302,Lateral,d:\LUMOS\processed\preprocessed_images\patient_302\Lateral.png,D:\LUMOS\processed\segmentation\pseudo_labels\patient_302_Lateral_mask.png,D:\LUMOS\processed\segmentation\visualizations\patient_302_Lateral_viz.jpg,1,0.876,PSEUDO_LABEL,False
303,AP,d:\LUMOS\processed\preprocessed_images\patient_303\AP.png,D:\LUMOS\processed\segmentation\pseudo_labels\patient_303_AP_mask.png,D:\LUMOS\processed\segmentation\visualizations\patient_303_AP_viz.jpg,2,0.729,PSEUDO_LABEL,False
303,Lateral,d:\LUMOS\processed\preprocessed_images\patient_303\Lateral.png,D:\LUMOS\processed\segmentation\pseudo_labels\patient_303_Lateral_mask.png,D:\LUMOS\processed\segmentation\visualizations\patient_303_Lateral_viz.jpg,2,0.729,PSEUDO_LABEL,False
304,AP,d:\LUMOS\processed\preprocessed_images\patient_304\AP.png,D:\LUMOS\processed\segmentation\pseudo_labels\patient_304_AP_mask.png,D:\LUMOS\processed\segmentation\visualizations\patient_304_AP_viz.jpg,2,0.698,PSEUDO_LABEL,False
304,Lateral,d:\LUMOS\processed\preprocessed_images\patient_304\Lateral.png,D:\LUMOS\processed\segmentation\pseudo_labels\patient_304_Lateral_mask.png,D:\LUMOS\processed\segmentation\visualizations\patient_304_Lateral_viz.jpg,2,0.698,PSEUDO_LABEL,False
305,AP,d:\LUMOS\processed\preprocessed_images\patient_305\AP.png,D:\LUMOS\processed\segmentation\pseudo_labels\patient_305_AP_mask.png,D:\LUMOS\processed\segmentation\visualizations\patient_305_AP_viz.jpg,1,0.968910891,PSEUDO_LABEL,False
305,Lateral,d:\LUMOS\processed\preprocessed_images\patient_305\Lateral.png,D:\LUMOS\processed\segmentation\pseudo_labels\patient_305_Lateral_mask.png,D:\LUMOS\processed\segmentation\visualizations\patient_305_Lateral_viz.jpg,1,0.968910891,PSEUDO_LABEL,False
306,AP,d:\LUMOS\processed\preprocessed_images\patient_306\AP.png,D:\LUMOS\processed\segmentation\pseudo_labels\patient_306_AP_mask.png,D:\LUMOS\processed\segmentation\visualizations\patient_306_AP_viz.jpg,0,1.001,PSEUDO_LABEL,False
306,Lateral,d:\LUMOS\processed\preprocessed_images\patient_306\Lateral.png,D:\LUMOS\processed\segmentation\pseudo_labels\patient_306_Lateral_mask.png,D:\LUMOS\processed\segmentation\visualizations\patient_306_Lateral_viz.jpg,0,1.001,PSEUDO_LABEL,False
307,AP,d:\LUMOS\processed\preprocessed_images\patient_307\AP.png,D:\LUMOS\processed\segmentation\pseudo_labels\patient_307_AP_mask.png,D:\LUMOS\processed\segmentation\visualizations\patient_307_AP_viz.jpg,2,0.749,PSEUDO_LABEL,False
307,Lateral,d:\LUMOS\processed\preprocessed_images\patient_307\Lateral.png,D:\LUMOS\processed\segmentation\pseudo_labels\patient_307_Lateral_mask.png,D:\LUMOS\processed\segmentation\visualizations\patient_307_Lateral_viz.jpg,2,0.749,PSEUDO_LABEL,False
308,AP,d:\LUMOS\processed\preprocessed_images\patient_308\AP.png,D:\LUMOS\processed\segmentation\pseudo_labels\patient_308_AP_mask.png,D:\LUMOS\processed\segmentation\visualizations\patient_308_AP_viz.jpg,1,0.938,PSEUDO_LABEL,False
308,Lateral,d:\LUMOS\processed\preprocessed_images\patient_308\Lateral.png,D:\LUMOS\processed\segmentation\pseudo_labels\patient_308_Lateral_mask.png,D:\LUMOS\processed\segmentation\visualizations\patient_308_Lateral_viz.jpg,1,0.938,PSEUDO_LABEL,False
309,AP,d:\LUMOS\processed\preprocessed_images\patient_309\AP.png,D:\LUMOS\processed\segmentation\pseudo_labels\patient_309_AP_mask.png,D:\LUMOS\processed\segmentation\visualizations\patient_309_AP_viz.jpg,0,1.202,PSEUDO_LABEL,False
309,Lateral,d:\LUMOS\processed\preprocessed_images\patient_309\Lateral.png,D:\LUMOS\processed\segmentation\pseudo_labels\patient_309_Lateral_mask.png,D:\LUMOS\processed\segmentation\visualizations\patient_309_Lateral_viz.jpg,0,1.202,PSEUDO_LABEL,False
310,AP,d:\LUMOS\processed\preprocessed_images\patient_310\AP.png,D:\LUMOS\processed\segmentation\pseudo_labels\patient_310_AP_mask.png,D:\LUMOS\processed\segmentation\visualizations\patient_310_AP_viz.jpg,0,1.261,PSEUDO_LABEL,False
310,Lateral,d:\LUMOS\processed\preprocessed_images\patient_310\Lateral.png,D:\LUMOS\processed\segmentation\pseudo_labels\patient_310_Lateral_mask.png,D:\LUMOS\processed\segmentation\visualizations\patient_310_Lateral_viz.jpg,0,1.261,PSEUDO_LABEL,False
311,AP,d:\LUMOS\processed\preprocessed_images\patient_311\AP.png,D:\LUMOS\processed\segmentation\pseudo_labels\patient_311_AP_mask.png,D:\LUMOS\processed\segmentation\visualizations\patient_311_AP_viz.jpg,2,0.796,PSEUDO_LABEL,False
311,Lateral,d:\LUMOS\processed\preprocessed_images\patient_311\Lateral.png,D:\LUMOS\processed\segmentation\pseudo_labels\patient_311_Lateral_mask.png,D:\LUMOS\processed\segmentation\visualizations\patient_311_Lateral_viz.jpg,2,0.796,PSEUDO_LABEL,False
312,AP,d:\LUMOS\processed\preprocessed_images\patient_312\AP.png,D:\LUMOS\processed\segmentation\pseudo_labels\patient_312_AP_mask.png,D:\LUMOS\processed\segmentation\visualizations\patient_312_AP_viz.jpg,1,0.815126050420168,PSEUDO_LABEL,False
312,Lateral,d:\LUMOS\processed\preprocessed_images\patient_312\Lateral.png,D:\LUMOS\processed\segmentation\pseudo_labels\patient_312_Lateral_mask.png,D:\LUMOS\processed\segmentation\visualizations\patient_312_Lateral_viz.jpg,1,0.815126050420168,PSEUDO_LABEL,False
313,AP,d:\LUMOS\processed\preprocessed_images\patient_313\AP.png,D:\LUMOS\processed\segmentation\pseudo_labels\patient_313_AP_mask.png,D:\LUMOS\processed\segmentation\visualizations\patient_313_AP_viz.jpg,0,1.123,PSEUDO_LABEL,False
313,Lateral,d:\LUMOS\processed\preprocessed_images\patient_313\Lateral.png,D:\LUMOS\processed\segmentation\pseudo_labels\patient_313_Lateral_mask.png,D:\LUMOS\processed\segmentation\visualizations\patient_313_Lateral_viz.jpg,0,1.123,PSEUDO_LABEL,False
314,AP,d:\LUMOS\processed\preprocessed_images\patient_314\AP.png,D:\LUMOS\processed\segmentation\pseudo_labels\patient_314_AP_mask.png,D:\LUMOS\processed\segmentation\visualizations\patient_314_AP_viz.jpg,1,0.979,PSEUDO_LABEL,False
314,Lateral,d:\LUMOS\processed\preprocessed_images\patient_314\Lateral.png,D:\LUMOS\processed\segmentation\pseudo_labels\patient_314_Lateral_mask.png,D:\LUMOS\processed\segmentation\visualizations\patient_314_Lateral_viz.jpg,1,0.979,PSEUDO_LABEL,False
315,AP,d:\LUMOS\processed\preprocessed_images\patient_315\AP.png,D:\LUMOS\processed\segmentation\pseudo_labels\patient_315_AP_mask.png,D:\LUMOS\processed\segmentation\visualizations\patient_315_AP_viz.jpg,2,0.702,PSEUDO_LABEL,False
315,Lateral,d:\LUMOS\processed\preprocessed_images\patient_315\Lateral.png,D:\LUMOS\processed\segmentation\pseudo_labels\patient_315_Lateral_mask.png,D:\LUMOS\processed\segmentation\visualizations\patient_315_Lateral_viz.jpg,2,0.702,PSEUDO_LABEL,False
316,AP,d:\LUMOS\processed\preprocessed_images\patient_316\AP.png,D:\LUMOS\processed\segmentation\pseudo_labels\patient_316_AP_mask.png,D:\LUMOS\processed\segmentation\visualizations\patient_316_AP_viz.jpg,0,1.017,PSEUDO_LABEL,False
316,Lateral,d:\LUMOS\processed\preprocessed_images\patient_316\Lateral.png,D:\LUMOS\processed\segmentation\pseudo_labels\patient_316_Lateral_mask.png,D:\LUMOS\processed\segmentation\visualizations\patient_316_Lateral_viz.jpg,0,1.017,PSEUDO_LABEL,False
317,AP,d:\LUMOS\processed\preprocessed_images\patient_317\AP.png,D:\LUMOS\processed\segmentation\pseudo_labels\patient_317_AP_mask.png,D:\LUMOS\processed\segmentation\visualizations\patient_317_AP_viz.jpg,0,1.019,PSEUDO_LABEL,False
317,Lateral,d:\LUMOS\processed\preprocessed_images\patient_317\Lateral.png,D:\LUMOS\processed\segmentation\pseudo_labels\patient_317_Lateral_mask.png,D:\LUMOS\processed\segmentation\visualizations\patient_317_Lateral_viz.jpg,0,1.019,PSEUDO_LABEL,False
318,AP,d:\LUMOS\processed\preprocessed_images\patient_318\AP.png,D:\LUMOS\processed\segmentation\pseudo_labels\patient_318_AP_mask.png,D:\LUMOS\processed\segmentation\visualizations\patient_318_AP_viz.jpg,0,1.045,PSEUDO_LABEL,False
318,Lateral,d:\LUMOS\processed\preprocessed_images\patient_318\Lateral.png,D:\LUMOS\processed\segmentation\pseudo_labels\patient_318_Lateral_mask.png,D:\LUMOS\processed\segmentation\visualizations\patient_318_Lateral_viz.jpg,0,1.045,PSEUDO_LABEL,False
319,AP,d:\LUMOS\processed\preprocessed_images\patient_319\AP.png,D:\LUMOS\processed\segmentation\pseudo_labels\patient_319_AP_mask.png,D:\LUMOS\processed\segmentation\visualizations\patient_319_AP_viz.jpg,1,0.931,PSEUDO_LABEL,False
319,Lateral,d:\LUMOS\processed\preprocessed_images\patient_319\Lateral.png,D:\LUMOS\processed\segmentation\pseudo_labels\patient_319_Lateral_mask.png,D:\LUMOS\processed\segmentation\visualizations\patient_319_Lateral_viz.jpg,1,0.931,PSEUDO_LABEL,False
320,AP,d:\LUMOS\processed\preprocessed_images\patient_320\AP.png,D:\LUMOS\processed\segmentation\pseudo_labels\patient_320_AP_mask.png,D:\LUMOS\processed\segmentation\visualizations\patient_320_AP_viz.jpg,0,1.668,PSEUDO_LABEL,False
320,Lateral,d:\LUMOS\processed\preprocessed_images\patient_320\Lateral.png,D:\LUMOS\processed\segmentation\pseudo_labels\patient_320_Lateral_mask.png,D:\LUMOS\processed\segmentation\visualizations\patient_320_Lateral_viz.jpg,0,1.668,PSEUDO_LABEL,False
321,AP,d:\LUMOS\processed\preprocessed_images\patient_321\AP.png,D:\LUMOS\processed\segmentation\pseudo_labels\patient_321_AP_mask.png,D:\LUMOS\processed\segmentation\visualizations\patient_321_AP_viz.jpg,2,0.77,PSEUDO_LABEL,False
321,Lateral,d:\LUMOS\processed\preprocessed_images\patient_321\Lateral.png,D:\LUMOS\processed\segmentation\pseudo_labels\patient_321_Lateral_mask.png,D:\LUMOS\processed\segmentation\visualizations\patient_321_Lateral_viz.jpg,2,0.77,PSEUDO_LABEL,False
322,AP,d:\LUMOS\processed\preprocessed_images\patient_322\AP.png,D:\LUMOS\processed\segmentation\pseudo_labels\patient_322_AP_mask.png,D:\LUMOS\processed\segmentation\visualizations\patient_322_AP_viz.jpg,0,0.998804542737597,PSEUDO_LABEL,False
322,Lateral,d:\LUMOS\processed\preprocessed_images\patient_322\Lateral.png,D:\LUMOS\processed\segmentation\pseudo_labels\patient_322_Lateral_mask.png,D:\LUMOS\processed\segmentation\visualizations\patient_322_Lateral_viz.jpg,0,0.998804542737597,PSEUDO_LABEL,False
323,AP,d:\LUMOS\processed\preprocessed_images\patient_323\AP.png,D:\LUMOS\processed\segmentation\pseudo_labels\patient_323_AP_mask.png,D:\LUMOS\processed\segmentation\visualizations\patient_323_AP_viz.jpg,1,0.905,PSEUDO_LABEL,False
323,Lateral,d:\LUMOS\processed\preprocessed_images\patient_323\Lateral.png,D:\LUMOS\processed\segmentation\pseudo_labels\patient_323_Lateral_mask.png,D:\LUMOS\processed\segmentation\visualizations\patient_323_Lateral_viz.jpg,1,0.905,PSEUDO_LABEL,False
324,AP,d:\LUMOS\processed\preprocessed_images\patient_324\AP.png,D:\LUMOS\processed\segmentation\pseudo_labels\patient_324_AP_mask.png,D:\LUMOS\processed\segmentation\visualizations\patient_324_AP_viz.jpg,0,1.158,PSEUDO_LABEL,False
324,Lateral,d:\LUMOS\processed\preprocessed_images\patient_324\Lateral.png,D:\LUMOS\processed\segmentation\pseudo_labels\patient_324_Lateral_mask.png,D:\LUMOS\processed\segmentation\visualizations\patient_324_Lateral_viz.jpg,0,1.158,PSEUDO_LABEL,False
325,AP,d:\LUMOS\processed\preprocessed_images\patient_325\AP.png,D:\LUMOS\processed\segmentation\pseudo_labels\patient_325_AP_mask.png,D:\LUMOS\processed\segmentation\visualizations\patient_325_AP_viz.jpg,0,1.077,PSEUDO_LABEL,False
325,Lateral,d:\LUMOS\processed\preprocessed_images\patient_325\Lateral.png,D:\LUMOS\processed\segmentation\pseudo_labels\patient_325_Lateral_mask.png,D:\LUMOS\processed\segmentation\visualizations\patient_325_Lateral_viz.jpg,0,1.077,PSEUDO_LABEL,False
326,AP,d:\LUMOS\processed\preprocessed_images\patient_326\AP.png,D:\LUMOS\processed\segmentation\pseudo_labels\patient_326_AP_mask.png,D:\LUMOS\processed\segmentation\visualizations\patient_326_AP_viz.jpg,0,1.217,PSEUDO_LABEL,False
326,Lateral,d:\LUMOS\processed\preprocessed_images\patient_326\Lateral.png,D:\LUMOS\processed\segmentation\pseudo_labels\patient_326_Lateral_mask.png,D:\LUMOS\processed\segmentation\visualizations\patient_326_Lateral_viz.jpg,0,1.217,PSEUDO_LABEL,False
327,AP,d:\LUMOS\processed\preprocessed_images\patient_327\AP.png,D:\LUMOS\processed\segmentation\pseudo_labels\patient_327_AP_mask.png,D:\LUMOS\processed\segmentation\visualizations\patient_327_AP_viz.jpg,1,0.85,PSEUDO_LABEL,False
327,Lateral,d:\LUMOS\processed\preprocessed_images\patient_327\Lateral.png,D:\LUMOS\processed\segmentation\pseudo_labels\patient_327_Lateral_mask.png,D:\LUMOS\processed\segmentation\visualizations\patient_327_Lateral_viz.jpg,1,0.85,PSEUDO_LABEL,False
328,AP,d:\LUMOS\processed\preprocessed_images\patient_328\AP.png,D:\LUMOS\processed\segmentation\pseudo_labels\patient_328_AP_mask.png,D:\LUMOS\processed\segmentation\visualizations\patient_328_AP_viz.jpg,0,1.098,PSEUDO_LABEL,False
328,Lateral,d:\LUMOS\processed\preprocessed_images\patient_328\Lateral.png,D:\LUMOS\processed\segmentation\pseudo_labels\patient_328_Lateral_mask.png,D:\LUMOS\processed\segmentation\visualizations\patient_328_Lateral_viz.jpg,0,1.098,PSEUDO_LABEL,False
329,AP,d:\LUMOS\processed\preprocessed_images\patient_329\AP.png,D:\LUMOS\processed\segmentation\pseudo_labels\patient_329_AP_mask.png,D:\LUMOS\processed\segmentation\visualizations\patient_329_AP_viz.jpg,0,1.046,PSEUDO_LABEL,False
329,Lateral,d:\LUMOS\processed\preprocessed_images\patient_329\Lateral.png,D:\LUMOS\processed\segmentation\pseudo_labels\patient_329_Lateral_mask.png,D:\LUMOS\processed\segmentation\visualizations\patient_329_Lateral_viz.jpg,0,1.046,PSEUDO_LABEL,False
330,AP,d:\LUMOS\processed\preprocessed_images\patient_330\AP.png,D:\LUMOS\processed\segmentation\pseudo_labels\patient_330_AP_mask.png,D:\LUMOS\processed\segmentation\visualizations\patient_330_AP_viz.jpg,2,0.729,PSEUDO_LABEL,False
330,Lateral,d:\LUMOS\processed\preprocessed_images\patient_330\Lateral.png,D:\LUMOS\processed\segmentation\pseudo_labels\patient_330_Lateral_mask.png,D:\LUMOS\processed\segmentation\visualizations\patient_330_Lateral_viz.jpg,2,0.729,PSEUDO_LABEL,False
331,AP,d:\LUMOS\processed\preprocessed_images\patient_331\AP.png,D:\LUMOS\processed\segmentation\pseudo_labels\patient_331_AP_mask.png,D:\LUMOS\processed\segmentation\visualizations\patient_331_AP_viz.jpg,0,0.997,PSEUDO_LABEL,False
331,Lateral,d:\LUMOS\processed\preprocessed_images\patient_331\Lateral.png,D:\LUMOS\processed\segmentation\pseudo_labels\patient_331_Lateral_mask.png,D:\LUMOS\processed\segmentation\visualizations\patient_331_Lateral_viz.jpg,0,0.997,PSEUDO_LABEL,False
332,AP,d:\LUMOS\processed\preprocessed_images\patient_332\AP.png,D:\LUMOS\processed\segmentation\pseudo_labels\patient_332_AP_mask.png,D:\LUMOS\processed\segmentation\visualizations\patient_332_AP_viz.jpg,0,1.337,PSEUDO_LABEL,False
332,Lateral,d:\LUMOS\processed\preprocessed_images\patient_332\Lateral.png,D:\LUMOS\processed\segmentation\pseudo_labels\patient_332_Lateral_mask.png,D:\LUMOS\processed\segmentation\visualizations\patient_332_Lateral_viz.jpg,0,1.337,PSEUDO_LABEL,False
333,AP,d:\LUMOS\processed\preprocessed_images\patient_333\AP.png,D:\LUMOS\processed\segmentation\pseudo_labels\patient_333_AP_mask.png,D:\LUMOS\processed\segmentation\visualizations\patient_333_AP_viz.jpg,0,1.29,PSEUDO_LABEL,False
333,Lateral,d:\LUMOS\processed\preprocessed_images\patient_333\Lateral.png,D:\LUMOS\processed\segmentation\pseudo_labels\patient_333_Lateral_mask.png,D:\LUMOS\processed\segmentation\visualizations\patient_333_Lateral_viz.jpg,0,1.29,PSEUDO_LABEL,False
334,AP,d:\LUMOS\processed\preprocessed_images\patient_334\AP.png,D:\LUMOS\processed\segmentation\pseudo_labels\patient_334_AP_mask.png,D:\LUMOS\processed\segmentation\visualizations\patient_334_AP_viz.jpg,1,0.893,PSEUDO_LABEL,False
334,Lateral,d:\LUMOS\processed\preprocessed_images\patient_334\Lateral.png,D:\LUMOS\processed\segmentation\pseudo_labels\patient_334_Lateral_mask.png,D:\LUMOS\processed\segmentation\visualizations\patient_334_Lateral_viz.jpg,1,0.893,PSEUDO_LABEL,False
335,AP,d:\LUMOS\processed\preprocessed_images\patient_335\AP.png,D:\LUMOS\processed\segmentation\pseudo_labels\patient_335_AP_mask.png,D:\LUMOS\processed\segmentation\visualizations\patient_335_AP_viz.jpg,1,0.925,PSEUDO_LABEL,False
335,Lateral,d:\LUMOS\processed\preprocessed_images\patient_335\Lateral.png,D:\LUMOS\processed\segmentation\pseudo_labels\patient_335_Lateral_mask.png,D:\LUMOS\processed\segmentation\visualizations\patient_335_Lateral_viz.jpg,1,0.925,PSEUDO_LABEL,False
336,AP,d:\LUMOS\processed\preprocessed_images\patient_336\AP.png,D:\LUMOS\processed\segmentation\pseudo_labels\patient_336_AP_mask.png,D:\LUMOS\processed\segmentation\visualizations\patient_336_AP_viz.jpg,0,1.113,PSEUDO_LABEL,False
336,Lateral,d:\LUMOS\processed\preprocessed_images\patient_336\Lateral.png,D:\LUMOS\processed\segmentation\pseudo_labels\patient_336_Lateral_mask.png,D:\LUMOS\processed\segmentation\visualizations\patient_336_Lateral_viz.jpg,0,1.113,PSEUDO_LABEL,False
337,AP,d:\LUMOS\processed\preprocessed_images\patient_337\AP.png,D:\LUMOS\processed\segmentation\pseudo_labels\patient_337_AP_mask.png,D:\LUMOS\processed\segmentation\visualizations\patient_337_AP_viz.jpg,0,1.012,PSEUDO_LABEL,False
337,Lateral,d:\LUMOS\processed\preprocessed_images\patient_337\Lateral.png,D:\LUMOS\processed\segmentation\pseudo_labels\patient_337_Lateral_mask.png,D:\LUMOS\processed\segmentation\visualizations\patient_337_Lateral_viz.jpg,0,1.012,PSEUDO_LABEL,False
338,AP,d:\LUMOS\processed\preprocessed_images\patient_338\AP.png,D:\LUMOS\processed\segmentation\pseudo_labels\patient_338_AP_mask.png,D:\LUMOS\processed\segmentation\visualizations\patient_338_AP_viz.jpg,1,0.906,PSEUDO_LABEL,False
338,Lateral,d:\LUMOS\processed\preprocessed_images\patient_338\Lateral.png,D:\LUMOS\processed\segmentation\pseudo_labels\patient_338_Lateral_mask.png,D:\LUMOS\processed\segmentation\visualizations\patient_338_Lateral_viz.jpg,1,0.906,PSEUDO_LABEL,False
339,AP,d:\LUMOS\processed\preprocessed_images\patient_339\AP.png,D:\LUMOS\processed\segmentation\pseudo_labels\patient_339_AP_mask.png,D:\LUMOS\processed\segmentation\visualizations\patient_339_AP_viz.jpg,1,0.957,PSEUDO_LABEL,False
339,Lateral,d:\LUMOS\processed\preprocessed_images\patient_339\Lateral.png,D:\LUMOS\processed\segmentation\pseudo_labels\patient_339_Lateral_mask.png,D:\LUMOS\processed\segmentation\visualizations\patient_339_Lateral_viz.jpg,1,0.957,PSEUDO_LABEL,False
340,AP,d:\LUMOS\processed\preprocessed_images\patient_340\AP.png,D:\LUMOS\processed\segmentation\pseudo_labels\patient_340_AP_mask.png,D:\LUMOS\processed\segmentation\visualizations\patient_340_AP_viz.jpg,1,0.961,PSEUDO_LABEL,False
340,Lateral,d:\LUMOS\processed\preprocessed_images\patient_340\Lateral.png,D:\LUMOS\processed\segmentation\pseudo_labels\patient_340_Lateral_mask.png,D:\LUMOS\processed\segmentation\visualizations\patient_340_Lateral_viz.jpg,1,0.961,PSEUDO_LABEL,False
341,AP,d:\LUMOS\processed\preprocessed_images\patient_341\AP.png,D:\LUMOS\processed\segmentation\pseudo_labels\patient_341_AP_mask.png,D:\LUMOS\processed\segmentation\visualizations\patient_341_AP_viz.jpg,1,0.883,PSEUDO_LABEL,False
341,Lateral,d:\LUMOS\processed\preprocessed_images\patient_341\Lateral.png,D:\LUMOS\processed\segmentation\pseudo_labels\patient_341_Lateral_mask.png,D:\LUMOS\processed\segmentation\visualizations\patient_341_Lateral_viz.jpg,1,0.883,PSEUDO_LABEL,False
342,AP,d:\LUMOS\processed\preprocessed_images\patient_342\AP.png,D:\LUMOS\processed\segmentation\pseudo_labels\patient_342_AP_mask.png,D:\LUMOS\processed\segmentation\visualizations\patient_342_AP_viz.jpg,1,0.839,PSEUDO_LABEL,False
342,Lateral,d:\LUMOS\processed\preprocessed_images\patient_342\Lateral.png,D:\LUMOS\processed\segmentation\pseudo_labels\patient_342_Lateral_mask.png,D:\LUMOS\processed\segmentation\visualizations\patient_342_Lateral_viz.jpg,1,0.839,PSEUDO_LABEL,False
343,AP,d:\LUMOS\processed\preprocessed_images\patient_343\AP.png,D:\LUMOS\processed\segmentation\pseudo_labels\patient_343_AP_mask.png,D:\LUMOS\processed\segmentation\visualizations\patient_343_AP_viz.jpg,2,0.757,PSEUDO_LABEL,False
343,Lateral,d:\LUMOS\processed\preprocessed_images\patient_343\Lateral.png,D:\LUMOS\processed\segmentation\pseudo_labels\patient_343_Lateral_mask.png,D:\LUMOS\processed\segmentation\visualizations\patient_343_Lateral_viz.jpg,2,0.757,PSEUDO_LABEL,False
344,AP,d:\LUMOS\processed\preprocessed_images\patient_344\AP.png,D:\LUMOS\processed\segmentation\pseudo_labels\patient_344_AP_mask.png,D:\LUMOS\processed\segmentation\visualizations\patient_344_AP_viz.jpg,1,0.966,PSEUDO_LABEL,False
344,Lateral,d:\LUMOS\processed\preprocessed_images\patient_344\Lateral.png,D:\LUMOS\processed\segmentation\pseudo_labels\patient_344_Lateral_mask.png,D:\LUMOS\processed\segmentation\visualizations\patient_344_Lateral_viz.jpg,1,0.966,PSEUDO_LABEL,False
345,AP,d:\LUMOS\processed\preprocessed_images\patient_345\AP.png,D:\LUMOS\processed\segmentation\pseudo_labels\patient_345_AP_mask.png,D:\LUMOS\processed\segmentation\visualizations\patient_345_AP_viz.jpg,1,0.885,PSEUDO_LABEL,False
345,Lateral,d:\LUMOS\processed\preprocessed_images\patient_345\Lateral.png,D:\LUMOS\processed\segmentation\pseudo_labels\patient_345_Lateral_mask.png,D:\LUMOS\processed\segmentation\visualizations\patient_345_Lateral_viz.jpg,1,0.885,PSEUDO_LABEL,False
346,AP,d:\LUMOS\processed\preprocessed_images\patient_346\AP.png,D:\LUMOS\processed\segmentation\pseudo_labels\patient_346_AP_mask.png,D:\LUMOS\processed\segmentation\visualizations\patient_346_AP_viz.jpg,1,0.821,PSEUDO_LABEL,False
346,Lateral,d:\LUMOS\processed\preprocessed_images\patient_346\Lateral.png,D:\LUMOS\processed\segmentation\pseudo_labels\patient_346_Lateral_mask.png,D:\LUMOS\processed\segmentation\visualizations\patient_346_Lateral_viz.jpg,1,0.821,PSEUDO_LABEL,False
347,AP,d:\LUMOS\processed\preprocessed_images\patient_347\AP.png,D:\LUMOS\processed\segmentation\pseudo_labels\patient_347_AP_mask.png,D:\LUMOS\processed\segmentation\visualizations\patient_347_AP_viz.jpg,0,1.08,PSEUDO_LABEL,False
347,Lateral,d:\LUMOS\processed\preprocessed_images\patient_347\Lateral.png,D:\LUMOS\processed\segmentation\pseudo_labels\patient_347_Lateral_mask.png,D:\LUMOS\processed\segmentation\visualizations\patient_347_Lateral_viz.jpg,0,1.08,PSEUDO_LABEL,False
348,AP,d:\LUMOS\processed\preprocessed_images\patient_348\AP.png,D:\LUMOS\processed\segmentation\pseudo_labels\patient_348_AP_mask.png,D:\LUMOS\processed\segmentation\visualizations\patient_348_AP_viz.jpg,1,0.82506175611947,PSEUDO_LABEL,False
348,Lateral,d:\LUMOS\processed\preprocessed_images\patient_348\Lateral.png,D:\LUMOS\processed\segmentation\pseudo_labels\patient_348_Lateral_mask.png,D:\LUMOS\processed\segmentation\visualizations\patient_348_Lateral_viz.jpg,1,0.82506175611947,PSEUDO_LABEL,False
349,AP,d:\LUMOS\processed\preprocessed_images\patient_349\AP.png,D:\LUMOS\processed\segmentation\pseudo_labels\patient_349_AP_mask.png,D:\LUMOS\processed\segmentation\visualizations\patient_349_AP_viz.jpg,2,0.814,PSEUDO_LABEL,False
349,Lateral,d:\LUMOS\processed\preprocessed_images\patient_349\Lateral.png,D:\LUMOS\processed\segmentation\pseudo_labels\patient_349_Lateral_mask.png,D:\LUMOS\processed\segmentation\visualizations\patient_349_Lateral_viz.jpg,2,0.814,PSEUDO_LABEL,False
350,AP,d:\LUMOS\processed\preprocessed_images\patient_350\AP.png,D:\LUMOS\processed\segmentation\pseudo_labels\patient_350_AP_mask.png,D:\LUMOS\processed\segmentation\visualizations\patient_350_AP_viz.jpg,0,1.381,PSEUDO_LABEL,False
350,Lateral,d:\LUMOS\processed\preprocessed_images\patient_350\Lateral.png,D:\LUMOS\processed\segmentation\pseudo_labels\patient_350_Lateral_mask.png,D:\LUMOS\processed\segmentation\visualizations\patient_350_Lateral_viz.jpg,0,1.381,PSEUDO_LABEL,False
351,AP,d:\LUMOS\processed\preprocessed_images\patient_351\AP.png,D:\LUMOS\processed\segmentation\pseudo_labels\patient_351_AP_mask.png,D:\LUMOS\processed\segmentation\visualizations\patient_351_AP_viz.jpg,2,0.73,PSEUDO_LABEL,False
351,Lateral,d:\LUMOS\processed\preprocessed_images\patient_351\Lateral.png,D:\LUMOS\processed\segmentation\pseudo_labels\patient_351_Lateral_mask.png,D:\LUMOS\processed\segmentation\visualizations\patient_351_Lateral_viz.jpg,2,0.73,PSEUDO_LABEL,False
352,AP,d:\LUMOS\processed\preprocessed_images\patient_352\AP.png,D:\LUMOS\processed\segmentation\pseudo_labels\patient_352_AP_mask.png,D:\LUMOS\processed\segmentation\visualizations\patient_352_AP_viz.jpg,2,0.786,PSEUDO_LABEL,False
352,Lateral,d:\LUMOS\processed\preprocessed_images\patient_352\Lateral.png,D:\LUMOS\processed\segmentation\pseudo_labels\patient_352_Lateral_mask.png,D:\LUMOS\processed\segmentation\visualizations\patient_352_Lateral_viz.jpg,2,0.786,PSEUDO_LABEL,False
353,AP,d:\LUMOS\processed\preprocessed_images\patient_353\AP.png,D:\LUMOS\processed\segmentation\pseudo_labels\patient_353_AP_mask.png,D:\LUMOS\processed\segmentation\visualizations\patient_353_AP_viz.jpg,1,0.817,PSEUDO_LABEL,False
353,Lateral,d:\LUMOS\processed\preprocessed_images\patient_353\Lateral.png,D:\LUMOS\processed\segmentation\pseudo_labels\patient_353_Lateral_mask.png,D:\LUMOS\processed\segmentation\visualizations\patient_353_Lateral_viz.jpg,1,0.817,PSEUDO_LABEL,False
354,AP,d:\LUMOS\processed\preprocessed_images\patient_354\AP.png,D:\LUMOS\processed\segmentation\pseudo_labels\patient_354_AP_mask.png,D:\LUMOS\processed\segmentation\visualizations\patient_354_AP_viz.jpg,1,0.924,PSEUDO_LABEL,False
354,Lateral,d:\LUMOS\processed\preprocessed_images\patient_354\Lateral.png,D:\LUMOS\processed\segmentation\pseudo_labels\patient_354_Lateral_mask.png,D:\LUMOS\processed\segmentation\visualizations\patient_354_Lateral_viz.jpg,1,0.924,PSEUDO_LABEL,False
355,AP,d:\LUMOS\processed\preprocessed_images\patient_355\AP.png,D:\LUMOS\processed\segmentation\pseudo_labels\patient_355_AP_mask.png,D:\LUMOS\processed\segmentation\visualizations\patient_355_AP_viz.jpg,2,0.762,PSEUDO_LABEL,False
355,Lateral,d:\LUMOS\processed\preprocessed_images\patient_355\Lateral.png,D:\LUMOS\processed\segmentation\pseudo_labels\patient_355_Lateral_mask.png,D:\LUMOS\processed\segmentation\visualizations\patient_355_Lateral_viz.jpg,2,0.762,PSEUDO_LABEL,False
356,AP,d:\LUMOS\processed\preprocessed_images\patient_356\AP.png,D:\LUMOS\processed\segmentation\pseudo_labels\patient_356_AP_mask.png,D:\LUMOS\processed\segmentation\visualizations\patient_356_AP_viz.jpg,0,1.002,PSEUDO_LABEL,False
356,Lateral,d:\LUMOS\processed\preprocessed_images\patient_356\Lateral.png,D:\LUMOS\processed\segmentation\pseudo_labels\patient_356_Lateral_mask.png,D:\LUMOS\processed\segmentation\visualizations\patient_356_Lateral_viz.jpg,0,1.002,PSEUDO_LABEL,False
357,AP,d:\LUMOS\processed\preprocessed_images\patient_357\AP.png,D:\LUMOS\processed\segmentation\pseudo_labels\patient_357_AP_mask.png,D:\LUMOS\processed\segmentation\visualizations\patient_357_AP_viz.jpg,0,1.146,PSEUDO_LABEL,False
357,Lateral,d:\LUMOS\processed\preprocessed_images\patient_357\Lateral.png,D:\LUMOS\processed\segmentation\pseudo_labels\patient_357_Lateral_mask.png,D:\LUMOS\processed\segmentation\visualizations\patient_357_Lateral_viz.jpg,0,1.146,PSEUDO_LABEL,False
358,AP,d:\LUMOS\processed\preprocessed_images\patient_358\AP.png,D:\LUMOS\processed\segmentation\pseudo_labels\patient_358_AP_mask.png,D:\LUMOS\processed\segmentation\visualizations\patient_358_AP_viz.jpg,0,1.08153946510111,PSEUDO_LABEL,False
358,Lateral,d:\LUMOS\processed\preprocessed_images\patient_358\Lateral.png,D:\LUMOS\processed\segmentation\pseudo_labels\patient_358_Lateral_mask.png,D:\LUMOS\processed\segmentation\visualizations\patient_358_Lateral_viz.jpg,0,1.08153946510111,PSEUDO_LABEL,False
359,AP,d:\LUMOS\processed\preprocessed_images\patient_359\AP.png,D:\LUMOS\processed\segmentation\pseudo_labels\patient_359_AP_mask.png,D:\LUMOS\processed\segmentation\visualizations\patient_359_AP_viz.jpg,2,0.796,PSEUDO_LABEL,False
359,Lateral,d:\LUMOS\processed\preprocessed_images\patient_359\Lateral.png,D:\LUMOS\processed\segmentation\pseudo_labels\patient_359_Lateral_mask.png,D:\LUMOS\processed\segmentation\visualizations\patient_359_Lateral_viz.jpg,2,0.796,PSEUDO_LABEL,False
360,AP,d:\LUMOS\processed\preprocessed_images\patient_360\AP.png,D:\LUMOS\processed\segmentation\pseudo_labels\patient_360_AP_mask.png,D:\LUMOS\processed\segmentation\visualizations\patient_360_AP_viz.jpg,0,1.01138014527845,PSEUDO_LABEL,False
360,Lateral,d:\LUMOS\processed\preprocessed_images\patient_360\Lateral.png,D:\LUMOS\processed\segmentation\pseudo_labels\patient_360_Lateral_mask.png,D:\LUMOS\processed\segmentation\visualizations\patient_360_Lateral_viz.jpg,0,1.01138014527845,PSEUDO_LABEL,False
361,AP,d:\LUMOS\processed\preprocessed_images\patient_361\AP.png,D:\LUMOS\processed\segmentation\pseudo_labels\patient_361_AP_mask.png,D:\LUMOS\processed\segmentation\visualizations\patient_361_AP_viz.jpg,1,0.839,PSEUDO_LABEL,False
361,Lateral,d:\LUMOS\processed\preprocessed_images\patient_361\Lateral.png,D:\LUMOS\processed\segmentation\pseudo_labels\patient_361_Lateral_mask.png,D:\LUMOS\processed\segmentation\visualizations\patient_361_Lateral_viz.jpg,1,0.839,PSEUDO_LABEL,False
362,AP,d:\LUMOS\processed\preprocessed_images\patient_362\AP.png,D:\LUMOS\processed\segmentation\pseudo_labels\patient_362_AP_mask.png,D:\LUMOS\processed\segmentation\visualizations\patient_362_AP_viz.jpg,0,1.136,PSEUDO_LABEL,False
362,Lateral,d:\LUMOS\processed\preprocessed_images\patient_362\Lateral.png,D:\LUMOS\processed\segmentation\pseudo_labels\patient_362_Lateral_mask.png,D:\LUMOS\processed\segmentation\visualizations\patient_362_Lateral_viz.jpg,0,1.136,PSEUDO_LABEL,False
363,AP,d:\LUMOS\processed\preprocessed_images\patient_363\AP.png,D:\LUMOS\processed\segmentation\pseudo_labels\patient_363_AP_mask.png,D:\LUMOS\processed\segmentation\visualizations\patient_363_AP_viz.jpg,2,0.772,PSEUDO_LABEL,False
363,Lateral,d:\LUMOS\processed\preprocessed_images\patient_363\Lateral.png,D:\LUMOS\processed\segmentation\pseudo_labels\patient_363_Lateral_mask.png,D:\LUMOS\processed\segmentation\visualizations\patient_363_Lateral_viz.jpg,2,0.772,PSEUDO_LABEL,False
364,AP,d:\LUMOS\processed\preprocessed_images\patient_364\AP.png,D:\LUMOS\processed\segmentation\pseudo_labels\patient_364_AP_mask.png,D:\LUMOS\processed\segmentation\visualizations\patient_364_AP_viz.jpg,0,1.086,PSEUDO_LABEL,False
364,Lateral,d:\LUMOS\processed\preprocessed_images\patient_364\Lateral.png,D:\LUMOS\processed\segmentation\pseudo_labels\patient_364_Lateral_mask.png,D:\LUMOS\processed\segmentation\visualizations\patient_364_Lateral_viz.jpg,0,1.086,PSEUDO_LABEL,False
365,AP,d:\LUMOS\processed\preprocessed_images\patient_365\AP.png,D:\LUMOS\processed\segmentation\pseudo_labels\patient_365_AP_mask.png,D:\LUMOS\processed\segmentation\visualizations\patient_365_AP_viz.jpg,1,0.821,PSEUDO_LABEL,False
365,Lateral,d:\LUMOS\processed\preprocessed_images\patient_365\Lateral.png,D:\LUMOS\processed\segmentation\pseudo_labels\patient_365_Lateral_mask.png,D:\LUMOS\processed\segmentation\visualizations\patient_365_Lateral_viz.jpg,1,0.821,PSEUDO_LABEL,False
366,AP,d:\LUMOS\processed\preprocessed_images\patient_366\AP.png,D:\LUMOS\processed\segmentation\pseudo_labels\patient_366_AP_mask.png,D:\LUMOS\processed\segmentation\visualizations\patient_366_AP_viz.jpg,1,0.926,PSEUDO_LABEL,False
366,Lateral,d:\LUMOS\processed\preprocessed_images\patient_366\Lateral.png,D:\LUMOS\processed\segmentation\pseudo_labels\patient_366_Lateral_mask.png,D:\LUMOS\processed\segmentation\visualizations\patient_366_Lateral_viz.jpg,1,0.926,PSEUDO_LABEL,False
367,AP,d:\LUMOS\processed\preprocessed_images\patient_367\AP.png,D:\LUMOS\processed\segmentation\pseudo_labels\patient_367_AP_mask.png,D:\LUMOS\processed\segmentation\visualizations\patient_367_AP_viz.jpg,2,0.805,PSEUDO_LABEL,False
367,Lateral,d:\LUMOS\processed\preprocessed_images\patient_367\Lateral.png,D:\LUMOS\processed\segmentation\pseudo_labels\patient_367_Lateral_mask.png,D:\LUMOS\processed\segmentation\visualizations\patient_367_Lateral_viz.jpg,2,0.805,PSEUDO_LABEL,False
368,AP,d:\LUMOS\processed\preprocessed_images\patient_368\AP.png,D:\LUMOS\processed\segmentation\pseudo_labels\patient_368_AP_mask.png,D:\LUMOS\processed\segmentation\visualizations\patient_368_AP_viz.jpg,1,0.855,PSEUDO_LABEL,False
368,Lateral,d:\LUMOS\processed\preprocessed_images\patient_368\Lateral.png,D:\LUMOS\processed\segmentation\pseudo_labels\patient_368_Lateral_mask.png,D:\LUMOS\processed\segmentation\visualizations\patient_368_Lateral_viz.jpg,1,0.855,PSEUDO_LABEL,False
369,AP,d:\LUMOS\processed\preprocessed_images\patient_369\AP.png,D:\LUMOS\processed\segmentation\pseudo_labels\patient_369_AP_mask.png,D:\LUMOS\processed\segmentation\visualizations\patient_369_AP_viz.jpg,1,0.861,PSEUDO_LABEL,False
369,Lateral,d:\LUMOS\processed\preprocessed_images\patient_369\Lateral.png,D:\LUMOS\processed\segmentation\pseudo_labels\patient_369_Lateral_mask.png,D:\LUMOS\processed\segmentation\visualizations\patient_369_Lateral_viz.jpg,1,0.861,PSEUDO_LABEL,False
370,AP,d:\LUMOS\processed\preprocessed_images\patient_370\AP.png,D:\LUMOS\processed\segmentation\pseudo_labels\patient_370_AP_mask.png,D:\LUMOS\processed\segmentation\visualizations\patient_370_AP_viz.jpg,1,0.866,PSEUDO_LABEL,False
370,Lateral,d:\LUMOS\processed\preprocessed_images\patient_370\Lateral.png,D:\LUMOS\processed\segmentation\pseudo_labels\patient_370_Lateral_mask.png,D:\LUMOS\processed\segmentation\visualizations\patient_370_Lateral_viz.jpg,1,0.866,PSEUDO_LABEL,False
371,AP,d:\LUMOS\processed\preprocessed_images\patient_371\AP.png,D:\LUMOS\processed\segmentation\pseudo_labels\patient_371_AP_mask.png,D:\LUMOS\processed\segmentation\visualizations\patient_371_AP_viz.jpg,2,0.733,PSEUDO_LABEL,False
371,Lateral,d:\LUMOS\processed\preprocessed_images\patient_371\Lateral.png,D:\LUMOS\processed\segmentation\pseudo_labels\patient_371_Lateral_mask.png,D:\LUMOS\processed\segmentation\visualizations\patient_371_Lateral_viz.jpg,2,0.733,PSEUDO_LABEL,False
372,AP,d:\LUMOS\processed\preprocessed_images\patient_372\AP.png,D:\LUMOS\processed\segmentation\pseudo_labels\patient_372_AP_mask.png,D:\LUMOS\processed\segmentation\visualizations\patient_372_AP_viz.jpg,1,0.943,PSEUDO_LABEL,False
372,Lateral,d:\LUMOS\processed\preprocessed_images\patient_372\Lateral.png,D:\LUMOS\processed\segmentation\pseudo_labels\patient_372_Lateral_mask.png,D:\LUMOS\processed\segmentation\visualizations\patient_372_Lateral_viz.jpg,1,0.943,PSEUDO_LABEL,False
373,AP,d:\LUMOS\processed\preprocessed_images\patient_373\AP.png,D:\LUMOS\processed\segmentation\pseudo_labels\patient_373_AP_mask.png,D:\LUMOS\processed\segmentation\visualizations\patient_373_AP_viz.jpg,1,0.949,PSEUDO_LABEL,False
373,Lateral,d:\LUMOS\processed\preprocessed_images\patient_373\Lateral.png,D:\LUMOS\processed\segmentation\pseudo_labels\patient_373_Lateral_mask.png,D:\LUMOS\processed\segmentation\visualizations\patient_373_Lateral_viz.jpg,1,0.949,PSEUDO_LABEL,False
374,AP,d:\LUMOS\processed\preprocessed_images\patient_374\AP.png,D:\LUMOS\processed\segmentation\pseudo_labels\patient_374_AP_mask.png,D:\LUMOS\processed\segmentation\visualizations\patient_374_AP_viz.jpg,1,0.88,PSEUDO_LABEL,False
374,Lateral,d:\LUMOS\processed\preprocessed_images\patient_374\Lateral.png,D:\LUMOS\processed\segmentation\pseudo_labels\patient_374_Lateral_mask.png,D:\LUMOS\processed\segmentation\visualizations\patient_374_Lateral_viz.jpg,1,0.88,PSEUDO_LABEL,False
375,AP,d:\LUMOS\processed\preprocessed_images\patient_375\AP.png,D:\LUMOS\processed\segmentation\pseudo_labels\patient_375_AP_mask.png,D:\LUMOS\processed\segmentation\visualizations\patient_375_AP_viz.jpg,2,0.48,PSEUDO_LABEL,False
375,Lateral,d:\LUMOS\processed\preprocessed_images\patient_375\Lateral.png,D:\LUMOS\processed\segmentation\pseudo_labels\patient_375_Lateral_mask.png,D:\LUMOS\processed\segmentation\visualizations\patient_375_Lateral_viz.jpg,2,0.48,PSEUDO_LABEL,False
376,AP,d:\LUMOS\processed\preprocessed_images\patient_376\AP.png,D:\LUMOS\processed\segmentation\pseudo_labels\patient_376_AP_mask.png,D:\LUMOS\processed\segmentation\visualizations\patient_376_AP_viz.jpg,2,0.742,PSEUDO_LABEL,False
376,Lateral,d:\LUMOS\processed\preprocessed_images\patient_376\Lateral.png,D:\LUMOS\processed\segmentation\pseudo_labels\patient_376_Lateral_mask.png,D:\LUMOS\processed\segmentation\visualizations\patient_376_Lateral_viz.jpg,2,0.742,PSEUDO_LABEL,False
377,AP,d:\LUMOS\processed\preprocessed_images\patient_377\AP.png,D:\LUMOS\processed\segmentation\pseudo_labels\patient_377_AP_mask.png,D:\LUMOS\processed\segmentation\visualizations\patient_377_AP_viz.jpg,0,1.38,PSEUDO_LABEL,False
377,Lateral,d:\LUMOS\processed\preprocessed_images\patient_377\Lateral.png,D:\LUMOS\processed\segmentation\pseudo_labels\patient_377_Lateral_mask.png,D:\LUMOS\processed\segmentation\visualizations\patient_377_Lateral_viz.jpg,0,1.38,PSEUDO_LABEL,False
378,AP,d:\LUMOS\processed\preprocessed_images\patient_378\AP.png,D:\LUMOS\processed\segmentation\pseudo_labels\patient_378_AP_mask.png,D:\LUMOS\processed\segmentation\visualizations\patient_378_AP_viz.jpg,0,1.16,PSEUDO_LABEL,False
378,Lateral,d:\LUMOS\processed\preprocessed_images\patient_378\Lateral.png,D:\LUMOS\processed\segmentation\pseudo_labels\patient_378_Lateral_mask.png,D:\LUMOS\processed\segmentation\visualizations\patient_378_Lateral_viz.jpg,0,1.16,PSEUDO_LABEL,False
379,AP,d:\LUMOS\processed\preprocessed_images\patient_379\AP.png,D:\LUMOS\processed\segmentation\pseudo_labels\patient_379_AP_mask.png,D:\LUMOS\processed\segmentation\visualizations\patient_379_AP_viz.jpg,1,0.864,PSEUDO_LABEL,False
379,Lateral,d:\LUMOS\processed\preprocessed_images\patient_379\Lateral.png,D:\LUMOS\processed\segmentation\pseudo_labels\patient_379_Lateral_mask.png,D:\LUMOS\processed\segmentation\visualizations\patient_379_Lateral_viz.jpg,1,0.864,PSEUDO_LABEL,False
380,AP,d:\LUMOS\processed\preprocessed_images\patient_380\AP.png,D:\LUMOS\processed\segmentation\pseudo_labels\patient_380_AP_mask.png,D:\LUMOS\processed\segmentation\visualizations\patient_380_AP_viz.jpg,0,1.226,PSEUDO_LABEL,False
380,Lateral,d:\LUMOS\processed\preprocessed_images\patient_380\Lateral.png,D:\LUMOS\processed\segmentation\pseudo_labels\patient_380_Lateral_mask.png,D:\LUMOS\processed\segmentation\visualizations\patient_380_Lateral_viz.jpg,0,1.226,PSEUDO_LABEL,False
381,AP,d:\LUMOS\processed\preprocessed_images\patient_381\AP.png,D:\LUMOS\processed\segmentation\pseudo_labels\patient_381_AP_mask.png,D:\LUMOS\processed\segmentation\visualizations\patient_381_AP_viz.jpg,2,0.638,PSEUDO_LABEL,False
381,Lateral,d:\LUMOS\processed\preprocessed_images\patient_381\Lateral.png,D:\LUMOS\processed\segmentation\pseudo_labels\patient_381_Lateral_mask.png,D:\LUMOS\processed\segmentation\visualizations\patient_381_Lateral_viz.jpg,2,0.638,PSEUDO_LABEL,False
382,AP,d:\LUMOS\processed\preprocessed_images\patient_382\AP.png,D:\LUMOS\processed\segmentation\pseudo_labels\patient_382_AP_mask.png,D:\LUMOS\processed\segmentation\visualizations\patient_382_AP_viz.jpg,2,0.755,PSEUDO_LABEL,False
382,Lateral,d:\LUMOS\processed\preprocessed_images\patient_382\Lateral.png,D:\LUMOS\processed\segmentation\pseudo_labels\patient_382_Lateral_mask.png,D:\LUMOS\processed\segmentation\visualizations\patient_382_Lateral_viz.jpg,2,0.755,PSEUDO_LABEL,False
383,AP,d:\LUMOS\processed\preprocessed_images\patient_383\AP.png,D:\LUMOS\processed\segmentation\pseudo_labels\patient_383_AP_mask.png,D:\LUMOS\processed\segmentation\visualizations\patient_383_AP_viz.jpg,0,1.473,PSEUDO_LABEL,False
383,Lateral,d:\LUMOS\processed\preprocessed_images\patient_383\Lateral.png,D:\LUMOS\processed\segmentation\pseudo_labels\patient_383_Lateral_mask.png,D:\LUMOS\processed\segmentation\visualizations\patient_383_Lateral_viz.jpg,0,1.473,PSEUDO_LABEL,False
384,AP,d:\LUMOS\processed\preprocessed_images\patient_384\AP.png,D:\LUMOS\processed\segmentation\pseudo_labels\patient_384_AP_mask.png,D:\LUMOS\processed\segmentation\visualizations\patient_384_AP_viz.jpg,2,0.752,PSEUDO_LABEL,False
384,Lateral,d:\LUMOS\processed\preprocessed_images\patient_384\Lateral.png,D:\LUMOS\processed\segmentation\pseudo_labels\patient_384_Lateral_mask.png,D:\LUMOS\processed\segmentation\visualizations\patient_384_Lateral_viz.jpg,2,0.752,PSEUDO_LABEL,False
385,AP,d:\LUMOS\processed\preprocessed_images\patient_385\AP.png,D:\LUMOS\processed\segmentation\pseudo_labels\patient_385_AP_mask.png,D:\LUMOS\processed\segmentation\visualizations\patient_385_AP_viz.jpg,2,0.662432966412645,PSEUDO_LABEL,False
385,Lateral,d:\LUMOS\processed\preprocessed_images\patient_385\Lateral.png,D:\LUMOS\processed\segmentation\pseudo_labels\patient_385_Lateral_mask.png,D:\LUMOS\processed\segmentation\visualizations\patient_385_Lateral_viz.jpg,2,0.662432966412645,PSEUDO_LABEL,False
386,AP,d:\LUMOS\processed\preprocessed_images\patient_386\AP.png,D:\LUMOS\processed\segmentation\pseudo_labels\patient_386_AP_mask.png,D:\LUMOS\processed\segmentation\visualizations\patient_386_AP_viz.jpg,1,0.983,PSEUDO_LABEL,False
386,Lateral,d:\LUMOS\processed\preprocessed_images\patient_386\Lateral.png,D:\LUMOS\processed\segmentation\pseudo_labels\patient_386_Lateral_mask.png,D:\LUMOS\processed\segmentation\visualizations\patient_386_Lateral_viz.jpg,1,0.983,PSEUDO_LABEL,False
387,AP,d:\LUMOS\processed\preprocessed_images\patient_387\AP.png,D:\LUMOS\processed\segmentation\pseudo_labels\patient_387_AP_mask.png,D:\LUMOS\processed\segmentation\visualizations\patient_387_AP_viz.jpg,1,0.893,PSEUDO_LABEL,False
387,Lateral,d:\LUMOS\processed\preprocessed_images\patient_387\Lateral.png,D:\LUMOS\processed\segmentation\pseudo_labels\patient_387_Lateral_mask.png,D:\LUMOS\processed\segmentation\visualizations\patient_387_Lateral_viz.jpg,1,0.893,PSEUDO_LABEL,False
388,AP,d:\LUMOS\processed\preprocessed_images\patient_388\AP.png,D:\LUMOS\processed\segmentation\pseudo_labels\patient_388_AP_mask.png,D:\LUMOS\processed\segmentation\visualizations\patient_388_AP_viz.jpg,2,0.814,PSEUDO_LABEL,False
388,Lateral,d:\LUMOS\processed\preprocessed_images\patient_388\Lateral.png,D:\LUMOS\processed\segmentation\pseudo_labels\patient_388_Lateral_mask.png,D:\LUMOS\processed\segmentation\visualizations\patient_388_Lateral_viz.jpg,2,0.814,PSEUDO_LABEL,False
389,AP,d:\LUMOS\processed\preprocessed_images\patient_389\AP.png,D:\LUMOS\processed\segmentation\pseudo_labels\patient_389_AP_mask.png,D:\LUMOS\processed\segmentation\visualizations\patient_389_AP_viz.jpg,2,0.763,PSEUDO_LABEL,False
389,Lateral,d:\LUMOS\processed\preprocessed_images\patient_389\Lateral.png,D:\LUMOS\processed\segmentation\pseudo_labels\patient_389_Lateral_mask.png,D:\LUMOS\processed\segmentation\visualizations\patient_389_Lateral_viz.jpg,2,0.763,PSEUDO_LABEL,False
390,AP,d:\LUMOS\processed\preprocessed_images\patient_390\AP.png,D:\LUMOS\processed\segmentation\pseudo_labels\patient_390_AP_mask.png,D:\LUMOS\processed\segmentation\visualizations\patient_390_AP_viz.jpg,1,0.897,PSEUDO_LABEL,False
390,Lateral,d:\LUMOS\processed\preprocessed_images\patient_390\Lateral.png,D:\LUMOS\processed\segmentation\pseudo_labels\patient_390_Lateral_mask.png,D:\LUMOS\processed\segmentation\visualizations\patient_390_Lateral_viz.jpg,1,0.897,PSEUDO_LABEL,False
391,AP,d:\LUMOS\processed\preprocessed_images\patient_391\AP.png,D:\LUMOS\processed\segmentation\pseudo_labels\patient_391_AP_mask.png,D:\LUMOS\processed\segmentation\visualizations\patient_391_AP_viz.jpg,0,1.052,PSEUDO_LABEL,False
391,Lateral,d:\LUMOS\processed\preprocessed_images\patient_391\Lateral.png,D:\LUMOS\processed\segmentation\pseudo_labels\patient_391_Lateral_mask.png,D:\LUMOS\processed\segmentation\visualizations\patient_391_Lateral_viz.jpg,0,1.052,PSEUDO_LABEL,False
392,AP,d:\LUMOS\processed\preprocessed_images\patient_392\AP.png,D:\LUMOS\processed\segmentation\pseudo_labels\patient_392_AP_mask.png,D:\LUMOS\processed\segmentation\visualizations\patient_392_AP_viz.jpg,1,0.861,PSEUDO_LABEL,False
392,Lateral,d:\LUMOS\processed\preprocessed_images\patient_392\Lateral.png,D:\LUMOS\processed\segmentation\pseudo_labels\patient_392_Lateral_mask.png,D:\LUMOS\processed\segmentation\visualizations\patient_392_Lateral_viz.jpg,1,0.861,PSEUDO_LABEL,False
393,AP,d:\LUMOS\processed\preprocessed_images\patient_393\AP.png,D:\LUMOS\processed\segmentation\pseudo_labels\patient_393_AP_mask.png,D:\LUMOS\processed\segmentation\visualizations\patient_393_AP_viz.jpg,1,0.837,PSEUDO_LABEL,False
393,Lateral,d:\LUMOS\processed\preprocessed_images\patient_393\Lateral.png,D:\LUMOS\processed\segmentation\pseudo_labels\patient_393_Lateral_mask.png,D:\LUMOS\processed\segmentation\visualizations\patient_393_Lateral_viz.jpg,1,0.837,PSEUDO_LABEL,False
394,AP,d:\LUMOS\processed\preprocessed_images\patient_394\AP.png,D:\LUMOS\processed\segmentation\pseudo_labels\patient_394_AP_mask.png,D:\LUMOS\processed\segmentation\visualizations\patient_394_AP_viz.jpg,0,1.128,PSEUDO_LABEL,False
394,Lateral,d:\LUMOS\processed\preprocessed_images\patient_394\Lateral.png,D:\LUMOS\processed\segmentation\pseudo_labels\patient_394_Lateral_mask.png,D:\LUMOS\processed\segmentation\visualizations\patient_394_Lateral_viz.jpg,0,1.128,PSEUDO_LABEL,False
395,AP,d:\LUMOS\processed\preprocessed_images\patient_395\AP.png,D:\LUMOS\processed\segmentation\pseudo_labels\patient_395_AP_mask.png,D:\LUMOS\processed\segmentation\visualizations\patient_395_AP_viz.jpg,1,0.99,PSEUDO_LABEL,False
395,Lateral,d:\LUMOS\processed\preprocessed_images\patient_395\Lateral.png,D:\LUMOS\processed\segmentation\pseudo_labels\patient_395_Lateral_mask.png,D:\LUMOS\processed\segmentation\visualizations\patient_395_Lateral_viz.jpg,1,0.99,PSEUDO_LABEL,False
396,AP,d:\LUMOS\processed\preprocessed_images\patient_396\AP.png,D:\LUMOS\processed\segmentation\pseudo_labels\patient_396_AP_mask.png,D:\LUMOS\processed\segmentation\visualizations\patient_396_AP_viz.jpg,1,0.864,PSEUDO_LABEL,False
396,Lateral,d:\LUMOS\processed\preprocessed_images\patient_396\Lateral.png,D:\LUMOS\processed\segmentation\pseudo_labels\patient_396_Lateral_mask.png,D:\LUMOS\processed\segmentation\visualizations\patient_396_Lateral_viz.jpg,1,0.864,PSEUDO_LABEL,False
397,AP,d:\LUMOS\processed\preprocessed_images\patient_397\AP.png,D:\LUMOS\processed\segmentation\pseudo_labels\patient_397_AP_mask.png,D:\LUMOS\processed\segmentation\visualizations\patient_397_AP_viz.jpg,2,0.712,PSEUDO_LABEL,False
397,Lateral,d:\LUMOS\processed\preprocessed_images\patient_397\Lateral.png,D:\LUMOS\processed\segmentation\pseudo_labels\patient_397_Lateral_mask.png,D:\LUMOS\processed\segmentation\visualizations\patient_397_Lateral_viz.jpg,2,0.712,PSEUDO_LABEL,False
398,AP,d:\LUMOS\processed\preprocessed_images\patient_398\AP.png,D:\LUMOS\processed\segmentation\pseudo_labels\patient_398_AP_mask.png,D:\LUMOS\processed\segmentation\visualizations\patient_398_AP_viz.jpg,2,0.76,PSEUDO_LABEL,False
398,Lateral,d:\LUMOS\processed\preprocessed_images\patient_398\Lateral.png,D:\LUMOS\processed\segmentation\pseudo_labels\patient_398_Lateral_mask.png,D:\LUMOS\processed\segmentation\visualizations\patient_398_Lateral_viz.jpg,2,0.76,PSEUDO_LABEL,False
399,AP,d:\LUMOS\processed\preprocessed_images\patient_399\AP.png,D:\LUMOS\processed\segmentation\pseudo_labels\patient_399_AP_mask.png,D:\LUMOS\processed\segmentation\visualizations\patient_399_AP_viz.jpg,2,0.663,PSEUDO_LABEL,False
399,Lateral,d:\LUMOS\processed\preprocessed_images\patient_399\Lateral.png,D:\LUMOS\processed\segmentation\pseudo_labels\patient_399_Lateral_mask.png,D:\LUMOS\processed\segmentation\visualizations\patient_399_Lateral_viz.jpg,2,0.663,PSEUDO_LABEL,False
400,AP,d:\LUMOS\processed\preprocessed_images\patient_400\AP.png,D:\LUMOS\processed\segmentation\pseudo_labels\patient_400_AP_mask.png,D:\LUMOS\processed\segmentation\visualizations\patient_400_AP_viz.jpg,2,0.747,PSEUDO_LABEL,False
400,Lateral,d:\LUMOS\processed\preprocessed_images\patient_400\Lateral.png,D:\LUMOS\processed\segmentation\pseudo_labels\patient_400_Lateral_mask.png,D:\LUMOS\processed\segmentation\visualizations\patient_400_Lateral_viz.jpg,2,0.747,PSEUDO_LABEL,False
401,AP,d:\LUMOS\processed\preprocessed_images\patient_401\AP.png,D:\LUMOS\processed\segmentation\pseudo_labels\patient_401_AP_mask.png,D:\LUMOS\processed\segmentation\visualizations\patient_401_AP_viz.jpg,1,0.855,PSEUDO_LABEL,False
401,Lateral,d:\LUMOS\processed\preprocessed_images\patient_401\Lateral.png,D:\LUMOS\processed\segmentation\pseudo_labels\patient_401_Lateral_mask.png,D:\LUMOS\processed\segmentation\visualizations\patient_401_Lateral_viz.jpg,1,0.855,PSEUDO_LABEL,False
402,AP,d:\LUMOS\processed\preprocessed_images\patient_402\AP.png,D:\LUMOS\processed\segmentation\pseudo_labels\patient_402_AP_mask.png,D:\LUMOS\processed\segmentation\visualizations\patient_402_AP_viz.jpg,0,1.243,PSEUDO_LABEL,False
402,Lateral,d:\LUMOS\processed\preprocessed_images\patient_402\Lateral.png,D:\LUMOS\processed\segmentation\pseudo_labels\patient_402_Lateral_mask.png,D:\LUMOS\processed\segmentation\visualizations\patient_402_Lateral_viz.jpg,0,1.243,PSEUDO_LABEL,False
403,AP,d:\LUMOS\processed\preprocessed_images\patient_403\AP.png,D:\LUMOS\processed\segmentation\pseudo_labels\patient_403_AP_mask.png,D:\LUMOS\processed\segmentation\visualizations\patient_403_AP_viz.jpg,2,0.797,PSEUDO_LABEL,False
403,Lateral,d:\LUMOS\processed\preprocessed_images\patient_403\Lateral.png,D:\LUMOS\processed\segmentation\pseudo_labels\patient_403_Lateral_mask.png,D:\LUMOS\processed\segmentation\visualizations\patient_403_Lateral_viz.jpg,2,0.797,PSEUDO_LABEL,False
404,AP,d:\LUMOS\processed\preprocessed_images\patient_404\AP.png,D:\LUMOS\processed\segmentation\pseudo_labels\patient_404_AP_mask.png,D:\LUMOS\processed\segmentation\visualizations\patient_404_AP_viz.jpg,0,1.02854446803491,PSEUDO_LABEL,False
404,Lateral,d:\LUMOS\processed\preprocessed_images\patient_404\Lateral.png,D:\LUMOS\processed\segmentation\pseudo_labels\patient_404_Lateral_mask.png,D:\LUMOS\processed\segmentation\visualizations\patient_404_Lateral_viz.jpg,0,1.02854446803491,PSEUDO_LABEL,False
405,AP,d:\LUMOS\processed\preprocessed_images\patient_405\AP.png,D:\LUMOS\processed\segmentation\pseudo_labels\patient_405_AP_mask.png,D:\LUMOS\processed\segmentation\visualizations\patient_405_AP_viz.jpg,2,0.759,PSEUDO_LABEL,False
405,Lateral,d:\LUMOS\processed\preprocessed_images\patient_405\Lateral.png,D:\LUMOS\processed\segmentation\pseudo_labels\patient_405_Lateral_mask.png,D:\LUMOS\processed\segmentation\visualizations\patient_405_Lateral_viz.jpg,2,0.759,PSEUDO_LABEL,False
406,AP,d:\LUMOS\processed\preprocessed_images\patient_406\AP.png,D:\LUMOS\processed\segmentation\pseudo_labels\patient_406_AP_mask.png,D:\LUMOS\processed\segmentation\visualizations\patient_406_AP_viz.jpg,2,0.64,PSEUDO_LABEL,False
406,Lateral,d:\LUMOS\processed\preprocessed_images\patient_406\Lateral.png,D:\LUMOS\processed\segmentation\pseudo_labels\patient_406_Lateral_mask.png,D:\LUMOS\processed\segmentation\visualizations\patient_406_Lateral_viz.jpg,2,0.64,PSEUDO_LABEL,False
407,AP,d:\LUMOS\processed\preprocessed_images\patient_407\AP.png,D:\LUMOS\processed\segmentation\pseudo_labels\patient_407_AP_mask.png,D:\LUMOS\processed\segmentation\visualizations\patient_407_AP_viz.jpg,1,0.947731982500576,PSEUDO_LABEL,False
407,Lateral,d:\LUMOS\processed\preprocessed_images\patient_407\Lateral.png,D:\LUMOS\processed\segmentation\pseudo_labels\patient_407_Lateral_mask.png,D:\LUMOS\processed\segmentation\visualizations\patient_407_Lateral_viz.jpg,1,0.947731982500576,PSEUDO_LABEL,False
408,AP,d:\LUMOS\processed\preprocessed_images\patient_408\AP.png,D:\LUMOS\processed\segmentation\pseudo_labels\patient_408_AP_mask.png,D:\LUMOS\processed\segmentation\visualizations\patient_408_AP_viz.jpg,0,1.056,PSEUDO_LABEL,False
408,Lateral,d:\LUMOS\processed\preprocessed_images\patient_408\Lateral.png,D:\LUMOS\processed\segmentation\pseudo_labels\patient_408_Lateral_mask.png,D:\LUMOS\processed\segmentation\visualizations\patient_408_Lateral_viz.jpg,0,1.056,PSEUDO_LABEL,False
409,AP,d:\LUMOS\processed\preprocessed_images\patient_409\AP.png,D:\LUMOS\processed\segmentation\pseudo_labels\patient_409_AP_mask.png,D:\LUMOS\processed\segmentation\visualizations\patient_409_AP_viz.jpg,0,1.059,PSEUDO_LABEL,False
409,Lateral,d:\LUMOS\processed\preprocessed_images\patient_409\Lateral.png,D:\LUMOS\processed\segmentation\pseudo_labels\patient_409_Lateral_mask.png,D:\LUMOS\processed\segmentation\visualizations\patient_409_Lateral_viz.jpg,0,1.059,PSEUDO_LABEL,False
410,AP,d:\LUMOS\processed\preprocessed_images\patient_410\AP.png,D:\LUMOS\processed\segmentation\pseudo_labels\patient_410_AP_mask.png,D:\LUMOS\processed\segmentation\visualizations\patient_410_AP_viz.jpg,1,0.960635359,PSEUDO_LABEL,False
410,Lateral,d:\LUMOS\processed\preprocessed_images\patient_410\Lateral.png,D:\LUMOS\processed\segmentation\pseudo_labels\patient_410_Lateral_mask.png,D:\LUMOS\processed\segmentation\visualizations\patient_410_Lateral_viz.jpg,1,0.960635359,PSEUDO_LABEL,False
411,AP,d:\LUMOS\processed\preprocessed_images\patient_411\AP.png,D:\LUMOS\processed\segmentation\pseudo_labels\patient_411_AP_mask.png,D:\LUMOS\processed\segmentation\visualizations\patient_411_AP_viz.jpg,1,0.918,PSEUDO_LABEL,False
411,Lateral,d:\LUMOS\processed\preprocessed_images\patient_411\Lateral.png,D:\LUMOS\processed\segmentation\pseudo_labels\patient_411_Lateral_mask.png,D:\LUMOS\processed\segmentation\visualizations\patient_411_Lateral_viz.jpg,1,0.918,PSEUDO_LABEL,False
412,AP,d:\LUMOS\processed\preprocessed_images\patient_412\AP.png,D:\LUMOS\processed\segmentation\pseudo_labels\patient_412_AP_mask.png,D:\LUMOS\processed\segmentation\visualizations\patient_412_AP_viz.jpg,2,0.745,PSEUDO_LABEL,False
412,Lateral,d:\LUMOS\processed\preprocessed_images\patient_412\Lateral.png,D:\LUMOS\processed\segmentation\pseudo_labels\patient_412_Lateral_mask.png,D:\LUMOS\processed\segmentation\visualizations\patient_412_Lateral_viz.jpg,2,0.745,PSEUDO_LABEL,False
413,AP,d:\LUMOS\processed\preprocessed_images\patient_413\AP.png,D:\LUMOS\processed\segmentation\pseudo_labels\patient_413_AP_mask.png,D:\LUMOS\processed\segmentation\visualizations\patient_413_AP_viz.jpg,2,0.76420581655481,PSEUDO_LABEL,False
413,Lateral,d:\LUMOS\processed\preprocessed_images\patient_413\Lateral.png,D:\LUMOS\processed\segmentation\pseudo_labels\patient_413_Lateral_mask.png,D:\LUMOS\processed\segmentation\visualizations\patient_413_Lateral_viz.jpg,2,0.76420581655481,PSEUDO_LABEL,False
414,AP,d:\LUMOS\processed\preprocessed_images\patient_414\AP.png,D:\LUMOS\processed\segmentation\pseudo_labels\patient_414_AP_mask.png,D:\LUMOS\processed\segmentation\visualizations\patient_414_AP_viz.jpg,1,0.853,PSEUDO_LABEL,False
414,Lateral,d:\LUMOS\processed\preprocessed_images\patient_414\Lateral.png,D:\LUMOS\processed\segmentation\pseudo_labels\patient_414_Lateral_mask.png,D:\LUMOS\processed\segmentation\visualizations\patient_414_Lateral_viz.jpg,1,0.853,PSEUDO_LABEL,False
415,AP,d:\LUMOS\processed\preprocessed_images\patient_415\AP.png,D:\LUMOS\processed\segmentation\pseudo_labels\patient_415_AP_mask.png,D:\LUMOS\processed\segmentation\visualizations\patient_415_AP_viz.jpg,1,0.987,PSEUDO_LABEL,False
415,Lateral,d:\LUMOS\processed\preprocessed_images\patient_415\Lateral.png,D:\LUMOS\processed\segmentation\pseudo_labels\patient_415_Lateral_mask.png,D:\LUMOS\processed\segmentation\visualizations\patient_415_Lateral_viz.jpg,1,0.987,PSEUDO_LABEL,False
416,AP,d:\LUMOS\processed\preprocessed_images\patient_416\AP.png,D:\LUMOS\processed\segmentation\pseudo_labels\patient_416_AP_mask.png,D:\LUMOS\processed\segmentation\visualizations\patient_416_AP_viz.jpg,1,0.943,PSEUDO_LABEL,False
416,Lateral,d:\LUMOS\processed\preprocessed_images\patient_416\Lateral.png,D:\LUMOS\processed\segmentation\pseudo_labels\patient_416_Lateral_mask.png,D:\LUMOS\processed\segmentation\visualizations\patient_416_Lateral_viz.jpg,1,0.943,PSEUDO_LABEL,False
417,AP,d:\LUMOS\processed\preprocessed_images\patient_417\AP.png,D:\LUMOS\processed\segmentation\pseudo_labels\patient_417_AP_mask.png,D:\LUMOS\processed\segmentation\visualizations\patient_417_AP_viz.jpg,2,0.778,PSEUDO_LABEL,False
417,Lateral,d:\LUMOS\processed\preprocessed_images\patient_417\Lateral.png,D:\LUMOS\processed\segmentation\pseudo_labels\patient_417_Lateral_mask.png,D:\LUMOS\processed\segmentation\visualizations\patient_417_Lateral_viz.jpg,2,0.778,PSEUDO_LABEL,False
418,AP,d:\LUMOS\processed\preprocessed_images\patient_418\AP.png,D:\LUMOS\processed\segmentation\pseudo_labels\patient_418_AP_mask.png,D:\LUMOS\processed\segmentation\visualizations\patient_418_AP_viz.jpg,0,1.359,PSEUDO_LABEL,False
418,Lateral,d:\LUMOS\processed\preprocessed_images\patient_418\Lateral.png,D:\LUMOS\processed\segmentation\pseudo_labels\patient_418_Lateral_mask.png,D:\LUMOS\processed\segmentation\visualizations\patient_418_Lateral_viz.jpg,0,1.359,PSEUDO_LABEL,False
419,AP,d:\LUMOS\processed\preprocessed_images\patient_419\AP.png,D:\LUMOS\processed\segmentation\pseudo_labels\patient_419_AP_mask.png,D:\LUMOS\processed\segmentation\visualizations\patient_419_AP_viz.jpg,0,1.031,PSEUDO_LABEL,False
419,Lateral,d:\LUMOS\processed\preprocessed_images\patient_419\Lateral.png,D:\LUMOS\processed\segmentation\pseudo_labels\patient_419_Lateral_mask.png,D:\LUMOS\processed\segmentation\visualizations\patient_419_Lateral_viz.jpg,0,1.031,PSEUDO_LABEL,False
420,AP,d:\LUMOS\processed\preprocessed_images\patient_420\AP.png,D:\LUMOS\processed\segmentation\pseudo_labels\patient_420_AP_mask.png,D:\LUMOS\processed\segmentation\visualizations\patient_420_AP_viz.jpg,0,1.016,PSEUDO_LABEL,False
420,Lateral,d:\LUMOS\processed\preprocessed_images\patient_420\Lateral.png,D:\LUMOS\processed\segmentation\pseudo_labels\patient_420_Lateral_mask.png,D:\LUMOS\processed\segmentation\visualizations\patient_420_Lateral_viz.jpg,0,1.016,PSEUDO_LABEL,False
421,AP,d:\LUMOS\processed\preprocessed_images\patient_421\AP.png,D:\LUMOS\processed\segmentation\pseudo_labels\patient_421_AP_mask.png,D:\LUMOS\processed\segmentation\visualizations\patient_421_AP_viz.jpg,1,0.861271676,PSEUDO_LABEL,False
421,Lateral,d:\LUMOS\processed\preprocessed_images\patient_421\Lateral.png,D:\LUMOS\processed\segmentation\pseudo_labels\patient_421_Lateral_mask.png,D:\LUMOS\processed\segmentation\visualizations\patient_421_Lateral_viz.jpg,1,0.861271676,PSEUDO_LABEL,False
422,AP,d:\LUMOS\processed\preprocessed_images\patient_422\AP.png,D:\LUMOS\processed\segmentation\pseudo_labels\patient_422_AP_mask.png,D:\LUMOS\processed\segmentation\visualizations\patient_422_AP_viz.jpg,0,1.447,PSEUDO_LABEL,False
422,Lateral,d:\LUMOS\processed\preprocessed_images\patient_422\Lateral.png,D:\LUMOS\processed\segmentation\pseudo_labels\patient_422_Lateral_mask.png,D:\LUMOS\processed\segmentation\visualizations\patient_422_Lateral_viz.jpg,0,1.447,PSEUDO_LABEL,False
423,AP,d:\LUMOS\processed\preprocessed_images\patient_423\AP.png,D:\LUMOS\processed\segmentation\pseudo_labels\patient_423_AP_mask.png,D:\LUMOS\processed\segmentation\visualizations\patient_423_AP_viz.jpg,0,1.178,PSEUDO_LABEL,False
423,Lateral,d:\LUMOS\processed\preprocessed_images\patient_423\Lateral.png,D:\LUMOS\processed\segmentation\pseudo_labels\patient_423_Lateral_mask.png,D:\LUMOS\processed\segmentation\visualizations\patient_423_Lateral_viz.jpg,0,1.178,PSEUDO_LABEL,False
424,AP,d:\LUMOS\processed\preprocessed_images\patient_424\AP.png,D:\LUMOS\processed\segmentation\pseudo_labels\patient_424_AP_mask.png,D:\LUMOS\processed\segmentation\visualizations\patient_424_AP_viz.jpg,1,0.907,PSEUDO_LABEL,False
424,Lateral,d:\LUMOS\processed\preprocessed_images\patient_424\Lateral.png,D:\LUMOS\processed\segmentation\pseudo_labels\patient_424_Lateral_mask.png,D:\LUMOS\processed\segmentation\visualizations\patient_424_Lateral_viz.jpg,1,0.907,PSEUDO_LABEL,False
425,AP,d:\LUMOS\processed\preprocessed_images\patient_425\AP.png,D:\LUMOS\processed\segmentation\pseudo_labels\patient_425_AP_mask.png,D:\LUMOS\processed\segmentation\visualizations\patient_425_AP_viz.jpg,1,0.935,PSEUDO_LABEL,False
425,Lateral,d:\LUMOS\processed\preprocessed_images\patient_425\Lateral.png,D:\LUMOS\processed\segmentation\pseudo_labels\patient_425_Lateral_mask.png,D:\LUMOS\processed\segmentation\visualizations\patient_425_Lateral_viz.jpg,1,0.935,PSEUDO_LABEL,False
426,AP,d:\LUMOS\processed\preprocessed_images\patient_426\AP.png,D:\LUMOS\processed\segmentation\pseudo_labels\patient_426_AP_mask.png,D:\LUMOS\processed\segmentation\visualizations\patient_426_AP_viz.jpg,1,0.815,PSEUDO_LABEL,False
426,Lateral,d:\LUMOS\processed\preprocessed_images\patient_426\Lateral.png,D:\LUMOS\processed\segmentation\pseudo_labels\patient_426_Lateral_mask.png,D:\LUMOS\processed\segmentation\visualizations\patient_426_Lateral_viz.jpg,1,0.815,PSEUDO_LABEL,False
427,AP,d:\LUMOS\processed\preprocessed_images\patient_427\AP.png,D:\LUMOS\processed\segmentation\pseudo_labels\patient_427_AP_mask.png,D:\LUMOS\processed\segmentation\visualizations\patient_427_AP_viz.jpg,0,1.102,PSEUDO_LABEL,False
427,Lateral,d:\LUMOS\processed\preprocessed_images\patient_427\Lateral.png,D:\LUMOS\processed\segmentation\pseudo_labels\patient_427_Lateral_mask.png,D:\LUMOS\processed\segmentation\visualizations\patient_427_Lateral_viz.jpg,0,1.102,PSEUDO_LABEL,False
428,AP,d:\LUMOS\processed\preprocessed_images\patient_428\AP.png,D:\LUMOS\processed\segmentation\pseudo_labels\patient_428_AP_mask.png,D:\LUMOS\processed\segmentation\visualizations\patient_428_AP_viz.jpg,2,0.782,PSEUDO_LABEL,False
428,Lateral,d:\LUMOS\processed\preprocessed_images\patient_428\Lateral.png,D:\LUMOS\processed\segmentation\pseudo_labels\patient_428_Lateral_mask.png,D:\LUMOS\processed\segmentation\visualizations\patient_428_Lateral_viz.jpg,2,0.782,PSEUDO_LABEL,False
429,AP,d:\LUMOS\processed\preprocessed_images\patient_429\AP.png,D:\LUMOS\processed\segmentation\pseudo_labels\patient_429_AP_mask.png,D:\LUMOS\processed\segmentation\visualizations\patient_429_AP_viz.jpg,1,0.932,PSEUDO_LABEL,False
429,Lateral,d:\LUMOS\processed\preprocessed_images\patient_429\Lateral.png,D:\LUMOS\processed\segmentation\pseudo_labels\patient_429_Lateral_mask.png,D:\LUMOS\processed\segmentation\visualizations\patient_429_Lateral_viz.jpg,1,0.932,PSEUDO_LABEL,False
430,AP,d:\LUMOS\processed\preprocessed_images\patient_430\AP.png,D:\LUMOS\processed\segmentation\pseudo_labels\patient_430_AP_mask.png,D:\LUMOS\processed\segmentation\visualizations\patient_430_AP_viz.jpg,1,0.976,PSEUDO_LABEL,False
430,Lateral,d:\LUMOS\processed\preprocessed_images\patient_430\Lateral.png,D:\LUMOS\processed\segmentation\pseudo_labels\patient_430_Lateral_mask.png,D:\LUMOS\processed\segmentation\visualizations\patient_430_Lateral_viz.jpg,1,0.976,PSEUDO_LABEL,False
431,AP,d:\LUMOS\processed\preprocessed_images\patient_431\AP.png,D:\LUMOS\processed\segmentation\pseudo_labels\patient_431_AP_mask.png,D:\LUMOS\processed\segmentation\visualizations\patient_431_AP_viz.jpg,0,1.176,PSEUDO_LABEL,False
431,Lateral,d:\LUMOS\processed\preprocessed_images\patient_431\Lateral.png,D:\LUMOS\processed\segmentation\pseudo_labels\patient_431_Lateral_mask.png,D:\LUMOS\processed\segmentation\visualizations\patient_431_Lateral_viz.jpg,0,1.176,PSEUDO_LABEL,False
432,AP,d:\LUMOS\processed\preprocessed_images\patient_432\AP.png,D:\LUMOS\processed\segmentation\pseudo_labels\patient_432_AP_mask.png,D:\LUMOS\processed\segmentation\visualizations\patient_432_AP_viz.jpg,2,0.791,PSEUDO_LABEL,False
432,Lateral,d:\LUMOS\processed\preprocessed_images\patient_432\Lateral.png,D:\LUMOS\processed\segmentation\pseudo_labels\patient_432_Lateral_mask.png,D:\LUMOS\processed\segmentation\visualizations\patient_432_Lateral_viz.jpg,2,0.791,PSEUDO_LABEL,False
433,AP,d:\LUMOS\processed\preprocessed_images\patient_433\AP.png,D:\LUMOS\processed\segmentation\pseudo_labels\patient_433_AP_mask.png,D:\LUMOS\processed\segmentation\visualizations\patient_433_AP_viz.jpg,0,1.027,PSEUDO_LABEL,False
433,Lateral,d:\LUMOS\processed\preprocessed_images\patient_433\Lateral.png,D:\LUMOS\processed\segmentation\pseudo_labels\patient_433_Lateral_mask.png,D:\LUMOS\processed\segmentation\visualizations\patient_433_Lateral_viz.jpg,0,1.027,PSEUDO_LABEL,False
434,AP,d:\LUMOS\processed\preprocessed_images\patient_434\AP.png,D:\LUMOS\processed\segmentation\pseudo_labels\patient_434_AP_mask.png,D:\LUMOS\processed\segmentation\visualizations\patient_434_AP_viz.jpg,2,0.811,PSEUDO_LABEL,False
434,Lateral,d:\LUMOS\processed\preprocessed_images\patient_434\Lateral.png,D:\LUMOS\processed\segmentation\pseudo_labels\patient_434_Lateral_mask.png,D:\LUMOS\processed\segmentation\visualizations\patient_434_Lateral_viz.jpg,2,0.811,PSEUDO_LABEL,False
435,AP,d:\LUMOS\processed\preprocessed_images\patient_435\AP.png,D:\LUMOS\processed\segmentation\pseudo_labels\patient_435_AP_mask.png,D:\LUMOS\processed\segmentation\visualizations\patient_435_AP_viz.jpg,2,0.651,PSEUDO_LABEL,False
435,Lateral,d:\LUMOS\processed\preprocessed_images\patient_435\Lateral.png,D:\LUMOS\processed\segmentation\pseudo_labels\patient_435_Lateral_mask.png,D:\LUMOS\processed\segmentation\visualizations\patient_435_Lateral_viz.jpg,2,0.651,PSEUDO_LABEL,False
436,AP,d:\LUMOS\processed\preprocessed_images\patient_436\AP.png,D:\LUMOS\processed\segmentation\pseudo_labels\patient_436_AP_mask.png,D:\LUMOS\processed\segmentation\visualizations\patient_436_AP_viz.jpg,1,0.909,PSEUDO_LABEL,False
436,Lateral,d:\LUMOS\processed\preprocessed_images\patient_436\Lateral.png,D:\LUMOS\processed\segmentation\pseudo_labels\patient_436_Lateral_mask.png,D:\LUMOS\processed\segmentation\visualizations\patient_436_Lateral_viz.jpg,1,0.909,PSEUDO_LABEL,False
437,AP,d:\LUMOS\processed\preprocessed_images\patient_437\AP.png,D:\LUMOS\processed\segmentation\pseudo_labels\patient_437_AP_mask.png,D:\LUMOS\processed\segmentation\visualizations\patient_437_AP_viz.jpg,1,0.822,PSEUDO_LABEL,False
437,Lateral,d:\LUMOS\processed\preprocessed_images\patient_437\Lateral.png,D:\LUMOS\processed\segmentation\pseudo_labels\patient_437_Lateral_mask.png,D:\LUMOS\processed\segmentation\visualizations\patient_437_Lateral_viz.jpg,1,0.822,PSEUDO_LABEL,False
438,AP,d:\LUMOS\processed\preprocessed_images\patient_438\AP.png,D:\LUMOS\processed\segmentation\pseudo_labels\patient_438_AP_mask.png,D:\LUMOS\processed\segmentation\visualizations\patient_438_AP_viz.jpg,2,0.602,PSEUDO_LABEL,False
438,Lateral,d:\LUMOS\processed\preprocessed_images\patient_438\Lateral.png,D:\LUMOS\processed\segmentation\pseudo_labels\patient_438_Lateral_mask.png,D:\LUMOS\processed\segmentation\visualizations\patient_438_Lateral_viz.jpg,2,0.602,PSEUDO_LABEL,False
439,AP,d:\LUMOS\processed\preprocessed_images\patient_439\AP.png,D:\LUMOS\processed\segmentation\pseudo_labels\patient_439_AP_mask.png,D:\LUMOS\processed\segmentation\visualizations\patient_439_AP_viz.jpg,0,1.279,PSEUDO_LABEL,False
439,Lateral,d:\LUMOS\processed\preprocessed_images\patient_439\Lateral.png,D:\LUMOS\processed\segmentation\pseudo_labels\patient_439_Lateral_mask.png,D:\LUMOS\processed\segmentation\visualizations\patient_439_Lateral_viz.jpg,0,1.279,PSEUDO_LABEL,False
440,AP,d:\LUMOS\processed\preprocessed_images\patient_440\AP.png,D:\LUMOS\processed\segmentation\pseudo_labels\patient_440_AP_mask.png,D:\LUMOS\processed\segmentation\visualizations\patient_440_AP_viz.jpg,1,0.99,PSEUDO_LABEL,False
440,Lateral,d:\LUMOS\processed\preprocessed_images\patient_440\Lateral.png,D:\LUMOS\processed\segmentation\pseudo_labels\patient_440_Lateral_mask.png,D:\LUMOS\processed\segmentation\visualizations\patient_440_Lateral_viz.jpg,1,0.99,PSEUDO_LABEL,False
441,AP,d:\LUMOS\processed\preprocessed_images\patient_441\AP.png,D:\LUMOS\processed\segmentation\pseudo_labels\patient_441_AP_mask.png,D:\LUMOS\processed\segmentation\visualizations\patient_441_AP_viz.jpg,1,0.823,PSEUDO_LABEL,False
441,Lateral,d:\LUMOS\processed\preprocessed_images\patient_441\Lateral.png,D:\LUMOS\processed\segmentation\pseudo_labels\patient_441_Lateral_mask.png,D:\LUMOS\processed\segmentation\visualizations\patient_441_Lateral_viz.jpg,1,0.823,PSEUDO_LABEL,False
443,AP,d:\LUMOS\processed\preprocessed_images\patient_443\AP.png,D:\LUMOS\processed\segmentation\pseudo_labels\patient_443_AP_mask.png,D:\LUMOS\processed\segmentation\visualizations\patient_443_AP_viz.jpg,1,0.879,PSEUDO_LABEL,False
443,Lateral,d:\LUMOS\processed\preprocessed_images\patient_443\Lateral.png,D:\LUMOS\processed\segmentation\pseudo_labels\patient_443_Lateral_mask.png,D:\LUMOS\processed\segmentation\visualizations\patient_443_Lateral_viz.jpg,1,0.879,PSEUDO_LABEL,False
444,AP,d:\LUMOS\processed\preprocessed_images\patient_444\AP.png,D:\LUMOS\processed\segmentation\pseudo_labels\patient_444_AP_mask.png,D:\LUMOS\processed\segmentation\visualizations\patient_444_AP_viz.jpg,0,1.507,PSEUDO_LABEL,False
444,Lateral,d:\LUMOS\processed\preprocessed_images\patient_444\Lateral.png,D:\LUMOS\processed\segmentation\pseudo_labels\patient_444_Lateral_mask.png,D:\LUMOS\processed\segmentation\visualizations\patient_444_Lateral_viz.jpg,0,1.507,PSEUDO_LABEL,False
445,AP,d:\LUMOS\processed\preprocessed_images\patient_445\AP.png,D:\LUMOS\processed\segmentation\pseudo_labels\patient_445_AP_mask.png,D:\LUMOS\processed\segmentation\visualizations\patient_445_AP_viz.jpg,1,0.86,PSEUDO_LABEL,False
445,Lateral,d:\LUMOS\processed\preprocessed_images\patient_445\Lateral.png,D:\LUMOS\processed\segmentation\pseudo_labels\patient_445_Lateral_mask.png,D:\LUMOS\processed\segmentation\visualizations\patient_445_Lateral_viz.jpg,1,0.86,PSEUDO_LABEL,False
446,AP,d:\LUMOS\processed\preprocessed_images\patient_446\AP.png,D:\LUMOS\processed\segmentation\pseudo_labels\patient_446_AP_mask.png,D:\LUMOS\processed\segmentation\visualizations\patient_446_AP_viz.jpg,1,0.941,PSEUDO_LABEL,False
446,Lateral,d:\LUMOS\processed\preprocessed_images\patient_446\Lateral.png,D:\LUMOS\processed\segmentation\pseudo_labels\patient_446_Lateral_mask.png,D:\LUMOS\processed\segmentation\visualizations\patient_446_Lateral_viz.jpg,1,0.941,PSEUDO_LABEL,False
447,AP,d:\LUMOS\processed\preprocessed_images\patient_447\AP.png,D:\LUMOS\processed\segmentation\pseudo_labels\patient_447_AP_mask.png,D:\LUMOS\processed\segmentation\visualizations\patient_447_AP_viz.jpg,0,1.206,PSEUDO_LABEL,False
447,Lateral,d:\LUMOS\processed\preprocessed_images\patient_447\Lateral.png,D:\LUMOS\processed\segmentation\pseudo_labels\patient_447_Lateral_mask.png,D:\LUMOS\processed\segmentation\visualizations\patient_447_Lateral_viz.jpg,0,1.206,PSEUDO_LABEL,False
448,AP,d:\LUMOS\processed\preprocessed_images\patient_448\AP.png,D:\LUMOS\processed\segmentation\pseudo_labels\patient_448_AP_mask.png,D:\LUMOS\processed\segmentation\visualizations\patient_448_AP_viz.jpg,0,1.03,PSEUDO_LABEL,False
448,Lateral,d:\LUMOS\processed\preprocessed_images\patient_448\Lateral.png,D:\LUMOS\processed\segmentation\pseudo_labels\patient_448_Lateral_mask.png,D:\LUMOS\processed\segmentation\visualizations\patient_448_Lateral_viz.jpg,0,1.03,PSEUDO_LABEL,False
449,AP,d:\LUMOS\processed\preprocessed_images\patient_449\AP.png,D:\LUMOS\processed\segmentation\pseudo_labels\patient_449_AP_mask.png,D:\LUMOS\processed\segmentation\visualizations\patient_449_AP_viz.jpg,0,1.009,PSEUDO_LABEL,False
449,Lateral,d:\LUMOS\processed\preprocessed_images\patient_449\Lateral.png,D:\LUMOS\processed\segmentation\pseudo_labels\patient_449_Lateral_mask.png,D:\LUMOS\processed\segmentation\visualizations\patient_449_Lateral_viz.jpg,0,1.009,PSEUDO_LABEL,False
450,AP,d:\LUMOS\processed\preprocessed_images\patient_450\AP.png,D:\LUMOS\processed\segmentation\pseudo_labels\patient_450_AP_mask.png,D:\LUMOS\processed\segmentation\visualizations\patient_450_AP_viz.jpg,1,0.878,PSEUDO_LABEL,False
450,Lateral,d:\LUMOS\processed\preprocessed_images\patient_450\Lateral.png,D:\LUMOS\processed\segmentation\pseudo_labels\patient_450_Lateral_mask.png,D:\LUMOS\processed\segmentation\visualizations\patient_450_Lateral_viz.jpg,1,0.878,PSEUDO_LABEL,False
451,AP,d:\LUMOS\processed\preprocessed_images\patient_451\AP.png,D:\LUMOS\processed\segmentation\pseudo_labels\patient_451_AP_mask.png,D:\LUMOS\processed\segmentation\visualizations\patient_451_AP_viz.jpg,1,0.991,PSEUDO_LABEL,False
451,Lateral,d:\LUMOS\processed\preprocessed_images\patient_451\Lateral.png,D:\LUMOS\processed\segmentation\pseudo_labels\patient_451_Lateral_mask.png,D:\LUMOS\processed\segmentation\visualizations\patient_451_Lateral_viz.jpg,1,0.991,PSEUDO_LABEL,False
452,AP,d:\LUMOS\processed\preprocessed_images\patient_452\AP.png,D:\LUMOS\processed\segmentation\pseudo_labels\patient_452_AP_mask.png,D:\LUMOS\processed\segmentation\visualizations\patient_452_AP_viz.jpg,0,1.047,PSEUDO_LABEL,False
452,Lateral,d:\LUMOS\processed\preprocessed_images\patient_452\Lateral.png,D:\LUMOS\processed\segmentation\pseudo_labels\patient_452_Lateral_mask.png,D:\LUMOS\processed\segmentation\visualizations\patient_452_Lateral_viz.jpg,0,1.047,PSEUDO_LABEL,False
453,AP,d:\LUMOS\processed\preprocessed_images\patient_453\AP.png,D:\LUMOS\processed\segmentation\pseudo_labels\patient_453_AP_mask.png,D:\LUMOS\processed\segmentation\visualizations\patient_453_AP_viz.jpg,1,0.89,PSEUDO_LABEL,False
453,Lateral,d:\LUMOS\processed\preprocessed_images\patient_453\Lateral.png,D:\LUMOS\processed\segmentation\pseudo_labels\patient_453_Lateral_mask.png,D:\LUMOS\processed\segmentation\visualizations\patient_453_Lateral_viz.jpg,1,0.89,PSEUDO_LABEL,False
454,AP,d:\LUMOS\processed\preprocessed_images\patient_454\AP.png,D:\LUMOS\processed\segmentation\pseudo_labels\patient_454_AP_mask.png,D:\LUMOS\processed\segmentation\visualizations\patient_454_AP_viz.jpg,2,0.737,PSEUDO_LABEL,False
454,Lateral,d:\LUMOS\processed\preprocessed_images\patient_454\Lateral.png,D:\LUMOS\processed\segmentation\pseudo_labels\patient_454_Lateral_mask.png,D:\LUMOS\processed\segmentation\visualizations\patient_454_Lateral_viz.jpg,2,0.737,PSEUDO_LABEL,False
455,AP,d:\LUMOS\processed\preprocessed_images\patient_455\AP.png,D:\LUMOS\processed\segmentation\pseudo_labels\patient_455_AP_mask.png,D:\LUMOS\processed\segmentation\visualizations\patient_455_AP_viz.jpg,0,1.456,PSEUDO_LABEL,False
455,Lateral,d:\LUMOS\processed\preprocessed_images\patient_455\Lateral.png,D:\LUMOS\processed\segmentation\pseudo_labels\patient_455_Lateral_mask.png,D:\LUMOS\processed\segmentation\visualizations\patient_455_Lateral_viz.jpg,0,1.456,PSEUDO_LABEL,False
456,AP,d:\LUMOS\processed\preprocessed_images\patient_456\AP.png,D:\LUMOS\processed\segmentation\pseudo_labels\patient_456_AP_mask.png,D:\LUMOS\processed\segmentation\visualizations\patient_456_AP_viz.jpg,1,0.842,PSEUDO_LABEL,False
456,Lateral,d:\LUMOS\processed\preprocessed_images\patient_456\Lateral.png,D:\LUMOS\processed\segmentation\pseudo_labels\patient_456_Lateral_mask.png,D:\LUMOS\processed\segmentation\visualizations\patient_456_Lateral_viz.jpg,1,0.842,PSEUDO_LABEL,False
457,AP,d:\LUMOS\processed\preprocessed_images\patient_457\AP.png,D:\LUMOS\processed\segmentation\pseudo_labels\patient_457_AP_mask.png,D:\LUMOS\processed\segmentation\visualizations\patient_457_AP_viz.jpg,1,0.9,PSEUDO_LABEL,False
457,Lateral,d:\LUMOS\processed\preprocessed_images\patient_457\Lateral.png,D:\LUMOS\processed\segmentation\pseudo_labels\patient_457_Lateral_mask.png,D:\LUMOS\processed\segmentation\visualizations\patient_457_Lateral_viz.jpg,1,0.9,PSEUDO_LABEL,False
458,AP,d:\LUMOS\processed\preprocessed_images\patient_458\AP.png,D:\LUMOS\processed\segmentation\pseudo_labels\patient_458_AP_mask.png,D:\LUMOS\processed\segmentation\visualizations\patient_458_AP_viz.jpg,1,0.982,PSEUDO_LABEL,False
458,Lateral,d:\LUMOS\processed\preprocessed_images\patient_458\Lateral.png,D:\LUMOS\processed\segmentation\pseudo_labels\patient_458_Lateral_mask.png,D:\LUMOS\processed\segmentation\visualizations\patient_458_Lateral_viz.jpg,1,0.982,PSEUDO_LABEL,False
459,AP,d:\LUMOS\processed\preprocessed_images\patient_459\AP.png,D:\LUMOS\processed\segmentation\pseudo_labels\patient_459_AP_mask.png,D:\LUMOS\processed\segmentation\visualizations\patient_459_AP_viz.jpg,0,1.399,PSEUDO_LABEL,False
459,Lateral,d:\LUMOS\processed\preprocessed_images\patient_459\Lateral.png,D:\LUMOS\processed\segmentation\pseudo_labels\patient_459_Lateral_mask.png,D:\LUMOS\processed\segmentation\visualizations\patient_459_Lateral_viz.jpg,0,1.399,PSEUDO_LABEL,False
460,AP,d:\LUMOS\processed\preprocessed_images\patient_460\AP.png,D:\LUMOS\processed\segmentation\pseudo_labels\patient_460_AP_mask.png,D:\LUMOS\processed\segmentation\visualizations\patient_460_AP_viz.jpg,1,0.845,PSEUDO_LABEL,False
460,Lateral,d:\LUMOS\processed\preprocessed_images\patient_460\Lateral.png,D:\LUMOS\processed\segmentation\pseudo_labels\patient_460_Lateral_mask.png,D:\LUMOS\processed\segmentation\visualizations\patient_460_Lateral_viz.jpg,1,0.845,PSEUDO_LABEL,False
461,AP,d:\LUMOS\processed\preprocessed_images\patient_461\AP.png,D:\LUMOS\processed\segmentation\pseudo_labels\patient_461_AP_mask.png,D:\LUMOS\processed\segmentation\visualizations\patient_461_AP_viz.jpg,2,0.795,PSEUDO_LABEL,False
461,Lateral,d:\LUMOS\processed\preprocessed_images\patient_461\Lateral.png,D:\LUMOS\processed\segmentation\pseudo_labels\patient_461_Lateral_mask.png,D:\LUMOS\processed\segmentation\visualizations\patient_461_Lateral_viz.jpg,2,0.795,PSEUDO_LABEL,False
462,AP,d:\LUMOS\processed\preprocessed_images\patient_462\AP.png,D:\LUMOS\processed\segmentation\pseudo_labels\patient_462_AP_mask.png,D:\LUMOS\processed\segmentation\visualizations\patient_462_AP_viz.jpg,0,1.169,PSEUDO_LABEL,False
462,Lateral,d:\LUMOS\processed\preprocessed_images\patient_462\Lateral.png,D:\LUMOS\processed\segmentation\pseudo_labels\patient_462_Lateral_mask.png,D:\LUMOS\processed\segmentation\visualizations\patient_462_Lateral_viz.jpg,0,1.169,PSEUDO_LABEL,False
463,AP,d:\LUMOS\processed\preprocessed_images\patient_463\AP.png,D:\LUMOS\processed\segmentation\pseudo_labels\patient_463_AP_mask.png,D:\LUMOS\processed\segmentation\visualizations\patient_463_AP_viz.jpg,1,0.853773584905661,PSEUDO_LABEL,False
463,Lateral,d:\LUMOS\processed\preprocessed_images\patient_463\Lateral.png,D:\LUMOS\processed\segmentation\pseudo_labels\patient_463_Lateral_mask.png,D:\LUMOS\processed\segmentation\visualizations\patient_463_Lateral_viz.jpg,1,0.853773584905661,PSEUDO_LABEL,False
464,AP,d:\LUMOS\processed\preprocessed_images\patient_464\AP.png,D:\LUMOS\processed\segmentation\pseudo_labels\patient_464_AP_mask.png,D:\LUMOS\processed\segmentation\visualizations\patient_464_AP_viz.jpg,2,0.626,PSEUDO_LABEL,False
464,Lateral,d:\LUMOS\processed\preprocessed_images\patient_464\Lateral.png,D:\LUMOS\processed\segmentation\pseudo_labels\patient_464_Lateral_mask.png,D:\LUMOS\processed\segmentation\visualizations\patient_464_Lateral_viz.jpg,2,0.626,PSEUDO_LABEL,False
465,AP,d:\LUMOS\processed\preprocessed_images\patient_465\AP.png,D:\LUMOS\processed\segmentation\pseudo_labels\patient_465_AP_mask.png,D:\LUMOS\processed\segmentation\visualizations\patient_465_AP_viz.jpg,1,0.9,PSEUDO_LABEL,False
465,Lateral,d:\LUMOS\processed\preprocessed_images\patient_465\Lateral.png,D:\LUMOS\processed\segmentation\pseudo_labels\patient_465_Lateral_mask.png,D:\LUMOS\processed\segmentation\visualizations\patient_465_Lateral_viz.jpg,1,0.9,PSEUDO_LABEL,False
466,AP,d:\LUMOS\processed\preprocessed_images\patient_466\AP.png,D:\LUMOS\processed\segmentation\pseudo_labels\patient_466_AP_mask.png,D:\LUMOS\processed\segmentation\visualizations\patient_466_AP_viz.jpg,1,0.975,PSEUDO_LABEL,False
466,Lateral,d:\LUMOS\processed\preprocessed_images\patient_466\Lateral.png,D:\LUMOS\processed\segmentation\pseudo_labels\patient_466_Lateral_mask.png,D:\LUMOS\processed\segmentation\visualizations\patient_466_Lateral_viz.jpg,1,0.975,PSEUDO_LABEL,False
467,AP,d:\LUMOS\processed\preprocessed_images\patient_467\AP.png,D:\LUMOS\processed\segmentation\pseudo_labels\patient_467_AP_mask.png,D:\LUMOS\processed\segmentation\visualizations\patient_467_AP_viz.jpg,1,0.978,PSEUDO_LABEL,False
467,Lateral,d:\LUMOS\processed\preprocessed_images\patient_467\Lateral.png,D:\LUMOS\processed\segmentation\pseudo_labels\patient_467_Lateral_mask.png,D:\LUMOS\processed\segmentation\visualizations\patient_467_Lateral_viz.jpg,1,0.978,PSEUDO_LABEL,False
468,AP,d:\LUMOS\processed\preprocessed_images\patient_468\AP.png,D:\LUMOS\processed\segmentation\pseudo_labels\patient_468_AP_mask.png,D:\LUMOS\processed\segmentation\visualizations\patient_468_AP_viz.jpg,0,0.997,PSEUDO_LABEL,False
468,Lateral,d:\LUMOS\processed\preprocessed_images\patient_468\Lateral.png,D:\LUMOS\processed\segmentation\pseudo_labels\patient_468_Lateral_mask.png,D:\LUMOS\processed\segmentation\visualizations\patient_468_Lateral_viz.jpg,0,0.997,PSEUDO_LABEL,False
469,AP,d:\LUMOS\processed\preprocessed_images\patient_469\AP.png,D:\LUMOS\processed\segmentation\pseudo_labels\patient_469_AP_mask.png,D:\LUMOS\processed\segmentation\visualizations\patient_469_AP_viz.jpg,2,0.652,PSEUDO_LABEL,False
469,Lateral,d:\LUMOS\processed\preprocessed_images\patient_469\Lateral.png,D:\LUMOS\processed\segmentation\pseudo_labels\patient_469_Lateral_mask.png,D:\LUMOS\processed\segmentation\visualizations\patient_469_Lateral_viz.jpg,2,0.652,PSEUDO_LABEL,False
470,AP,d:\LUMOS\processed\preprocessed_images\patient_470\AP.png,D:\LUMOS\processed\segmentation\pseudo_labels\patient_470_AP_mask.png,D:\LUMOS\processed\segmentation\visualizations\patient_470_AP_viz.jpg,0,1.37248701152022,PSEUDO_LABEL,False
470,Lateral,d:\LUMOS\processed\preprocessed_images\patient_470\Lateral.png,D:\LUMOS\processed\segmentation\pseudo_labels\patient_470_Lateral_mask.png,D:\LUMOS\processed\segmentation\visualizations\patient_470_Lateral_viz.jpg,0,1.37248701152022,PSEUDO_LABEL,False
471,AP,d:\LUMOS\processed\preprocessed_images\patient_471\AP.png,D:\LUMOS\processed\segmentation\pseudo_labels\patient_471_AP_mask.png,D:\LUMOS\processed\segmentation\visualizations\patient_471_AP_viz.jpg,0,1.186,PSEUDO_LABEL,False
471,Lateral,d:\LUMOS\processed\preprocessed_images\patient_471\Lateral.png,D:\LUMOS\processed\segmentation\pseudo_labels\patient_471_Lateral_mask.png,D:\LUMOS\processed\segmentation\visualizations\patient_471_Lateral_viz.jpg,0,1.186,PSEUDO_LABEL,False
472,AP,d:\LUMOS\processed\preprocessed_images\patient_472\AP.png,D:\LUMOS\processed\segmentation\pseudo_labels\patient_472_AP_mask.png,D:\LUMOS\processed\segmentation\visualizations\patient_472_AP_viz.jpg,2,0.799,PSEUDO_LABEL,False
472,Lateral,d:\LUMOS\processed\preprocessed_images\patient_472\Lateral.png,D:\LUMOS\processed\segmentation\pseudo_labels\patient_472_Lateral_mask.png,D:\LUMOS\processed\segmentation\visualizations\patient_472_Lateral_viz.jpg,2,0.799,PSEUDO_LABEL,False
473,AP,d:\LUMOS\processed\preprocessed_images\patient_473\AP.png,D:\LUMOS\processed\segmentation\pseudo_labels\patient_473_AP_mask.png,D:\LUMOS\processed\segmentation\visualizations\patient_473_AP_viz.jpg,2,0.797,PSEUDO_LABEL,False
473,Lateral,d:\LUMOS\processed\preprocessed_images\patient_473\Lateral.png,D:\LUMOS\processed\segmentation\pseudo_labels\patient_473_Lateral_mask.png,D:\LUMOS\processed\segmentation\visualizations\patient_473_Lateral_viz.jpg,2,0.797,PSEUDO_LABEL,False
474,AP,d:\LUMOS\processed\preprocessed_images\patient_474\AP.png,D:\LUMOS\processed\segmentation\pseudo_labels\patient_474_AP_mask.png,D:\LUMOS\processed\segmentation\visualizations\patient_474_AP_viz.jpg,0,1.093,PSEUDO_LABEL,False
474,Lateral,d:\LUMOS\processed\preprocessed_images\patient_474\Lateral.png,D:\LUMOS\processed\segmentation\pseudo_labels\patient_474_Lateral_mask.png,D:\LUMOS\processed\segmentation\visualizations\patient_474_Lateral_viz.jpg,0,1.093,PSEUDO_LABEL,False
475,AP,d:\LUMOS\processed\preprocessed_images\patient_475\AP.png,D:\LUMOS\processed\segmentation\pseudo_labels\patient_475_AP_mask.png,D:\LUMOS\processed\segmentation\visualizations\patient_475_AP_viz.jpg,1,0.928,PSEUDO_LABEL,False
475,Lateral,d:\LUMOS\processed\preprocessed_images\patient_475\Lateral.png,D:\LUMOS\processed\segmentation\pseudo_labels\patient_475_Lateral_mask.png,D:\LUMOS\processed\segmentation\visualizations\patient_475_Lateral_viz.jpg,1,0.928,PSEUDO_LABEL,False
476,AP,d:\LUMOS\processed\preprocessed_images\patient_476\AP.png,D:\LUMOS\processed\segmentation\pseudo_labels\patient_476_AP_mask.png,D:\LUMOS\processed\segmentation\visualizations\patient_476_AP_viz.jpg,1,0.879,PSEUDO_LABEL,False
476,Lateral,d:\LUMOS\processed\preprocessed_images\patient_476\Lateral.png,D:\LUMOS\processed\segmentation\pseudo_labels\patient_476_Lateral_mask.png,D:\LUMOS\processed\segmentation\visualizations\patient_476_Lateral_viz.jpg,1,0.879,PSEUDO_LABEL,False
477,AP,d:\LUMOS\processed\preprocessed_images\patient_477\AP.png,D:\LUMOS\processed\segmentation\pseudo_labels\patient_477_AP_mask.png,D:\LUMOS\processed\segmentation\visualizations\patient_477_AP_viz.jpg,2,0.701,PSEUDO_LABEL,False
477,Lateral,d:\LUMOS\processed\preprocessed_images\patient_477\Lateral.png,D:\LUMOS\processed\segmentation\pseudo_labels\patient_477_Lateral_mask.png,D:\LUMOS\processed\segmentation\visualizations\patient_477_Lateral_viz.jpg,2,0.701,PSEUDO_LABEL,False
478,AP,d:\LUMOS\processed\preprocessed_images\patient_478\AP.png,D:\LUMOS\processed\segmentation\pseudo_labels\patient_478_AP_mask.png,D:\LUMOS\processed\segmentation\visualizations\patient_478_AP_viz.jpg,0,1.491,PSEUDO_LABEL,False
478,Lateral,d:\LUMOS\processed\preprocessed_images\patient_478\Lateral.png,D:\LUMOS\processed\segmentation\pseudo_labels\patient_478_Lateral_mask.png,D:\LUMOS\processed\segmentation\visualizations\patient_478_Lateral_viz.jpg,0,1.491,PSEUDO_LABEL,False
479,AP,d:\LUMOS\processed\preprocessed_images\patient_479\AP.png,D:\LUMOS\processed\segmentation\pseudo_labels\patient_479_AP_mask.png,D:\LUMOS\processed\segmentation\visualizations\patient_479_AP_viz.jpg,1,0.88,PSEUDO_LABEL,False
479,Lateral,d:\LUMOS\processed\preprocessed_images\patient_479\Lateral.png,D:\LUMOS\processed\segmentation\pseudo_labels\patient_479_Lateral_mask.png,D:\LUMOS\processed\segmentation\visualizations\patient_479_Lateral_viz.jpg,1,0.88,PSEUDO_LABEL,False
480,AP,d:\LUMOS\processed\preprocessed_images\patient_480\AP.png,D:\LUMOS\processed\segmentation\pseudo_labels\patient_480_AP_mask.png,D:\LUMOS\processed\segmentation\visualizations\patient_480_AP_viz.jpg,1,0.845,PSEUDO_LABEL,False
480,Lateral,d:\LUMOS\processed\preprocessed_images\patient_480\Lateral.png,D:\LUMOS\processed\segmentation\pseudo_labels\patient_480_Lateral_mask.png,D:\LUMOS\processed\segmentation\visualizations\patient_480_Lateral_viz.jpg,1,0.845,PSEUDO_LABEL,False
481,AP,d:\LUMOS\processed\preprocessed_images\patient_481\AP.png,D:\LUMOS\processed\segmentation\pseudo_labels\patient_481_AP_mask.png,D:\LUMOS\processed\segmentation\visualizations\patient_481_AP_viz.jpg,0,1.087,PSEUDO_LABEL,False
481,Lateral,d:\LUMOS\processed\preprocessed_images\patient_481\Lateral.png,D:\LUMOS\processed\segmentation\pseudo_labels\patient_481_Lateral_mask.png,D:\LUMOS\processed\segmentation\visualizations\patient_481_Lateral_viz.jpg,0,1.087,PSEUDO_LABEL,False
482,AP,d:\LUMOS\processed\preprocessed_images\patient_482\AP.png,D:\LUMOS\processed\segmentation\pseudo_labels\patient_482_AP_mask.png,D:\LUMOS\processed\segmentation\visualizations\patient_482_AP_viz.jpg,1,0.916,PSEUDO_LABEL,False
482,Lateral,d:\LUMOS\processed\preprocessed_images\patient_482\Lateral.png,D:\LUMOS\processed\segmentation\pseudo_labels\patient_482_Lateral_mask.png,D:\LUMOS\processed\segmentation\visualizations\patient_482_Lateral_viz.jpg,1,0.916,PSEUDO_LABEL,False
483,AP,d:\LUMOS\processed\preprocessed_images\patient_483\AP.png,D:\LUMOS\processed\segmentation\pseudo_labels\patient_483_AP_mask.png,D:\LUMOS\processed\segmentation\visualizations\patient_483_AP_viz.jpg,0,1.038,PSEUDO_LABEL,False
483,Lateral,d:\LUMOS\processed\preprocessed_images\patient_483\Lateral.png,D:\LUMOS\processed\segmentation\pseudo_labels\patient_483_Lateral_mask.png,D:\LUMOS\processed\segmentation\visualizations\patient_483_Lateral_viz.jpg,0,1.038,PSEUDO_LABEL,False
484,AP,d:\LUMOS\processed\preprocessed_images\patient_484\AP.png,D:\LUMOS\processed\segmentation\pseudo_labels\patient_484_AP_mask.png,D:\LUMOS\processed\segmentation\visualizations\patient_484_AP_viz.jpg,2,0.587,PSEUDO_LABEL,False
484,Lateral,d:\LUMOS\processed\preprocessed_images\patient_484\Lateral.png,D:\LUMOS\processed\segmentation\pseudo_labels\patient_484_Lateral_mask.png,D:\LUMOS\processed\segmentation\visualizations\patient_484_Lateral_viz.jpg,2,0.587,PSEUDO_LABEL,False
485,AP,d:\LUMOS\processed\preprocessed_images\patient_485\AP.png,D:\LUMOS\processed\segmentation\pseudo_labels\patient_485_AP_mask.png,D:\LUMOS\processed\segmentation\visualizations\patient_485_AP_viz.jpg,2,0.669,PSEUDO_LABEL,False
485,Lateral,d:\LUMOS\processed\preprocessed_images\patient_485\Lateral.png,D:\LUMOS\processed\segmentation\pseudo_labels\patient_485_Lateral_mask.png,D:\LUMOS\processed\segmentation\visualizations\patient_485_Lateral_viz.jpg,2,0.669,PSEUDO_LABEL,False
486,AP,d:\LUMOS\processed\preprocessed_images\patient_486\AP.png,D:\LUMOS\processed\segmentation\pseudo_labels\patient_486_AP_mask.png,D:\LUMOS\processed\segmentation\visualizations\patient_486_AP_viz.jpg,1,0.868,PSEUDO_LABEL,False
486,Lateral,d:\LUMOS\processed\preprocessed_images\patient_486\Lateral.png,D:\LUMOS\processed\segmentation\pseudo_labels\patient_486_Lateral_mask.png,D:\LUMOS\processed\segmentation\visualizations\patient_486_Lateral_viz.jpg,1,0.868,PSEUDO_LABEL,False
487,AP,d:\LUMOS\processed\preprocessed_images\patient_487\AP.png,D:\LUMOS\processed\segmentation\pseudo_labels\patient_487_AP_mask.png,D:\LUMOS\processed\segmentation\visualizations\patient_487_AP_viz.jpg,0,1.16770990718757,PSEUDO_LABEL,False
487,Lateral,d:\LUMOS\processed\preprocessed_images\patient_487\Lateral.png,D:\LUMOS\processed\segmentation\pseudo_labels\patient_487_Lateral_mask.png,D:\LUMOS\processed\segmentation\visualizations\patient_487_Lateral_viz.jpg,0,1.16770990718757,PSEUDO_LABEL,False
488,AP,d:\LUMOS\processed\preprocessed_images\patient_488\AP.png,D:\LUMOS\processed\segmentation\pseudo_labels\patient_488_AP_mask.png,D:\LUMOS\processed\segmentation\visualizations\patient_488_AP_viz.jpg,1,0.881,PSEUDO_LABEL,False
488,Lateral,d:\LUMOS\processed\preprocessed_images\patient_488\Lateral.png,D:\LUMOS\processed\segmentation\pseudo_labels\patient_488_Lateral_mask.png,D:\LUMOS\processed\segmentation\visualizations\patient_488_Lateral_viz.jpg,1,0.881,PSEUDO_LABEL,False
489,AP,d:\LUMOS\processed\preprocessed_images\patient_489\AP.png,D:\LUMOS\processed\segmentation\pseudo_labels\patient_489_AP_mask.png,D:\LUMOS\processed\segmentation\visualizations\patient_489_AP_viz.jpg,1,0.819082672706682,PSEUDO_LABEL,False
489,Lateral,d:\LUMOS\processed\preprocessed_images\patient_489\Lateral.png,D:\LUMOS\processed\segmentation\pseudo_labels\patient_489_Lateral_mask.png,D:\LUMOS\processed\segmentation\visualizations\patient_489_Lateral_viz.jpg,1,0.819082672706682,PSEUDO_LABEL,False
490,AP,d:\LUMOS\processed\preprocessed_images\patient_490\AP.png,D:\LUMOS\processed\segmentation\pseudo_labels\patient_490_AP_mask.png,D:\LUMOS\processed\segmentation\visualizations\patient_490_AP_viz.jpg,1,0.961,PSEUDO_LABEL,False
490,Lateral,d:\LUMOS\processed\preprocessed_images\patient_490\Lateral.png,D:\LUMOS\processed\segmentation\pseudo_labels\patient_490_Lateral_mask.png,D:\LUMOS\processed\segmentation\visualizations\patient_490_Lateral_viz.jpg,1,0.961,PSEUDO_LABEL,False
491,AP,d:\LUMOS\processed\preprocessed_images\patient_491\AP.png,D:\LUMOS\processed\segmentation\pseudo_labels\patient_491_AP_mask.png,D:\LUMOS\processed\segmentation\visualizations\patient_491_AP_viz.jpg,0,1.22,PSEUDO_LABEL,False
491,Lateral,d:\LUMOS\processed\preprocessed_images\patient_491\Lateral.png,D:\LUMOS\processed\segmentation\pseudo_labels\patient_491_Lateral_mask.png,D:\LUMOS\processed\segmentation\visualizations\patient_491_Lateral_viz.jpg,0,1.22,PSEUDO_LABEL,False
492,AP,d:\LUMOS\processed\preprocessed_images\patient_492\AP.png,D:\LUMOS\processed\segmentation\pseudo_labels\patient_492_AP_mask.png,D:\LUMOS\processed\segmentation\visualizations\patient_492_AP_viz.jpg,2,0.681029952706253,PSEUDO_LABEL,False
492,Lateral,d:\LUMOS\processed\preprocessed_images\patient_492\Lateral.png,D:\LUMOS\processed\segmentation\pseudo_labels\patient_492_Lateral_mask.png,D:\LUMOS\processed\segmentation\visualizations\patient_492_Lateral_viz.jpg,2,0.681029952706253,PSEUDO_LABEL,False
493,AP,d:\LUMOS\processed\preprocessed_images\patient_493\AP.png,D:\LUMOS\processed\segmentation\pseudo_labels\patient_493_AP_mask.png,D:\LUMOS\processed\segmentation\visualizations\patient_493_AP_viz.jpg,1,0.977,PSEUDO_LABEL,False
493,Lateral,d:\LUMOS\processed\preprocessed_images\patient_493\Lateral.png,D:\LUMOS\processed\segmentation\pseudo_labels\patient_493_Lateral_mask.png,D:\LUMOS\processed\segmentation\visualizations\patient_493_Lateral_viz.jpg,1,0.977,PSEUDO_LABEL,False
494,AP,d:\LUMOS\processed\preprocessed_images\patient_494\AP.png,D:\LUMOS\processed\segmentation\pseudo_labels\patient_494_AP_mask.png,D:\LUMOS\processed\segmentation\visualizations\patient_494_AP_viz.jpg,2,0.737,PSEUDO_LABEL,False
494,Lateral,d:\LUMOS\processed\preprocessed_images\patient_494\Lateral.png,D:\LUMOS\processed\segmentation\pseudo_labels\patient_494_Lateral_mask.png,D:\LUMOS\processed\segmentation\visualizations\patient_494_Lateral_viz.jpg,2,0.737,PSEUDO_LABEL,False
495,AP,d:\LUMOS\processed\preprocessed_images\patient_495\AP.png,D:\LUMOS\processed\segmentation\pseudo_labels\patient_495_AP_mask.png,D:\LUMOS\processed\segmentation\visualizations\patient_495_AP_viz.jpg,2,0.705,PSEUDO_LABEL,False
495,Lateral,d:\LUMOS\processed\preprocessed_images\patient_495\Lateral.png,D:\LUMOS\processed\segmentation\pseudo_labels\patient_495_Lateral_mask.png,D:\LUMOS\processed\segmentation\visualizations\patient_495_Lateral_viz.jpg,2,0.705,PSEUDO_LABEL,False
496,AP,d:\LUMOS\processed\preprocessed_images\patient_496\AP.png,D:\LUMOS\processed\segmentation\pseudo_labels\patient_496_AP_mask.png,D:\LUMOS\processed\segmentation\visualizations\patient_496_AP_viz.jpg,0,1.233,PSEUDO_LABEL,False
496,Lateral,d:\LUMOS\processed\preprocessed_images\patient_496\Lateral.png,D:\LUMOS\processed\segmentation\pseudo_labels\patient_496_Lateral_mask.png,D:\LUMOS\processed\segmentation\visualizations\patient_496_Lateral_viz.jpg,0,1.233,PSEUDO_LABEL,False
497,AP,d:\LUMOS\processed\preprocessed_images\patient_497\AP.png,D:\LUMOS\processed\segmentation\pseudo_labels\patient_497_AP_mask.png,D:\LUMOS\processed\segmentation\visualizations\patient_497_AP_viz.jpg,1,0.933,PSEUDO_LABEL,False
497,Lateral,d:\LUMOS\processed\preprocessed_images\patient_497\Lateral.png,D:\LUMOS\processed\segmentation\pseudo_labels\patient_497_Lateral_mask.png,D:\LUMOS\processed\segmentation\visualizations\patient_497_Lateral_viz.jpg,1,0.933,PSEUDO_LABEL,False
498,AP,d:\LUMOS\processed\preprocessed_images\patient_498\AP.png,D:\LUMOS\processed\segmentation\pseudo_labels\patient_498_AP_mask.png,D:\LUMOS\processed\segmentation\visualizations\patient_498_AP_viz.jpg,0,1.96475607493971,PSEUDO_LABEL,False
498,Lateral,d:\LUMOS\processed\preprocessed_images\patient_498\Lateral.png,D:\LUMOS\processed\segmentation\pseudo_labels\patient_498_Lateral_mask.png,D:\LUMOS\processed\segmentation\visualizations\patient_498_Lateral_viz.jpg,0,1.96475607493971,PSEUDO_LABEL,False
499,AP,d:\LUMOS\processed\preprocessed_images\patient_499\AP.png,D:\LUMOS\processed\segmentation\pseudo_labels\patient_499_AP_mask.png,D:\LUMOS\processed\segmentation\visualizations\patient_499_AP_viz.jpg,2,0.671,PSEUDO_LABEL,False
499,Lateral,d:\LUMOS\processed\preprocessed_images\patient_499\Lateral.png,D:\LUMOS\processed\segmentation\pseudo_labels\patient_499_Lateral_mask.png,D:\LUMOS\processed\segmentation\visualizations\patient_499_Lateral_viz.jpg,2,0.671,PSEUDO_LABEL,False
500,AP,d:\LUMOS\processed\preprocessed_images\patient_500\AP.png,D:\LUMOS\processed\segmentation\pseudo_labels\patient_500_AP_mask.png,D:\LUMOS\processed\segmentation\visualizations\patient_500_AP_viz.jpg,2,0.617,PSEUDO_LABEL,False
500,Lateral,d:\LUMOS\processed\preprocessed_images\patient_500\Lateral.png,D:\LUMOS\processed\segmentation\pseudo_labels\patient_500_Lateral_mask.png,D:\LUMOS\processed\segmentation\visualizations\patient_500_Lateral_viz.jpg,2,0.617,PSEUDO_LABEL,False
501,AP,d:\LUMOS\processed\preprocessed_images\patient_501\AP.png,D:\LUMOS\processed\segmentation\pseudo_labels\patient_501_AP_mask.png,D:\LUMOS\processed\segmentation\visualizations\patient_501_AP_viz.jpg,1,0.859,PSEUDO_LABEL,False
501,Lateral,d:\LUMOS\processed\preprocessed_images\patient_501\Lateral.png,D:\LUMOS\processed\segmentation\pseudo_labels\patient_501_Lateral_mask.png,D:\LUMOS\processed\segmentation\visualizations\patient_501_Lateral_viz.jpg,1,0.859,PSEUDO_LABEL,False
502,AP,d:\LUMOS\processed\preprocessed_images\patient_502\AP.png,D:\LUMOS\processed\segmentation\pseudo_labels\patient_502_AP_mask.png,D:\LUMOS\processed\segmentation\visualizations\patient_502_AP_viz.jpg,1,0.9,PSEUDO_LABEL,False
502,Lateral,d:\LUMOS\processed\preprocessed_images\patient_502\Lateral.png,D:\LUMOS\processed\segmentation\pseudo_labels\patient_502_Lateral_mask.png,D:\LUMOS\processed\segmentation\visualizations\patient_502_Lateral_viz.jpg,1,0.9,PSEUDO_LABEL,False
503,AP,d:\LUMOS\processed\preprocessed_images\patient_503\AP.png,D:\LUMOS\processed\segmentation\pseudo_labels\patient_503_AP_mask.png,D:\LUMOS\processed\segmentation\visualizations\patient_503_AP_viz.jpg,2,0.741,PSEUDO_LABEL,False
503,Lateral,d:\LUMOS\processed\preprocessed_images\patient_503\Lateral.png,D:\LUMOS\processed\segmentation\pseudo_labels\patient_503_Lateral_mask.png,D:\LUMOS\processed\segmentation\visualizations\patient_503_Lateral_viz.jpg,2,0.741,PSEUDO_LABEL,False
504,AP,d:\LUMOS\processed\preprocessed_images\patient_504\AP.png,D:\LUMOS\processed\segmentation\pseudo_labels\patient_504_AP_mask.png,D:\LUMOS\processed\segmentation\visualizations\patient_504_AP_viz.jpg,1,0.905,PSEUDO_LABEL,False
504,Lateral,d:\LUMOS\processed\preprocessed_images\patient_504\Lateral.png,D:\LUMOS\processed\segmentation\pseudo_labels\patient_504_Lateral_mask.png,D:\LUMOS\processed\segmentation\visualizations\patient_504_Lateral_viz.jpg,1,0.905,PSEUDO_LABEL,False
505,AP,d:\LUMOS\processed\preprocessed_images\patient_505\AP.png,D:\LUMOS\processed\segmentation\pseudo_labels\patient_505_AP_mask.png,D:\LUMOS\processed\segmentation\visualizations\patient_505_AP_viz.jpg,0,0.994,PSEUDO_LABEL,False
505,Lateral,d:\LUMOS\processed\preprocessed_images\patient_505\Lateral.png,D:\LUMOS\processed\segmentation\pseudo_labels\patient_505_Lateral_mask.png,D:\LUMOS\processed\segmentation\visualizations\patient_505_Lateral_viz.jpg,0,0.994,PSEUDO_LABEL,False
506,AP,d:\LUMOS\processed\preprocessed_images\patient_506\AP.png,D:\LUMOS\processed\segmentation\pseudo_labels\patient_506_AP_mask.png,D:\LUMOS\processed\segmentation\visualizations\patient_506_AP_viz.jpg,1,0.845,PSEUDO_LABEL,False
506,Lateral,d:\LUMOS\processed\preprocessed_images\patient_506\Lateral.png,D:\LUMOS\processed\segmentation\pseudo_labels\patient_506_Lateral_mask.png,D:\LUMOS\processed\segmentation\visualizations\patient_506_Lateral_viz.jpg,1,0.845,PSEUDO_LABEL,False
507,AP,d:\LUMOS\processed\preprocessed_images\patient_507\AP.png,D:\LUMOS\processed\segmentation\pseudo_labels\patient_507_AP_mask.png,D:\LUMOS\processed\segmentation\visualizations\patient_507_AP_viz.jpg,0,1.178,PSEUDO_LABEL,False
507,Lateral,d:\LUMOS\processed\preprocessed_images\patient_507\Lateral.png,D:\LUMOS\processed\segmentation\pseudo_labels\patient_507_Lateral_mask.png,D:\LUMOS\processed\segmentation\visualizations\patient_507_Lateral_viz.jpg,0,1.178,PSEUDO_LABEL,False
508,AP,d:\LUMOS\processed\preprocessed_images\patient_508\AP.png,D:\LUMOS\processed\segmentation\pseudo_labels\patient_508_AP_mask.png,D:\LUMOS\processed\segmentation\visualizations\patient_508_AP_viz.jpg,1,0.984,PSEUDO_LABEL,False
508,Lateral,d:\LUMOS\processed\preprocessed_images\patient_508\Lateral.png,D:\LUMOS\processed\segmentation\pseudo_labels\patient_508_Lateral_mask.png,D:\LUMOS\processed\segmentation\visualizations\patient_508_Lateral_viz.jpg,1,0.984,PSEUDO_LABEL,False
509,AP,d:\LUMOS\processed\preprocessed_images\patient_509\AP.png,D:\LUMOS\processed\segmentation\pseudo_labels\patient_509_AP_mask.png,D:\LUMOS\processed\segmentation\visualizations\patient_509_AP_viz.jpg,0,1.01,PSEUDO_LABEL,False
509,Lateral,d:\LUMOS\processed\preprocessed_images\patient_509\Lateral.png,D:\LUMOS\processed\segmentation\pseudo_labels\patient_509_Lateral_mask.png,D:\LUMOS\processed\segmentation\visualizations\patient_509_Lateral_viz.jpg,0,1.01,PSEUDO_LABEL,False
510,AP,d:\LUMOS\processed\preprocessed_images\patient_510\AP.png,D:\LUMOS\processed\segmentation\pseudo_labels\patient_510_AP_mask.png,D:\LUMOS\processed\segmentation\visualizations\patient_510_AP_viz.jpg,0,0.994,PSEUDO_LABEL,False
510,Lateral,d:\LUMOS\processed\preprocessed_images\patient_510\Lateral.png,D:\LUMOS\processed\segmentation\pseudo_labels\patient_510_Lateral_mask.png,D:\LUMOS\processed\segmentation\visualizations\patient_510_Lateral_viz.jpg,0,0.994,PSEUDO_LABEL,False
511,AP,d:\LUMOS\processed\preprocessed_images\patient_511\AP.png,D:\LUMOS\processed\segmentation\pseudo_labels\patient_511_AP_mask.png,D:\LUMOS\processed\segmentation\visualizations\patient_511_AP_viz.jpg,2,0.499,PSEUDO_LABEL,False
511,Lateral,d:\LUMOS\processed\preprocessed_images\patient_511\Lateral.png,D:\LUMOS\processed\segmentation\pseudo_labels\patient_511_Lateral_mask.png,D:\LUMOS\processed\segmentation\visualizations\patient_511_Lateral_viz.jpg,2,0.499,PSEUDO_LABEL,False
512,AP,d:\LUMOS\processed\preprocessed_images\patient_512\AP.png,D:\LUMOS\processed\segmentation\pseudo_labels\patient_512_AP_mask.png,D:\LUMOS\processed\segmentation\visualizations\patient_512_AP_viz.jpg,1,0.9,PSEUDO_LABEL,False
512,Lateral,d:\LUMOS\processed\preprocessed_images\patient_512\Lateral.png,D:\LUMOS\processed\segmentation\pseudo_labels\patient_512_Lateral_mask.png,D:\LUMOS\processed\segmentation\visualizations\patient_512_Lateral_viz.jpg,1,0.9,PSEUDO_LABEL,False
513,AP,d:\LUMOS\processed\preprocessed_images\patient_513\AP.png,D:\LUMOS\processed\segmentation\pseudo_labels\patient_513_AP_mask.png,D:\LUMOS\processed\segmentation\visualizations\patient_513_AP_viz.jpg,0,1.046,PSEUDO_LABEL,False
513,Lateral,d:\LUMOS\processed\preprocessed_images\patient_513\Lateral.png,D:\LUMOS\processed\segmentation\pseudo_labels\patient_513_Lateral_mask.png,D:\LUMOS\processed\segmentation\visualizations\patient_513_Lateral_viz.jpg,0,1.046,PSEUDO_LABEL,False
514,AP,d:\LUMOS\processed\preprocessed_images\patient_514\AP.png,D:\LUMOS\processed\segmentation\pseudo_labels\patient_514_AP_mask.png,D:\LUMOS\processed\segmentation\visualizations\patient_514_AP_viz.jpg,2,0.778,PSEUDO_LABEL,False
514,Lateral,d:\LUMOS\processed\preprocessed_images\patient_514\Lateral.png,D:\LUMOS\processed\segmentation\pseudo_labels\patient_514_Lateral_mask.png,D:\LUMOS\processed\segmentation\visualizations\patient_514_Lateral_viz.jpg,2,0.778,PSEUDO_LABEL,False
515,AP,d:\LUMOS\processed\preprocessed_images\patient_515\AP.png,D:\LUMOS\processed\segmentation\pseudo_labels\patient_515_AP_mask.png,D:\LUMOS\processed\segmentation\visualizations\patient_515_AP_viz.jpg,0,1.002,PSEUDO_LABEL,False
515,Lateral,d:\LUMOS\processed\preprocessed_images\patient_515\Lateral.png,D:\LUMOS\processed\segmentation\pseudo_labels\patient_515_Lateral_mask.png,D:\LUMOS\processed\segmentation\visualizations\patient_515_Lateral_viz.jpg,0,1.002,PSEUDO_LABEL,False
516,AP,d:\LUMOS\processed\preprocessed_images\patient_516\AP.png,D:\LUMOS\processed\segmentation\pseudo_labels\patient_516_AP_mask.png,D:\LUMOS\processed\segmentation\visualizations\patient_516_AP_viz.jpg,2,0.764,PSEUDO_LABEL,False
516,Lateral,d:\LUMOS\processed\preprocessed_images\patient_516\Lateral.png,D:\LUMOS\processed\segmentation\pseudo_labels\patient_516_Lateral_mask.png,D:\LUMOS\processed\segmentation\visualizations\patient_516_Lateral_viz.jpg,2,0.764,PSEUDO_LABEL,False
517,AP,d:\LUMOS\processed\preprocessed_images\patient_517\AP.png,D:\LUMOS\processed\segmentation\pseudo_labels\patient_517_AP_mask.png,D:\LUMOS\processed\segmentation\visualizations\patient_517_AP_viz.jpg,0,1.062,PSEUDO_LABEL,False
517,Lateral,d:\LUMOS\processed\preprocessed_images\patient_517\Lateral.png,D:\LUMOS\processed\segmentation\pseudo_labels\patient_517_Lateral_mask.png,D:\LUMOS\processed\segmentation\visualizations\patient_517_Lateral_viz.jpg,0,1.062,PSEUDO_LABEL,False
518,AP,d:\LUMOS\processed\preprocessed_images\patient_518\AP.png,D:\LUMOS\processed\segmentation\pseudo_labels\patient_518_AP_mask.png,D:\LUMOS\processed\segmentation\visualizations\patient_518_AP_viz.jpg,2,0.783,PSEUDO_LABEL,False
518,Lateral,d:\LUMOS\processed\preprocessed_images\patient_518\Lateral.png,D:\LUMOS\processed\segmentation\pseudo_labels\patient_518_Lateral_mask.png,D:\LUMOS\processed\segmentation\visualizations\patient_518_Lateral_viz.jpg,2,0.783,PSEUDO_LABEL,False
519,AP,d:\LUMOS\processed\preprocessed_images\patient_519\AP.png,D:\LUMOS\processed\segmentation\pseudo_labels\patient_519_AP_mask.png,D:\LUMOS\processed\segmentation\visualizations\patient_519_AP_viz.jpg,1,0.959,PSEUDO_LABEL,False
519,Lateral,d:\LUMOS\processed\preprocessed_images\patient_519\Lateral.png,D:\LUMOS\processed\segmentation\pseudo_labels\patient_519_Lateral_mask.png,D:\LUMOS\processed\segmentation\visualizations\patient_519_Lateral_viz.jpg,1,0.959,PSEUDO_LABEL,False
520,AP,d:\LUMOS\processed\preprocessed_images\patient_520\AP.png,D:\LUMOS\processed\segmentation\pseudo_labels\patient_520_AP_mask.png,D:\LUMOS\processed\segmentation\visualizations\patient_520_AP_viz.jpg,1,0.969,PSEUDO_LABEL,False
520,Lateral,d:\LUMOS\processed\preprocessed_images\patient_520\Lateral.png,D:\LUMOS\processed\segmentation\pseudo_labels\patient_520_Lateral_mask.png,D:\LUMOS\processed\segmentation\visualizations\patient_520_Lateral_viz.jpg,1,0.969,PSEUDO_LABEL,False
521,AP,d:\LUMOS\processed\preprocessed_images\patient_521\AP.png,D:\LUMOS\processed\segmentation\pseudo_labels\patient_521_AP_mask.png,D:\LUMOS\processed\segmentation\visualizations\patient_521_AP_viz.jpg,1,0.965,PSEUDO_LABEL,False
521,Lateral,d:\LUMOS\processed\preprocessed_images\patient_521\Lateral.png,D:\LUMOS\processed\segmentation\pseudo_labels\patient_521_Lateral_mask.png,D:\LUMOS\processed\segmentation\visualizations\patient_521_Lateral_viz.jpg,1,0.965,PSEUDO_LABEL,False
522,AP,d:\LUMOS\processed\preprocessed_images\patient_522\AP.png,D:\LUMOS\processed\segmentation\pseudo_labels\patient_522_AP_mask.png,D:\LUMOS\processed\segmentation\visualizations\patient_522_AP_viz.jpg,0,1.154,PSEUDO_LABEL,False
522,Lateral,d:\LUMOS\processed\preprocessed_images\patient_522\Lateral.png,D:\LUMOS\processed\segmentation\pseudo_labels\patient_522_Lateral_mask.png,D:\LUMOS\processed\segmentation\visualizations\patient_522_Lateral_viz.jpg,0,1.154,PSEUDO_LABEL,False
523,AP,d:\LUMOS\processed\preprocessed_images\patient_523\AP.png,D:\LUMOS\processed\segmentation\pseudo_labels\patient_523_AP_mask.png,D:\LUMOS\processed\segmentation\visualizations\patient_523_AP_viz.jpg,0,1.371,PSEUDO_LABEL,False
523,Lateral,d:\LUMOS\processed\preprocessed_images\patient_523\Lateral.png,D:\LUMOS\processed\segmentation\pseudo_labels\patient_523_Lateral_mask.png,D:\LUMOS\processed\segmentation\visualizations\patient_523_Lateral_viz.jpg,0,1.371,PSEUDO_LABEL,False
524,AP,d:\LUMOS\processed\preprocessed_images\patient_524\AP.png,D:\LUMOS\processed\segmentation\pseudo_labels\patient_524_AP_mask.png,D:\LUMOS\processed\segmentation\visualizations\patient_524_AP_viz.jpg,1,0.844,PSEUDO_LABEL,False
524,Lateral,d:\LUMOS\processed\preprocessed_images\patient_524\Lateral.png,D:\LUMOS\processed\segmentation\pseudo_labels\patient_524_Lateral_mask.png,D:\LUMOS\processed\segmentation\visualizations\patient_524_Lateral_viz.jpg,1,0.844,PSEUDO_LABEL,False
525,AP,d:\LUMOS\processed\preprocessed_images\patient_525\AP.png,D:\LUMOS\processed\segmentation\pseudo_labels\patient_525_AP_mask.png,D:\LUMOS\processed\segmentation\visualizations\patient_525_AP_viz.jpg,1,0.982,PSEUDO_LABEL,False
525,Lateral,d:\LUMOS\processed\preprocessed_images\patient_525\Lateral.png,D:\LUMOS\processed\segmentation\pseudo_labels\patient_525_Lateral_mask.png,D:\LUMOS\processed\segmentation\visualizations\patient_525_Lateral_viz.jpg,1,0.982,PSEUDO_LABEL,False
526,AP,d:\LUMOS\processed\preprocessed_images\patient_526\AP.png,D:\LUMOS\processed\segmentation\pseudo_labels\patient_526_AP_mask.png,D:\LUMOS\processed\segmentation\visualizations\patient_526_AP_viz.jpg,1,0.82427258805513,PSEUDO_LABEL,False
526,Lateral,d:\LUMOS\processed\preprocessed_images\patient_526\Lateral.png,D:\LUMOS\processed\segmentation\pseudo_labels\patient_526_Lateral_mask.png,D:\LUMOS\processed\segmentation\visualizations\patient_526_Lateral_viz.jpg,1,0.82427258805513,PSEUDO_LABEL,False
527,AP,d:\LUMOS\processed\preprocessed_images\patient_527\AP.png,D:\LUMOS\processed\segmentation\pseudo_labels\patient_527_AP_mask.png,D:\LUMOS\processed\segmentation\visualizations\patient_527_AP_viz.jpg,0,1.15,PSEUDO_LABEL,False
527,Lateral,d:\LUMOS\processed\preprocessed_images\patient_527\Lateral.png,D:\LUMOS\processed\segmentation\pseudo_labels\patient_527_Lateral_mask.png,D:\LUMOS\processed\segmentation\visualizations\patient_527_Lateral_viz.jpg,0,1.15,PSEUDO_LABEL,False
528,AP,d:\LUMOS\processed\preprocessed_images\patient_528\AP.png,D:\LUMOS\processed\segmentation\pseudo_labels\patient_528_AP_mask.png,D:\LUMOS\processed\segmentation\visualizations\patient_528_AP_viz.jpg,0,1.068,PSEUDO_LABEL,False
528,Lateral,d:\LUMOS\processed\preprocessed_images\patient_528\Lateral.png,D:\LUMOS\processed\segmentation\pseudo_labels\patient_528_Lateral_mask.png,D:\LUMOS\processed\segmentation\visualizations\patient_528_Lateral_viz.jpg,0,1.068,PSEUDO_LABEL,False
529,AP,d:\LUMOS\processed\preprocessed_images\patient_529\AP.png,D:\LUMOS\processed\segmentation\pseudo_labels\patient_529_AP_mask.png,D:\LUMOS\processed\segmentation\visualizations\patient_529_AP_viz.jpg,1,0.874,PSEUDO_LABEL,False
529,Lateral,d:\LUMOS\processed\preprocessed_images\patient_529\Lateral.png,D:\LUMOS\processed\segmentation\pseudo_labels\patient_529_Lateral_mask.png,D:\LUMOS\processed\segmentation\visualizations\patient_529_Lateral_viz.jpg,1,0.874,PSEUDO_LABEL,False
530,AP,d:\LUMOS\processed\preprocessed_images\patient_530\AP.png,D:\LUMOS\processed\segmentation\pseudo_labels\patient_530_AP_mask.png,D:\LUMOS\processed\segmentation\visualizations\patient_530_AP_viz.jpg,0,1.113,PSEUDO_LABEL,False
530,Lateral,d:\LUMOS\processed\preprocessed_images\patient_530\Lateral.png,D:\LUMOS\processed\segmentation\pseudo_labels\patient_530_Lateral_mask.png,D:\LUMOS\processed\segmentation\visualizations\patient_530_Lateral_viz.jpg,0,1.113,PSEUDO_LABEL,False
531,AP,d:\LUMOS\processed\preprocessed_images\patient_531\AP.png,D:\LUMOS\processed\segmentation\pseudo_labels\patient_531_AP_mask.png,D:\LUMOS\processed\segmentation\visualizations\patient_531_AP_viz.jpg,1,0.912,PSEUDO_LABEL,False
531,Lateral,d:\LUMOS\processed\preprocessed_images\patient_531\Lateral.png,D:\LUMOS\processed\segmentation\pseudo_labels\patient_531_Lateral_mask.png,D:\LUMOS\processed\segmentation\visualizations\patient_531_Lateral_viz.jpg,1,0.912,PSEUDO_LABEL,False
532,AP,d:\LUMOS\processed\preprocessed_images\patient_532\AP.png,D:\LUMOS\processed\segmentation\pseudo_labels\patient_532_AP_mask.png,D:\LUMOS\processed\segmentation\visualizations\patient_532_AP_viz.jpg,1,0.844,PSEUDO_LABEL,False
532,Lateral,d:\LUMOS\processed\preprocessed_images\patient_532\Lateral.png,D:\LUMOS\processed\segmentation\pseudo_labels\patient_532_Lateral_mask.png,D:\LUMOS\processed\segmentation\visualizations\patient_532_Lateral_viz.jpg,1,0.844,PSEUDO_LABEL,False
533,AP,d:\LUMOS\processed\preprocessed_images\patient_533\AP.png,D:\LUMOS\processed\segmentation\pseudo_labels\patient_533_AP_mask.png,D:\LUMOS\processed\segmentation\visualizations\patient_533_AP_viz.jpg,2,0.778,PSEUDO_LABEL,False
533,Lateral,d:\LUMOS\processed\preprocessed_images\patient_533\Lateral.png,D:\LUMOS\processed\segmentation\pseudo_labels\patient_533_Lateral_mask.png,D:\LUMOS\processed\segmentation\visualizations\patient_533_Lateral_viz.jpg,2,0.778,PSEUDO_LABEL,False
534,AP,d:\LUMOS\processed\preprocessed_images\patient_534\AP.png,D:\LUMOS\processed\segmentation\pseudo_labels\patient_534_AP_mask.png,D:\LUMOS\processed\segmentation\visualizations\patient_534_AP_viz.jpg,1,0.932,PSEUDO_LABEL,False
534,Lateral,d:\LUMOS\processed\preprocessed_images\patient_534\Lateral.png,D:\LUMOS\processed\segmentation\pseudo_labels\patient_534_Lateral_mask.png,D:\LUMOS\processed\segmentation\visualizations\patient_534_Lateral_viz.jpg,1,0.932,PSEUDO_LABEL,False
535,AP,d:\LUMOS\processed\preprocessed_images\patient_535\AP.png,D:\LUMOS\processed\segmentation\pseudo_labels\patient_535_AP_mask.png,D:\LUMOS\processed\segmentation\visualizations\patient_535_AP_viz.jpg,0,1.48,PSEUDO_LABEL,False
535,Lateral,d:\LUMOS\processed\preprocessed_images\patient_535\Lateral.png,D:\LUMOS\processed\segmentation\pseudo_labels\patient_535_Lateral_mask.png,D:\LUMOS\processed\segmentation\visualizations\patient_535_Lateral_viz.jpg,0,1.48,PSEUDO_LABEL,False
536,AP,d:\LUMOS\processed\preprocessed_images\patient_536\AP.png,D:\LUMOS\processed\segmentation\pseudo_labels\patient_536_AP_mask.png,D:\LUMOS\processed\segmentation\visualizations\patient_536_AP_viz.jpg,2,0.637,PSEUDO_LABEL,False
536,Lateral,d:\LUMOS\processed\preprocessed_images\patient_536\Lateral.png,D:\LUMOS\processed\segmentation\pseudo_labels\patient_536_Lateral_mask.png,D:\LUMOS\processed\segmentation\visualizations\patient_536_Lateral_viz.jpg,2,0.637,PSEUDO_LABEL,False
537,AP,d:\LUMOS\processed\preprocessed_images\patient_537\AP.png,D:\LUMOS\processed\segmentation\pseudo_labels\patient_537_AP_mask.png,D:\LUMOS\processed\segmentation\visualizations\patient_537_AP_viz.jpg,0,1.022,PSEUDO_LABEL,False
537,Lateral,d:\LUMOS\processed\preprocessed_images\patient_537\Lateral.png,D:\LUMOS\processed\segmentation\pseudo_labels\patient_537_Lateral_mask.png,D:\LUMOS\processed\segmentation\visualizations\patient_537_Lateral_viz.jpg,0,1.022,PSEUDO_LABEL,False
538,AP,d:\LUMOS\processed\preprocessed_images\patient_538\AP.png,D:\LUMOS\processed\segmentation\pseudo_labels\patient_538_AP_mask.png,D:\LUMOS\processed\segmentation\visualizations\patient_538_AP_viz.jpg,1,0.972,PSEUDO_LABEL,False
538,Lateral,d:\LUMOS\processed\preprocessed_images\patient_538\Lateral.png,D:\LUMOS\processed\segmentation\pseudo_labels\patient_538_Lateral_mask.png,D:\LUMOS\processed\segmentation\visualizations\patient_538_Lateral_viz.jpg,1,0.972,PSEUDO_LABEL,False
539,AP,d:\LUMOS\processed\preprocessed_images\patient_539\AP.png,D:\LUMOS\processed\segmentation\pseudo_labels\patient_539_AP_mask.png,D:\LUMOS\processed\segmentation\visualizations\patient_539_AP_viz.jpg,2,0.784,PSEUDO_LABEL,False
539,Lateral,d:\LUMOS\processed\preprocessed_images\patient_539\Lateral.png,D:\LUMOS\processed\segmentation\pseudo_labels\patient_539_Lateral_mask.png,D:\LUMOS\processed\segmentation\visualizations\patient_539_Lateral_viz.jpg,2,0.784,PSEUDO_LABEL,False
540,AP,d:\LUMOS\processed\preprocessed_images\patient_540\AP.png,D:\LUMOS\processed\segmentation\pseudo_labels\patient_540_AP_mask.png,D:\LUMOS\processed\segmentation\visualizations\patient_540_AP_viz.jpg,1,0.889,PSEUDO_LABEL,False
540,Lateral,d:\LUMOS\processed\preprocessed_images\patient_540\Lateral.png,D:\LUMOS\processed\segmentation\pseudo_labels\patient_540_Lateral_mask.png,D:\LUMOS\processed\segmentation\visualizations\patient_540_Lateral_viz.jpg,1,0.889,PSEUDO_LABEL,False
541,AP,d:\LUMOS\processed\preprocessed_images\patient_541\AP.png,D:\LUMOS\processed\segmentation\pseudo_labels\patient_541_AP_mask.png,D:\LUMOS\processed\segmentation\visualizations\patient_541_AP_viz.jpg,0,1.376,PSEUDO_LABEL,False
541,Lateral,d:\LUMOS\processed\preprocessed_images\patient_541\Lateral.png,D:\LUMOS\processed\segmentation\pseudo_labels\patient_541_Lateral_mask.png,D:\LUMOS\processed\segmentation\visualizations\patient_541_Lateral_viz.jpg,0,1.376,PSEUDO_LABEL,False
542,AP,d:\LUMOS\processed\preprocessed_images\patient_542\AP.png,D:\LUMOS\processed\segmentation\pseudo_labels\patient_542_AP_mask.png,D:\LUMOS\processed\segmentation\visualizations\patient_542_AP_viz.jpg,1,0.831,PSEUDO_LABEL,False
542,Lateral,d:\LUMOS\processed\preprocessed_images\patient_542\Lateral.png,D:\LUMOS\processed\segmentation\pseudo_labels\patient_542_Lateral_mask.png,D:\LUMOS\processed\segmentation\visualizations\patient_542_Lateral_viz.jpg,1,0.831,PSEUDO_LABEL,False
543,AP,d:\LUMOS\processed\preprocessed_images\patient_543\AP.png,D:\LUMOS\processed\segmentation\pseudo_labels\patient_543_AP_mask.png,D:\LUMOS\processed\segmentation\visualizations\patient_543_AP_viz.jpg,0,1.011,PSEUDO_LABEL,False
543,Lateral,d:\LUMOS\processed\preprocessed_images\patient_543\Lateral.png,D:\LUMOS\processed\segmentation\pseudo_labels\patient_543_Lateral_mask.png,D:\LUMOS\processed\segmentation\visualizations\patient_543_Lateral_viz.jpg,0,1.011,PSEUDO_LABEL,False
544,AP,d:\LUMOS\processed\preprocessed_images\patient_544\AP.png,D:\LUMOS\processed\segmentation\pseudo_labels\patient_544_AP_mask.png,D:\LUMOS\processed\segmentation\visualizations\patient_544_AP_viz.jpg,0,1.218,PSEUDO_LABEL,False
544,Lateral,d:\LUMOS\processed\preprocessed_images\patient_544\Lateral.png,D:\LUMOS\processed\segmentation\pseudo_labels\patient_544_Lateral_mask.png,D:\LUMOS\processed\segmentation\visualizations\patient_544_Lateral_viz.jpg,0,1.218,PSEUDO_LABEL,False
545,AP,d:\LUMOS\processed\preprocessed_images\patient_545\AP.png,D:\LUMOS\processed\segmentation\pseudo_labels\patient_545_AP_mask.png,D:\LUMOS\processed\segmentation\visualizations\patient_545_AP_viz.jpg,2,0.805,PSEUDO_LABEL,False
545,Lateral,d:\LUMOS\processed\preprocessed_images\patient_545\Lateral.png,D:\LUMOS\processed\segmentation\pseudo_labels\patient_545_Lateral_mask.png,D:\LUMOS\processed\segmentation\visualizations\patient_545_Lateral_viz.jpg,2,0.805,PSEUDO_LABEL,False
546,AP,d:\LUMOS\processed\preprocessed_images\patient_546\AP.png,D:\LUMOS\processed\segmentation\pseudo_labels\patient_546_AP_mask.png,D:\LUMOS\processed\segmentation\visualizations\patient_546_AP_viz.jpg,1,0.901,PSEUDO_LABEL,False
546,Lateral,d:\LUMOS\processed\preprocessed_images\patient_546\Lateral.png,D:\LUMOS\processed\segmentation\pseudo_labels\patient_546_Lateral_mask.png,D:\LUMOS\processed\segmentation\visualizations\patient_546_Lateral_viz.jpg,1,0.901,PSEUDO_LABEL,False
547,AP,d:\LUMOS\processed\preprocessed_images\patient_547\AP.png,D:\LUMOS\processed\segmentation\pseudo_labels\patient_547_AP_mask.png,D:\LUMOS\processed\segmentation\visualizations\patient_547_AP_viz.jpg,1,0.833,PSEUDO_LABEL,False
547,Lateral,d:\LUMOS\processed\preprocessed_images\patient_547\Lateral.png,D:\LUMOS\processed\segmentation\pseudo_labels\patient_547_Lateral_mask.png,D:\LUMOS\processed\segmentation\visualizations\patient_547_Lateral_viz.jpg,1,0.833,PSEUDO_LABEL,False
548,AP,d:\LUMOS\processed\preprocessed_images\patient_548\AP.png,D:\LUMOS\processed\segmentation\pseudo_labels\patient_548_AP_mask.png,D:\LUMOS\processed\segmentation\visualizations\patient_548_AP_viz.jpg,0,1.142,PSEUDO_LABEL,False
548,Lateral,d:\LUMOS\processed\preprocessed_images\patient_548\Lateral.png,D:\LUMOS\processed\segmentation\pseudo_labels\patient_548_Lateral_mask.png,D:\LUMOS\processed\segmentation\visualizations\patient_548_Lateral_viz.jpg,0,1.142,PSEUDO_LABEL,False
549,AP,d:\LUMOS\processed\preprocessed_images\patient_549\AP.png,D:\LUMOS\processed\segmentation\pseudo_labels\patient_549_AP_mask.png,D:\LUMOS\processed\segmentation\visualizations\patient_549_AP_viz.jpg,2,0.779,PSEUDO_LABEL,False
549,Lateral,d:\LUMOS\processed\preprocessed_images\patient_549\Lateral.png,D:\LUMOS\processed\segmentation\pseudo_labels\patient_549_Lateral_mask.png,D:\LUMOS\processed\segmentation\visualizations\patient_549_Lateral_viz.jpg,2,0.779,PSEUDO_LABEL,False
550,AP,d:\LUMOS\processed\preprocessed_images\patient_550\AP.png,D:\LUMOS\processed\segmentation\pseudo_labels\patient_550_AP_mask.png,D:\LUMOS\processed\segmentation\visualizations\patient_550_AP_viz.jpg,2,0.735,PSEUDO_LABEL,False
550,Lateral,d:\LUMOS\processed\preprocessed_images\patient_550\Lateral.png,D:\LUMOS\processed\segmentation\pseudo_labels\patient_550_Lateral_mask.png,D:\LUMOS\processed\segmentation\visualizations\patient_550_Lateral_viz.jpg,2,0.735,PSEUDO_LABEL,False
551,AP,d:\LUMOS\processed\preprocessed_images\patient_551\AP.png,D:\LUMOS\processed\segmentation\pseudo_labels\patient_551_AP_mask.png,D:\LUMOS\processed\segmentation\visualizations\patient_551_AP_viz.jpg,1,0.964817320703654,PSEUDO_LABEL,False
551,Lateral,d:\LUMOS\processed\preprocessed_images\patient_551\Lateral.png,D:\LUMOS\processed\segmentation\pseudo_labels\patient_551_Lateral_mask.png,D:\LUMOS\processed\segmentation\visualizations\patient_551_Lateral_viz.jpg,1,0.964817320703654,PSEUDO_LABEL,False
552,AP,d:\LUMOS\processed\preprocessed_images\patient_552\AP.png,D:\LUMOS\processed\segmentation\pseudo_labels\patient_552_AP_mask.png,D:\LUMOS\processed\segmentation\visualizations\patient_552_AP_viz.jpg,0,1.123,PSEUDO_LABEL,False
552,Lateral,d:\LUMOS\processed\preprocessed_images\patient_552\Lateral.png,D:\LUMOS\processed\segmentation\pseudo_labels\patient_552_Lateral_mask.png,D:\LUMOS\processed\segmentation\visualizations\patient_552_Lateral_viz.jpg,0,1.123,PSEUDO_LABEL,False
553,AP,d:\LUMOS\processed\preprocessed_images\patient_553\AP.png,D:\LUMOS\processed\segmentation\pseudo_labels\patient_553_AP_mask.png,D:\LUMOS\processed\segmentation\visualizations\patient_553_AP_viz.jpg,1,0.881,PSEUDO_LABEL,False
553,Lateral,d:\LUMOS\processed\preprocessed_images\patient_553\Lateral.png,D:\LUMOS\processed\segmentation\pseudo_labels\patient_553_Lateral_mask.png,D:\LUMOS\processed\segmentation\visualizations\patient_553_Lateral_viz.jpg,1,0.881,PSEUDO_LABEL,False
554,AP,d:\LUMOS\processed\preprocessed_images\patient_554\AP.png,D:\LUMOS\processed\segmentation\pseudo_labels\patient_554_AP_mask.png,D:\LUMOS\processed\segmentation\visualizations\patient_554_AP_viz.jpg,2,0.74,PSEUDO_LABEL,False
554,Lateral,d:\LUMOS\processed\preprocessed_images\patient_554\Lateral.png,D:\LUMOS\processed\segmentation\pseudo_labels\patient_554_Lateral_mask.png,D:\LUMOS\processed\segmentation\visualizations\patient_554_Lateral_viz.jpg,2,0.74,PSEUDO_LABEL,False
555,AP,d:\LUMOS\processed\preprocessed_images\patient_555\AP.png,D:\LUMOS\processed\segmentation\pseudo_labels\patient_555_AP_mask.png,D:\LUMOS\processed\segmentation\visualizations\patient_555_AP_viz.jpg,1,0.897,PSEUDO_LABEL,False
555,Lateral,d:\LUMOS\processed\preprocessed_images\patient_555\Lateral.png,D:\LUMOS\processed\segmentation\pseudo_labels\patient_555_Lateral_mask.png,D:\LUMOS\processed\segmentation\visualizations\patient_555_Lateral_viz.jpg,1,0.897,PSEUDO_LABEL,False
556,AP,d:\LUMOS\processed\preprocessed_images\patient_556\AP.png,D:\LUMOS\processed\segmentation\pseudo_labels\patient_556_AP_mask.png,D:\LUMOS\processed\segmentation\visualizations\patient_556_AP_viz.jpg,0,1.21,PSEUDO_LABEL,False
556,Lateral,d:\LUMOS\processed\preprocessed_images\patient_556\Lateral.png,D:\LUMOS\processed\segmentation\pseudo_labels\patient_556_Lateral_mask.png,D:\LUMOS\processed\segmentation\visualizations\patient_556_Lateral_viz.jpg,0,1.21,PSEUDO_LABEL,False
557,AP,d:\LUMOS\processed\preprocessed_images\patient_557\AP.png,D:\LUMOS\processed\segmentation\pseudo_labels\patient_557_AP_mask.png,D:\LUMOS\processed\segmentation\visualizations\patient_557_AP_viz.jpg,0,1.159,PSEUDO_LABEL,False
557,Lateral,d:\LUMOS\processed\preprocessed_images\patient_557\Lateral.png,D:\LUMOS\processed\segmentation\pseudo_labels\patient_557_Lateral_mask.png,D:\LUMOS\processed\segmentation\visualizations\patient_557_Lateral_viz.jpg,0,1.159,PSEUDO_LABEL,False
558,AP,d:\LUMOS\processed\preprocessed_images\patient_558\AP.png,D:\LUMOS\processed\segmentation\pseudo_labels\patient_558_AP_mask.png,D:\LUMOS\processed\segmentation\visualizations\patient_558_AP_viz.jpg,1,0.815,PSEUDO_LABEL,False
558,Lateral,d:\LUMOS\processed\preprocessed_images\patient_558\Lateral.png,D:\LUMOS\processed\segmentation\pseudo_labels\patient_558_Lateral_mask.png,D:\LUMOS\processed\segmentation\visualizations\patient_558_Lateral_viz.jpg,1,0.815,PSEUDO_LABEL,False
559,AP,d:\LUMOS\processed\preprocessed_images\patient_559\AP.png,D:\LUMOS\processed\segmentation\pseudo_labels\patient_559_AP_mask.png,D:\LUMOS\processed\segmentation\visualizations\patient_559_AP_viz.jpg,2,0.76,PSEUDO_LABEL,False
559,Lateral,d:\LUMOS\processed\preprocessed_images\patient_559\Lateral.png,D:\LUMOS\processed\segmentation\pseudo_labels\patient_559_Lateral_mask.png,D:\LUMOS\processed\segmentation\visualizations\patient_559_Lateral_viz.jpg,2,0.76,PSEUDO_LABEL,False
560,AP,d:\LUMOS\processed\preprocessed_images\patient_560\AP.png,D:\LUMOS\processed\segmentation\pseudo_labels\patient_560_AP_mask.png,D:\LUMOS\processed\segmentation\visualizations\patient_560_AP_viz.jpg,2,0.597,PSEUDO_LABEL,False
560,Lateral,d:\LUMOS\processed\preprocessed_images\patient_560\Lateral.png,D:\LUMOS\processed\segmentation\pseudo_labels\patient_560_Lateral_mask.png,D:\LUMOS\processed\segmentation\visualizations\patient_560_Lateral_viz.jpg,2,0.597,PSEUDO_LABEL,False
561,AP,d:\LUMOS\processed\preprocessed_images\patient_561\AP.png,D:\LUMOS\processed\segmentation\pseudo_labels\patient_561_AP_mask.png,D:\LUMOS\processed\segmentation\visualizations\patient_561_AP_viz.jpg,1,0.921,PSEUDO_LABEL,False
561,Lateral,d:\LUMOS\processed\preprocessed_images\patient_561\Lateral.png,D:\LUMOS\processed\segmentation\pseudo_labels\patient_561_Lateral_mask.png,D:\LUMOS\processed\segmentation\visualizations\patient_561_Lateral_viz.jpg,1,0.921,PSEUDO_LABEL,False
562,AP,d:\LUMOS\processed\preprocessed_images\patient_562\AP.png,D:\LUMOS\processed\segmentation\pseudo_labels\patient_562_AP_mask.png,D:\LUMOS\processed\segmentation\visualizations\patient_562_AP_viz.jpg,2,0.752,PSEUDO_LABEL,False
562,Lateral,d:\LUMOS\processed\preprocessed_images\patient_562\Lateral.png,D:\LUMOS\processed\segmentation\pseudo_labels\patient_562_Lateral_mask.png,D:\LUMOS\processed\segmentation\visualizations\patient_562_Lateral_viz.jpg,2,0.752,PSEUDO_LABEL,False
563,AP,d:\LUMOS\processed\preprocessed_images\patient_563\AP.png,D:\LUMOS\processed\segmentation\pseudo_labels\patient_563_AP_mask.png,D:\LUMOS\processed\segmentation\visualizations\patient_563_AP_viz.jpg,2,0.795,PSEUDO_LABEL,False
563,Lateral,d:\LUMOS\processed\preprocessed_images\patient_563\Lateral.png,D:\LUMOS\processed\segmentation\pseudo_labels\patient_563_Lateral_mask.png,D:\LUMOS\processed\segmentation\visualizations\patient_563_Lateral_viz.jpg,2,0.795,PSEUDO_LABEL,False
564,AP,d:\LUMOS\processed\preprocessed_images\patient_564\AP.png,D:\LUMOS\processed\segmentation\pseudo_labels\patient_564_AP_mask.png,D:\LUMOS\processed\segmentation\visualizations\patient_564_AP_viz.jpg,0,1.168,PSEUDO_LABEL,False
564,Lateral,d:\LUMOS\processed\preprocessed_images\patient_564\Lateral.png,D:\LUMOS\processed\segmentation\pseudo_labels\patient_564_Lateral_mask.png,D:\LUMOS\processed\segmentation\visualizations\patient_564_Lateral_viz.jpg,0,1.168,PSEUDO_LABEL,False
565,AP,d:\LUMOS\processed\preprocessed_images\patient_565\AP.png,D:\LUMOS\processed\segmentation\pseudo_labels\patient_565_AP_mask.png,D:\LUMOS\processed\segmentation\visualizations\patient_565_AP_viz.jpg,1,0.849,PSEUDO_LABEL,False
565,Lateral,d:\LUMOS\processed\preprocessed_images\patient_565\Lateral.png,D:\LUMOS\processed\segmentation\pseudo_labels\patient_565_Lateral_mask.png,D:\LUMOS\processed\segmentation\visualizations\patient_565_Lateral_viz.jpg,1,0.849,PSEUDO_LABEL,False
566,AP,d:\LUMOS\processed\preprocessed_images\patient_566\AP.png,D:\LUMOS\processed\segmentation\pseudo_labels\patient_566_AP_mask.png,D:\LUMOS\processed\segmentation\visualizations\patient_566_AP_viz.jpg,0,1.178,PSEUDO_LABEL,False
566,Lateral,d:\LUMOS\processed\preprocessed_images\patient_566\Lateral.png,D:\LUMOS\processed\segmentation\pseudo_labels\patient_566_Lateral_mask.png,D:\LUMOS\processed\segmentation\visualizations\patient_566_Lateral_viz.jpg,0,1.178,PSEUDO_LABEL,False
567,AP,d:\LUMOS\processed\preprocessed_images\patient_567\AP.png,D:\LUMOS\processed\segmentation\pseudo_labels\patient_567_AP_mask.png,D:\LUMOS\processed\segmentation\visualizations\patient_567_AP_viz.jpg,0,1.277,PSEUDO_LABEL,False
567,Lateral,d:\LUMOS\processed\preprocessed_images\patient_567\Lateral.png,D:\LUMOS\processed\segmentation\pseudo_labels\patient_567_Lateral_mask.png,D:\LUMOS\processed\segmentation\visualizations\patient_567_Lateral_viz.jpg,0,1.277,PSEUDO_LABEL,False
568,AP,d:\LUMOS\processed\preprocessed_images\patient_568\AP.png,D:\LUMOS\processed\segmentation\pseudo_labels\patient_568_AP_mask.png,D:\LUMOS\processed\segmentation\visualizations\patient_568_AP_viz.jpg,2,0.788,PSEUDO_LABEL,False
568,Lateral,d:\LUMOS\processed\preprocessed_images\patient_568\Lateral.png,D:\LUMOS\processed\segmentation\pseudo_labels\patient_568_Lateral_mask.png,D:\LUMOS\processed\segmentation\visualizations\patient_568_Lateral_viz.jpg,2,0.788,PSEUDO_LABEL,False
569,AP,d:\LUMOS\processed\preprocessed_images\patient_569\AP.png,D:\LUMOS\processed\segmentation\pseudo_labels\patient_569_AP_mask.png,D:\LUMOS\processed\segmentation\visualizations\patient_569_AP_viz.jpg,1,0.852728468113083,PSEUDO_LABEL,False
569,Lateral,d:\LUMOS\processed\preprocessed_images\patient_569\Lateral.png,D:\LUMOS\processed\segmentation\pseudo_labels\patient_569_Lateral_mask.png,D:\LUMOS\processed\segmentation\visualizations\patient_569_Lateral_viz.jpg,1,0.852728468113083,PSEUDO_LABEL,False
570,AP,d:\LUMOS\processed\preprocessed_images\patient_570\AP.png,D:\LUMOS\processed\segmentation\pseudo_labels\patient_570_AP_mask.png,D:\LUMOS\processed\segmentation\visualizations\patient_570_AP_viz.jpg,1,0.94,PSEUDO_LABEL,False
570,Lateral,d:\LUMOS\processed\preprocessed_images\patient_570\Lateral.png,D:\LUMOS\processed\segmentation\pseudo_labels\patient_570_Lateral_mask.png,D:\LUMOS\processed\segmentation\visualizations\patient_570_Lateral_viz.jpg,1,0.94,PSEUDO_LABEL,False
571,AP,d:\LUMOS\processed\preprocessed_images\patient_571\AP.png,D:\LUMOS\processed\segmentation\pseudo_labels\patient_571_AP_mask.png,D:\LUMOS\processed\segmentation\visualizations\patient_571_AP_viz.jpg,1,0.936,PSEUDO_LABEL,False
571,Lateral,d:\LUMOS\processed\preprocessed_images\patient_571\Lateral.png,D:\LUMOS\processed\segmentation\pseudo_labels\patient_571_Lateral_mask.png,D:\LUMOS\processed\segmentation\visualizations\patient_571_Lateral_viz.jpg,1,0.936,PSEUDO_LABEL,False
572,AP,d:\LUMOS\processed\preprocessed_images\patient_572\AP.png,D:\LUMOS\processed\segmentation\pseudo_labels\patient_572_AP_mask.png,D:\LUMOS\processed\segmentation\visualizations\patient_572_AP_viz.jpg,1,0.986,PSEUDO_LABEL,False
572,Lateral,d:\LUMOS\processed\preprocessed_images\patient_572\Lateral.png,D:\LUMOS\processed\segmentation\pseudo_labels\patient_572_Lateral_mask.png,D:\LUMOS\processed\segmentation\visualizations\patient_572_Lateral_viz.jpg,1,0.986,PSEUDO_LABEL,False
573,AP,d:\LUMOS\processed\preprocessed_images\patient_573\AP.png,D:\LUMOS\processed\segmentation\pseudo_labels\patient_573_AP_mask.png,D:\LUMOS\processed\segmentation\visualizations\patient_573_AP_viz.jpg,2,0.64,PSEUDO_LABEL,False
573,Lateral,d:\LUMOS\processed\preprocessed_images\patient_573\Lateral.png,D:\LUMOS\processed\segmentation\pseudo_labels\patient_573_Lateral_mask.png,D:\LUMOS\processed\segmentation\visualizations\patient_573_Lateral_viz.jpg,2,0.64,PSEUDO_LABEL,False
574,AP,d:\LUMOS\processed\preprocessed_images\patient_574\AP.png,D:\LUMOS\processed\segmentation\pseudo_labels\patient_574_AP_mask.png,D:\LUMOS\processed\segmentation\visualizations\patient_574_AP_viz.jpg,1,0.842,PSEUDO_LABEL,False
574,Lateral,d:\LUMOS\processed\preprocessed_images\patient_574\Lateral.png,D:\LUMOS\processed\segmentation\pseudo_labels\patient_574_Lateral_mask.png,D:\LUMOS\processed\segmentation\visualizations\patient_574_Lateral_viz.jpg,1,0.842,PSEUDO_LABEL,False
575,AP,d:\LUMOS\processed\preprocessed_images\patient_575\AP.png,D:\LUMOS\processed\segmentation\pseudo_labels\patient_575_AP_mask.png,D:\LUMOS\processed\segmentation\visualizations\patient_575_AP_viz.jpg,1,0.881,PSEUDO_LABEL,False
575,Lateral,d:\LUMOS\processed\preprocessed_images\patient_575\Lateral.png,D:\LUMOS\processed\segmentation\pseudo_labels\patient_575_Lateral_mask.png,D:\LUMOS\processed\segmentation\visualizations\patient_575_Lateral_viz.jpg,1,0.881,PSEUDO_LABEL,False
576,AP,d:\LUMOS\processed\preprocessed_images\patient_576\AP.png,D:\LUMOS\processed\segmentation\pseudo_labels\patient_576_AP_mask.png,D:\LUMOS\processed\segmentation\visualizations\patient_576_AP_viz.jpg,2,0.617,PSEUDO_LABEL,False
576,Lateral,d:\LUMOS\processed\preprocessed_images\patient_576\Lateral.png,D:\LUMOS\processed\segmentation\pseudo_labels\patient_576_Lateral_mask.png,D:\LUMOS\processed\segmentation\visualizations\patient_576_Lateral_viz.jpg,2,0.617,PSEUDO_LABEL,False
577,AP,d:\LUMOS\processed\preprocessed_images\patient_577\AP.png,D:\LUMOS\processed\segmentation\pseudo_labels\patient_577_AP_mask.png,D:\LUMOS\processed\segmentation\visualizations\patient_577_AP_viz.jpg,1,0.839,PSEUDO_LABEL,False
577,Lateral,d:\LUMOS\processed\preprocessed_images\patient_577\Lateral.png,D:\LUMOS\processed\segmentation\pseudo_labels\patient_577_Lateral_mask.png,D:\LUMOS\processed\segmentation\visualizations\patient_577_Lateral_viz.jpg,1,0.839,PSEUDO_LABEL,False
578,AP,d:\LUMOS\processed\preprocessed_images\patient_578\AP.png,D:\LUMOS\processed\segmentation\pseudo_labels\patient_578_AP_mask.png,D:\LUMOS\processed\segmentation\visualizations\patient_578_AP_viz.jpg,2,0.77,PSEUDO_LABEL,False
578,Lateral,d:\LUMOS\processed\preprocessed_images\patient_578\Lateral.png,D:\LUMOS\processed\segmentation\pseudo_labels\patient_578_Lateral_mask.png,D:\LUMOS\processed\segmentation\visualizations\patient_578_Lateral_viz.jpg,2,0.77,PSEUDO_LABEL,False
579,AP,d:\LUMOS\processed\preprocessed_images\patient_579\AP.png,D:\LUMOS\processed\segmentation\pseudo_labels\patient_579_AP_mask.png,D:\LUMOS\processed\segmentation\visualizations\patient_579_AP_viz.jpg,1,0.895,PSEUDO_LABEL,False
579,Lateral,d:\LUMOS\processed\preprocessed_images\patient_579\Lateral.png,D:\LUMOS\processed\segmentation\pseudo_labels\patient_579_Lateral_mask.png,D:\LUMOS\processed\segmentation\visualizations\patient_579_Lateral_viz.jpg,1,0.895,PSEUDO_LABEL,False
580,AP,d:\LUMOS\processed\preprocessed_images\patient_580\AP.png,D:\LUMOS\processed\segmentation\pseudo_labels\patient_580_AP_mask.png,D:\LUMOS\processed\segmentation\visualizations\patient_580_AP_viz.jpg,0,1.095,PSEUDO_LABEL,False
580,Lateral,d:\LUMOS\processed\preprocessed_images\patient_580\Lateral.png,D:\LUMOS\processed\segmentation\pseudo_labels\patient_580_Lateral_mask.png,D:\LUMOS\processed\segmentation\visualizations\patient_580_Lateral_viz.jpg,0,1.095,PSEUDO_LABEL,False
581,AP,d:\LUMOS\processed\preprocessed_images\patient_581\AP.png,D:\LUMOS\processed\segmentation\pseudo_labels\patient_581_AP_mask.png,D:\LUMOS\processed\segmentation\visualizations\patient_581_AP_viz.jpg,2,0.747,PSEUDO_LABEL,False
581,Lateral,d:\LUMOS\processed\preprocessed_images\patient_581\Lateral.png,D:\LUMOS\processed\segmentation\pseudo_labels\patient_581_Lateral_mask.png,D:\LUMOS\processed\segmentation\visualizations\patient_581_Lateral_viz.jpg,2,0.747,PSEUDO_LABEL,False
582,AP,d:\LUMOS\processed\preprocessed_images\patient_582\AP.png,D:\LUMOS\processed\segmentation\pseudo_labels\patient_582_AP_mask.png,D:\LUMOS\processed\segmentation\visualizations\patient_582_AP_viz.jpg,1,0.974,PSEUDO_LABEL,False
582,Lateral,d:\LUMOS\processed\preprocessed_images\patient_582\Lateral.png,D:\LUMOS\processed\segmentation\pseudo_labels\patient_582_Lateral_mask.png,D:\LUMOS\processed\segmentation\visualizations\patient_582_Lateral_viz.jpg,1,0.974,PSEUDO_LABEL,False
583,AP,d:\LUMOS\processed\preprocessed_images\patient_583\AP.png,D:\LUMOS\processed\segmentation\pseudo_labels\patient_583_AP_mask.png,D:\LUMOS\processed\segmentation\visualizations\patient_583_AP_viz.jpg,1,0.92,PSEUDO_LABEL,False
583,Lateral,d:\LUMOS\processed\preprocessed_images\patient_583\Lateral.png,D:\LUMOS\processed\segmentation\pseudo_labels\patient_583_Lateral_mask.png,D:\LUMOS\processed\segmentation\visualizations\patient_583_Lateral_viz.jpg,1,0.92,PSEUDO_LABEL,False
584,AP,d:\LUMOS\processed\preprocessed_images\patient_584\AP.png,D:\LUMOS\processed\segmentation\pseudo_labels\patient_584_AP_mask.png,D:\LUMOS\processed\segmentation\visualizations\patient_584_AP_viz.jpg,2,0.778,PSEUDO_LABEL,False
584,Lateral,d:\LUMOS\processed\preprocessed_images\patient_584\Lateral.png,D:\LUMOS\processed\segmentation\pseudo_labels\patient_584_Lateral_mask.png,D:\LUMOS\processed\segmentation\visualizations\patient_584_Lateral_viz.jpg,2,0.778,PSEUDO_LABEL,False
585,AP,d:\LUMOS\processed\preprocessed_images\patient_585\AP.png,D:\LUMOS\processed\segmentation\pseudo_labels\patient_585_AP_mask.png,D:\LUMOS\processed\segmentation\visualizations\patient_585_AP_viz.jpg,0,1.063,PSEUDO_LABEL,False
585,Lateral,d:\LUMOS\processed\preprocessed_images\patient_585\Lateral.png,D:\LUMOS\processed\segmentation\pseudo_labels\patient_585_Lateral_mask.png,D:\LUMOS\processed\segmentation\visualizations\patient_585_Lateral_viz.jpg,0,1.063,PSEUDO_LABEL,False
586,AP,d:\LUMOS\processed\preprocessed_images\patient_586\AP.png,D:\LUMOS\processed\segmentation\pseudo_labels\patient_586_AP_mask.png,D:\LUMOS\processed\segmentation\visualizations\patient_586_AP_viz.jpg,1,0.829759068043421,PSEUDO_LABEL,False
586,Lateral,d:\LUMOS\processed\preprocessed_images\patient_586\Lateral.png,D:\LUMOS\processed\segmentation\pseudo_labels\patient_586_Lateral_mask.png,D:\LUMOS\processed\segmentation\visualizations\patient_586_Lateral_viz.jpg,1,0.829759068043421,PSEUDO_LABEL,False
587,AP,d:\LUMOS\processed\preprocessed_images\patient_587\AP.png,D:\LUMOS\processed\segmentation\pseudo_labels\patient_587_AP_mask.png,D:\LUMOS\processed\segmentation\visualizations\patient_587_AP_viz.jpg,0,1.127,PSEUDO_LABEL,False
587,Lateral,d:\LUMOS\processed\preprocessed_images\patient_587\Lateral.png,D:\LUMOS\processed\segmentation\pseudo_labels\patient_587_Lateral_mask.png,D:\LUMOS\processed\segmentation\visualizations\patient_587_Lateral_viz.jpg,0,1.127,PSEUDO_LABEL,False
588,AP,d:\LUMOS\processed\preprocessed_images\patient_588\AP.png,D:\LUMOS\processed\segmentation\pseudo_labels\patient_588_AP_mask.png,D:\LUMOS\processed\segmentation\visualizations\patient_588_AP_viz.jpg,1,0.857,PSEUDO_LABEL,False
588,Lateral,d:\LUMOS\processed\preprocessed_images\patient_588\Lateral.png,D:\LUMOS\processed\segmentation\pseudo_labels\patient_588_Lateral_mask.png,D:\LUMOS\processed\segmentation\visualizations\patient_588_Lateral_viz.jpg,1,0.857,PSEUDO_LABEL,False
589,AP,d:\LUMOS\processed\preprocessed_images\patient_589\AP.png,D:\LUMOS\processed\segmentation\pseudo_labels\patient_589_AP_mask.png,D:\LUMOS\processed\segmentation\visualizations\patient_589_AP_viz.jpg,1,0.976,PSEUDO_LABEL,False
589,Lateral,d:\LUMOS\processed\preprocessed_images\patient_589\Lateral.png,D:\LUMOS\processed\segmentation\pseudo_labels\patient_589_Lateral_mask.png,D:\LUMOS\processed\segmentation\visualizations\patient_589_Lateral_viz.jpg,1,0.976,PSEUDO_LABEL,False
590,AP,d:\LUMOS\processed\preprocessed_images\patient_590\AP.png,D:\LUMOS\processed\segmentation\pseudo_labels\patient_590_AP_mask.png,D:\LUMOS\processed\segmentation\visualizations\patient_590_AP_viz.jpg,0,1.143,PSEUDO_LABEL,False
590,Lateral,d:\LUMOS\processed\preprocessed_images\patient_590\Lateral.png,D:\LUMOS\processed\segmentation\pseudo_labels\patient_590_Lateral_mask.png,D:\LUMOS\processed\segmentation\visualizations\patient_590_Lateral_viz.jpg,0,1.143,PSEUDO_LABEL,False
591,AP,d:\LUMOS\processed\preprocessed_images\patient_591\AP.png,D:\LUMOS\processed\segmentation\pseudo_labels\patient_591_AP_mask.png,D:\LUMOS\processed\segmentation\visualizations\patient_591_AP_viz.jpg,0,1.298,PSEUDO_LABEL,False
591,Lateral,d:\LUMOS\processed\preprocessed_images\patient_591\Lateral.png,D:\LUMOS\processed\segmentation\pseudo_labels\patient_591_Lateral_mask.png,D:\LUMOS\processed\segmentation\visualizations\patient_591_Lateral_viz.jpg,0,1.298,PSEUDO_LABEL,False
592,AP,d:\LUMOS\processed\preprocessed_images\patient_592\AP.png,D:\LUMOS\processed\segmentation\pseudo_labels\patient_592_AP_mask.png,D:\LUMOS\processed\segmentation\visualizations\patient_592_AP_viz.jpg,1,0.937566816335258,PSEUDO_LABEL,False
592,Lateral,d:\LUMOS\processed\preprocessed_images\patient_592\Lateral.png,D:\LUMOS\processed\segmentation\pseudo_labels\patient_592_Lateral_mask.png,D:\LUMOS\processed\segmentation\visualizations\patient_592_Lateral_viz.jpg,1,0.937566816335258,PSEUDO_LABEL,False
593,AP,d:\LUMOS\processed\preprocessed_images\patient_593\AP.png,D:\LUMOS\processed\segmentation\pseudo_labels\patient_593_AP_mask.png,D:\LUMOS\processed\segmentation\visualizations\patient_593_AP_viz.jpg,1,0.891211401425178,PSEUDO_LABEL,False
593,Lateral,d:\LUMOS\processed\preprocessed_images\patient_593\Lateral.png,D:\LUMOS\processed\segmentation\pseudo_labels\patient_593_Lateral_mask.png,D:\LUMOS\processed\segmentation\visualizations\patient_593_Lateral_viz.jpg,1,0.891211401425178,PSEUDO_LABEL,False
594,AP,d:\LUMOS\processed\preprocessed_images\patient_594\AP.png,D:\LUMOS\processed\segmentation\pseudo_labels\patient_594_AP_mask.png,D:\LUMOS\processed\segmentation\visualizations\patient_594_AP_viz.jpg,0,1.299,PSEUDO_LABEL,False
594,Lateral,d:\LUMOS\processed\preprocessed_images\patient_594\Lateral.png,D:\LUMOS\processed\segmentation\pseudo_labels\patient_594_Lateral_mask.png,D:\LUMOS\processed\segmentation\visualizations\patient_594_Lateral_viz.jpg,0,1.299,PSEUDO_LABEL,False
595,AP,d:\LUMOS\processed\preprocessed_images\patient_595\AP.png,D:\LUMOS\processed\segmentation\pseudo_labels\patient_595_AP_mask.png,D:\LUMOS\processed\segmentation\visualizations\patient_595_AP_viz.jpg,1,0.977,PSEUDO_LABEL,False
595,Lateral,d:\LUMOS\processed\preprocessed_images\patient_595\Lateral.png,D:\LUMOS\processed\segmentation\pseudo_labels\patient_595_Lateral_mask.png,D:\LUMOS\processed\segmentation\visualizations\patient_595_Lateral_viz.jpg,1,0.977,PSEUDO_LABEL,False
596,AP,d:\LUMOS\processed\preprocessed_images\patient_596\AP.png,D:\LUMOS\processed\segmentation\pseudo_labels\patient_596_AP_mask.png,D:\LUMOS\processed\segmentation\visualizations\patient_596_AP_viz.jpg,1,0.984,PSEUDO_LABEL,False
596,Lateral,d:\LUMOS\processed\preprocessed_images\patient_596\Lateral.png,D:\LUMOS\processed\segmentation\pseudo_labels\patient_596_Lateral_mask.png,D:\LUMOS\processed\segmentation\visualizations\patient_596_Lateral_viz.jpg,1,0.984,PSEUDO_LABEL,False
597,AP,d:\LUMOS\processed\preprocessed_images\patient_597\AP.png,D:\LUMOS\processed\segmentation\pseudo_labels\patient_597_AP_mask.png,D:\LUMOS\processed\segmentation\visualizations\patient_597_AP_viz.jpg,2,0.799,PSEUDO_LABEL,False
597,Lateral,d:\LUMOS\processed\preprocessed_images\patient_597\Lateral.png,D:\LUMOS\processed\segmentation\pseudo_labels\patient_597_Lateral_mask.png,D:\LUMOS\processed\segmentation\visualizations\patient_597_Lateral_viz.jpg,2,0.799,PSEUDO_LABEL,False
598,AP,d:\LUMOS\processed\preprocessed_images\patient_598\AP.png,D:\LUMOS\processed\segmentation\pseudo_labels\patient_598_AP_mask.png,D:\LUMOS\processed\segmentation\visualizations\patient_598_AP_viz.jpg,1,0.954,PSEUDO_LABEL,False
598,Lateral,d:\LUMOS\processed\preprocessed_images\patient_598\Lateral.png,D:\LUMOS\processed\segmentation\pseudo_labels\patient_598_Lateral_mask.png,D:\LUMOS\processed\segmentation\visualizations\patient_598_Lateral_viz.jpg,1,0.954,PSEUDO_LABEL,False
599,AP,d:\LUMOS\processed\preprocessed_images\patient_599\AP.png,D:\LUMOS\processed\segmentation\pseudo_labels\patient_599_AP_mask.png,D:\LUMOS\processed\segmentation\visualizations\patient_599_AP_viz.jpg,1,0.97,PSEUDO_LABEL,False
599,Lateral,d:\LUMOS\processed\preprocessed_images\patient_599\Lateral.png,D:\LUMOS\processed\segmentation\pseudo_labels\patient_599_Lateral_mask.png,D:\LUMOS\processed\segmentation\visualizations\patient_599_Lateral_viz.jpg,1,0.97,PSEUDO_LABEL,False
601,AP,d:\LUMOS\processed\preprocessed_images\patient_601\AP.png,D:\LUMOS\processed\segmentation\pseudo_labels\patient_601_AP_mask.png,D:\LUMOS\processed\segmentation\visualizations\patient_601_AP_viz.jpg,1,0.983,PSEUDO_LABEL,False
601,Lateral,d:\LUMOS\processed\preprocessed_images\patient_601\Lateral.png,D:\LUMOS\processed\segmentation\pseudo_labels\patient_601_Lateral_mask.png,D:\LUMOS\processed\segmentation\visualizations\patient_601_Lateral_viz.jpg,1,0.983,PSEUDO_LABEL,False
602,AP,d:\LUMOS\processed\preprocessed_images\patient_602\AP.png,D:\LUMOS\processed\segmentation\pseudo_labels\patient_602_AP_mask.png,D:\LUMOS\processed\segmentation\visualizations\patient_602_AP_viz.jpg,0,1.26,PSEUDO_LABEL,False
602,Lateral,d:\LUMOS\processed\preprocessed_images\patient_602\Lateral.png,D:\LUMOS\processed\segmentation\pseudo_labels\patient_602_Lateral_mask.png,D:\LUMOS\processed\segmentation\visualizations\patient_602_Lateral_viz.jpg,0,1.26,PSEUDO_LABEL,False
603,AP,d:\LUMOS\processed\preprocessed_images\patient_603\AP.png,D:\LUMOS\processed\segmentation\pseudo_labels\patient_603_AP_mask.png,D:\LUMOS\processed\segmentation\visualizations\patient_603_AP_viz.jpg,1,0.949592449592449,PSEUDO_LABEL,False
603,Lateral,d:\LUMOS\processed\preprocessed_images\patient_603\Lateral.png,D:\LUMOS\processed\segmentation\pseudo_labels\patient_603_Lateral_mask.png,D:\LUMOS\processed\segmentation\visualizations\patient_603_Lateral_viz.jpg,1,0.949592449592449,PSEUDO_LABEL,False
604,AP,d:\LUMOS\processed\preprocessed_images\patient_604\AP.png,D:\LUMOS\processed\segmentation\pseudo_labels\patient_604_AP_mask.png,D:\LUMOS\processed\segmentation\visualizations\patient_604_AP_viz.jpg,1,0.846,PSEUDO_LABEL,False
604,Lateral,d:\LUMOS\processed\preprocessed_images\patient_604\Lateral.png,D:\LUMOS\processed\segmentation\pseudo_labels\patient_604_Lateral_mask.png,D:\LUMOS\processed\segmentation\visualizations\patient_604_Lateral_viz.jpg,1,0.846,PSEUDO_LABEL,False
605,AP,d:\LUMOS\processed\preprocessed_images\patient_605\AP.png,D:\LUMOS\processed\segmentation\pseudo_labels\patient_605_AP_mask.png,D:\LUMOS\processed\segmentation\visualizations\patient_605_AP_viz.jpg,1,0.974,PSEUDO_LABEL,False
605,Lateral,d:\LUMOS\processed\preprocessed_images\patient_605\Lateral.png,D:\LUMOS\processed\segmentation\pseudo_labels\patient_605_Lateral_mask.png,D:\LUMOS\processed\segmentation\visualizations\patient_605_Lateral_viz.jpg,1,0.974,PSEUDO_LABEL,False
606,AP,d:\LUMOS\processed\preprocessed_images\patient_606\AP.png,D:\LUMOS\processed\segmentation\pseudo_labels\patient_606_AP_mask.png,D:\LUMOS\processed\segmentation\visualizations\patient_606_AP_viz.jpg,0,1.362,PSEUDO_LABEL,False
606,Lateral,d:\LUMOS\processed\preprocessed_images\patient_606\Lateral.png,D:\LUMOS\processed\segmentation\pseudo_labels\patient_606_Lateral_mask.png,D:\LUMOS\processed\segmentation\visualizations\patient_606_Lateral_viz.jpg,0,1.362,PSEUDO_LABEL,False
607,AP,d:\LUMOS\processed\preprocessed_images\patient_607\AP.png,D:\LUMOS\processed\segmentation\pseudo_labels\patient_607_AP_mask.png,D:\LUMOS\processed\segmentation\visualizations\patient_607_AP_viz.jpg,0,1.051,PSEUDO_LABEL,False
607,Lateral,d:\LUMOS\processed\preprocessed_images\patient_607\Lateral.png,D:\LUMOS\processed\segmentation\pseudo_labels\patient_607_Lateral_mask.png,D:\LUMOS\processed\segmentation\visualizations\patient_607_Lateral_viz.jpg,0,1.051,PSEUDO_LABEL,False
608,AP,d:\LUMOS\processed\preprocessed_images\patient_608\AP.png,D:\LUMOS\processed\segmentation\pseudo_labels\patient_608_AP_mask.png,D:\LUMOS\processed\segmentation\visualizations\patient_608_AP_viz.jpg,1,0.921,PSEUDO_LABEL,False
608,Lateral,d:\LUMOS\processed\preprocessed_images\patient_608\Lateral.png,D:\LUMOS\processed\segmentation\pseudo_labels\patient_608_Lateral_mask.png,D:\LUMOS\processed\segmentation\visualizations\patient_608_Lateral_viz.jpg,1,0.921,PSEUDO_LABEL,False
609,AP,d:\LUMOS\processed\preprocessed_images\patient_609\AP.png,D:\LUMOS\processed\segmentation\pseudo_labels\patient_609_AP_mask.png,D:\LUMOS\processed\segmentation\visualizations\patient_609_AP_viz.jpg,2,0.679,PSEUDO_LABEL,False
609,Lateral,d:\LUMOS\processed\preprocessed_images\patient_609\Lateral.png,D:\LUMOS\processed\segmentation\pseudo_labels\patient_609_Lateral_mask.png,D:\LUMOS\processed\segmentation\visualizations\patient_609_Lateral_viz.jpg,2,0.679,PSEUDO_LABEL,False
610,AP,d:\LUMOS\processed\preprocessed_images\patient_610\AP.png,D:\LUMOS\processed\segmentation\pseudo_labels\patient_610_AP_mask.png,D:\LUMOS\processed\segmentation\visualizations\patient_610_AP_viz.jpg,1,0.987,PSEUDO_LABEL,False
610,Lateral,d:\LUMOS\processed\preprocessed_images\patient_610\Lateral.png,D:\LUMOS\processed\segmentation\pseudo_labels\patient_610_Lateral_mask.png,D:\LUMOS\processed\segmentation\visualizations\patient_610_Lateral_viz.jpg,1,0.987,PSEUDO_LABEL,False
611,AP,d:\LUMOS\processed\preprocessed_images\patient_611\AP.png,D:\LUMOS\processed\segmentation\pseudo_labels\patient_611_AP_mask.png,D:\LUMOS\processed\segmentation\visualizations\patient_611_AP_viz.jpg,0,1.168,PSEUDO_LABEL,False
611,Lateral,d:\LUMOS\processed\preprocessed_images\patient_611\Lateral.png,D:\LUMOS\processed\segmentation\pseudo_labels\patient_611_Lateral_mask.png,D:\LUMOS\processed\segmentation\visualizations\patient_611_Lateral_viz.jpg,0,1.168,PSEUDO_LABEL,False
612,AP,d:\LUMOS\processed\preprocessed_images\patient_612\AP.png,D:\LUMOS\processed\segmentation\pseudo_labels\patient_612_AP_mask.png,D:\LUMOS\processed\segmentation\visualizations\patient_612_AP_viz.jpg,0,1.00481134464421,PSEUDO_LABEL,False
612,Lateral,d:\LUMOS\processed\preprocessed_images\patient_612\Lateral.png,D:\LUMOS\processed\segmentation\pseudo_labels\patient_612_Lateral_mask.png,D:\LUMOS\processed\segmentation\visualizations\patient_612_Lateral_viz.jpg,0,1.00481134464421,PSEUDO_LABEL,False
613,AP,d:\LUMOS\processed\preprocessed_images\patient_613\AP.png,D:\LUMOS\processed\segmentation\pseudo_labels\patient_613_AP_mask.png,D:\LUMOS\processed\segmentation\visualizations\patient_613_AP_viz.jpg,2,0.552,PSEUDO_LABEL,False
613,Lateral,d:\LUMOS\processed\preprocessed_images\patient_613\Lateral.png,D:\LUMOS\processed\segmentation\pseudo_labels\patient_613_Lateral_mask.png,D:\LUMOS\processed\segmentation\visualizations\patient_613_Lateral_viz.jpg,2,0.552,PSEUDO_LABEL,False
614,AP,d:\LUMOS\processed\preprocessed_images\patient_614\AP.png,D:\LUMOS\processed\segmentation\pseudo_labels\patient_614_AP_mask.png,D:\LUMOS\processed\segmentation\visualizations\patient_614_AP_viz.jpg,2,0.617,PSEUDO_LABEL,False
614,Lateral,d:\LUMOS\processed\preprocessed_images\patient_614\Lateral.png,D:\LUMOS\processed\segmentation\pseudo_labels\patient_614_Lateral_mask.png,D:\LUMOS\processed\segmentation\visualizations\patient_614_Lateral_viz.jpg,2,0.617,PSEUDO_LABEL,False
615,AP,d:\LUMOS\processed\preprocessed_images\patient_615\AP.png,D:\LUMOS\processed\segmentation\pseudo_labels\patient_615_AP_mask.png,D:\LUMOS\processed\segmentation\visualizations\patient_615_AP_viz.jpg,2,0.681,PSEUDO_LABEL,False
615,Lateral,d:\LUMOS\processed\preprocessed_images\patient_615\Lateral.png,D:\LUMOS\processed\segmentation\pseudo_labels\patient_615_Lateral_mask.png,D:\LUMOS\processed\segmentation\visualizations\patient_615_Lateral_viz.jpg,2,0.681,PSEUDO_LABEL,False
616,AP,d:\LUMOS\processed\preprocessed_images\patient_616\AP.png,D:\LUMOS\processed\segmentation\pseudo_labels\patient_616_AP_mask.png,D:\LUMOS\processed\segmentation\visualizations\patient_616_AP_viz.jpg,0,0.995,PSEUDO_LABEL,False
616,Lateral,d:\LUMOS\processed\preprocessed_images\patient_616\Lateral.png,D:\LUMOS\processed\segmentation\pseudo_labels\patient_616_Lateral_mask.png,D:\LUMOS\processed\segmentation\visualizations\patient_616_Lateral_viz.jpg,0,0.995,PSEUDO_LABEL,False
617,AP,d:\LUMOS\processed\preprocessed_images\patient_617\AP.png,D:\LUMOS\processed\segmentation\pseudo_labels\patient_617_AP_mask.png,D:\LUMOS\processed\segmentation\visualizations\patient_617_AP_viz.jpg,0,1.281,PSEUDO_LABEL,False
617,Lateral,d:\LUMOS\processed\preprocessed_images\patient_617\Lateral.png,D:\LUMOS\processed\segmentation\pseudo_labels\patient_617_Lateral_mask.png,D:\LUMOS\processed\segmentation\visualizations\patient_617_Lateral_viz.jpg,0,1.281,PSEUDO_LABEL,False
618,AP,d:\LUMOS\processed\preprocessed_images\patient_618\AP.png,D:\LUMOS\processed\segmentation\pseudo_labels\patient_618_AP_mask.png,D:\LUMOS\processed\segmentation\visualizations\patient_618_AP_viz.jpg,2,0.758,PSEUDO_LABEL,False
618,Lateral,d:\LUMOS\processed\preprocessed_images\patient_618\Lateral.png,D:\LUMOS\processed\segmentation\pseudo_labels\patient_618_Lateral_mask.png,D:\LUMOS\processed\segmentation\visualizations\patient_618_Lateral_viz.jpg,2,0.758,PSEUDO_LABEL,False
619,AP,d:\LUMOS\processed\preprocessed_images\patient_619\AP.png,D:\LUMOS\processed\segmentation\pseudo_labels\patient_619_AP_mask.png,D:\LUMOS\processed\segmentation\visualizations\patient_619_AP_viz.jpg,0,1.234,PSEUDO_LABEL,False
619,Lateral,d:\LUMOS\processed\preprocessed_images\patient_619\Lateral.png,D:\LUMOS\processed\segmentation\pseudo_labels\patient_619_Lateral_mask.png,D:\LUMOS\processed\segmentation\visualizations\patient_619_Lateral_viz.jpg,0,1.234,PSEUDO_LABEL,False
620,AP,d:\LUMOS\processed\preprocessed_images\patient_620\AP.png,D:\LUMOS\processed\segmentation\pseudo_labels\patient_620_AP_mask.png,D:\LUMOS\processed\segmentation\visualizations\patient_620_AP_viz.jpg,0,1.233,PSEUDO_LABEL,False
620,Lateral,d:\LUMOS\processed\preprocessed_images\patient_620\Lateral.png,D:\LUMOS\processed\segmentation\pseudo_labels\patient_620_Lateral_mask.png,D:\LUMOS\processed\segmentation\visualizations\patient_620_Lateral_viz.jpg,0,1.233,PSEUDO_LABEL,False
621,AP,d:\LUMOS\processed\preprocessed_images\patient_621\AP.png,D:\LUMOS\processed\segmentation\pseudo_labels\patient_621_AP_mask.png,D:\LUMOS\processed\segmentation\visualizations\patient_621_AP_viz.jpg,1,0.987,PSEUDO_LABEL,False
621,Lateral,d:\LUMOS\processed\preprocessed_images\patient_621\Lateral.png,D:\LUMOS\processed\segmentation\pseudo_labels\patient_621_Lateral_mask.png,D:\LUMOS\processed\segmentation\visualizations\patient_621_Lateral_viz.jpg,1,0.987,PSEUDO_LABEL,False
622,AP,d:\LUMOS\processed\preprocessed_images\patient_622\AP.png,D:\LUMOS\processed\segmentation\pseudo_labels\patient_622_AP_mask.png,D:\LUMOS\processed\segmentation\visualizations\patient_622_AP_viz.jpg,1,0.871,PSEUDO_LABEL,False
622,Lateral,d:\LUMOS\processed\preprocessed_images\patient_622\Lateral.png,D:\LUMOS\processed\segmentation\pseudo_labels\patient_622_Lateral_mask.png,D:\LUMOS\processed\segmentation\visualizations\patient_622_Lateral_viz.jpg,1,0.871,PSEUDO_LABEL,False
623,AP,d:\LUMOS\processed\preprocessed_images\patient_623\AP.png,D:\LUMOS\processed\segmentation\pseudo_labels\patient_623_AP_mask.png,D:\LUMOS\processed\segmentation\visualizations\patient_623_AP_viz.jpg,1,0.856,PSEUDO_LABEL,False
623,Lateral,d:\LUMOS\processed\preprocessed_images\patient_623\Lateral.png,D:\LUMOS\processed\segmentation\pseudo_labels\patient_623_Lateral_mask.png,D:\LUMOS\processed\segmentation\visualizations\patient_623_Lateral_viz.jpg,1,0.856,PSEUDO_LABEL,False
624,AP,d:\LUMOS\processed\preprocessed_images\patient_624\AP.png,D:\LUMOS\processed\segmentation\pseudo_labels\patient_624_AP_mask.png,D:\LUMOS\processed\segmentation\visualizations\patient_624_AP_viz.jpg,0,1.06,PSEUDO_LABEL,False
624,Lateral,d:\LUMOS\processed\preprocessed_images\patient_624\Lateral.png,D:\LUMOS\processed\segmentation\pseudo_labels\patient_624_Lateral_mask.png,D:\LUMOS\processed\segmentation\visualizations\patient_624_Lateral_viz.jpg,0,1.06,PSEUDO_LABEL,False
625,AP,d:\LUMOS\processed\preprocessed_images\patient_625\AP.png,D:\LUMOS\processed\segmentation\pseudo_labels\patient_625_AP_mask.png,D:\LUMOS\processed\segmentation\visualizations\patient_625_AP_viz.jpg,0,1.277,PSEUDO_LABEL,False
625,Lateral,d:\LUMOS\processed\preprocessed_images\patient_625\Lateral.png,D:\LUMOS\processed\segmentation\pseudo_labels\patient_625_Lateral_mask.png,D:\LUMOS\processed\segmentation\visualizations\patient_625_Lateral_viz.jpg,0,1.277,PSEUDO_LABEL,False
626,AP,d:\LUMOS\processed\preprocessed_images\patient_626\AP.png,D:\LUMOS\processed\segmentation\pseudo_labels\patient_626_AP_mask.png,D:\LUMOS\processed\segmentation\visualizations\patient_626_AP_viz.jpg,2,0.806,PSEUDO_LABEL,False
626,Lateral,d:\LUMOS\processed\preprocessed_images\patient_626\Lateral.png,D:\LUMOS\processed\segmentation\pseudo_labels\patient_626_Lateral_mask.png,D:\LUMOS\processed\segmentation\visualizations\patient_626_Lateral_viz.jpg,2,0.806,PSEUDO_LABEL,False
627,AP,d:\LUMOS\processed\preprocessed_images\patient_627\AP.png,D:\LUMOS\processed\segmentation\pseudo_labels\patient_627_AP_mask.png,D:\LUMOS\processed\segmentation\visualizations\patient_627_AP_viz.jpg,2,0.712,PSEUDO_LABEL,False
627,Lateral,d:\LUMOS\processed\preprocessed_images\patient_627\Lateral.png,D:\LUMOS\processed\segmentation\pseudo_labels\patient_627_Lateral_mask.png,D:\LUMOS\processed\segmentation\visualizations\patient_627_Lateral_viz.jpg,2,0.712,PSEUDO_LABEL,False
628,AP,d:\LUMOS\processed\preprocessed_images\patient_628\AP.png,D:\LUMOS\processed\segmentation\pseudo_labels\patient_628_AP_mask.png,D:\LUMOS\processed\segmentation\visualizations\patient_628_AP_viz.jpg,0,1.207,PSEUDO_LABEL,False
628,Lateral,d:\LUMOS\processed\preprocessed_images\patient_628\Lateral.png,D:\LUMOS\processed\segmentation\pseudo_labels\patient_628_Lateral_mask.png,D:\LUMOS\processed\segmentation\visualizations\patient_628_Lateral_viz.jpg,0,1.207,PSEUDO_LABEL,False
629,AP,d:\LUMOS\processed\preprocessed_images\patient_629\AP.png,D:\LUMOS\processed\segmentation\pseudo_labels\patient_629_AP_mask.png,D:\LUMOS\processed\segmentation\visualizations\patient_629_AP_viz.jpg,2,0.658,PSEUDO_LABEL,False
629,Lateral,d:\LUMOS\processed\preprocessed_images\patient_629\Lateral.png,D:\LUMOS\processed\segmentation\pseudo_labels\patient_629_Lateral_mask.png,D:\LUMOS\processed\segmentation\visualizations\patient_629_Lateral_viz.jpg,2,0.658,PSEUDO_LABEL,False
630,AP,d:\LUMOS\processed\preprocessed_images\patient_630\AP.png,D:\LUMOS\processed\segmentation\pseudo_labels\patient_630_AP_mask.png,D:\LUMOS\processed\segmentation\visualizations\patient_630_AP_viz.jpg,1,0.927,PSEUDO_LABEL,False
630,Lateral,d:\LUMOS\processed\preprocessed_images\patient_630\Lateral.png,D:\LUMOS\processed\segmentation\pseudo_labels\patient_630_Lateral_mask.png,D:\LUMOS\processed\segmentation\visualizations\patient_630_Lateral_viz.jpg,1,0.927,PSEUDO_LABEL,False
631,AP,d:\LUMOS\processed\preprocessed_images\patient_631\AP.png,D:\LUMOS\processed\segmentation\pseudo_labels\patient_631_AP_mask.png,D:\LUMOS\processed\segmentation\visualizations\patient_631_AP_viz.jpg,2,0.812,PSEUDO_LABEL,False
631,Lateral,d:\LUMOS\processed\preprocessed_images\patient_631\Lateral.png,D:\LUMOS\processed\segmentation\pseudo_labels\patient_631_Lateral_mask.png,D:\LUMOS\processed\segmentation\visualizations\patient_631_Lateral_viz.jpg,2,0.812,PSEUDO_LABEL,False
632,AP,d:\LUMOS\processed\preprocessed_images\patient_632\AP.png,D:\LUMOS\processed\segmentation\pseudo_labels\patient_632_AP_mask.png,D:\LUMOS\processed\segmentation\visualizations\patient_632_AP_viz.jpg,1,0.876,PSEUDO_LABEL,False
632,Lateral,d:\LUMOS\processed\preprocessed_images\patient_632\Lateral.png,D:\LUMOS\processed\segmentation\pseudo_labels\patient_632_Lateral_mask.png,D:\LUMOS\processed\segmentation\visualizations\patient_632_Lateral_viz.jpg,1,0.876,PSEUDO_LABEL,False
633,AP,d:\LUMOS\processed\preprocessed_images\patient_633\AP.png,D:\LUMOS\processed\segmentation\pseudo_labels\patient_633_AP_mask.png,D:\LUMOS\processed\segmentation\visualizations\patient_633_AP_viz.jpg,2,0.537,PSEUDO_LABEL,False
633,Lateral,d:\LUMOS\processed\preprocessed_images\patient_633\Lateral.png,D:\LUMOS\processed\segmentation\pseudo_labels\patient_633_Lateral_mask.png,D:\LUMOS\processed\segmentation\visualizations\patient_633_Lateral_viz.jpg,2,0.537,PSEUDO_LABEL,False
634,AP,d:\LUMOS\processed\preprocessed_images\patient_634\AP.png,D:\LUMOS\processed\segmentation\pseudo_labels\patient_634_AP_mask.png,D:\LUMOS\processed\segmentation\visualizations\patient_634_AP_viz.jpg,2,0.666,PSEUDO_LABEL,False
634,Lateral,d:\LUMOS\processed\preprocessed_images\patient_634\Lateral.png,D:\LUMOS\processed\segmentation\pseudo_labels\patient_634_Lateral_mask.png,D:\LUMOS\processed\segmentation\visualizations\patient_634_Lateral_viz.jpg,2,0.666,PSEUDO_LABEL,False
635,AP,d:\LUMOS\processed\preprocessed_images\patient_635\AP.png,D:\LUMOS\processed\segmentation\pseudo_labels\patient_635_AP_mask.png,D:\LUMOS\processed\segmentation\visualizations\patient_635_AP_viz.jpg,0,1.118,PSEUDO_LABEL,False
635,Lateral,d:\LUMOS\processed\preprocessed_images\patient_635\Lateral.png,D:\LUMOS\processed\segmentation\pseudo_labels\patient_635_Lateral_mask.png,D:\LUMOS\processed\segmentation\visualizations\patient_635_Lateral_viz.jpg,0,1.118,PSEUDO_LABEL,False
636,AP,d:\LUMOS\processed\preprocessed_images\patient_636\AP.png,D:\LUMOS\processed\segmentation\pseudo_labels\patient_636_AP_mask.png,D:\LUMOS\processed\segmentation\visualizations\patient_636_AP_viz.jpg,0,0.995,PSEUDO_LABEL,False
636,Lateral,d:\LUMOS\processed\preprocessed_images\patient_636\Lateral.png,D:\LUMOS\processed\segmentation\pseudo_labels\patient_636_Lateral_mask.png,D:\LUMOS\processed\segmentation\visualizations\patient_636_Lateral_viz.jpg,0,0.995,PSEUDO_LABEL,False
637,AP,d:\LUMOS\processed\preprocessed_images\patient_637\AP.png,D:\LUMOS\processed\segmentation\pseudo_labels\patient_637_AP_mask.png,D:\LUMOS\processed\segmentation\visualizations\patient_637_AP_viz.jpg,2,0.749,PSEUDO_LABEL,False
637,Lateral,d:\LUMOS\processed\preprocessed_images\patient_637\Lateral.png,D:\LUMOS\processed\segmentation\pseudo_labels\patient_637_Lateral_mask.png,D:\LUMOS\processed\segmentation\visualizations\patient_637_Lateral_viz.jpg,2,0.749,PSEUDO_LABEL,False
638,AP,d:\LUMOS\processed\preprocessed_images\patient_638\AP.png,D:\LUMOS\processed\segmentation\pseudo_labels\patient_638_AP_mask.png,D:\LUMOS\processed\segmentation\visualizations\patient_638_AP_viz.jpg,1,0.983,PSEUDO_LABEL,False
638,Lateral,d:\LUMOS\processed\preprocessed_images\patient_638\Lateral.png,D:\LUMOS\processed\segmentation\pseudo_labels\patient_638_Lateral_mask.png,D:\LUMOS\processed\segmentation\visualizations\patient_638_Lateral_viz.jpg,1,0.983,PSEUDO_LABEL,False
639,AP,d:\LUMOS\processed\preprocessed_images\patient_639\AP.png,D:\LUMOS\processed\segmentation\pseudo_labels\patient_639_AP_mask.png,D:\LUMOS\processed\segmentation\visualizations\patient_639_AP_viz.jpg,1,0.952,PSEUDO_LABEL,False
639,Lateral,d:\LUMOS\processed\preprocessed_images\patient_639\Lateral.png,D:\LUMOS\processed\segmentation\pseudo_labels\patient_639_Lateral_mask.png,D:\LUMOS\processed\segmentation\visualizations\patient_639_Lateral_viz.jpg,1,0.952,PSEUDO_LABEL,False
640,AP,d:\LUMOS\processed\preprocessed_images\patient_640\AP.png,D:\LUMOS\processed\segmentation\pseudo_labels\patient_640_AP_mask.png,D:\LUMOS\processed\segmentation\visualizations\patient_640_AP_viz.jpg,1,0.897,PSEUDO_LABEL,False
640,Lateral,d:\LUMOS\processed\preprocessed_images\patient_640\Lateral.png,D:\LUMOS\processed\segmentation\pseudo_labels\patient_640_Lateral_mask.png,D:\LUMOS\processed\segmentation\visualizations\patient_640_Lateral_viz.jpg,1,0.897,PSEUDO_LABEL,False
641,AP,d:\LUMOS\processed\preprocessed_images\patient_641\AP.png,D:\LUMOS\processed\segmentation\pseudo_labels\patient_641_AP_mask.png,D:\LUMOS\processed\segmentation\visualizations\patient_641_AP_viz.jpg,1,0.878,PSEUDO_LABEL,False
641,Lateral,d:\LUMOS\processed\preprocessed_images\patient_641\Lateral.png,D:\LUMOS\processed\segmentation\pseudo_labels\patient_641_Lateral_mask.png,D:\LUMOS\processed\segmentation\visualizations\patient_641_Lateral_viz.jpg,1,0.878,PSEUDO_LABEL,False
642,AP,d:\LUMOS\processed\preprocessed_images\patient_642\AP.png,D:\LUMOS\processed\segmentation\pseudo_labels\patient_642_AP_mask.png,D:\LUMOS\processed\segmentation\visualizations\patient_642_AP_viz.jpg,2,0.769,PSEUDO_LABEL,False
642,Lateral,d:\LUMOS\processed\preprocessed_images\patient_642\Lateral.png,D:\LUMOS\processed\segmentation\pseudo_labels\patient_642_Lateral_mask.png,D:\LUMOS\processed\segmentation\visualizations\patient_642_Lateral_viz.jpg,2,0.769,PSEUDO_LABEL,False
643,AP,d:\LUMOS\processed\preprocessed_images\patient_643\AP.png,D:\LUMOS\processed\segmentation\pseudo_labels\patient_643_AP_mask.png,D:\LUMOS\processed\segmentation\visualizations\patient_643_AP_viz.jpg,2,0.754,PSEUDO_LABEL,False
643,Lateral,d:\LUMOS\processed\preprocessed_images\patient_643\Lateral.png,D:\LUMOS\processed\segmentation\pseudo_labels\patient_643_Lateral_mask.png,D:\LUMOS\processed\segmentation\visualizations\patient_643_Lateral_viz.jpg,2,0.754,PSEUDO_LABEL,False
644,AP,d:\LUMOS\processed\preprocessed_images\patient_644\AP.png,D:\LUMOS\processed\segmentation\pseudo_labels\patient_644_AP_mask.png,D:\LUMOS\processed\segmentation\visualizations\patient_644_AP_viz.jpg,2,0.718,PSEUDO_LABEL,False
644,Lateral,d:\LUMOS\processed\preprocessed_images\patient_644\Lateral.png,D:\LUMOS\processed\segmentation\pseudo_labels\patient_644_Lateral_mask.png,D:\LUMOS\processed\segmentation\visualizations\patient_644_Lateral_viz.jpg,2,0.718,PSEUDO_LABEL,False
645,AP,d:\LUMOS\processed\preprocessed_images\patient_645\AP.png,D:\LUMOS\processed\segmentation\pseudo_labels\patient_645_AP_mask.png,D:\LUMOS\processed\segmentation\visualizations\patient_645_AP_viz.jpg,0,1.187,PSEUDO_LABEL,False
645,Lateral,d:\LUMOS\processed\preprocessed_images\patient_645\Lateral.png,D:\LUMOS\processed\segmentation\pseudo_labels\patient_645_Lateral_mask.png,D:\LUMOS\processed\segmentation\visualizations\patient_645_Lateral_viz.jpg,0,1.187,PSEUDO_LABEL,False
646,AP,d:\LUMOS\processed\preprocessed_images\patient_646\AP.png,D:\LUMOS\processed\segmentation\pseudo_labels\patient_646_AP_mask.png,D:\LUMOS\processed\segmentation\visualizations\patient_646_AP_viz.jpg,1,0.983,PSEUDO_LABEL,False
646,Lateral,d:\LUMOS\processed\preprocessed_images\patient_646\Lateral.png,D:\LUMOS\processed\segmentation\pseudo_labels\patient_646_Lateral_mask.png,D:\LUMOS\processed\segmentation\visualizations\patient_646_Lateral_viz.jpg,1,0.983,PSEUDO_LABEL,False
647,AP,d:\LUMOS\processed\preprocessed_images\patient_647\AP.png,D:\LUMOS\processed\segmentation\pseudo_labels\patient_647_AP_mask.png,D:\LUMOS\processed\segmentation\visualizations\patient_647_AP_viz.jpg,0,1.031,PSEUDO_LABEL,False
647,Lateral,d:\LUMOS\processed\preprocessed_images\patient_647\Lateral.png,D:\LUMOS\processed\segmentation\pseudo_labels\patient_647_Lateral_mask.png,D:\LUMOS\processed\segmentation\visualizations\patient_647_Lateral_viz.jpg,0,1.031,PSEUDO_LABEL,False
648,AP,d:\LUMOS\processed\preprocessed_images\patient_648\AP.png,D:\LUMOS\processed\segmentation\pseudo_labels\patient_648_AP_mask.png,D:\LUMOS\processed\segmentation\visualizations\patient_648_AP_viz.jpg,1,0.903,PSEUDO_LABEL,False
648,Lateral,d:\LUMOS\processed\preprocessed_images\patient_648\Lateral.png,D:\LUMOS\processed\segmentation\pseudo_labels\patient_648_Lateral_mask.png,D:\LUMOS\processed\segmentation\visualizations\patient_648_Lateral_viz.jpg,1,0.903,PSEUDO_LABEL,False
649,AP,d:\LUMOS\processed\preprocessed_images\patient_649\AP.png,D:\LUMOS\processed\segmentation\pseudo_labels\patient_649_AP_mask.png,D:\LUMOS\processed\segmentation\visualizations\patient_649_AP_viz.jpg,2,0.618,PSEUDO_LABEL,False
649,Lateral,d:\LUMOS\processed\preprocessed_images\patient_649\Lateral.png,D:\LUMOS\processed\segmentation\pseudo_labels\patient_649_Lateral_mask.png,D:\LUMOS\processed\segmentation\visualizations\patient_649_Lateral_viz.jpg,2,0.618,PSEUDO_LABEL,False
650,AP,d:\LUMOS\processed\preprocessed_images\patient_650\AP.png,D:\LUMOS\processed\segmentation\pseudo_labels\patient_650_AP_mask.png,D:\LUMOS\processed\segmentation\visualizations\patient_650_AP_viz.jpg,0,1.017,PSEUDO_LABEL,False
650,Lateral,d:\LUMOS\processed\preprocessed_images\patient_650\Lateral.png,D:\LUMOS\processed\segmentation\pseudo_labels\patient_650_Lateral_mask.png,D:\LUMOS\processed\segmentation\visualizations\patient_650_Lateral_viz.jpg,0,1.017,PSEUDO_LABEL,False
651,AP,d:\LUMOS\processed\preprocessed_images\patient_651\AP.png,D:\LUMOS\processed\segmentation\pseudo_labels\patient_651_AP_mask.png,D:\LUMOS\processed\segmentation\visualizations\patient_651_AP_viz.jpg,0,0.995,PSEUDO_LABEL,False
651,Lateral,d:\LUMOS\processed\preprocessed_images\patient_651\Lateral.png,D:\LUMOS\processed\segmentation\pseudo_labels\patient_651_Lateral_mask.png,D:\LUMOS\processed\segmentation\visualizations\patient_651_Lateral_viz.jpg,0,0.995,PSEUDO_LABEL,False
652,AP,d:\LUMOS\processed\preprocessed_images\patient_652\AP.png,D:\LUMOS\processed\segmentation\pseudo_labels\patient_652_AP_mask.png,D:\LUMOS\processed\segmentation\visualizations\patient_652_AP_viz.jpg,2,0.709,PSEUDO_LABEL,False
652,Lateral,d:\LUMOS\processed\preprocessed_images\patient_652\Lateral.png,D:\LUMOS\processed\segmentation\pseudo_labels\patient_652_Lateral_mask.png,D:\LUMOS\processed\segmentation\visualizations\patient_652_Lateral_viz.jpg,2,0.709,PSEUDO_LABEL,False
653,AP,d:\LUMOS\processed\preprocessed_images\patient_653\AP.png,D:\LUMOS\processed\segmentation\pseudo_labels\patient_653_AP_mask.png,D:\LUMOS\processed\segmentation\visualizations\patient_653_AP_viz.jpg,1,0.842,PSEUDO_LABEL,False
653,Lateral,d:\LUMOS\processed\preprocessed_images\patient_653\Lateral.png,D:\LUMOS\processed\segmentation\pseudo_labels\patient_653_Lateral_mask.png,D:\LUMOS\processed\segmentation\visualizations\patient_653_Lateral_viz.jpg,1,0.842,PSEUDO_LABEL,False
654,AP,d:\LUMOS\processed\preprocessed_images\patient_654\AP.png,D:\LUMOS\processed\segmentation\pseudo_labels\patient_654_AP_mask.png,D:\LUMOS\processed\segmentation\visualizations\patient_654_AP_viz.jpg,2,0.642,PSEUDO_LABEL,False
654,Lateral,d:\LUMOS\processed\preprocessed_images\patient_654\Lateral.png,D:\LUMOS\processed\segmentation\pseudo_labels\patient_654_Lateral_mask.png,D:\LUMOS\processed\segmentation\visualizations\patient_654_Lateral_viz.jpg,2,0.642,PSEUDO_LABEL,False
655,AP,d:\LUMOS\processed\preprocessed_images\patient_655\AP.png,D:\LUMOS\processed\segmentation\pseudo_labels\patient_655_AP_mask.png,D:\LUMOS\processed\segmentation\visualizations\patient_655_AP_viz.jpg,2,0.787,PSEUDO_LABEL,False
655,Lateral,d:\LUMOS\processed\preprocessed_images\patient_655\Lateral.png,D:\LUMOS\processed\segmentation\pseudo_labels\patient_655_Lateral_mask.png,D:\LUMOS\processed\segmentation\visualizations\patient_655_Lateral_viz.jpg,2,0.787,PSEUDO_LABEL,False
656,AP,d:\LUMOS\processed\preprocessed_images\patient_656\AP.png,D:\LUMOS\processed\segmentation\pseudo_labels\patient_656_AP_mask.png,D:\LUMOS\processed\segmentation\visualizations\patient_656_AP_viz.jpg,0,1.147,PSEUDO_LABEL,False
656,Lateral,d:\LUMOS\processed\preprocessed_images\patient_656\Lateral.png,D:\LUMOS\processed\segmentation\pseudo_labels\patient_656_Lateral_mask.png,D:\LUMOS\processed\segmentation\visualizations\patient_656_Lateral_viz.jpg,0,1.147,PSEUDO_LABEL,False
657,AP,d:\LUMOS\processed\preprocessed_images\patient_657\AP.png,D:\LUMOS\processed\segmentation\pseudo_labels\patient_657_AP_mask.png,D:\LUMOS\processed\segmentation\visualizations\patient_657_AP_viz.jpg,0,1.109,PSEUDO_LABEL,False
657,Lateral,d:\LUMOS\processed\preprocessed_images\patient_657\Lateral.png,D:\LUMOS\processed\segmentation\pseudo_labels\patient_657_Lateral_mask.png,D:\LUMOS\processed\segmentation\visualizations\patient_657_Lateral_viz.jpg,0,1.109,PSEUDO_LABEL,False
658,AP,d:\LUMOS\processed\preprocessed_images\patient_658\AP.png,D:\LUMOS\processed\segmentation\pseudo_labels\patient_658_AP_mask.png,D:\LUMOS\processed\segmentation\visualizations\patient_658_AP_viz.jpg,0,1.744,PSEUDO_LABEL,False
658,Lateral,d:\LUMOS\processed\preprocessed_images\patient_658\Lateral.png,D:\LUMOS\processed\segmentation\pseudo_labels\patient_658_Lateral_mask.png,D:\LUMOS\processed\segmentation\visualizations\patient_658_Lateral_viz.jpg,0,1.744,PSEUDO_LABEL,False
659,AP,d:\LUMOS\processed\preprocessed_images\patient_659\AP.png,D:\LUMOS\processed\segmentation\pseudo_labels\patient_659_AP_mask.png,D:\LUMOS\processed\segmentation\visualizations\patient_659_AP_viz.jpg,1,0.816,PSEUDO_LABEL,False
659,Lateral,d:\LUMOS\processed\preprocessed_images\patient_659\Lateral.png,D:\LUMOS\processed\segmentation\pseudo_labels\patient_659_Lateral_mask.png,D:\LUMOS\processed\segmentation\visualizations\patient_659_Lateral_viz.jpg,1,0.816,PSEUDO_LABEL,False
660,AP,d:\LUMOS\processed\preprocessed_images\patient_660\AP.png,D:\LUMOS\processed\segmentation\pseudo_labels\patient_660_AP_mask.png,D:\LUMOS\processed\segmentation\visualizations\patient_660_AP_viz.jpg,0,1.05,PSEUDO_LABEL,False
660,Lateral,d:\LUMOS\processed\preprocessed_images\patient_660\Lateral.png,D:\LUMOS\processed\segmentation\pseudo_labels\patient_660_Lateral_mask.png,D:\LUMOS\processed\segmentation\visualizations\patient_660_Lateral_viz.jpg,0,1.05,PSEUDO_LABEL,False
661,AP,d:\LUMOS\processed\preprocessed_images\patient_661\AP.png,D:\LUMOS\processed\segmentation\pseudo_labels\patient_661_AP_mask.png,D:\LUMOS\processed\segmentation\visualizations\patient_661_AP_viz.jpg,1,0.875,PSEUDO_LABEL,False
661,Lateral,d:\LUMOS\processed\preprocessed_images\patient_661\Lateral.png,D:\LUMOS\processed\segmentation\pseudo_labels\patient_661_Lateral_mask.png,D:\LUMOS\processed\segmentation\visualizations\patient_661_Lateral_viz.jpg,1,0.875,PSEUDO_LABEL,False
662,AP,d:\LUMOS\processed\preprocessed_images\patient_662\AP.png,D:\LUMOS\processed\segmentation\pseudo_labels\patient_662_AP_mask.png,D:\LUMOS\processed\segmentation\visualizations\patient_662_AP_viz.jpg,0,1.056,PSEUDO_LABEL,False
662,Lateral,d:\LUMOS\processed\preprocessed_images\patient_662\Lateral.png,D:\LUMOS\processed\segmentation\pseudo_labels\patient_662_Lateral_mask.png,D:\LUMOS\processed\segmentation\visualizations\patient_662_Lateral_viz.jpg,0,1.056,PSEUDO_LABEL,False
663,AP,d:\LUMOS\processed\preprocessed_images\patient_663\AP.png,D:\LUMOS\processed\segmentation\pseudo_labels\patient_663_AP_mask.png,D:\LUMOS\processed\segmentation\visualizations\patient_663_AP_viz.jpg,1,0.875,PSEUDO_LABEL,False
663,Lateral,d:\LUMOS\processed\preprocessed_images\patient_663\Lateral.png,D:\LUMOS\processed\segmentation\pseudo_labels\patient_663_Lateral_mask.png,D:\LUMOS\processed\segmentation\visualizations\patient_663_Lateral_viz.jpg,1,0.875,PSEUDO_LABEL,False
664,AP,d:\LUMOS\processed\preprocessed_images\patient_664\AP.png,D:\LUMOS\processed\segmentation\pseudo_labels\patient_664_AP_mask.png,D:\LUMOS\processed\segmentation\visualizations\patient_664_AP_viz.jpg,0,1.019,PSEUDO_LABEL,False
664,Lateral,d:\LUMOS\processed\preprocessed_images\patient_664\Lateral.png,D:\LUMOS\processed\segmentation\pseudo_labels\patient_664_Lateral_mask.png,D:\LUMOS\processed\segmentation\visualizations\patient_664_Lateral_viz.jpg,0,1.019,PSEUDO_LABEL,False
665,AP,d:\LUMOS\processed\preprocessed_images\patient_665\AP.png,D:\LUMOS\processed\segmentation\pseudo_labels\patient_665_AP_mask.png,D:\LUMOS\processed\segmentation\visualizations\patient_665_AP_viz.jpg,2,0.794,PSEUDO_LABEL,False
665,Lateral,d:\LUMOS\processed\preprocessed_images\patient_665\Lateral.png,D:\LUMOS\processed\segmentation\pseudo_labels\patient_665_Lateral_mask.png,D:\LUMOS\processed\segmentation\visualizations\patient_665_Lateral_viz.jpg,2,0.794,PSEUDO_LABEL,False
666,AP,d:\LUMOS\processed\preprocessed_images\patient_666\AP.png,D:\LUMOS\processed\segmentation\pseudo_labels\patient_666_AP_mask.png,D:\LUMOS\processed\segmentation\visualizations\patient_666_AP_viz.jpg,1,0.841,PSEUDO_LABEL,False
666,Lateral,d:\LUMOS\processed\preprocessed_images\patient_666\Lateral.png,D:\LUMOS\processed\segmentation\pseudo_labels\patient_666_Lateral_mask.png,D:\LUMOS\processed\segmentation\visualizations\patient_666_Lateral_viz.jpg,1,0.841,PSEUDO_LABEL,False
667,AP,d:\LUMOS\processed\preprocessed_images\patient_667\AP.png,D:\LUMOS\processed\segmentation\pseudo_labels\patient_667_AP_mask.png,D:\LUMOS\processed\segmentation\visualizations\patient_667_AP_viz.jpg,2,0.72,PSEUDO_LABEL,False
667,Lateral,d:\LUMOS\processed\preprocessed_images\patient_667\Lateral.png,D:\LUMOS\processed\segmentation\pseudo_labels\patient_667_Lateral_mask.png,D:\LUMOS\processed\segmentation\visualizations\patient_667_Lateral_viz.jpg,2,0.72,PSEUDO_LABEL,False
668,AP,d:\LUMOS\processed\preprocessed_images\patient_668\AP.png,D:\LUMOS\processed\segmentation\pseudo_labels\patient_668_AP_mask.png,D:\LUMOS\processed\segmentation\visualizations\patient_668_AP_viz.jpg,2,0.752,PSEUDO_LABEL,False
668,Lateral,d:\LUMOS\processed\preprocessed_images\patient_668\Lateral.png,D:\LUMOS\processed\segmentation\pseudo_labels\patient_668_Lateral_mask.png,D:\LUMOS\processed\segmentation\visualizations\patient_668_Lateral_viz.jpg,2,0.752,PSEUDO_LABEL,False
669,AP,d:\LUMOS\processed\preprocessed_images\patient_669\AP.png,D:\LUMOS\processed\segmentation\pseudo_labels\patient_669_AP_mask.png,D:\LUMOS\processed\segmentation\visualizations\patient_669_AP_viz.jpg,1,0.97,PSEUDO_LABEL,False
669,Lateral,d:\LUMOS\processed\preprocessed_images\patient_669\Lateral.png,D:\LUMOS\processed\segmentation\pseudo_labels\patient_669_Lateral_mask.png,D:\LUMOS\processed\segmentation\visualizations\patient_669_Lateral_viz.jpg,1,0.97,PSEUDO_LABEL,False
670,AP,d:\LUMOS\processed\preprocessed_images\patient_670\AP.png,D:\LUMOS\processed\segmentation\pseudo_labels\patient_670_AP_mask.png,D:\LUMOS\processed\segmentation\visualizations\patient_670_AP_viz.jpg,0,1.08,PSEUDO_LABEL,False
670,Lateral,d:\LUMOS\processed\preprocessed_images\patient_670\Lateral.png,D:\LUMOS\processed\segmentation\pseudo_labels\patient_670_Lateral_mask.png,D:\LUMOS\processed\segmentation\visualizations\patient_670_Lateral_viz.jpg,0,1.08,PSEUDO_LABEL,False
671,AP,d:\LUMOS\processed\preprocessed_images\patient_671\AP.png,D:\LUMOS\processed\segmentation\pseudo_labels\patient_671_AP_mask.png,D:\LUMOS\processed\segmentation\visualizations\patient_671_AP_viz.jpg,1,0.984,PSEUDO_LABEL,False
671,Lateral,d:\LUMOS\processed\preprocessed_images\patient_671\Lateral.png,D:\LUMOS\processed\segmentation\pseudo_labels\patient_671_Lateral_mask.png,D:\LUMOS\processed\segmentation\visualizations\patient_671_Lateral_viz.jpg,1,0.984,PSEUDO_LABEL,False
672,AP,d:\LUMOS\processed\preprocessed_images\patient_672\AP.png,D:\LUMOS\processed\segmentation\pseudo_labels\patient_672_AP_mask.png,D:\LUMOS\processed\segmentation\visualizations\patient_672_AP_viz.jpg,0,1.021,PSEUDO_LABEL,False
672,Lateral,d:\LUMOS\processed\preprocessed_images\patient_672\Lateral.png,D:\LUMOS\processed\segmentation\pseudo_labels\patient_672_Lateral_mask.png,D:\LUMOS\processed\segmentation\visualizations\patient_672_Lateral_viz.jpg,0,1.021,PSEUDO_LABEL,False
673,AP,d:\LUMOS\processed\preprocessed_images\patient_673\AP.png,D:\LUMOS\processed\segmentation\pseudo_labels\patient_673_AP_mask.png,D:\LUMOS\processed\segmentation\visualizations\patient_673_AP_viz.jpg,2,0.65,PSEUDO_LABEL,False
673,Lateral,d:\LUMOS\processed\preprocessed_images\patient_673\Lateral.png,D:\LUMOS\processed\segmentation\pseudo_labels\patient_673_Lateral_mask.png,D:\LUMOS\processed\segmentation\visualizations\patient_673_Lateral_viz.jpg,2,0.65,PSEUDO_LABEL,False
674,AP,d:\LUMOS\processed\preprocessed_images\patient_674\AP.png,D:\LUMOS\processed\segmentation\pseudo_labels\patient_674_AP_mask.png,D:\LUMOS\processed\segmentation\visualizations\patient_674_AP_viz.jpg,0,1.023,PSEUDO_LABEL,False
674,Lateral,d:\LUMOS\processed\preprocessed_images\patient_674\Lateral.png,D:\LUMOS\processed\segmentation\pseudo_labels\patient_674_Lateral_mask.png,D:\LUMOS\processed\segmentation\visualizations\patient_674_Lateral_viz.jpg,0,1.023,PSEUDO_LABEL,False
675,AP,d:\LUMOS\processed\preprocessed_images\patient_675\AP.png,D:\LUMOS\processed\segmentation\pseudo_labels\patient_675_AP_mask.png,D:\LUMOS\processed\segmentation\visualizations\patient_675_AP_viz.jpg,2,0.716,PSEUDO_LABEL,False
675,Lateral,d:\LUMOS\processed\preprocessed_images\patient_675\Lateral.png,D:\LUMOS\processed\segmentation\pseudo_labels\patient_675_Lateral_mask.png,D:\LUMOS\processed\segmentation\visualizations\patient_675_Lateral_viz.jpg,2,0.716,PSEUDO_LABEL,False
676,AP,d:\LUMOS\processed\preprocessed_images\patient_676\AP.png,D:\LUMOS\processed\segmentation\pseudo_labels\patient_676_AP_mask.png,D:\LUMOS\processed\segmentation\visualizations\patient_676_AP_viz.jpg,2,0.712,PSEUDO_LABEL,False
676,Lateral,d:\LUMOS\processed\preprocessed_images\patient_676\Lateral.png,D:\LUMOS\processed\segmentation\pseudo_labels\patient_676_Lateral_mask.png,D:\LUMOS\processed\segmentation\visualizations\patient_676_Lateral_viz.jpg,2,0.712,PSEUDO_LABEL,False
677,AP,d:\LUMOS\processed\preprocessed_images\patient_677\AP.png,D:\LUMOS\processed\segmentation\pseudo_labels\patient_677_AP_mask.png,D:\LUMOS\processed\segmentation\visualizations\patient_677_AP_viz.jpg,1,0.95,PSEUDO_LABEL,False
677,Lateral,d:\LUMOS\processed\preprocessed_images\patient_677\Lateral.png,D:\LUMOS\processed\segmentation\pseudo_labels\patient_677_Lateral_mask.png,D:\LUMOS\processed\segmentation\visualizations\patient_677_Lateral_viz.jpg,1,0.95,PSEUDO_LABEL,False
678,AP,d:\LUMOS\processed\preprocessed_images\patient_678\AP.png,D:\LUMOS\processed\segmentation\pseudo_labels\patient_678_AP_mask.png,D:\LUMOS\processed\segmentation\visualizations\patient_678_AP_viz.jpg,1,0.841,PSEUDO_LABEL,False
678,Lateral,d:\LUMOS\processed\preprocessed_images\patient_678\Lateral.png,D:\LUMOS\processed\segmentation\pseudo_labels\patient_678_Lateral_mask.png,D:\LUMOS\processed\segmentation\visualizations\patient_678_Lateral_viz.jpg,1,0.841,PSEUDO_LABEL,False
679,AP,d:\LUMOS\processed\preprocessed_images\patient_679\AP.png,D:\LUMOS\processed\segmentation\pseudo_labels\patient_679_AP_mask.png,D:\LUMOS\processed\segmentation\visualizations\patient_679_AP_viz.jpg,2,0.652,PSEUDO_LABEL,False
679,Lateral,d:\LUMOS\processed\preprocessed_images\patient_679\Lateral.png,D:\LUMOS\processed\segmentation\pseudo_labels\patient_679_Lateral_mask.png,D:\LUMOS\processed\segmentation\visualizations\patient_679_Lateral_viz.jpg,2,0.652,PSEUDO_LABEL,False
680,AP,d:\LUMOS\processed\preprocessed_images\patient_680\AP.png,D:\LUMOS\processed\segmentation\pseudo_labels\patient_680_AP_mask.png,D:\LUMOS\processed\segmentation\visualizations\patient_680_AP_viz.jpg,0,1.07496947496948,PSEUDO_LABEL,False
680,Lateral,d:\LUMOS\processed\preprocessed_images\patient_680\Lateral.png,D:\LUMOS\processed\segmentation\pseudo_labels\patient_680_Lateral_mask.png,D:\LUMOS\processed\segmentation\visualizations\patient_680_Lateral_viz.jpg,0,1.07496947496948,PSEUDO_LABEL,False
681,AP,d:\LUMOS\processed\preprocessed_images\patient_681\AP.png,D:\LUMOS\processed\segmentation\pseudo_labels\patient_681_AP_mask.png,D:\LUMOS\processed\segmentation\visualizations\patient_681_AP_viz.jpg,0,1.001,PSEUDO_LABEL,False
681,Lateral,d:\LUMOS\processed\preprocessed_images\patient_681\Lateral.png,D:\LUMOS\processed\segmentation\pseudo_labels\patient_681_Lateral_mask.png,D:\LUMOS\processed\segmentation\visualizations\patient_681_Lateral_viz.jpg,0,1.001,PSEUDO_LABEL,False
682,AP,d:\LUMOS\processed\preprocessed_images\patient_682\AP.png,D:\LUMOS\processed\segmentation\pseudo_labels\patient_682_AP_mask.png,D:\LUMOS\processed\segmentation\visualizations\patient_682_AP_viz.jpg,0,1.059,PSEUDO_LABEL,False
682,Lateral,d:\LUMOS\processed\preprocessed_images\patient_682\Lateral.png,D:\LUMOS\processed\segmentation\pseudo_labels\patient_682_Lateral_mask.png,D:\LUMOS\processed\segmentation\visualizations\patient_682_Lateral_viz.jpg,0,1.059,PSEUDO_LABEL,False
683,AP,d:\LUMOS\processed\preprocessed_images\patient_683\AP.png,D:\LUMOS\processed\segmentation\pseudo_labels\patient_683_AP_mask.png,D:\LUMOS\processed\segmentation\visualizations\patient_683_AP_viz.jpg,2,0.73,PSEUDO_LABEL,False
683,Lateral,d:\LUMOS\processed\preprocessed_images\patient_683\Lateral.png,D:\LUMOS\processed\segmentation\pseudo_labels\patient_683_Lateral_mask.png,D:\LUMOS\processed\segmentation\visualizations\patient_683_Lateral_viz.jpg,2,0.73,PSEUDO_LABEL,False
684,AP,d:\LUMOS\processed\preprocessed_images\patient_684\AP.png,D:\LUMOS\processed\segmentation\pseudo_labels\patient_684_AP_mask.png,D:\LUMOS\processed\segmentation\visualizations\patient_684_AP_viz.jpg,1,0.836,PSEUDO_LABEL,False
684,Lateral,d:\LUMOS\processed\preprocessed_images\patient_684\Lateral.png,D:\LUMOS\processed\segmentation\pseudo_labels\patient_684_Lateral_mask.png,D:\LUMOS\processed\segmentation\visualizations\patient_684_Lateral_viz.jpg,1,0.836,PSEUDO_LABEL,False
685,AP,d:\LUMOS\processed\preprocessed_images\patient_685\AP.png,D:\LUMOS\processed\segmentation\pseudo_labels\patient_685_AP_mask.png,D:\LUMOS\processed\segmentation\visualizations\patient_685_AP_viz.jpg,2,0.745,PSEUDO_LABEL,False
685,Lateral,d:\LUMOS\processed\preprocessed_images\patient_685\Lateral.png,D:\LUMOS\processed\segmentation\pseudo_labels\patient_685_Lateral_mask.png,D:\LUMOS\processed\segmentation\visualizations\patient_685_Lateral_viz.jpg,2,0.745,PSEUDO_LABEL,False
686,AP,d:\LUMOS\processed\preprocessed_images\patient_686\AP.png,D:\LUMOS\processed\segmentation\pseudo_labels\patient_686_AP_mask.png,D:\LUMOS\processed\segmentation\visualizations\patient_686_AP_viz.jpg,2,0.716,PSEUDO_LABEL,False
686,Lateral,d:\LUMOS\processed\preprocessed_images\patient_686\Lateral.png,D:\LUMOS\processed\segmentation\pseudo_labels\patient_686_Lateral_mask.png,D:\LUMOS\processed\segmentation\visualizations\patient_686_Lateral_viz.jpg,2,0.716,PSEUDO_LABEL,False
687,AP,d:\LUMOS\processed\preprocessed_images\patient_687\AP.png,D:\LUMOS\processed\segmentation\pseudo_labels\patient_687_AP_mask.png,D:\LUMOS\processed\segmentation\visualizations\patient_687_AP_viz.jpg,1,0.949,PSEUDO_LABEL,False
687,Lateral,d:\LUMOS\processed\preprocessed_images\patient_687\Lateral.png,D:\LUMOS\processed\segmentation\pseudo_labels\patient_687_Lateral_mask.png,D:\LUMOS\processed\segmentation\visualizations\patient_687_Lateral_viz.jpg,1,0.949,PSEUDO_LABEL,False
688,AP,d:\LUMOS\processed\preprocessed_images\patient_688\AP.png,D:\LUMOS\processed\segmentation\pseudo_labels\patient_688_AP_mask.png,D:\LUMOS\processed\segmentation\visualizations\patient_688_AP_viz.jpg,0,1.137,PSEUDO_LABEL,False
688,Lateral,d:\LUMOS\processed\preprocessed_images\patient_688\Lateral.png,D:\LUMOS\processed\segmentation\pseudo_labels\patient_688_Lateral_mask.png,D:\LUMOS\processed\segmentation\visualizations\patient_688_Lateral_viz.jpg,0,1.137,PSEUDO_LABEL,False
689,AP,d:\LUMOS\processed\preprocessed_images\patient_689\AP.png,D:\LUMOS\processed\segmentation\pseudo_labels\patient_689_AP_mask.png,D:\LUMOS\processed\segmentation\visualizations\patient_689_AP_viz.jpg,1,0.905806887238353,PSEUDO_LABEL,False
689,Lateral,d:\LUMOS\processed\preprocessed_images\patient_689\Lateral.png,D:\LUMOS\processed\segmentation\pseudo_labels\patient_689_Lateral_mask.png,D:\LUMOS\processed\segmentation\visualizations\patient_689_Lateral_viz.jpg,1,0.905806887238353,PSEUDO_LABEL,False
690,AP,d:\LUMOS\processed\preprocessed_images\patient_690\AP.png,D:\LUMOS\processed\segmentation\pseudo_labels\patient_690_AP_mask.png,D:\LUMOS\processed\segmentation\visualizations\patient_690_AP_viz.jpg,2,0.575,PSEUDO_LABEL,False
690,Lateral,d:\LUMOS\processed\preprocessed_images\patient_690\Lateral.png,D:\LUMOS\processed\segmentation\pseudo_labels\patient_690_Lateral_mask.png,D:\LUMOS\processed\segmentation\visualizations\patient_690_Lateral_viz.jpg,2,0.575,PSEUDO_LABEL,False
691,AP,d:\LUMOS\processed\preprocessed_images\patient_691\AP.png,D:\LUMOS\processed\segmentation\pseudo_labels\patient_691_AP_mask.png,D:\LUMOS\processed\segmentation\visualizations\patient_691_AP_viz.jpg,1,0.893,PSEUDO_LABEL,False
691,Lateral,d:\LUMOS\processed\preprocessed_images\patient_691\Lateral.png,D:\LUMOS\processed\segmentation\pseudo_labels\patient_691_Lateral_mask.png,D:\LUMOS\processed\segmentation\visualizations\patient_691_Lateral_viz.jpg,1,0.893,PSEUDO_LABEL,False
692,AP,d:\LUMOS\processed\preprocessed_images\patient_692\AP.png,D:\LUMOS\processed\segmentation\pseudo_labels\patient_692_AP_mask.png,D:\LUMOS\processed\segmentation\visualizations\patient_692_AP_viz.jpg,1,0.924,PSEUDO_LABEL,False
692,Lateral,d:\LUMOS\processed\preprocessed_images\patient_692\Lateral.png,D:\LUMOS\processed\segmentation\pseudo_labels\patient_692_Lateral_mask.png,D:\LUMOS\processed\segmentation\visualizations\patient_692_Lateral_viz.jpg,1,0.924,PSEUDO_LABEL,False
693,AP,d:\LUMOS\processed\preprocessed_images\patient_693\AP.png,D:\LUMOS\processed\segmentation\pseudo_labels\patient_693_AP_mask.png,D:\LUMOS\processed\segmentation\visualizations\patient_693_AP_viz.jpg,1,0.97,PSEUDO_LABEL,False
693,Lateral,d:\LUMOS\processed\preprocessed_images\patient_693\Lateral.png,D:\LUMOS\processed\segmentation\pseudo_labels\patient_693_Lateral_mask.png,D:\LUMOS\processed\segmentation\visualizations\patient_693_Lateral_viz.jpg,1,0.97,PSEUDO_LABEL,False
694,AP,d:\LUMOS\processed\preprocessed_images\patient_694\AP.png,D:\LUMOS\processed\segmentation\pseudo_labels\patient_694_AP_mask.png,D:\LUMOS\processed\segmentation\visualizations\patient_694_AP_viz.jpg,0,1.246,PSEUDO_LABEL,False
694,Lateral,d:\LUMOS\processed\preprocessed_images\patient_694\Lateral.png,D:\LUMOS\processed\segmentation\pseudo_labels\patient_694_Lateral_mask.png,D:\LUMOS\processed\segmentation\visualizations\patient_694_Lateral_viz.jpg,0,1.246,PSEUDO_LABEL,False
695,AP,d:\LUMOS\processed\preprocessed_images\patient_695\AP.png,D:\LUMOS\processed\segmentation\pseudo_labels\patient_695_AP_mask.png,D:\LUMOS\processed\segmentation\visualizations\patient_695_AP_viz.jpg,1,0.87,PSEUDO_LABEL,False
695,Lateral,d:\LUMOS\processed\preprocessed_images\patient_695\Lateral.png,D:\LUMOS\processed\segmentation\pseudo_labels\patient_695_Lateral_mask.png,D:\LUMOS\processed\segmentation\visualizations\patient_695_Lateral_viz.jpg,1,0.87,PSEUDO_LABEL,False
696,AP,d:\LUMOS\processed\preprocessed_images\patient_696\AP.png,D:\LUMOS\processed\segmentation\pseudo_labels\patient_696_AP_mask.png,D:\LUMOS\processed\segmentation\visualizations\patient_696_AP_viz.jpg,0,1.287,PSEUDO_LABEL,False
696,Lateral,d:\LUMOS\processed\preprocessed_images\patient_696\Lateral.png,D:\LUMOS\processed\segmentation\pseudo_labels\patient_696_Lateral_mask.png,D:\LUMOS\processed\segmentation\visualizations\patient_696_Lateral_viz.jpg,0,1.287,PSEUDO_LABEL,False
697,AP,d:\LUMOS\processed\preprocessed_images\patient_697\AP.png,D:\LUMOS\processed\segmentation\pseudo_labels\patient_697_AP_mask.png,D:\LUMOS\processed\segmentation\visualizations\patient_697_AP_viz.jpg,0,1.334,PSEUDO_LABEL,False
697,Lateral,d:\LUMOS\processed\preprocessed_images\patient_697\Lateral.png,D:\LUMOS\processed\segmentation\pseudo_labels\patient_697_Lateral_mask.png,D:\LUMOS\processed\segmentation\visualizations\patient_697_Lateral_viz.jpg,0,1.334,PSEUDO_LABEL,False
698,AP,d:\LUMOS\processed\preprocessed_images\patient_698\AP.png,D:\LUMOS\processed\segmentation\pseudo_labels\patient_698_AP_mask.png,D:\LUMOS\processed\segmentation\visualizations\patient_698_AP_viz.jpg,1,0.88,PSEUDO_LABEL,False
698,Lateral,d:\LUMOS\processed\preprocessed_images\patient_698\Lateral.png,D:\LUMOS\processed\segmentation\pseudo_labels\patient_698_Lateral_mask.png,D:\LUMOS\processed\segmentation\visualizations\patient_698_Lateral_viz.jpg,1,0.88,PSEUDO_LABEL,False
699,AP,d:\LUMOS\processed\preprocessed_images\patient_699\AP.png,D:\LUMOS\processed\segmentation\pseudo_labels\patient_699_AP_mask.png,D:\LUMOS\processed\segmentation\visualizations\patient_699_AP_viz.jpg,1,0.855,PSEUDO_LABEL,False
699,Lateral,d:\LUMOS\processed\preprocessed_images\patient_699\Lateral.png,D:\LUMOS\processed\segmentation\pseudo_labels\patient_699_Lateral_mask.png,D:\LUMOS\processed\segmentation\visualizations\patient_699_Lateral_viz.jpg,1,0.855,PSEUDO_LABEL,False
700,AP,d:\LUMOS\processed\preprocessed_images\patient_700\AP.png,D:\LUMOS\processed\segmentation\pseudo_labels\patient_700_AP_mask.png,D:\LUMOS\processed\segmentation\visualizations\patient_700_AP_viz.jpg,1,0.915,PSEUDO_LABEL,False
700,Lateral,d:\LUMOS\processed\preprocessed_images\patient_700\Lateral.png,D:\LUMOS\processed\segmentation\pseudo_labels\patient_700_Lateral_mask.png,D:\LUMOS\processed\segmentation\visualizations\patient_700_Lateral_viz.jpg,1,0.915,PSEUDO_LABEL,False
701,AP,d:\LUMOS\processed\preprocessed_images\patient_701\AP.png,D:\LUMOS\processed\segmentation\pseudo_labels\patient_701_AP_mask.png,D:\LUMOS\processed\segmentation\visualizations\patient_701_AP_viz.jpg,2,0.735309017223911,PSEUDO_LABEL,False
701,Lateral,d:\LUMOS\processed\preprocessed_images\patient_701\Lateral.png,D:\LUMOS\processed\segmentation\pseudo_labels\patient_701_Lateral_mask.png,D:\LUMOS\processed\segmentation\visualizations\patient_701_Lateral_viz.jpg,2,0.735309017223911,PSEUDO_LABEL,False
702,AP,d:\LUMOS\processed\preprocessed_images\patient_702\AP.png,D:\LUMOS\processed\segmentation\pseudo_labels\patient_702_AP_mask.png,D:\LUMOS\processed\segmentation\visualizations\patient_702_AP_viz.jpg,0,1.163,PSEUDO_LABEL,False
702,Lateral,d:\LUMOS\processed\preprocessed_images\patient_702\Lateral.png,D:\LUMOS\processed\segmentation\pseudo_labels\patient_702_Lateral_mask.png,D:\LUMOS\processed\segmentation\visualizations\patient_702_Lateral_viz.jpg,0,1.163,PSEUDO_LABEL,False
703,AP,d:\LUMOS\processed\preprocessed_images\patient_703\AP.png,D:\LUMOS\processed\segmentation\pseudo_labels\patient_703_AP_mask.png,D:\LUMOS\processed\segmentation\visualizations\patient_703_AP_viz.jpg,2,0.759,PSEUDO_LABEL,False
703,Lateral,d:\LUMOS\processed\preprocessed_images\patient_703\Lateral.png,D:\LUMOS\processed\segmentation\pseudo_labels\patient_703_Lateral_mask.png,D:\LUMOS\processed\segmentation\visualizations\patient_703_Lateral_viz.jpg,2,0.759,PSEUDO_LABEL,False
704,AP,d:\LUMOS\processed\preprocessed_images\patient_704\AP.png,D:\LUMOS\processed\segmentation\pseudo_labels\patient_704_AP_mask.png,D:\LUMOS\processed\segmentation\visualizations\patient_704_AP_viz.jpg,1,0.815464587394412,PSEUDO_LABEL,False
704,Lateral,d:\LUMOS\processed\preprocessed_images\patient_704\Lateral.png,D:\LUMOS\processed\segmentation\pseudo_labels\patient_704_Lateral_mask.png,D:\LUMOS\processed\segmentation\visualizations\patient_704_Lateral_viz.jpg,1,0.815464587394412,PSEUDO_LABEL,False
705,AP,d:\LUMOS\processed\preprocessed_images\patient_705\AP.png,D:\LUMOS\processed\segmentation\pseudo_labels\patient_705_AP_mask.png,D:\LUMOS\processed\segmentation\visualizations\patient_705_AP_viz.jpg,1,0.829,PSEUDO_LABEL,False
705,Lateral,d:\LUMOS\processed\preprocessed_images\patient_705\Lateral.png,D:\LUMOS\processed\segmentation\pseudo_labels\patient_705_Lateral_mask.png,D:\LUMOS\processed\segmentation\visualizations\patient_705_Lateral_viz.jpg,1,0.829,PSEUDO_LABEL,False
706,AP,d:\LUMOS\processed\preprocessed_images\patient_706\AP.png,D:\LUMOS\processed\segmentation\pseudo_labels\patient_706_AP_mask.png,D:\LUMOS\processed\segmentation\visualizations\patient_706_AP_viz.jpg,1,0.833,PSEUDO_LABEL,False
706,Lateral,d:\LUMOS\processed\preprocessed_images\patient_706\Lateral.png,D:\LUMOS\processed\segmentation\pseudo_labels\patient_706_Lateral_mask.png,D:\LUMOS\processed\segmentation\visualizations\patient_706_Lateral_viz.jpg,1,0.833,PSEUDO_LABEL,False
707,AP,d:\LUMOS\processed\preprocessed_images\patient_707\AP.png,D:\LUMOS\processed\segmentation\pseudo_labels\patient_707_AP_mask.png,D:\LUMOS\processed\segmentation\visualizations\patient_707_AP_viz.jpg,2,0.762,PSEUDO_LABEL,False
707,Lateral,d:\LUMOS\processed\preprocessed_images\patient_707\Lateral.png,D:\LUMOS\processed\segmentation\pseudo_labels\patient_707_Lateral_mask.png,D:\LUMOS\processed\segmentation\visualizations\patient_707_Lateral_viz.jpg,2,0.762,PSEUDO_LABEL,False
708,AP,d:\LUMOS\processed\preprocessed_images\patient_708\AP.png,D:\LUMOS\processed\segmentation\pseudo_labels\patient_708_AP_mask.png,D:\LUMOS\processed\segmentation\visualizations\patient_708_AP_viz.jpg,1,0.883,PSEUDO_LABEL,False
708,Lateral,d:\LUMOS\processed\preprocessed_images\patient_708\Lateral.png,D:\LUMOS\processed\segmentation\pseudo_labels\patient_708_Lateral_mask.png,D:\LUMOS\processed\segmentation\visualizations\patient_708_Lateral_viz.jpg,1,0.883,PSEUDO_LABEL,False
709,AP,d:\LUMOS\processed\preprocessed_images\patient_709\AP.png,D:\LUMOS\processed\segmentation\pseudo_labels\patient_709_AP_mask.png,D:\LUMOS\processed\segmentation\visualizations\patient_709_AP_viz.jpg,2,0.597,PSEUDO_LABEL,False
709,Lateral,d:\LUMOS\processed\preprocessed_images\patient_709\Lateral.png,D:\LUMOS\processed\segmentation\pseudo_labels\patient_709_Lateral_mask.png,D:\LUMOS\processed\segmentation\visualizations\patient_709_Lateral_viz.jpg,2,0.597,PSEUDO_LABEL,False
710,AP,d:\LUMOS\processed\preprocessed_images\patient_710\AP.png,D:\LUMOS\processed\segmentation\pseudo_labels\patient_710_AP_mask.png,D:\LUMOS\processed\segmentation\visualizations\patient_710_AP_viz.jpg,0,1.095,PSEUDO_LABEL,False
710,Lateral,d:\LUMOS\processed\preprocessed_images\patient_710\Lateral.png,D:\LUMOS\processed\segmentation\pseudo_labels\patient_710_Lateral_mask.png,D:\LUMOS\processed\segmentation\visualizations\patient_710_Lateral_viz.jpg,0,1.095,PSEUDO_LABEL,False
711,AP,d:\LUMOS\processed\preprocessed_images\patient_711\AP.png,D:\LUMOS\processed\segmentation\pseudo_labels\patient_711_AP_mask.png,D:\LUMOS\processed\segmentation\visualizations\patient_711_AP_viz.jpg,2,0.74,PSEUDO_LABEL,False
711,Lateral,d:\LUMOS\processed\preprocessed_images\patient_711\Lateral.png,D:\LUMOS\processed\segmentation\pseudo_labels\patient_711_Lateral_mask.png,D:\LUMOS\processed\segmentation\visualizations\patient_711_Lateral_viz.jpg,2,0.74,PSEUDO_LABEL,False
712,AP,d:\LUMOS\processed\preprocessed_images\patient_712\AP.png,D:\LUMOS\processed\segmentation\pseudo_labels\patient_712_AP_mask.png,D:\LUMOS\processed\segmentation\visualizations\patient_712_AP_viz.jpg,2,0.759,PSEUDO_LABEL,False
712,Lateral,d:\LUMOS\processed\preprocessed_images\patient_712\Lateral.png,D:\LUMOS\processed\segmentation\pseudo_labels\patient_712_Lateral_mask.png,D:\LUMOS\processed\segmentation\visualizations\patient_712_Lateral_viz.jpg,2,0.759,PSEUDO_LABEL,False
713,AP,d:\LUMOS\processed\preprocessed_images\patient_713\AP.png,D:\LUMOS\processed\segmentation\pseudo_labels\patient_713_AP_mask.png,D:\LUMOS\processed\segmentation\visualizations\patient_713_AP_viz.jpg,1,0.973,PSEUDO_LABEL,False
713,Lateral,d:\LUMOS\processed\preprocessed_images\patient_713\Lateral.png,D:\LUMOS\processed\segmentation\pseudo_labels\patient_713_Lateral_mask.png,D:\LUMOS\processed\segmentation\visualizations\patient_713_Lateral_viz.jpg,1,0.973,PSEUDO_LABEL,False
714,AP,d:\LUMOS\processed\preprocessed_images\patient_714\AP.png,D:\LUMOS\processed\segmentation\pseudo_labels\patient_714_AP_mask.png,D:\LUMOS\processed\segmentation\visualizations\patient_714_AP_viz.jpg,0,1.16,PSEUDO_LABEL,False
714,Lateral,d:\LUMOS\processed\preprocessed_images\patient_714\Lateral.png,D:\LUMOS\processed\segmentation\pseudo_labels\patient_714_Lateral_mask.png,D:\LUMOS\processed\segmentation\visualizations\patient_714_Lateral_viz.jpg,0,1.16,PSEUDO_LABEL,False
715,AP,d:\LUMOS\processed\preprocessed_images\patient_715\AP.png,D:\LUMOS\processed\segmentation\pseudo_labels\patient_715_AP_mask.png,D:\LUMOS\processed\segmentation\visualizations\patient_715_AP_viz.jpg,2,0.78694942903752,PSEUDO_LABEL,False
715,Lateral,d:\LUMOS\processed\preprocessed_images\patient_715\Lateral.png,D:\LUMOS\processed\segmentation\pseudo_labels\patient_715_Lateral_mask.png,D:\LUMOS\processed\segmentation\visualizations\patient_715_Lateral_viz.jpg,2,0.78694942903752,PSEUDO_LABEL,False
716,AP,d:\LUMOS\processed\preprocessed_images\patient_716\AP.png,D:\LUMOS\processed\segmentation\pseudo_labels\patient_716_AP_mask.png,D:\LUMOS\processed\segmentation\visualizations\patient_716_AP_viz.jpg,1,0.962,PSEUDO_LABEL,False
716,Lateral,d:\LUMOS\processed\preprocessed_images\patient_716\Lateral.png,D:\LUMOS\processed\segmentation\pseudo_labels\patient_716_Lateral_mask.png,D:\LUMOS\processed\segmentation\visualizations\patient_716_Lateral_viz.jpg,1,0.962,PSEUDO_LABEL,False
717,AP,d:\LUMOS\processed\preprocessed_images\patient_717\AP.png,D:\LUMOS\processed\segmentation\pseudo_labels\patient_717_AP_mask.png,D:\LUMOS\processed\segmentation\visualizations\patient_717_AP_viz.jpg,0,1.397,PSEUDO_LABEL,False
717,Lateral,d:\LUMOS\processed\preprocessed_images\patient_717\Lateral.png,D:\LUMOS\processed\segmentation\pseudo_labels\patient_717_Lateral_mask.png,D:\LUMOS\processed\segmentation\visualizations\patient_717_Lateral_viz.jpg,0,1.397,PSEUDO_LABEL,False
718,AP,d:\LUMOS\processed\preprocessed_images\patient_718\AP.png,D:\LUMOS\processed\segmentation\pseudo_labels\patient_718_AP_mask.png,D:\LUMOS\processed\segmentation\visualizations\patient_718_AP_viz.jpg,2,0.768,PSEUDO_LABEL,False
718,Lateral,d:\LUMOS\processed\preprocessed_images\patient_718\Lateral.png,D:\LUMOS\processed\segmentation\pseudo_labels\patient_718_Lateral_mask.png,D:\LUMOS\processed\segmentation\visualizations\patient_718_Lateral_viz.jpg,2,0.768,PSEUDO_LABEL,False
719,AP,d:\LUMOS\processed\preprocessed_images\patient_719\AP.png,D:\LUMOS\processed\segmentation\pseudo_labels\patient_719_AP_mask.png,D:\LUMOS\processed\segmentation\visualizations\patient_719_AP_viz.jpg,0,1.348,PSEUDO_LABEL,False
719,Lateral,d:\LUMOS\processed\preprocessed_images\patient_719\Lateral.png,D:\LUMOS\processed\segmentation\pseudo_labels\patient_719_Lateral_mask.png,D:\LUMOS\processed\segmentation\visualizations\patient_719_Lateral_viz.jpg,0,1.348,PSEUDO_LABEL,False
720,AP,d:\LUMOS\processed\preprocessed_images\patient_720\AP.png,D:\LUMOS\processed\segmentation\pseudo_labels\patient_720_AP_mask.png,D:\LUMOS\processed\segmentation\visualizations\patient_720_AP_viz.jpg,2,0.697,PSEUDO_LABEL,False
720,Lateral,d:\LUMOS\processed\preprocessed_images\patient_720\Lateral.png,D:\LUMOS\processed\segmentation\pseudo_labels\patient_720_Lateral_mask.png,D:\LUMOS\processed\segmentation\visualizations\patient_720_Lateral_viz.jpg,2,0.697,PSEUDO_LABEL,False
721,AP,d:\LUMOS\processed\preprocessed_images\patient_721\AP.png,D:\LUMOS\processed\segmentation\pseudo_labels\patient_721_AP_mask.png,D:\LUMOS\processed\segmentation\visualizations\patient_721_AP_viz.jpg,1,0.92,PSEUDO_LABEL,False
721,Lateral,d:\LUMOS\processed\preprocessed_images\patient_721\Lateral.png,D:\LUMOS\processed\segmentation\pseudo_labels\patient_721_Lateral_mask.png,D:\LUMOS\processed\segmentation\visualizations\patient_721_Lateral_viz.jpg,1,0.92,PSEUDO_LABEL,False
722,AP,d:\LUMOS\processed\preprocessed_images\patient_722\AP.png,D:\LUMOS\processed\segmentation\pseudo_labels\patient_722_AP_mask.png,D:\LUMOS\processed\segmentation\visualizations\patient_722_AP_viz.jpg,0,1.222,PSEUDO_LABEL,False
722,Lateral,d:\LUMOS\processed\preprocessed_images\patient_722\Lateral.png,D:\LUMOS\processed\segmentation\pseudo_labels\patient_722_Lateral_mask.png,D:\LUMOS\processed\segmentation\visualizations\patient_722_Lateral_viz.jpg,0,1.222,PSEUDO_LABEL,False
723,AP,d:\LUMOS\processed\preprocessed_images\patient_723\AP.png,D:\LUMOS\processed\segmentation\pseudo_labels\patient_723_AP_mask.png,D:\LUMOS\processed\segmentation\visualizations\patient_723_AP_viz.jpg,1,0.991,PSEUDO_LABEL,False
723,Lateral,d:\LUMOS\processed\preprocessed_images\patient_723\Lateral.png,D:\LUMOS\processed\segmentation\pseudo_labels\patient_723_Lateral_mask.png,D:\LUMOS\processed\segmentation\visualizations\patient_723_Lateral_viz.jpg,1,0.991,PSEUDO_LABEL,False
724,AP,d:\LUMOS\processed\preprocessed_images\patient_724\AP.png,D:\LUMOS\processed\segmentation\pseudo_labels\patient_724_AP_mask.png,D:\LUMOS\processed\segmentation\visualizations\patient_724_AP_viz.jpg,1,0.974,PSEUDO_LABEL,False
724,Lateral,d:\LUMOS\processed\preprocessed_images\patient_724\Lateral.png,D:\LUMOS\processed\segmentation\pseudo_labels\patient_724_Lateral_mask.png,D:\LUMOS\processed\segmentation\visualizations\patient_724_Lateral_viz.jpg,1,0.974,PSEUDO_LABEL,False
725,AP,d:\LUMOS\processed\preprocessed_images\patient_725\AP.png,D:\LUMOS\processed\segmentation\pseudo_labels\patient_725_AP_mask.png,D:\LUMOS\processed\segmentation\visualizations\patient_725_AP_viz.jpg,1,0.985,PSEUDO_LABEL,False
725,Lateral,d:\LUMOS\processed\preprocessed_images\patient_725\Lateral.png,D:\LUMOS\processed\segmentation\pseudo_labels\patient_725_Lateral_mask.png,D:\LUMOS\processed\segmentation\visualizations\patient_725_Lateral_viz.jpg,1,0.985,PSEUDO_LABEL,False
726,AP,d:\LUMOS\processed\preprocessed_images\patient_726\AP.png,D:\LUMOS\processed\segmentation\pseudo_labels\patient_726_AP_mask.png,D:\LUMOS\processed\segmentation\visualizations\patient_726_AP_viz.jpg,1,0.949,PSEUDO_LABEL,False
726,Lateral,d:\LUMOS\processed\preprocessed_images\patient_726\Lateral.png,D:\LUMOS\processed\segmentation\pseudo_labels\patient_726_Lateral_mask.png,D:\LUMOS\processed\segmentation\visualizations\patient_726_Lateral_viz.jpg,1,0.949,PSEUDO_LABEL,False
727,AP,d:\LUMOS\processed\preprocessed_images\patient_727\AP.png,D:\LUMOS\processed\segmentation\pseudo_labels\patient_727_AP_mask.png,D:\LUMOS\processed\segmentation\visualizations\patient_727_AP_viz.jpg,1,0.96,PSEUDO_LABEL,False
727,Lateral,d:\LUMOS\processed\preprocessed_images\patient_727\Lateral.png,D:\LUMOS\processed\segmentation\pseudo_labels\patient_727_Lateral_mask.png,D:\LUMOS\processed\segmentation\visualizations\patient_727_Lateral_viz.jpg,1,0.96,PSEUDO_LABEL,False
728,AP,d:\LUMOS\processed\preprocessed_images\patient_728\AP.png,D:\LUMOS\processed\segmentation\pseudo_labels\patient_728_AP_mask.png,D:\LUMOS\processed\segmentation\visualizations\patient_728_AP_viz.jpg,1,0.836,PSEUDO_LABEL,False
728,Lateral,d:\LUMOS\processed\preprocessed_images\patient_728\Lateral.png,D:\LUMOS\processed\segmentation\pseudo_labels\patient_728_Lateral_mask.png,D:\LUMOS\processed\segmentation\visualizations\patient_728_Lateral_viz.jpg,1,0.836,PSEUDO_LABEL,False
729,AP,d:\LUMOS\processed\preprocessed_images\patient_729\AP.png,D:\LUMOS\processed\segmentation\pseudo_labels\patient_729_AP_mask.png,D:\LUMOS\processed\segmentation\visualizations\patient_729_AP_viz.jpg,1,0.958,PSEUDO_LABEL,False
729,Lateral,d:\LUMOS\processed\preprocessed_images\patient_729\Lateral.png,D:\LUMOS\processed\segmentation\pseudo_labels\patient_729_Lateral_mask.png,D:\LUMOS\processed\segmentation\visualizations\patient_729_Lateral_viz.jpg,1,0.958,PSEUDO_LABEL,False
730,AP,d:\LUMOS\processed\preprocessed_images\patient_730\AP.png,D:\LUMOS\processed\segmentation\pseudo_labels\patient_730_AP_mask.png,D:\LUMOS\processed\segmentation\visualizations\patient_730_AP_viz.jpg,2,0.808,PSEUDO_LABEL,False
730,Lateral,d:\LUMOS\processed\preprocessed_images\patient_730\Lateral.png,D:\LUMOS\processed\segmentation\pseudo_labels\patient_730_Lateral_mask.png,D:\LUMOS\processed\segmentation\visualizations\patient_730_Lateral_viz.jpg,2,0.808,PSEUDO_LABEL,False
731,AP,d:\LUMOS\processed\preprocessed_images\patient_731\AP.png,D:\LUMOS\processed\segmentation\pseudo_labels\patient_731_AP_mask.png,D:\LUMOS\processed\segmentation\visualizations\patient_731_AP_viz.jpg,0,1.359,PSEUDO_LABEL,False
731,Lateral,d:\LUMOS\processed\preprocessed_images\patient_731\Lateral.png,D:\LUMOS\processed\segmentation\pseudo_labels\patient_731_Lateral_mask.png,D:\LUMOS\processed\segmentation\visualizations\patient_731_Lateral_viz.jpg,0,1.359,PSEUDO_LABEL,False
732,AP,d:\LUMOS\processed\preprocessed_images\patient_732\AP.png,D:\LUMOS\processed\segmentation\pseudo_labels\patient_732_AP_mask.png,D:\LUMOS\processed\segmentation\visualizations\patient_732_AP_viz.jpg,1,0.984,PSEUDO_LABEL,False
732,Lateral,d:\LUMOS\processed\preprocessed_images\patient_732\Lateral.png,D:\LUMOS\processed\segmentation\pseudo_labels\patient_732_Lateral_mask.png,D:\LUMOS\processed\segmentation\visualizations\patient_732_Lateral_viz.jpg,1,0.984,PSEUDO_LABEL,False
733,AP,d:\LUMOS\processed\preprocessed_images\patient_733\AP.png,D:\LUMOS\processed\segmentation\pseudo_labels\patient_733_AP_mask.png,D:\LUMOS\processed\segmentation\visualizations\patient_733_AP_viz.jpg,0,1.167,PSEUDO_LABEL,False
733,Lateral,d:\LUMOS\processed\preprocessed_images\patient_733\Lateral.png,D:\LUMOS\processed\segmentation\pseudo_labels\patient_733_Lateral_mask.png,D:\LUMOS\processed\segmentation\visualizations\patient_733_Lateral_viz.jpg,0,1.167,PSEUDO_LABEL,False
734,AP,d:\LUMOS\processed\preprocessed_images\patient_734\AP.png,D:\LUMOS\processed\segmentation\pseudo_labels\patient_734_AP_mask.png,D:\LUMOS\processed\segmentation\visualizations\patient_734_AP_viz.jpg,0,1.084,PSEUDO_LABEL,False
734,Lateral,d:\LUMOS\processed\preprocessed_images\patient_734\Lateral.png,D:\LUMOS\processed\segmentation\pseudo_labels\patient_734_Lateral_mask.png,D:\LUMOS\processed\segmentation\visualizations\patient_734_Lateral_viz.jpg,0,1.084,PSEUDO_LABEL,False
735,AP,d:\LUMOS\processed\preprocessed_images\patient_735\AP.png,D:\LUMOS\processed\segmentation\pseudo_labels\patient_735_AP_mask.png,D:\LUMOS\processed\segmentation\visualizations\patient_735_AP_viz.jpg,2,0.558,PSEUDO_LABEL,False
735,Lateral,d:\LUMOS\processed\preprocessed_images\patient_735\Lateral.png,D:\LUMOS\processed\segmentation\pseudo_labels\patient_735_Lateral_mask.png,D:\LUMOS\processed\segmentation\visualizations\patient_735_Lateral_viz.jpg,2,0.558,PSEUDO_LABEL,False
736,AP,d:\LUMOS\processed\preprocessed_images\patient_736\AP.png,D:\LUMOS\processed\segmentation\pseudo_labels\patient_736_AP_mask.png,D:\LUMOS\processed\segmentation\visualizations\patient_736_AP_viz.jpg,0,1.159,PSEUDO_LABEL,False
736,Lateral,d:\LUMOS\processed\preprocessed_images\patient_736\Lateral.png,D:\LUMOS\processed\segmentation\pseudo_labels\patient_736_Lateral_mask.png,D:\LUMOS\processed\segmentation\visualizations\patient_736_Lateral_viz.jpg,0,1.159,PSEUDO_LABEL,False
737,AP,d:\LUMOS\processed\preprocessed_images\patient_737\AP.png,D:\LUMOS\processed\segmentation\pseudo_labels\patient_737_AP_mask.png,D:\LUMOS\processed\segmentation\visualizations\patient_737_AP_viz.jpg,1,0.837092183052332,PSEUDO_LABEL,False
737,Lateral,d:\LUMOS\processed\preprocessed_images\patient_737\Lateral.png,D:\LUMOS\processed\segmentation\pseudo_labels\patient_737_Lateral_mask.png,D:\LUMOS\processed\segmentation\visualizations\patient_737_Lateral_viz.jpg,1,0.837092183052332,PSEUDO_LABEL,False
738,AP,d:\LUMOS\processed\preprocessed_images\patient_738\AP.png,D:\LUMOS\processed\segmentation\pseudo_labels\patient_738_AP_mask.png,D:\LUMOS\processed\segmentation\visualizations\patient_738_AP_viz.jpg,0,1.002,PSEUDO_LABEL,False
738,Lateral,d:\LUMOS\processed\preprocessed_images\patient_738\Lateral.png,D:\LUMOS\processed\segmentation\pseudo_labels\patient_738_Lateral_mask.png,D:\LUMOS\processed\segmentation\visualizations\patient_738_Lateral_viz.jpg,0,1.002,PSEUDO_LABEL,False
739,AP,d:\LUMOS\processed\preprocessed_images\patient_739\AP.png,D:\LUMOS\processed\segmentation\pseudo_labels\patient_739_AP_mask.png,D:\LUMOS\processed\segmentation\visualizations\patient_739_AP_viz.jpg,2,0.674,PSEUDO_LABEL,False
739,Lateral,d:\LUMOS\processed\preprocessed_images\patient_739\Lateral.png,D:\LUMOS\processed\segmentation\pseudo_labels\patient_739_Lateral_mask.png,D:\LUMOS\processed\segmentation\visualizations\patient_739_Lateral_viz.jpg,2,0.674,PSEUDO_LABEL,False
740,AP,d:\LUMOS\processed\preprocessed_images\patient_740\AP.png,D:\LUMOS\processed\segmentation\pseudo_labels\patient_740_AP_mask.png,D:\LUMOS\processed\segmentation\visualizations\patient_740_AP_viz.jpg,1,0.924,PSEUDO_LABEL,False
740,Lateral,d:\LUMOS\processed\preprocessed_images\patient_740\Lateral.png,D:\LUMOS\processed\segmentation\pseudo_labels\patient_740_Lateral_mask.png,D:\LUMOS\processed\segmentation\visualizations\patient_740_Lateral_viz.jpg,1,0.924,PSEUDO_LABEL,False
741,AP,d:\LUMOS\processed\preprocessed_images\patient_741\AP.png,D:\LUMOS\processed\segmentation\pseudo_labels\patient_741_AP_mask.png,D:\LUMOS\processed\segmentation\visualizations\patient_741_AP_viz.jpg,1,0.988,PSEUDO_LABEL,False
741,Lateral,d:\LUMOS\processed\preprocessed_images\patient_741\Lateral.png,D:\LUMOS\processed\segmentation\pseudo_labels\patient_741_Lateral_mask.png,D:\LUMOS\processed\segmentation\visualizations\patient_741_Lateral_viz.jpg,1,0.988,PSEUDO_LABEL,False
742,AP,d:\LUMOS\processed\preprocessed_images\patient_742\AP.png,D:\LUMOS\processed\segmentation\pseudo_labels\patient_742_AP_mask.png,D:\LUMOS\processed\segmentation\visualizations\patient_742_AP_viz.jpg,2,0.727,PSEUDO_LABEL,False
742,Lateral,d:\LUMOS\processed\preprocessed_images\patient_742\Lateral.png,D:\LUMOS\processed\segmentation\pseudo_labels\patient_742_Lateral_mask.png,D:\LUMOS\processed\segmentation\visualizations\patient_742_Lateral_viz.jpg,2,0.727,PSEUDO_LABEL,False
743,AP,d:\LUMOS\processed\preprocessed_images\patient_743\AP.png,D:\LUMOS\processed\segmentation\pseudo_labels\patient_743_AP_mask.png,D:\LUMOS\processed\segmentation\visualizations\patient_743_AP_viz.jpg,2,0.755300127713921,PSEUDO_LABEL,False
743,Lateral,d:\LUMOS\processed\preprocessed_images\patient_743\Lateral.png,D:\LUMOS\processed\segmentation\pseudo_labels\patient_743_Lateral_mask.png,D:\LUMOS\processed\segmentation\visualizations\patient_743_Lateral_viz.jpg,2,0.755300127713921,PSEUDO_LABEL,False
744,AP,d:\LUMOS\processed\preprocessed_images\patient_744\AP.png,D:\LUMOS\processed\segmentation\pseudo_labels\patient_744_AP_mask.png,D:\LUMOS\processed\segmentation\visualizations\patient_744_AP_viz.jpg,1,0.909,PSEUDO_LABEL,False
744,Lateral,d:\LUMOS\processed\preprocessed_images\patient_744\Lateral.png,D:\LUMOS\processed\segmentation\pseudo_labels\patient_744_Lateral_mask.png,D:\LUMOS\processed\segmentation\visualizations\patient_744_Lateral_viz.jpg,1,0.909,PSEUDO_LABEL,False
745,AP,d:\LUMOS\processed\preprocessed_images\patient_745\AP.png,D:\LUMOS\processed\segmentation\pseudo_labels\patient_745_AP_mask.png,D:\LUMOS\processed\segmentation\visualizations\patient_745_AP_viz.jpg,0,1.132,PSEUDO_LABEL,False
745,Lateral,d:\LUMOS\processed\preprocessed_images\patient_745\Lateral.png,D:\LUMOS\processed\segmentation\pseudo_labels\patient_745_Lateral_mask.png,D:\LUMOS\processed\segmentation\visualizations\patient_745_Lateral_viz.jpg,0,1.132,PSEUDO_LABEL,False
746,AP,d:\LUMOS\processed\preprocessed_images\patient_746\AP.png,D:\LUMOS\processed\segmentation\pseudo_labels\patient_746_AP_mask.png,D:\LUMOS\processed\segmentation\visualizations\patient_746_AP_viz.jpg,1,0.917,PSEUDO_LABEL,False
746,Lateral,d:\LUMOS\processed\preprocessed_images\patient_746\Lateral.png,D:\LUMOS\processed\segmentation\pseudo_labels\patient_746_Lateral_mask.png,D:\LUMOS\processed\segmentation\visualizations\patient_746_Lateral_viz.jpg,1,0.917,PSEUDO_LABEL,False
747,AP,d:\LUMOS\processed\preprocessed_images\patient_747\AP.png,D:\LUMOS\processed\segmentation\pseudo_labels\patient_747_AP_mask.png,D:\LUMOS\processed\segmentation\visualizations\patient_747_AP_viz.jpg,1,0.818,PSEUDO_LABEL,False
747,Lateral,d:\LUMOS\processed\preprocessed_images\patient_747\Lateral.png,D:\LUMOS\processed\segmentation\pseudo_labels\patient_747_Lateral_mask.png,D:\LUMOS\processed\segmentation\visualizations\patient_747_Lateral_viz.jpg,1,0.818,PSEUDO_LABEL,False
748,AP,d:\LUMOS\processed\preprocessed_images\patient_748\AP.png,D:\LUMOS\processed\segmentation\pseudo_labels\patient_748_AP_mask.png,D:\LUMOS\processed\segmentation\visualizations\patient_748_AP_viz.jpg,0,1.056,PSEUDO_LABEL,False
748,Lateral,d:\LUMOS\processed\preprocessed_images\patient_748\Lateral.png,D:\LUMOS\processed\segmentation\pseudo_labels\patient_748_Lateral_mask.png,D:\LUMOS\processed\segmentation\visualizations\patient_748_Lateral_viz.jpg,0,1.056,PSEUDO_LABEL,False
749,AP,d:\LUMOS\processed\preprocessed_images\patient_749\AP.png,D:\LUMOS\processed\segmentation\pseudo_labels\patient_749_AP_mask.png,D:\LUMOS\processed\segmentation\visualizations\patient_749_AP_viz.jpg,2,0.702,PSEUDO_LABEL,False
749,Lateral,d:\LUMOS\processed\preprocessed_images\patient_749\Lateral.png,D:\LUMOS\processed\segmentation\pseudo_labels\patient_749_Lateral_mask.png,D:\LUMOS\processed\segmentation\visualizations\patient_749_Lateral_viz.jpg,2,0.702,PSEUDO_LABEL,False
750,AP,d:\LUMOS\processed\preprocessed_images\patient_750\AP.png,D:\LUMOS\processed\segmentation\pseudo_labels\patient_750_AP_mask.png,D:\LUMOS\processed\segmentation\visualizations\patient_750_AP_viz.jpg,1,0.91,PSEUDO_LABEL,False
750,Lateral,d:\LUMOS\processed\preprocessed_images\patient_750\Lateral.png,D:\LUMOS\processed\segmentation\pseudo_labels\patient_750_Lateral_mask.png,D:\LUMOS\processed\segmentation\visualizations\patient_750_Lateral_viz.jpg,1,0.91,PSEUDO_LABEL,False
751,AP,d:\LUMOS\processed\preprocessed_images\patient_751\AP.png,D:\LUMOS\processed\segmentation\pseudo_labels\patient_751_AP_mask.png,D:\LUMOS\processed\segmentation\visualizations\patient_751_AP_viz.jpg,2,0.795,PSEUDO_LABEL,False
751,Lateral,d:\LUMOS\processed\preprocessed_images\patient_751\Lateral.png,D:\LUMOS\processed\segmentation\pseudo_labels\patient_751_Lateral_mask.png,D:\LUMOS\processed\segmentation\visualizations\patient_751_Lateral_viz.jpg,2,0.795,PSEUDO_LABEL,False
752,AP,d:\LUMOS\processed\preprocessed_images\patient_752\AP.png,D:\LUMOS\processed\segmentation\pseudo_labels\patient_752_AP_mask.png,D:\LUMOS\processed\segmentation\visualizations\patient_752_AP_viz.jpg,1,0.961,PSEUDO_LABEL,False
752,Lateral,d:\LUMOS\processed\preprocessed_images\patient_752\Lateral.png,D:\LUMOS\processed\segmentation\pseudo_labels\patient_752_Lateral_mask.png,D:\LUMOS\processed\segmentation\visualizations\patient_752_Lateral_viz.jpg,1,0.961,PSEUDO_LABEL,False
753,AP,d:\LUMOS\processed\preprocessed_images\patient_753\AP.png,D:\LUMOS\processed\segmentation\pseudo_labels\patient_753_AP_mask.png,D:\LUMOS\processed\segmentation\visualizations\patient_753_AP_viz.jpg,2,0.609966084,PSEUDO_LABEL,False
753,Lateral,d:\LUMOS\processed\preprocessed_images\patient_753\Lateral.png,D:\LUMOS\processed\segmentation\pseudo_labels\patient_753_Lateral_mask.png,D:\LUMOS\processed\segmentation\visualizations\patient_753_Lateral_viz.jpg,2,0.609966084,PSEUDO_LABEL,False
754,AP,d:\LUMOS\processed\preprocessed_images\patient_754\AP.png,D:\LUMOS\processed\segmentation\pseudo_labels\patient_754_AP_mask.png,D:\LUMOS\processed\segmentation\visualizations\patient_754_AP_viz.jpg,2,0.643,PSEUDO_LABEL,False
754,Lateral,d:\LUMOS\processed\preprocessed_images\patient_754\Lateral.png,D:\LUMOS\processed\segmentation\pseudo_labels\patient_754_Lateral_mask.png,D:\LUMOS\processed\segmentation\visualizations\patient_754_Lateral_viz.jpg,2,0.643,PSEUDO_LABEL,False
755,AP,d:\LUMOS\processed\preprocessed_images\patient_755\AP.png,D:\LUMOS\processed\segmentation\pseudo_labels\patient_755_AP_mask.png,D:\LUMOS\processed\segmentation\visualizations\patient_755_AP_viz.jpg,0,1.088,PSEUDO_LABEL,False
755,Lateral,d:\LUMOS\processed\preprocessed_images\patient_755\Lateral.png,D:\LUMOS\processed\segmentation\pseudo_labels\patient_755_Lateral_mask.png,D:\LUMOS\processed\segmentation\visualizations\patient_755_Lateral_viz.jpg,0,1.088,PSEUDO_LABEL,False
756,AP,d:\LUMOS\processed\preprocessed_images\patient_756\AP.png,D:\LUMOS\processed\segmentation\pseudo_labels\patient_756_AP_mask.png,D:\LUMOS\processed\segmentation\visualizations\patient_756_AP_viz.jpg,2,0.803,PSEUDO_LABEL,False
756,Lateral,d:\LUMOS\processed\preprocessed_images\patient_756\Lateral.png,D:\LUMOS\processed\segmentation\pseudo_labels\patient_756_Lateral_mask.png,D:\LUMOS\processed\segmentation\visualizations\patient_756_Lateral_viz.jpg,2,0.803,PSEUDO_LABEL,False
757,AP,d:\LUMOS\processed\preprocessed_images\patient_757\AP.png,D:\LUMOS\processed\segmentation\pseudo_labels\patient_757_AP_mask.png,D:\LUMOS\processed\segmentation\visualizations\patient_757_AP_viz.jpg,1,0.866487016,PSEUDO_LABEL,False
757,Lateral,d:\LUMOS\processed\preprocessed_images\patient_757\Lateral.png,D:\LUMOS\processed\segmentation\pseudo_labels\patient_757_Lateral_mask.png,D:\LUMOS\processed\segmentation\visualizations\patient_757_Lateral_viz.jpg,1,0.866487016,PSEUDO_LABEL,False
758,AP,d:\LUMOS\processed\preprocessed_images\patient_758\AP.png,D:\LUMOS\processed\segmentation\pseudo_labels\patient_758_AP_mask.png,D:\LUMOS\processed\segmentation\visualizations\patient_758_AP_viz.jpg,2,0.814,PSEUDO_LABEL,False
758,Lateral,d:\LUMOS\processed\preprocessed_images\patient_758\Lateral.png,D:\LUMOS\processed\segmentation\pseudo_labels\patient_758_Lateral_mask.png,D:\LUMOS\processed\segmentation\visualizations\patient_758_Lateral_viz.jpg,2,0.814,PSEUDO_LABEL,False
759,AP,d:\LUMOS\processed\preprocessed_images\patient_759\AP.png,D:\LUMOS\processed\segmentation\pseudo_labels\patient_759_AP_mask.png,D:\LUMOS\processed\segmentation\visualizations\patient_759_AP_viz.jpg,1,0.843,PSEUDO_LABEL,False
759,Lateral,d:\LUMOS\processed\preprocessed_images\patient_759\Lateral.png,D:\LUMOS\processed\segmentation\pseudo_labels\patient_759_Lateral_mask.png,D:\LUMOS\processed\segmentation\visualizations\patient_759_Lateral_viz.jpg,1,0.843,PSEUDO_LABEL,False
760,AP,d:\LUMOS\processed\preprocessed_images\patient_760\AP.png,D:\LUMOS\processed\segmentation\pseudo_labels\patient_760_AP_mask.png,D:\LUMOS\processed\segmentation\visualizations\patient_760_AP_viz.jpg,2,0.802,PSEUDO_LABEL,False
760,Lateral,d:\LUMOS\processed\preprocessed_images\patient_760\Lateral.png,D:\LUMOS\processed\segmentation\pseudo_labels\patient_760_Lateral_mask.png,D:\LUMOS\processed\segmentation\visualizations\patient_760_Lateral_viz.jpg,2,0.802,PSEUDO_LABEL,False
761,AP,d:\LUMOS\processed\preprocessed_images\patient_761\AP.png,D:\LUMOS\processed\segmentation\pseudo_labels\patient_761_AP_mask.png,D:\LUMOS\processed\segmentation\visualizations\patient_761_AP_viz.jpg,1,0.92,PSEUDO_LABEL,False
761,Lateral,d:\LUMOS\processed\preprocessed_images\patient_761\Lateral.png,D:\LUMOS\processed\segmentation\pseudo_labels\patient_761_Lateral_mask.png,D:\LUMOS\processed\segmentation\visualizations\patient_761_Lateral_viz.jpg,1,0.92,PSEUDO_LABEL,False
762,AP,d:\LUMOS\processed\preprocessed_images\patient_762\AP.png,D:\LUMOS\processed\segmentation\pseudo_labels\patient_762_AP_mask.png,D:\LUMOS\processed\segmentation\visualizations\patient_762_AP_viz.jpg,0,1.233,PSEUDO_LABEL,False
762,Lateral,d:\LUMOS\processed\preprocessed_images\patient_762\Lateral.png,D:\LUMOS\processed\segmentation\pseudo_labels\patient_762_Lateral_mask.png,D:\LUMOS\processed\segmentation\visualizations\patient_762_Lateral_viz.jpg,0,1.233,PSEUDO_LABEL,False
763,AP,d:\LUMOS\processed\preprocessed_images\patient_763\AP.png,D:\LUMOS\processed\segmentation\pseudo_labels\patient_763_AP_mask.png,D:\LUMOS\processed\segmentation\visualizations\patient_763_AP_viz.jpg,2,0.663,PSEUDO_LABEL,False
763,Lateral,d:\LUMOS\processed\preprocessed_images\patient_763\Lateral.png,D:\LUMOS\processed\segmentation\pseudo_labels\patient_763_Lateral_mask.png,D:\LUMOS\processed\segmentation\visualizations\patient_763_Lateral_viz.jpg,2,0.663,PSEUDO_LABEL,False
764,AP,d:\LUMOS\processed\preprocessed_images\patient_764\AP.png,D:\LUMOS\processed\segmentation\pseudo_labels\patient_764_AP_mask.png,D:\LUMOS\processed\segmentation\visualizations\patient_764_AP_viz.jpg,2,0.689,PSEUDO_LABEL,False
764,Lateral,d:\LUMOS\processed\preprocessed_images\patient_764\Lateral.png,D:\LUMOS\processed\segmentation\pseudo_labels\patient_764_Lateral_mask.png,D:\LUMOS\processed\segmentation\visualizations\patient_764_Lateral_viz.jpg,2,0.689,PSEUDO_LABEL,False
765,AP,d:\LUMOS\processed\preprocessed_images\patient_765\AP.png,D:\LUMOS\processed\segmentation\pseudo_labels\patient_765_AP_mask.png,D:\LUMOS\processed\segmentation\visualizations\patient_765_AP_viz.jpg,2,0.541800339686733,PSEUDO_LABEL,False
765,Lateral,d:\LUMOS\processed\preprocessed_images\patient_765\Lateral.png,D:\LUMOS\processed\segmentation\pseudo_labels\patient_765_Lateral_mask.png,D:\LUMOS\processed\segmentation\visualizations\patient_765_Lateral_viz.jpg,2,0.541800339686733,PSEUDO_LABEL,False
766,AP,d:\LUMOS\processed\preprocessed_images\patient_766\AP.png,D:\LUMOS\processed\segmentation\pseudo_labels\patient_766_AP_mask.png,D:\LUMOS\processed\segmentation\visualizations\patient_766_AP_viz.jpg,2,0.81,PSEUDO_LABEL,False
766,Lateral,d:\LUMOS\processed\preprocessed_images\patient_766\Lateral.png,D:\LUMOS\processed\segmentation\pseudo_labels\patient_766_Lateral_mask.png,D:\LUMOS\processed\segmentation\visualizations\patient_766_Lateral_viz.jpg,2,0.81,PSEUDO_LABEL,False
767,AP,d:\LUMOS\processed\preprocessed_images\patient_767\AP.png,D:\LUMOS\processed\segmentation\pseudo_labels\patient_767_AP_mask.png,D:\LUMOS\processed\segmentation\visualizations\patient_767_AP_viz.jpg,1,0.853,PSEUDO_LABEL,False
767,Lateral,d:\LUMOS\processed\preprocessed_images\patient_767\Lateral.png,D:\LUMOS\processed\segmentation\pseudo_labels\patient_767_Lateral_mask.png,D:\LUMOS\processed\segmentation\visualizations\patient_767_Lateral_viz.jpg,1,0.853,PSEUDO_LABEL,False
768,AP,d:\LUMOS\processed\preprocessed_images\patient_768\AP.png,D:\LUMOS\processed\segmentation\pseudo_labels\patient_768_AP_mask.png,D:\LUMOS\processed\segmentation\visualizations\patient_768_AP_viz.jpg,2,0.79,PSEUDO_LABEL,False
768,Lateral,d:\LUMOS\processed\preprocessed_images\patient_768\Lateral.png,D:\LUMOS\processed\segmentation\pseudo_labels\patient_768_Lateral_mask.png,D:\LUMOS\processed\segmentation\visualizations\patient_768_Lateral_viz.jpg,2,0.79,PSEUDO_LABEL,False
769,AP,d:\LUMOS\processed\preprocessed_images\patient_769\AP.png,D:\LUMOS\processed\segmentation\pseudo_labels\patient_769_AP_mask.png,D:\LUMOS\processed\segmentation\visualizations\patient_769_AP_viz.jpg,2,0.802438473696094,PSEUDO_LABEL,False
769,Lateral,d:\LUMOS\processed\preprocessed_images\patient_769\Lateral.png,D:\LUMOS\processed\segmentation\pseudo_labels\patient_769_Lateral_mask.png,D:\LUMOS\processed\segmentation\visualizations\patient_769_Lateral_viz.jpg,2,0.802438473696094,PSEUDO_LABEL,False
770,AP,d:\LUMOS\processed\preprocessed_images\patient_770\AP.png,D:\LUMOS\processed\segmentation\pseudo_labels\patient_770_AP_mask.png,D:\LUMOS\processed\segmentation\visualizations\patient_770_AP_viz.jpg,1,0.931,PSEUDO_LABEL,False
770,Lateral,d:\LUMOS\processed\preprocessed_images\patient_770\Lateral.png,D:\LUMOS\processed\segmentation\pseudo_labels\patient_770_Lateral_mask.png,D:\LUMOS\processed\segmentation\visualizations\patient_770_Lateral_viz.jpg,1,0.931,PSEUDO_LABEL,False
771,AP,d:\LUMOS\processed\preprocessed_images\patient_771\AP.png,D:\LUMOS\processed\segmentation\pseudo_labels\patient_771_AP_mask.png,D:\LUMOS\processed\segmentation\visualizations\patient_771_AP_viz.jpg,0,1.081,PSEUDO_LABEL,False
771,Lateral,d:\LUMOS\processed\preprocessed_images\patient_771\Lateral.png,D:\LUMOS\processed\segmentation\pseudo_labels\patient_771_Lateral_mask.png,D:\LUMOS\processed\segmentation\visualizations\patient_771_Lateral_viz.jpg,0,1.081,PSEUDO_LABEL,False
772,AP,d:\LUMOS\processed\preprocessed_images\patient_772\AP.png,D:\LUMOS\processed\segmentation\pseudo_labels\patient_772_AP_mask.png,D:\LUMOS\processed\segmentation\visualizations\patient_772_AP_viz.jpg,1,0.823,PSEUDO_LABEL,False
772,Lateral,d:\LUMOS\processed\preprocessed_images\patient_772\Lateral.png,D:\LUMOS\processed\segmentation\pseudo_labels\patient_772_Lateral_mask.png,D:\LUMOS\processed\segmentation\visualizations\patient_772_Lateral_viz.jpg,1,0.823,PSEUDO_LABEL,False
773,AP,d:\LUMOS\processed\preprocessed_images\patient_773\AP.png,D:\LUMOS\processed\segmentation\pseudo_labels\patient_773_AP_mask.png,D:\LUMOS\processed\segmentation\visualizations\patient_773_AP_viz.jpg,2,0.758,PSEUDO_LABEL,False
773,Lateral,d:\LUMOS\processed\preprocessed_images\patient_773\Lateral.png,D:\LUMOS\processed\segmentation\pseudo_labels\patient_773_Lateral_mask.png,D:\LUMOS\processed\segmentation\visualizations\patient_773_Lateral_viz.jpg,2,0.758,PSEUDO_LABEL,False
774,AP,d:\LUMOS\processed\preprocessed_images\patient_774\AP.png,D:\LUMOS\processed\segmentation\pseudo_labels\patient_774_AP_mask.png,D:\LUMOS\processed\segmentation\visualizations\patient_774_AP_viz.jpg,1,0.855,PSEUDO_LABEL,False
774,Lateral,d:\LUMOS\processed\preprocessed_images\patient_774\Lateral.png,D:\LUMOS\processed\segmentation\pseudo_labels\patient_774_Lateral_mask.png,D:\LUMOS\processed\segmentation\visualizations\patient_774_Lateral_viz.jpg,1,0.855,PSEUDO_LABEL,False
775,AP,d:\LUMOS\processed\preprocessed_images\patient_775\AP.png,D:\LUMOS\processed\segmentation\pseudo_labels\patient_775_AP_mask.png,D:\LUMOS\processed\segmentation\visualizations\patient_775_AP_viz.jpg,2,0.69,PSEUDO_LABEL,False
775,Lateral,d:\LUMOS\processed\preprocessed_images\patient_775\Lateral.png,D:\LUMOS\processed\segmentation\pseudo_labels\patient_775_Lateral_mask.png,D:\LUMOS\processed\segmentation\visualizations\patient_775_Lateral_viz.jpg,2,0.69,PSEUDO_LABEL,False
776,AP,d:\LUMOS\processed\preprocessed_images\patient_776\AP.png,D:\LUMOS\processed\segmentation\pseudo_labels\patient_776_AP_mask.png,D:\LUMOS\processed\segmentation\visualizations\patient_776_AP_viz.jpg,2,0.787,PSEUDO_LABEL,False
776,Lateral,d:\LUMOS\processed\preprocessed_images\patient_776\Lateral.png,D:\LUMOS\processed\segmentation\pseudo_labels\patient_776_Lateral_mask.png,D:\LUMOS\processed\segmentation\visualizations\patient_776_Lateral_viz.jpg,2,0.787,PSEUDO_LABEL,False
777,AP,d:\LUMOS\processed\preprocessed_images\patient_777\AP.png,D:\LUMOS\processed\segmentation\pseudo_labels\patient_777_AP_mask.png,D:\LUMOS\processed\segmentation\visualizations\patient_777_AP_viz.jpg,1,0.986270022883295,PSEUDO_LABEL,False
777,Lateral,d:\LUMOS\processed\preprocessed_images\patient_777\Lateral.png,D:\LUMOS\processed\segmentation\pseudo_labels\patient_777_Lateral_mask.png,D:\LUMOS\processed\segmentation\visualizations\patient_777_Lateral_viz.jpg,1,0.986270022883295,PSEUDO_LABEL,False
778,AP,d:\LUMOS\processed\preprocessed_images\patient_778\AP.png,D:\LUMOS\processed\segmentation\pseudo_labels\patient_778_AP_mask.png,D:\LUMOS\processed\segmentation\visualizations\patient_778_AP_viz.jpg,1,0.986,PSEUDO_LABEL,False
778,Lateral,d:\LUMOS\processed\preprocessed_images\patient_778\Lateral.png,D:\LUMOS\processed\segmentation\pseudo_labels\patient_778_Lateral_mask.png,D:\LUMOS\processed\segmentation\visualizations\patient_778_Lateral_viz.jpg,1,0.986,PSEUDO_LABEL,False
779,AP,d:\LUMOS\processed\preprocessed_images\patient_779\AP.png,D:\LUMOS\processed\segmentation\pseudo_labels\patient_779_AP_mask.png,D:\LUMOS\processed\segmentation\visualizations\patient_779_AP_viz.jpg,2,0.718,PSEUDO_LABEL,False
779,Lateral,d:\LUMOS\processed\preprocessed_images\patient_779\Lateral.png,D:\LUMOS\processed\segmentation\pseudo_labels\patient_779_Lateral_mask.png,D:\LUMOS\processed\segmentation\visualizations\patient_779_Lateral_viz.jpg,2,0.718,PSEUDO_LABEL,False
780,AP,d:\LUMOS\processed\preprocessed_images\patient_780\AP.png,D:\LUMOS\processed\segmentation\pseudo_labels\patient_780_AP_mask.png,D:\LUMOS\processed\segmentation\visualizations\patient_780_AP_viz.jpg,1,0.935,PSEUDO_LABEL,False
780,Lateral,d:\LUMOS\processed\preprocessed_images\patient_780\Lateral.png,D:\LUMOS\processed\segmentation\pseudo_labels\patient_780_Lateral_mask.png,D:\LUMOS\processed\segmentation\visualizations\patient_780_Lateral_viz.jpg,1,0.935,PSEUDO_LABEL,False
781,AP,d:\LUMOS\processed\preprocessed_images\patient_781\AP.png,D:\LUMOS\processed\segmentation\pseudo_labels\patient_781_AP_mask.png,D:\LUMOS\processed\segmentation\visualizations\patient_781_AP_viz.jpg,1,0.991,PSEUDO_LABEL,False
781,Lateral,d:\LUMOS\processed\preprocessed_images\patient_781\Lateral.png,D:\LUMOS\processed\segmentation\pseudo_labels\patient_781_Lateral_mask.png,D:\LUMOS\processed\segmentation\visualizations\patient_781_Lateral_viz.jpg,1,0.991,PSEUDO_LABEL,False
782,AP,d:\LUMOS\processed\preprocessed_images\patient_782\AP.png,D:\LUMOS\processed\segmentation\pseudo_labels\patient_782_AP_mask.png,D:\LUMOS\processed\segmentation\visualizations\patient_782_AP_viz.jpg,2,0.797,PSEUDO_LABEL,False
782,Lateral,d:\LUMOS\processed\preprocessed_images\patient_782\Lateral.png,D:\LUMOS\processed\segmentation\pseudo_labels\patient_782_Lateral_mask.png,D:\LUMOS\processed\segmentation\visualizations\patient_782_Lateral_viz.jpg,2,0.797,PSEUDO_LABEL,False
783,AP,d:\LUMOS\processed\preprocessed_images\patient_783\AP.png,D:\LUMOS\processed\segmentation\pseudo_labels\patient_783_AP_mask.png,D:\LUMOS\processed\segmentation\visualizations\patient_783_AP_viz.jpg,0,1.109,PSEUDO_LABEL,False
783,Lateral,d:\LUMOS\processed\preprocessed_images\patient_783\Lateral.png,D:\LUMOS\processed\segmentation\pseudo_labels\patient_783_Lateral_mask.png,D:\LUMOS\processed\segmentation\visualizations\patient_783_Lateral_viz.jpg,0,1.109,PSEUDO_LABEL,False
784,AP,d:\LUMOS\processed\preprocessed_images\patient_784\AP.png,D:\LUMOS\processed\segmentation\pseudo_labels\patient_784_AP_mask.png,D:\LUMOS\processed\segmentation\visualizations\patient_784_AP_viz.jpg,2,0.502,PSEUDO_LABEL,False
784,Lateral,d:\LUMOS\processed\preprocessed_images\patient_784\Lateral.png,D:\LUMOS\processed\segmentation\pseudo_labels\patient_784_Lateral_mask.png,D:\LUMOS\processed\segmentation\visualizations\patient_784_Lateral_viz.jpg,2,0.502,PSEUDO_LABEL,False
785,AP,d:\LUMOS\processed\preprocessed_images\patient_785\AP.png,D:\LUMOS\processed\segmentation\pseudo_labels\patient_785_AP_mask.png,D:\LUMOS\processed\segmentation\visualizations\patient_785_AP_viz.jpg,0,1.217,PSEUDO_LABEL,False
785,Lateral,d:\LUMOS\processed\preprocessed_images\patient_785\Lateral.png,D:\LUMOS\processed\segmentation\pseudo_labels\patient_785_Lateral_mask.png,D:\LUMOS\processed\segmentation\visualizations\patient_785_Lateral_viz.jpg,0,1.217,PSEUDO_LABEL,False
786,AP,d:\LUMOS\processed\preprocessed_images\patient_786\AP.png,D:\LUMOS\processed\segmentation\pseudo_labels\patient_786_AP_mask.png,D:\LUMOS\processed\segmentation\visualizations\patient_786_AP_viz.jpg,2,0.737,PSEUDO_LABEL,False
786,Lateral,d:\LUMOS\processed\preprocessed_images\patient_786\Lateral.png,D:\LUMOS\processed\segmentation\pseudo_labels\patient_786_Lateral_mask.png,D:\LUMOS\processed\segmentation\visualizations\patient_786_Lateral_viz.jpg,2,0.737,PSEUDO_LABEL,False
787,AP,d:\LUMOS\processed\preprocessed_images\patient_787\AP.png,D:\LUMOS\processed\segmentation\pseudo_labels\patient_787_AP_mask.png,D:\LUMOS\processed\segmentation\visualizations\patient_787_AP_viz.jpg,1,0.951,PSEUDO_LABEL,False
787,Lateral,d:\LUMOS\processed\preprocessed_images\patient_787\Lateral.png,D:\LUMOS\processed\segmentation\pseudo_labels\patient_787_Lateral_mask.png,D:\LUMOS\processed\segmentation\visualizations\patient_787_Lateral_viz.jpg,1,0.951,PSEUDO_LABEL,False
788,AP,d:\LUMOS\processed\preprocessed_images\patient_788\AP.png,D:\LUMOS\processed\segmentation\pseudo_labels\patient_788_AP_mask.png,D:\LUMOS\processed\segmentation\visualizations\patient_788_AP_viz.jpg,1,0.929,PSEUDO_LABEL,False
788,Lateral,d:\LUMOS\processed\preprocessed_images\patient_788\Lateral.png,D:\LUMOS\processed\segmentation\pseudo_labels\patient_788_Lateral_mask.png,D:\LUMOS\processed\segmentation\visualizations\patient_788_Lateral_viz.jpg,1,0.929,PSEUDO_LABEL,False
789,AP,d:\LUMOS\processed\preprocessed_images\patient_789\AP.png,D:\LUMOS\processed\segmentation\pseudo_labels\patient_789_AP_mask.png,D:\LUMOS\processed\segmentation\visualizations\patient_789_AP_viz.jpg,1,0.9,PSEUDO_LABEL,False
789,Lateral,d:\LUMOS\processed\preprocessed_images\patient_789\Lateral.png,D:\LUMOS\processed\segmentation\pseudo_labels\patient_789_Lateral_mask.png,D:\LUMOS\processed\segmentation\visualizations\patient_789_Lateral_viz.jpg,1,0.9,PSEUDO_LABEL,False
790,AP,d:\LUMOS\processed\preprocessed_images\patient_790\AP.png,D:\LUMOS\processed\segmentation\pseudo_labels\patient_790_AP_mask.png,D:\LUMOS\processed\segmentation\visualizations\patient_790_AP_viz.jpg,0,1.126,PSEUDO_LABEL,False
790,Lateral,d:\LUMOS\processed\preprocessed_images\patient_790\Lateral.png,D:\LUMOS\processed\segmentation\pseudo_labels\patient_790_Lateral_mask.png,D:\LUMOS\processed\segmentation\visualizations\patient_790_Lateral_viz.jpg,0,1.126,PSEUDO_LABEL,False
791,AP,d:\LUMOS\processed\preprocessed_images\patient_791\AP.png,D:\LUMOS\processed\segmentation\pseudo_labels\patient_791_AP_mask.png,D:\LUMOS\processed\segmentation\visualizations\patient_791_AP_viz.jpg,0,1.238,PSEUDO_LABEL,False
791,Lateral,d:\LUMOS\processed\preprocessed_images\patient_791\Lateral.png,D:\LUMOS\processed\segmentation\pseudo_labels\patient_791_Lateral_mask.png,D:\LUMOS\processed\segmentation\visualizations\patient_791_Lateral_viz.jpg,0,1.238,PSEUDO_LABEL,False
792,AP,d:\LUMOS\processed\preprocessed_images\patient_792\AP.png,D:\LUMOS\processed\segmentation\pseudo_labels\patient_792_AP_mask.png,D:\LUMOS\processed\segmentation\visualizations\patient_792_AP_viz.jpg,2,0.78,PSEUDO_LABEL,False
792,Lateral,d:\LUMOS\processed\preprocessed_images\patient_792\Lateral.png,D:\LUMOS\processed\segmentation\pseudo_labels\patient_792_Lateral_mask.png,D:\LUMOS\processed\segmentation\visualizations\patient_792_Lateral_viz.jpg,2,0.78,PSEUDO_LABEL,False
793,AP,d:\LUMOS\processed\preprocessed_images\patient_793\AP.png,D:\LUMOS\processed\segmentation\pseudo_labels\patient_793_AP_mask.png,D:\LUMOS\processed\segmentation\visualizations\patient_793_AP_viz.jpg,0,1.068,PSEUDO_LABEL,False
793,Lateral,d:\LUMOS\processed\preprocessed_images\patient_793\Lateral.png,D:\LUMOS\processed\segmentation\pseudo_labels\patient_793_Lateral_mask.png,D:\LUMOS\processed\segmentation\visualizations\patient_793_Lateral_viz.jpg,0,1.068,PSEUDO_LABEL,False
794,AP,d:\LUMOS\processed\preprocessed_images\patient_794\AP.png,D:\LUMOS\processed\segmentation\pseudo_labels\patient_794_AP_mask.png,D:\LUMOS\processed\segmentation\visualizations\patient_794_AP_viz.jpg,2,0.559,PSEUDO_LABEL,False
794,Lateral,d:\LUMOS\processed\preprocessed_images\patient_794\Lateral.png,D:\LUMOS\processed\segmentation\pseudo_labels\patient_794_Lateral_mask.png,D:\LUMOS\processed\segmentation\visualizations\patient_794_Lateral_viz.jpg,2,0.559,PSEUDO_LABEL,False
795,AP,d:\LUMOS\processed\preprocessed_images\patient_795\AP.png,D:\LUMOS\processed\segmentation\pseudo_labels\patient_795_AP_mask.png,D:\LUMOS\processed\segmentation\visualizations\patient_795_AP_viz.jpg,1,0.939,PSEUDO_LABEL,False
795,Lateral,d:\LUMOS\processed\preprocessed_images\patient_795\Lateral.png,D:\LUMOS\processed\segmentation\pseudo_labels\patient_795_Lateral_mask.png,D:\LUMOS\processed\segmentation\visualizations\patient_795_Lateral_viz.jpg,1,0.939,PSEUDO_LABEL,False
796,AP,d:\LUMOS\processed\preprocessed_images\patient_796\AP.png,D:\LUMOS\processed\segmentation\pseudo_labels\patient_796_AP_mask.png,D:\LUMOS\processed\segmentation\visualizations\patient_796_AP_viz.jpg,1,0.84612096601838,PSEUDO_LABEL,False
796,Lateral,d:\LUMOS\processed\preprocessed_images\patient_796\Lateral.png,D:\LUMOS\processed\segmentation\pseudo_labels\patient_796_Lateral_mask.png,D:\LUMOS\processed\segmentation\visualizations\patient_796_Lateral_viz.jpg,1,0.84612096601838,PSEUDO_LABEL,False
797,AP,d:\LUMOS\processed\preprocessed_images\patient_797\AP.png,D:\LUMOS\processed\segmentation\pseudo_labels\patient_797_AP_mask.png,D:\LUMOS\processed\segmentation\visualizations\patient_797_AP_viz.jpg,2,0.803,PSEUDO_LABEL,False
797,Lateral,d:\LUMOS\processed\preprocessed_images\patient_797\Lateral.png,D:\LUMOS\processed\segmentation\pseudo_labels\patient_797_Lateral_mask.png,D:\LUMOS\processed\segmentation\visualizations\patient_797_Lateral_viz.jpg,2,0.803,PSEUDO_LABEL,False
798,AP,d:\LUMOS\processed\preprocessed_images\patient_798\AP.png,D:\LUMOS\processed\segmentation\pseudo_labels\patient_798_AP_mask.png,D:\LUMOS\processed\segmentation\visualizations\patient_798_AP_viz.jpg,0,1.38159706287288,PSEUDO_LABEL,False
798,Lateral,d:\LUMOS\processed\preprocessed_images\patient_798\Lateral.png,D:\LUMOS\processed\segmentation\pseudo_labels\patient_798_Lateral_mask.png,D:\LUMOS\processed\segmentation\visualizations\patient_798_Lateral_viz.jpg,0,1.38159706287288,PSEUDO_LABEL,False
799,AP,d:\LUMOS\processed\preprocessed_images\patient_799\AP.png,D:\LUMOS\processed\segmentation\pseudo_labels\patient_799_AP_mask.png,D:\LUMOS\processed\segmentation\visualizations\patient_799_AP_viz.jpg,1,0.903,PSEUDO_LABEL,False
799,Lateral,d:\LUMOS\processed\preprocessed_images\patient_799\Lateral.png,D:\LUMOS\processed\segmentation\pseudo_labels\patient_799_Lateral_mask.png,D:\LUMOS\processed\segmentation\visualizations\patient_799_Lateral_viz.jpg,1,0.903,PSEUDO_LABEL,False
800,AP,d:\LUMOS\processed\preprocessed_images\patient_800\AP.png,D:\LUMOS\processed\segmentation\pseudo_labels\patient_800_AP_mask.png,D:\LUMOS\processed\segmentation\visualizations\patient_800_AP_viz.jpg,0,1.001,PSEUDO_LABEL,False
800,Lateral,d:\LUMOS\processed\preprocessed_images\patient_800\Lateral.png,D:\LUMOS\processed\segmentation\pseudo_labels\patient_800_Lateral_mask.png,D:\LUMOS\processed\segmentation\visualizations\patient_800_Lateral_viz.jpg,0,1.001,PSEUDO_LABEL,False
801,AP,d:\LUMOS\processed\preprocessed_images\patient_801\AP.png,D:\LUMOS\processed\segmentation\pseudo_labels\patient_801_AP_mask.png,D:\LUMOS\processed\segmentation\visualizations\patient_801_AP_viz.jpg,2,0.68,PSEUDO_LABEL,False
801,Lateral,d:\LUMOS\processed\preprocessed_images\patient_801\Lateral.png,D:\LUMOS\processed\segmentation\pseudo_labels\patient_801_Lateral_mask.png,D:\LUMOS\processed\segmentation\visualizations\patient_801_Lateral_viz.jpg,2,0.68,PSEUDO_LABEL,False
802,AP,d:\LUMOS\processed\preprocessed_images\patient_802\AP.png,D:\LUMOS\processed\segmentation\pseudo_labels\patient_802_AP_mask.png,D:\LUMOS\processed\segmentation\visualizations\patient_802_AP_viz.jpg,0,1.038,PSEUDO_LABEL,False
802,Lateral,d:\LUMOS\processed\preprocessed_images\patient_802\Lateral.png,D:\LUMOS\processed\segmentation\pseudo_labels\patient_802_Lateral_mask.png,D:\LUMOS\processed\segmentation\visualizations\patient_802_Lateral_viz.jpg,0,1.038,PSEUDO_LABEL,False
803,AP,d:\LUMOS\processed\preprocessed_images\patient_803\AP.png,D:\LUMOS\processed\segmentation\pseudo_labels\patient_803_AP_mask.png,D:\LUMOS\processed\segmentation\visualizations\patient_803_AP_viz.jpg,0,1.074,PSEUDO_LABEL,False
803,Lateral,d:\LUMOS\processed\preprocessed_images\patient_803\Lateral.png,D:\LUMOS\processed\segmentation\pseudo_labels\patient_803_Lateral_mask.png,D:\LUMOS\processed\segmentation\visualizations\patient_803_Lateral_viz.jpg,0,1.074,PSEUDO_LABEL,False
