patient_id,ap_image_path,lateral_image_path,has_ap,has_lateral,has_both_views,n_dicom_files,has_clinical,age,gender,ethnicity,height,weight,BMI,Osteoporosis,bmd,bmd_L1-L2,bmd_L1-L3,bmd_L1-L4,bmd_L2-L3,bmd_L2-L4,bmd_L3-L4,t_value,split
2,d:\LUMOS\lumos_x\lumos_x_001_280_dcm\lumos_x_002\lumos_x_002_1.Dcm,d:\LUMOS\lumos_x\lumos_x_001_280_dcm\lumos_x_002\lumos_x_002_2.Dcm,True,True,True,4,True,30,Female,Asian,1.56,45.0,18.49112426035503,1,0.94,0.925,0.961,0.941,0.991,0.953,0.954,-1.45,train
3,d:\LUMOS\lumos_x\lumos_x_001_280_dcm\lumos_x_003\lumos_x_003_1.Dcm,d:\LUMOS\lumos_x\lumos_x_001_280_dcm\lumos_x_003\lumos_x_003_2.Dcm,True,True,True,4,True,59,Female,Asian,1.59,66.0,26.106562240417702,0,1.019,0.86,0.955,1.019,1.019,1.076,1.15,-0.7917,train
4,d:\LUMOS\lumos_x\lumos_x_001_280_dcm\lumos_x_004\lumos_x_004_1.Dcm,d:\LUMOS\lumos_x\lumos_x_001_280_dcm\lumos_x_004\lumos_x_004_2.Dcm,True,True,True,4,True,58,Female,Asian,1.59,54.0,21.359914560341757,2,0.8,0.774,0.794,0.8,0.8,0.806,0.821,-2.6167,train
6,d:\LUMOS\lumos_x\lumos_x_001_280_dcm\lumos_x_006\lumos_x_006_1.Dcm,d:\LUMOS\lumos_x\lumos_x_001_280_dcm\lumos_x_006\lumos_x_006_2.Dcm,True,True,True,4,True,73,Female,Asian,1.55,42.0,17.48178980228928,2,0.593,0.522,0.549,0.593,0.567,0.62,0.658,-4.3417,train
7,d:\LUMOS\lumos_x\lumos_x_001_280_dcm\lumos_x_007\lumos_x_007_1.Dcm,d:\LUMOS\lumos_x\lumos_x_001_280_dcm\lumos_x_007\lumos_x_007_2.Dcm,True,True,True,4,True,55,Male,Asian,1.62,71.0,27.053802773967377,0,1.159,1.182,1.2,1.159,1.203,1.149,1.14,0.375,train
10,d:\LUMOS\lumos_x\lumos_x_001_280_dcm\lumos_x_010\lumos_x_010_1.Dcm,d:\LUMOS\lumos_x\lumos_x_001_280_dcm\lumos_x_010\lumos_x_010_2.Dcm,True,True,True,4,True,64,Female,Asian,1.545,66.0,27.649480001256794,1,0.907,0.876,0.915,0.907,0.963,0.936,0.931,-1.725,train
11,d:\LUMOS\lumos_x\lumos_x_001_280_dcm\lumos_x_011\lumos_x_011_1.Dcm,d:\LUMOS\lumos_x\lumos_x_001_280_dcm\lumos_x_011\lumos_x_011_2.Dcm,True,True,True,4,True,62,Male,Asian,1.8,72.0,22.22222222222222,0,1.114,1.059,1.093,1.114,1.097,1.122,1.16,0.0,train
12,d:\LUMOS\lumos_x\lumos_x_001_280_dcm\lumos_x_012\lumos_x_012_1.Dcm,d:\LUMOS\lumos_x\lumos_x_001_280_dcm\lumos_x_012\lumos_x_012_2.Dcm,True,True,True,4,True,65,Female,Asian,1.55,60.0,24.97398543184183,1,0.956,0.875,0.92,0.956,0.956,0.988,1.023,-1.3167,train
14,d:\LUMOS\lumos_x\lumos_x_001_280_dcm\lumos_x_014\lumos_x_014_1.Dcm,d:\LUMOS\lumos_x\lumos_x_001_280_dcm\lumos_x_014\lumos_x_014_2.Dcm,True,True,True,4,True,69,Female,Asian,1.54,52.0,21.926125822229718,2,0.718,0.64,0.658,0.718,0.669,0.742,0.779,-3.3,train
15,d:\LUMOS\lumos_x\lumos_x_001_280_dcm\lumos_x_015\lumos_x_015_1.Dcm,d:\LUMOS\lumos_x\lumos_x_001_280_dcm\lumos_x_015\lumos_x_015_2.Dcm,True,True,True,4,True,83,Female,Asian,1.65,66.0,24.242424242424246,0,1.116,0.975,1.07,1.116,1.146,1.182,1.276,0.0167,train
16,d:\LUMOS\lumos_x\lumos_x_001_280_dcm\lumos_x_016\lumos_x_016_1.Dcm,d:\LUMOS\lumos_x\lumos_x_001_280_dcm\lumos_x_016\lumos_x_016_2.Dcm,True,True,True,4,True,75,Male,Asian,1.8,65.0,20.061728395061728,1,0.861,0.813,0.843,0.861,0.886,0.896,0.905,-2.1083,train
18,d:\LUMOS\lumos_x\lumos_x_001_280_dcm\lumos_x_018\lumos_x_018_1.Dcm,d:\LUMOS\lumos_x\lumos_x_001_280_dcm\lumos_x_018\lumos_x_018_2.Dcm,True,True,True,4,True,66,Female,Asian,1.58,62.0,24.83576349943919,0,1.242,1.113,1.198,1.242,1.278,1.307,1.357,1.0667,train
21,d:\LUMOS\lumos_x\lumos_x_001_280_dcm\lumos_x_021\lumos_x_021_1.Dcm,d:\LUMOS\lumos_x\lumos_x_001_280_dcm\lumos_x_021\lumos_x_021_2.Dcm,True,True,True,4,True,61,Male,Asian,1.69,69.0,24.158817968558527,1,0.942,0.914,0.912,0.942,0.888,0.933,0.965,-1.4333,train
23,d:\LUMOS\lumos_x\lumos_x_001_280_dcm\lumos_x_023\lumos_x_023_1.Dcm,d:\LUMOS\lumos_x\lumos_x_001_280_dcm\lumos_x_023\lumos_x_023_2.Dcm,True,True,True,4,True,69,Female,Asian,1.6,57.0,22.265624999999996,1,0.932694268815011,0.846,0.919,0.933,0.961,0.962,0.999,-1.5109,train
24,d:\LUMOS\lumos_x\lumos_x_001_280_dcm\lumos_x_024\lumos_x_024_1.Dcm,d:\LUMOS\lumos_x\lumos_x_001_280_dcm\lumos_x_024\lumos_x_024_2.Dcm,True,True,True,4,True,67,Male,Asian,1.65,60.0,22.03856749311295,0,1.244,1.134,1.175,1.244,1.159,1.254,1.34,1.0833,train
25,d:\LUMOS\lumos_x\lumos_x_001_280_dcm\lumos_x_025\lumos_x_025_1.Dcm,d:\LUMOS\lumos_x\lumos_x_001_280_dcm\lumos_x_025\lumos_x_025_2.Dcm,True,True,True,4,True,62,Male,Asian,1.78,71.0,22.408786769347305,1,0.965,0.922,0.949,0.965,0.95,0.97,1.001,-1.2417,train
26,d:\LUMOS\lumos_x\lumos_x_001_280_dcm\lumos_x_026\lumos_x_026_1.Dcm,d:\LUMOS\lumos_x\lumos_x_001_280_dcm\lumos_x_026\lumos_x_026_2.Dcm,True,True,True,4,True,53,Female,Asian,1.6,50.0,19.531249999999996,1,0.874368686868687,0.849,0.86,0.875,0.847,0.87,0.893,-1.9969,train
27,d:\LUMOS\lumos_x\lumos_x_001_280_dcm\lumos_x_027\lumos_x_027_1.Dcm,d:\LUMOS\lumos_x\lumos_x_001_280_dcm\lumos_x_027\lumos_x_027_2.Dcm,True,True,True,4,True,72,Female,Asian,1.5,55.0,24.444444444444443,2,0.814,0.793,0.797,0.814,0.788,0.814,0.831,-2.5,train
28,d:\LUMOS\lumos_x\lumos_x_001_280_dcm\lumos_x_028\lumos_x_028_1.Dcm,d:\LUMOS\lumos_x\lumos_x_001_280_dcm\lumos_x_028\lumos_x_028_2.Dcm,True,True,True,4,True,64,Female,Asian,1.57,54.0,21.907582457706194,0,1.154,1.081,1.126,1.154,1.162,1.184,1.214,0.3333,train
29,d:\LUMOS\lumos_x\lumos_x_001_280_dcm\lumos_x_029\lumos_x_029_1.Dcm,d:\LUMOS\lumos_x\lumos_x_001_280_dcm\lumos_x_029\lumos_x_029_2.Dcm,True,True,True,4,True,50,Female,Asian,1.58,44.0,17.625380547989103,0,1.183,1.189,1.192,1.183,1.197,1.184,1.179,0.575,train
30,d:\LUMOS\lumos_x\lumos_x_001_280_dcm\lumos_x_030\lumos_x_030_1.Dcm,d:\LUMOS\lumos_x\lumos_x_001_280_dcm\lumos_x_030\lumos_x_030_2.Dcm,True,True,True,4,True,30,Female,Asian,1.62,46.0,17.527815881725342,1,0.945831733,0.926,0.956,0.945,0.977,0.956,0.961,-1.4014,train
32,d:\LUMOS\lumos_x\lumos_x_001_280_dcm\lumos_x_032\lumos_x_032_1.Dcm,d:\LUMOS\lumos_x\lumos_x_001_280_dcm\lumos_x_032\lumos_x_032_2.Dcm,True,True,True,4,True,53,Male,Asian,1.64,82.0,30.487804878048784,0,1.503,1.303,1.4,1.505,1.479,1.591,1.69,3.2417,train
35,d:\LUMOS\lumos_x\lumos_x_001_280_dcm\lumos_x_035\lumos_x_035_1.Dcm,d:\LUMOS\lumos_x\lumos_x_001_280_dcm\lumos_x_035\lumos_x_035_2.Dcm,True,True,True,4,True,75,Male,Asian,1.6,75.0,29.296874999999993,0,1.161,1.107,1.147,1.161,1.184,1.19,1.206,0.3917,train
36,d:\LUMOS\lumos_x\lumos_x_001_280_dcm\lumos_x_036\lumos_x_036_1.Dcm,d:\LUMOS\lumos_x\lumos_x_001_280_dcm\lumos_x_036\lumos_x_036_2.Dcm,True,True,True,4,True,59,Female,Asian,1.61,65.0,25.076193048107708,1,0.892,0.796,0.838,0.892,0.862,0.921,0.962,-1.85,train
37,d:\LUMOS\lumos_x\lumos_x_001_280_dcm\lumos_x_037\lumos_x_037_1.Dcm,d:\LUMOS\lumos_x\lumos_x_001_280_dcm\lumos_x_037\lumos_x_037_2.Dcm,True,True,True,4,True,80,Male,Asian,1.595,65.0,25.550063383811086,0,1.069,0.995,1.041,1.069,1.09,1.11,1.138,-0.375,train
39,d:\LUMOS\lumos_x\lumos_x_001_280_dcm\lumos_x_039\lumos_x_039_1.Dcm,d:\LUMOS\lumos_x\lumos_x_001_280_dcm\lumos_x_039\lumos_x_039_2.Dcm,True,True,True,4,True,70,Female,Asian,1.5,39.0,17.333333333333332,2,0.699,0.692,0.689,0.699,0.743,0.734,0.704,-3.4583,train
41,d:\LUMOS\lumos_x\lumos_x_001_280_dcm\lumos_x_041\lumos_x_041_1.Dcm,d:\LUMOS\lumos_x\lumos_x_001_280_dcm\lumos_x_041\lumos_x_041_2.Dcm,True,True,True,4,True,64,Female,Asian,1.58,61.0,24.435186668803073,1,0.931,0.879,0.918,0.931,0.945,0.951,0.971,-1.525,train
43,d:\LUMOS\lumos_x\lumos_x_001_280_dcm\lumos_x_043\lumos_x_043_1.Dcm,d:\LUMOS\lumos_x\lumos_x_001_280_dcm\lumos_x_043\lumos_x_043_2.Dcm,True,True,True,4,True,62,Female,Asian,1.57,66.0,26.775934114974238,0,1.072,0.969,1.037,1.072,1.081,1.111,1.161,-0.35,train
44,d:\LUMOS\lumos_x\lumos_x_001_280_dcm\lumos_x_044\lumos_x_044_1.Dcm,d:\LUMOS\lumos_x\lumos_x_001_280_dcm\lumos_x_044\lumos_x_044_2.Dcm,True,True,True,4,True,66,Male,Asian,1.72,79.0,26.703623580313685,0,1.387,1.329,1.361,1.387,1.409,1.425,1.436,2.275,train
45,d:\LUMOS\lumos_x\lumos_x_001_280_dcm\lumos_x_045\lumos_x_045_1.Dcm,d:\LUMOS\lumos_x\lumos_x_001_280_dcm\lumos_x_045\lumos_x_045_2.Dcm,True,True,True,4,True,81,Female,Asian,1.5,40.0,17.77777777777778,2,0.653,0.614,0.647,0.653,0.643,0.652,0.691,-3.8417,train
46,d:\LUMOS\lumos_x\lumos_x_001_280_dcm\lumos_x_046\lumos_x_046_1.Dcm,d:\LUMOS\lumos_x\lumos_x_001_280_dcm\lumos_x_046\lumos_x_046_2.Dcm,True,True,True,4,True,83,Female,Asian,1.55,60.0,24.97398543184183,1,0.818,0.789,0.812,0.818,0.804,0.815,0.846,-2.4667,train
49,d:\LUMOS\lumos_x\lumos_x_001_280_dcm\lumos_x_049\lumos_x_049_1.Dcm,d:\LUMOS\lumos_x\lumos_x_001_280_dcm\lumos_x_049\lumos_x_049_2.Dcm,True,True,True,4,True,58,Female,Asian,1.6,74.0,28.906249999999993,0,1.057,1.021,1.036,1.057,1.036,1.062,1.089,-0.475,train
50,d:\LUMOS\lumos_x\lumos_x_001_280_dcm\lumos_x_050\lumos_x_050_1.Dcm,d:\LUMOS\lumos_x\lumos_x_001_280_dcm\lumos_x_050\lumos_x_050_2.Dcm,True,True,True,4,True,59,Female,Asian,1.53,51.0,21.78649237472767,1,0.909,0.829,0.878,0.909,0.909,0.938,0.976,-1.7083,train
51,d:\LUMOS\lumos_x\lumos_x_001_280_dcm\lumos_x_051\lumos_x_051_1.Dcm,d:\LUMOS\lumos_x\lumos_x_001_280_dcm\lumos_x_051\lumos_x_051_2.Dcm,True,True,True,4,True,70,Male,Asian,1.75,60.0,19.591836734693878,2,0.789,0.708,0.754,0.789,0.795,0.825,0.856,-2.7083,train
53,d:\LUMOS\lumos_x\lumos_x_001_280_dcm\lumos_x_053\lumos_x_053_1.Dcm,d:\LUMOS\lumos_x\lumos_x_001_280_dcm\lumos_x_053\lumos_x_053_2.Dcm,True,True,True,4,True,45,Female,Asian,1.6,51.0,19.921874999999996,0,1.113,1.126,1.126,1.113,1.124,1.109,1.103,-0.0083,train
54,d:\LUMOS\lumos_x\lumos_x_001_280_dcm\lumos_x_054\lumos_x_054_1.Dcm,d:\LUMOS\lumos_x\lumos_x_001_280_dcm\lumos_x_054\lumos_x_054_2.Dcm,True,True,True,4,True,50,Female,Asian,1.58,59.0,23.634033007530842,0,1.106,1.104,1.105,1.106,1.086,1.095,1.108,-0.0667,train
55,d:\LUMOS\lumos_x\lumos_x_001_280_dcm\lumos_x_055\lumos_x_055_1.Dcm,d:\LUMOS\lumos_x\lumos_x_001_280_dcm\lumos_x_055\lumos_x_055_2.Dcm,True,True,True,4,True,30,Female,Asian,1.57,62.0,25.153150229218223,0,1.043,1.012,1.039,1.04,1.059,1.053,1.063,-0.5917,train
56,d:\LUMOS\lumos_x\lumos_x_001_280_dcm\lumos_x_056\lumos_x_056_1.Dcm,d:\LUMOS\lumos_x\lumos_x_001_280_dcm\lumos_x_056\lumos_x_056_2.Dcm,True,True,True,4,True,30,Male,Asian,1.72,78.0,26.365603028664147,2,0.643,0.713,0.725,0.734,0.742,0.747,0.752,-3.925,train
58,d:\LUMOS\lumos_x\lumos_x_001_280_dcm\lumos_x_058\lumos_x_058_1.Dcm,d:\LUMOS\lumos_x\lumos_x_001_280_dcm\lumos_x_058\lumos_x_058_2.Dcm,True,True,True,4,True,58,Female,Asian,1.52,53.0,22.939750692520775,0,1.305,1.215,1.274,1.305,1.318,1.345,1.387,1.5917,train
59,d:\LUMOS\lumos_x\lumos_x_001_280_dcm\lumos_x_059\lumos_x_059_1.Dcm,d:\LUMOS\lumos_x\lumos_x_001_280_dcm\lumos_x_059\lumos_x_059_2.Dcm,True,True,True,4,True,70,Female,Asian,1.5,57.0,25.333333333333332,0,1.08002701333784,1.011,1.044,1.08,1.095,1.123,1.137,-0.2831,train
61,d:\LUMOS\lumos_x\lumos_x_001_280_dcm\lumos_x_061\lumos_x_061_1.Dcm,d:\LUMOS\lumos_x\lumos_x_001_280_dcm\lumos_x_061\lumos_x_061_2.Dcm,True,True,True,4,True,48,Female,Asian,1.54,47.0,19.81784449316917,0,1.094,1.073,1.106,1.094,1.145,1.115,1.111,-0.1667,train
62,d:\LUMOS\lumos_x\lumos_x_001_280_dcm\lumos_x_062\lumos_x_062_1.Dcm,d:\LUMOS\lumos_x\lumos_x_001_280_dcm\lumos_x_062\lumos_x_062_2.Dcm,True,True,True,4,True,74,Male,Asian,1.66,70.0,25.402816083611555,0,1.256,1.181,1.207,1.256,1.214,1.278,1.33,1.1833,train
63,d:\LUMOS\lumos_x\lumos_x_001_280_dcm\lumos_x_063\lumos_x_063_1.Dcm,d:\LUMOS\lumos_x\lumos_x_001_280_dcm\lumos_x_063\lumos_x_063_2.Dcm,True,True,True,4,True,72,Female,Asian,1.65,70.0,25.71166207529844,1,0.985,0.984,0.984,0.985,0.996,0.993,0.985,-1.075,train
64,d:\LUMOS\lumos_x\lumos_x_001_280_dcm\lumos_x_064\lumos_x_064_1.Dcm,d:\LUMOS\lumos_x\lumos_x_001_280_dcm\lumos_x_064\lumos_x_064_2.Dcm,True,True,True,4,True,80,Female,Asian,1.46,53.0,24.86395196096829,2,0.748,0.792,0.755,0.748,0.731,0.732,0.716,-3.05,train
65,d:\LUMOS\lumos_x\lumos_x_001_280_dcm\lumos_x_065\lumos_x_065_1.Dcm,d:\LUMOS\lumos_x\lumos_x_001_280_dcm\lumos_x_065\lumos_x_065_2.Dcm,True,True,True,4,True,56,Female,Asian,1.55,67.0,27.887617065556707,0,1.066,0.996,1.04,1.066,1.05,1.078,1.118,-0.4,train
66,d:\LUMOS\lumos_x\lumos_x_001_280_dcm\lumos_x_066\lumos_x_066_1.Dcm,d:\LUMOS\lumos_x\lumos_x_001_280_dcm\lumos_x_066\lumos_x_066_2.Dcm,True,True,True,4,True,67,Male,Asian,1.65,72.0,26.44628099173554,0,1.419,1.476,1.47,1.419,1.493,1.42,1.37,2.5417,train
68,d:\LUMOS\lumos_x\lumos_x_001_280_dcm\lumos_x_068\lumos_x_068_1.Dcm,d:\LUMOS\lumos_x\lumos_x_001_280_dcm\lumos_x_068\lumos_x_068_2.Dcm,True,True,True,4,True,83,Female,Asian,1.6,73.0,28.515624999999993,0,1.09352355072464,1.088,1.115,1.094,1.096,1.074,1.101,-0.1706,train
69,d:\LUMOS\lumos_x\lumos_x_001_280_dcm\lumos_x_069\lumos_x_069_1.Dcm,d:\LUMOS\lumos_x\lumos_x_001_280_dcm\lumos_x_069\lumos_x_069_2.Dcm,True,True,True,4,True,81,Female,Asian,1.63,60.0,22.582709172343712,2,0.793,0.757,0.799,0.793,0.816,0.803,0.823,-2.675,train
70,d:\LUMOS\lumos_x\lumos_x_001_280_dcm\lumos_x_070\lumos_x_070_1.Dcm,d:\LUMOS\lumos_x\lumos_x_001_280_dcm\lumos_x_070\lumos_x_070_2.Dcm,True,True,True,4,True,73,Female,Asian,1.5,48.0,21.333333333333332,2,0.627,0.519,0.563,0.627,0.582,0.66,0.732,-4.0583,train
71,d:\LUMOS\lumos_x\lumos_x_001_280_dcm\lumos_x_071\lumos_x_071_1.Dcm,d:\LUMOS\lumos_x\lumos_x_001_280_dcm\lumos_x_071\lumos_x_071_2.Dcm,True,True,True,4,True,58,Female,Asian,1.51,43.0,18.85882198149204,2,0.714321926489227,0.684,0.723,0.714,0.749,0.728,0.739,-3.3307,train
73,d:\LUMOS\lumos_x\lumos_x_001_280_dcm\lumos_x_073\lumos_x_073_1.Dcm,d:\LUMOS\lumos_x\lumos_x_001_280_dcm\lumos_x_073\lumos_x_073_2.Dcm,True,True,True,4,True,72,Female,Asian,1.49,52.0,23.422368361785505,1,0.826,0.712,0.763,0.826,0.803,0.873,0.941,-2.4,train
74,d:\LUMOS\lumos_x\lumos_x_001_280_dcm\lumos_x_074\lumos_x_074_1.Dcm,d:\LUMOS\lumos_x\lumos_x_001_280_dcm\lumos_x_074\lumos_x_074_2.Dcm,True,True,True,4,True,30,Female,Asian,1.56,55.0,22.600262984878366,2,0.627,0.764,0.769,0.773,0.796,0.792,0.782,-4.0583,train
75,d:\LUMOS\lumos_x\lumos_x_001_280_dcm\lumos_x_075\lumos_x_075_1.Dcm,d:\LUMOS\lumos_x\lumos_x_001_280_dcm\lumos_x_075\lumos_x_075_2.Dcm,True,True,True,4,True,57,Female,Asian,1.53,49.0,20.932120124738347,0,0.998,0.885,0.93,0.998,0.97,1.039,1.08,-0.9667,train
76,d:\LUMOS\lumos_x\lumos_x_001_280_dcm\lumos_x_076\lumos_x_076_1.Dcm,d:\LUMOS\lumos_x\lumos_x_001_280_dcm\lumos_x_076\lumos_x_076_2.Dcm,True,True,True,4,True,60,Female,Asian,1.62,60.0,22.86236854138088,0,1.0,0.966,0.991,1.0,0.975,0.993,1.026,-0.95,train
77,d:\LUMOS\lumos_x\lumos_x_001_280_dcm\lumos_x_077\lumos_x_077_1.Dcm,d:\LUMOS\lumos_x\lumos_x_001_280_dcm\lumos_x_077\lumos_x_077_2.Dcm,True,True,True,4,True,79,Female,Asian,1.55,50.0,20.811654526534856,2,0.777,0.663,0.704,0.776,0.711,0.803,0.876,-2.8083,train
79,d:\LUMOS\lumos_x\lumos_x_001_280_dcm\lumos_x_079\lumos_x_079_1.Dcm,d:\LUMOS\lumos_x\lumos_x_001_280_dcm\lumos_x_079\lumos_x_079_2.Dcm,True,True,True,4,True,51,Male,Asian,1.72,77.0,26.027582477014604,0,1.612,1.462,1.555,1.612,1.645,1.685,1.741,4.15,train
81,d:\LUMOS\lumos_x\lumos_x_001_280_dcm\lumos_x_081\lumos_x_081_1.Dcm,d:\LUMOS\lumos_x\lumos_x_001_280_dcm\lumos_x_081\lumos_x_081_2.Dcm,True,True,True,4,True,77,Female,Asian,1.58,70.0,28.040378144528116,1,0.85,0.836,0.824,0.85,0.8,0.842,0.862,-2.2,train
82,d:\LUMOS\lumos_x\lumos_x_001_280_dcm\lumos_x_082\lumos_x_082_1.Dcm,d:\LUMOS\lumos_x\lumos_x_001_280_dcm\lumos_x_082\lumos_x_082_2.Dcm,True,True,True,8,True,72,Female,Asian,1.5,56.0,24.88888888888889,2,0.813,0.808,0.809,0.813,0.814,0.817,0.816,-2.5083,train
84,d:\LUMOS\lumos_x\lumos_x_001_280_dcm\lumos_x_084\lumos_x_084_1.Dcm,d:\LUMOS\lumos_x\lumos_x_001_280_dcm\lumos_x_084\lumos_x_084_2.Dcm,True,True,True,4,True,68,Female,Asian,1.66,65.0,23.588329220496444,0,1.066,1.039,1.065,1.066,1.067,1.067,1.088,-0.4,train
88,d:\LUMOS\lumos_x\lumos_x_001_280_dcm\lumos_x_088\lumos_x_088_1.Dcm,d:\LUMOS\lumos_x\lumos_x_001_280_dcm\lumos_x_088\lumos_x_088_2.Dcm,True,True,True,4,True,61,Male,Asian,1.59,57.0,22.54657648036074,2,0.806,0.739,0.798,0.806,0.836,0.832,0.862,-2.5667,train
89,d:\LUMOS\lumos_x\lumos_x_001_280_dcm\lumos_x_089\lumos_x_089_1.Dcm,d:\LUMOS\lumos_x\lumos_x_001_280_dcm\lumos_x_089\lumos_x_089_2.Dcm,True,True,True,4,True,62,Male,Asian,1.67,80.0,28.685144680698485,0,1.559,1.5,1.534,1.559,1.583,1.598,1.613,3.7083,train
90,d:\LUMOS\lumos_x\lumos_x_001_280_dcm\lumos_x_090\lumos_x_090_1.Dcm,d:\LUMOS\lumos_x\lumos_x_001_280_dcm\lumos_x_090\lumos_x_090_2.Dcm,True,True,True,4,True,30,Male,Asian,1.69,90.0,31.51150169811982,2,0.624,0.83,0.884,0.892,0.913,0.912,0.943,-4.0833,train
91,d:\LUMOS\lumos_x\lumos_x_001_280_dcm\lumos_x_091\lumos_x_091_1.Dcm,d:\LUMOS\lumos_x\lumos_x_001_280_dcm\lumos_x_091\lumos_x_091_2.Dcm,True,True,True,8,True,55,Female,Asian,1.6,62.0,24.218749999999996,0,1.232,1.148,1.189,1.232,1.236,1.275,1.304,0.9833,train
92,d:\LUMOS\lumos_x\lumos_x_001_280_dcm\lumos_x_092\lumos_x_092_1.Dcm,d:\LUMOS\lumos_x\lumos_x_001_280_dcm\lumos_x_092\lumos_x_092_2.Dcm,True,True,True,4,True,68,Male,Asian,1.62,64.0,24.38652644413961,0,1.079,1.126,1.121,1.079,1.145,1.084,1.036,-0.2917,train
94,d:\LUMOS\lumos_x\lumos_x_001_280_dcm\lumos_x_094\lumos_x_094_1.Dcm,d:\LUMOS\lumos_x\lumos_x_001_280_dcm\lumos_x_094\lumos_x_094_2.Dcm,True,True,True,4,True,79,Female,Asian,1.61,53.0,20.446742023841672,0,1.13571299148396,1.059,1.115,1.132,1.133,1.147,1.191,0.1809,train
96,d:\LUMOS\lumos_x\lumos_x_001_280_dcm\lumos_x_096\lumos_x_096_1.Dcm,d:\LUMOS\lumos_x\lumos_x_001_280_dcm\lumos_x_096\lumos_x_096_2.Dcm,True,True,True,4,True,76,Female,Asian,1.64,55.0,20.449137418203453,2,0.75,0.742,0.76,0.75,0.766,0.751,0.758,-3.0333,train
97,d:\LUMOS\lumos_x\lumos_x_001_280_dcm\lumos_x_097\lumos_x_097_1.Dcm,d:\LUMOS\lumos_x\lumos_x_001_280_dcm\lumos_x_097\lumos_x_097_2.Dcm,True,True,True,4,True,57,Female,Asian,1.5,55.0,24.444444444444443,2,0.768,0.712,0.743,0.768,0.754,0.782,0.812,-2.8833,train
98,d:\LUMOS\lumos_x\lumos_x_001_280_dcm\lumos_x_098\lumos_x_098_1.Dcm,d:\LUMOS\lumos_x\lumos_x_001_280_dcm\lumos_x_098\lumos_x_098_2.Dcm,True,True,True,4,True,69,Female,Asian,1.57,66.0,26.775934114974238,0,1.034,0.912,0.949,1.034,0.989,1.086,1.149,-0.6667,train
99,d:\LUMOS\lumos_x\lumos_x_001_280_dcm\lumos_x_099\lumos_x_099_1.Dcm,d:\LUMOS\lumos_x\lumos_x_001_280_dcm\lumos_x_099\lumos_x_099_2.Dcm,True,True,True,4,True,75,Female,Asian,1.5,55.0,24.444444444444443,2,0.767,0.803,0.797,0.767,0.837,0.785,0.733,-2.8917,train
100,d:\LUMOS\lumos_x\lumos_x_001_280_dcm\lumos_x_100\lumos_x_100_1.Dcm,d:\LUMOS\lumos_x\lumos_x_001_280_dcm\lumos_x_100\lumos_x_100_2.Dcm,True,True,True,4,True,67,Female,Asian,1.55,67.0,27.887617065556707,0,1.099,1.031,1.065,1.099,1.076,1.115,1.155,-0.125,train
104,d:\LUMOS\lumos_x\lumos_x_001_280_dcm\lumos_x_104\lumos_x_104_1.Dcm,d:\LUMOS\lumos_x\lumos_x_001_280_dcm\lumos_x_104\lumos_x_104_2.Dcm,True,True,True,4,True,78,Female,Asian,1.53,67.0,28.621470374642232,1,0.888969917958068,0.809,0.849,0.888,0.895,0.928,0.955,-1.8753,train
105,d:\LUMOS\lumos_x\lumos_x_001_280_dcm\lumos_x_105\lumos_x_105_1.Dcm,d:\LUMOS\lumos_x\lumos_x_001_280_dcm\lumos_x_105\lumos_x_105_2.Dcm,True,True,True,4,True,65,Female,Asian,1.6,50.0,19.531249999999996,2,0.774,0.709,0.763,0.774,0.771,0.782,0.832,-2.8333,train
107,d:\LUMOS\lumos_x\lumos_x_001_280_dcm\lumos_x_107\lumos_x_107_1.Dcm,d:\LUMOS\lumos_x\lumos_x_001_280_dcm\lumos_x_107\lumos_x_107_2.Dcm,True,True,True,4,True,72,Female,Asian,1.55,64.0,26.638917793964616,0,1.15232240437158,1.04,1.095,1.153,1.157,1.211,1.259,0.3194,train
112,d:\LUMOS\lumos_x\lumos_x_001_280_dcm\lumos_x_112\lumos_x_112_1.Dcm,d:\LUMOS\lumos_x\lumos_x_001_280_dcm\lumos_x_112\lumos_x_112_2.Dcm,True,True,True,4,True,72,Male,Asian,1.68,68.0,24.092970521541954,0,1.198,1.166,1.184,1.198,1.217,1.223,1.225,0.7,train
113,d:\LUMOS\lumos_x\lumos_x_001_280_dcm\lumos_x_113\lumos_x_113_1.Dcm,d:\LUMOS\lumos_x\lumos_x_001_280_dcm\lumos_x_113\lumos_x_113_2.Dcm,True,True,True,4,True,79,Female,Asian,1.53,50.0,21.35930624973301,1,0.955,0.915,0.939,0.955,0.938,0.957,0.983,-1.325,train
114,d:\LUMOS\lumos_x\lumos_x_001_280_dcm\lumos_x_114\lumos_x_114_1.Dcm,d:\LUMOS\lumos_x\lumos_x_001_280_dcm\lumos_x_114\lumos_x_114_2.Dcm,True,True,True,4,True,72,Female,Asian,1.47,52.0,24.06404738766255,1,0.863,0.784,0.814,0.863,0.803,0.873,0.952,-2.0917,train
115,d:\LUMOS\lumos_x\lumos_x_001_280_dcm\lumos_x_115\lumos_x_115_1.Dcm,d:\LUMOS\lumos_x\lumos_x_001_280_dcm\lumos_x_115\lumos_x_115_2.Dcm,True,True,True,4,True,55,Female,Asian,1.58,48.0,19.227687870533565,2,0.586,0.6,0.595,0.586,0.567,0.564,0.573,-4.4,train
117,d:\LUMOS\lumos_x\lumos_x_001_280_dcm\lumos_x_117\lumos_x_117_1.Dcm,d:\LUMOS\lumos_x\lumos_x_001_280_dcm\lumos_x_117\lumos_x_117_2.Dcm,True,True,True,4,True,72,Female,Asian,1.53,62.0,26.48553974966893,0,1.22,1.061,1.157,1.22,1.205,1.269,1.356,0.8833,train
118,d:\LUMOS\lumos_x\lumos_x_001_280_dcm\lumos_x_118\lumos_x_118_1.Dcm,d:\LUMOS\lumos_x\lumos_x_001_280_dcm\lumos_x_118\lumos_x_118_2.Dcm,True,True,True,4,True,72,Female,Asian,1.6,51.0,19.921874999999996,1,0.967,0.967,0.992,0.967,0.998,0.964,0.966,-1.225,train
121,d:\LUMOS\lumos_x\lumos_x_001_280_dcm\lumos_x_121\lumos_x_121_1.Dcm,d:\LUMOS\lumos_x\lumos_x_001_280_dcm\lumos_x_121\lumos_x_121_2.Dcm,True,True,True,4,True,73,Female,Asian,1.68,69.0,24.44727891156463,1,0.922,0.836,0.852,0.922,0.838,0.932,0.993,-1.6,train
124,d:\LUMOS\lumos_x\lumos_x_001_280_dcm\lumos_x_124\lumos_x_124_1.Dcm,d:\LUMOS\lumos_x\lumos_x_001_280_dcm\lumos_x_124\lumos_x_124_2.Dcm,True,True,True,4,True,74,Female,Asian,1.59,66.0,26.106562240417702,0,1.035,0.959,0.99,1.035,1.028,1.076,1.107,-0.6583,train
126,d:\LUMOS\lumos_x\lumos_x_001_280_dcm\lumos_x_126\lumos_x_126_1.Dcm,d:\LUMOS\lumos_x\lumos_x_001_280_dcm\lumos_x_126\lumos_x_126_2.Dcm,True,True,True,4,True,61,Female,Asian,1.54,48.0,20.23950075898128,2,0.675,0.754,0.721,0.675,0.688,0.643,0.617,-3.6583,train
130,d:\LUMOS\lumos_x\lumos_x_001_280_dcm\lumos_x_130\lumos_x_130_1.Dcm,d:\LUMOS\lumos_x\lumos_x_001_280_dcm\lumos_x_130\lumos_x_130_2.Dcm,True,True,True,4,True,74,Female,Asian,1.49,62.0,27.92666996982118,2,0.787,0.711,0.747,0.787,0.759,0.804,0.843,-2.725,train
131,d:\LUMOS\lumos_x\lumos_x_001_280_dcm\lumos_x_131\lumos_x_131_1.Dcm,d:\LUMOS\lumos_x\lumos_x_001_280_dcm\lumos_x_131\lumos_x_131_2.Dcm,True,True,True,8,True,55,Female,Asian,1.5,57.0,25.333333333333332,1,0.956,0.888,0.911,0.956,0.92,0.975,1.015,-1.3167,train
132,d:\LUMOS\lumos_x\lumos_x_001_280_dcm\lumos_x_132\lumos_x_132_1.Dcm,d:\LUMOS\lumos_x\lumos_x_001_280_dcm\lumos_x_132\lumos_x_132_2.Dcm,True,True,True,4,True,51,Female,Asian,1.51,61.0,26.753212578395683,1,0.831,0.843,0.861,0.831,0.851,0.816,0.822,-2.3583,train
134,d:\LUMOS\lumos_x\lumos_x_001_280_dcm\lumos_x_134\lumos_x_134_1.Dcm,d:\LUMOS\lumos_x\lumos_x_001_280_dcm\lumos_x_134\lumos_x_134_2.Dcm,True,True,True,4,True,59,Female,Asian,1.57,57.0,23.124670372023203,0,1.058,0.918,0.991,1.058,1.031,1.1,1.167,-0.4667,train
135,d:\LUMOS\lumos_x\lumos_x_001_280_dcm\lumos_x_135\lumos_x_135_1.Dcm,d:\LUMOS\lumos_x\lumos_x_001_280_dcm\lumos_x_135\lumos_x_135_2.Dcm,True,True,True,4,True,30,Female,Asian,1.58,53.0,21.230572023714146,0,1.056,1.088,1.057,1.056,1.049,1.051,1.029,-0.4833,train
136,d:\LUMOS\lumos_x\lumos_x_001_280_dcm\lumos_x_136\lumos_x_136_1.Dcm,d:\LUMOS\lumos_x\lumos_x_001_280_dcm\lumos_x_136\lumos_x_136_2.Dcm,True,True,True,4,True,64,Female,Asian,1.56,54.0,22.189349112426033,1,0.947,0.945,0.966,0.947,0.992,0.959,0.948,-1.3917,train
137,d:\LUMOS\lumos_x\lumos_x_001_280_dcm\lumos_x_137\lumos_x_137_1.Dcm,d:\LUMOS\lumos_x\lumos_x_001_280_dcm\lumos_x_137\lumos_x_137_2.Dcm,True,True,True,4,True,68,Male,Asian,1.7,60.0,20.761245674740486,0,1.118,1.093,1.105,1.118,1.109,1.124,1.139,0.0333,train
138,d:\LUMOS\lumos_x\lumos_x_001_280_dcm\lumos_x_138\lumos_x_138_1.Dcm,d:\LUMOS\lumos_x\lumos_x_001_280_dcm\lumos_x_138\lumos_x_138_2.Dcm,True,True,True,4,True,65,Female,Asian,1.38,52.0,27.305187985717293,2,0.804,0.931,0.839,0.804,0.805,0.77,0.677,-2.5833,train
139,d:\LUMOS\lumos_x\lumos_x_001_280_dcm\lumos_x_139\lumos_x_139_1.Dcm,d:\LUMOS\lumos_x\lumos_x_001_280_dcm\lumos_x_139\lumos_x_139_2.Dcm,True,True,True,4,True,69,Male,Asian,1.69,61.0,21.35779559539232,0,1.103,0.964,1.026,1.103,1.078,1.157,1.211,-0.0917,train
140,d:\LUMOS\lumos_x\lumos_x_001_280_dcm\lumos_x_140\lumos_x_140_1.Dcm,d:\LUMOS\lumos_x\lumos_x_001_280_dcm\lumos_x_140\lumos_x_140_2.Dcm,True,True,True,4,True,61,Female,Asian,1.62,61.0,23.243408017070564,2,0.786,0.702,0.753,0.786,0.77,0.805,0.85,-2.7333,train
141,d:\LUMOS\lumos_x\lumos_x_001_280_dcm\lumos_x_141\lumos_x_141_1.Dcm,d:\LUMOS\lumos_x\lumos_x_001_280_dcm\lumos_x_141\lumos_x_141_2.Dcm,True,True,True,4,True,71,Male,Asian,1.7,82.0,28.373702422145332,2,0.781,0.746,0.773,0.781,0.8,0.799,0.81,-2.775,train
142,d:\LUMOS\lumos_x\lumos_x_001_280_dcm\lumos_x_142\lumos_x_142_1.Dcm,d:\LUMOS\lumos_x\lumos_x_001_280_dcm\lumos_x_142\lumos_x_142_2.Dcm,True,True,True,4,True,67,Male,Asian,1.7,70.0,24.221453287197235,2,0.663,0.642,0.644,0.663,0.684,0.695,0.68,-3.7583,train
145,d:\LUMOS\lumos_x\lumos_x_001_280_dcm\lumos_x_145\lumos_x_145_1.Dcm,d:\LUMOS\lumos_x\lumos_x_001_280_dcm\lumos_x_145\lumos_x_145_2.Dcm,True,True,True,4,True,65,Female,Asian,1.59,70.0,27.688778133776353,0,1.169,1.061,1.115,1.169,1.144,1.204,1.263,0.4583,train
146,d:\LUMOS\lumos_x\lumos_x_001_280_dcm\lumos_x_146\lumos_x_146_1.Dcm,d:\LUMOS\lumos_x\lumos_x_001_280_dcm\lumos_x_146\lumos_x_146_2.Dcm,True,True,True,4,True,30,Female,Asian,1.48,40.0,18.261504747991236,0,1.06,1.042,1.061,1.059,1.085,1.073,1.072,-0.45,train
147,d:\LUMOS\lumos_x\lumos_x_001_280_dcm\lumos_x_147\lumos_x_147_1.Dcm,d:\LUMOS\lumos_x\lumos_x_001_280_dcm\lumos_x_147\lumos_x_147_2.Dcm,True,True,True,4,True,59,Female,Asian,1.57,51.0,20.690494543389182,0,1.17052860246198,1.102,1.156,1.171,1.19,1.196,1.225,0.4711,train
148,d:\LUMOS\lumos_x\lumos_x_001_280_dcm\lumos_x_148\lumos_x_148_1.Dcm,d:\LUMOS\lumos_x\lumos_x_001_280_dcm\lumos_x_148\lumos_x_148_2.Dcm,True,True,True,4,True,78,Female,Asian,1.6,70.0,27.343749999999996,0,1.144,0.899,0.972,1.144,1.029,1.226,1.335,0.25,train
149,d:\LUMOS\lumos_x\lumos_x_001_280_dcm\lumos_x_149\lumos_x_149_1.Dcm,d:\LUMOS\lumos_x\lumos_x_001_280_dcm\lumos_x_149\lumos_x_149_2.Dcm,True,True,True,4,True,70,Female,Asian,1.47,59.0,27.303438382155587,1,0.844618907425581,0.745,0.8,0.845,0.821,0.87,0.925,-2.2448,train
150,d:\LUMOS\lumos_x\lumos_x_001_280_dcm\lumos_x_150\lumos_x_150_1.Dcm,d:\LUMOS\lumos_x\lumos_x_001_280_dcm\lumos_x_150\lumos_x_150_2.Dcm,True,True,True,4,True,74,Female,Asian,1.62,68.0,25.910684346898332,2,0.72,0.742,0.705,0.72,0.665,0.7,0.701,-3.2833,train
151,d:\LUMOS\lumos_x\lumos_x_001_280_dcm\lumos_x_151\lumos_x_151_1.Dcm,d:\LUMOS\lumos_x\lumos_x_001_280_dcm\lumos_x_151\lumos_x_151_2.Dcm,True,True,True,4,True,70,Female,Asian,1.63,67.0,25.21735857578381,0,0.998,0.89,0.936,0.998,0.971,1.036,1.084,-0.9667,train
152,d:\LUMOS\lumos_x\lumos_x_001_280_dcm\lumos_x_152\lumos_x_152_1.Dcm,d:\LUMOS\lumos_x\lumos_x_001_280_dcm\lumos_x_152\lumos_x_152_2.Dcm,True,True,True,4,True,64,Female,Asian,1.62,67.0,25.529644871208653,0,1.127,1.086,1.09,1.127,1.111,1.15,1.162,0.1083,train
153,d:\LUMOS\lumos_x\lumos_x_001_280_dcm\lumos_x_153\lumos_x_153_1.Dcm,d:\LUMOS\lumos_x\lumos_x_001_280_dcm\lumos_x_153\lumos_x_153_2.Dcm,True,True,True,4,True,30,Female,Asian,1.62,47.0,17.908855357415025,0,1.00996828273675,0.938,0.983,1.01,1.019,1.039,1.066,-0.8669,train
154,d:\LUMOS\lumos_x\lumos_x_001_280_dcm\lumos_x_154\lumos_x_154_1.Dcm,d:\LUMOS\lumos_x\lumos_x_001_280_dcm\lumos_x_154\lumos_x_154_2.Dcm,True,True,True,4,True,80,Female,Asian,1.52,58.0,25.10387811634349,1,0.951,0.855,0.9,0.951,0.942,0.992,1.031,-1.3583,train
155,d:\LUMOS\lumos_x\lumos_x_001_280_dcm\lumos_x_155\lumos_x_155_1.Dcm,d:\LUMOS\lumos_x\lumos_x_001_280_dcm\lumos_x_155\lumos_x_155_2.Dcm,True,True,True,4,True,56,Female,Asian,1.63,56.5,21.265384470623662,2,0.809,0.786,0.82,0.809,0.831,0.814,0.826,-2.5417,train
159,d:\LUMOS\lumos_x\lumos_x_001_280_dcm\lumos_x_159\lumos_x_159_1.Dcm,d:\LUMOS\lumos_x\lumos_x_001_280_dcm\lumos_x_159\lumos_x_159_2.Dcm,True,True,True,4,True,77,Female,Asian,1.65,64.0,23.507805325987146,1,0.875,0.81,0.871,0.875,0.873,0.878,0.932,-1.9917,train
160,d:\LUMOS\lumos_x\lumos_x_001_280_dcm\lumos_x_160\lumos_x_160_1.Dcm,d:\LUMOS\lumos_x\lumos_x_001_280_dcm\lumos_x_160\lumos_x_160_2.Dcm,True,True,True,4,True,64,Female,Asian,1.54,52.5,22.136953955135773,2,0.623,0.577,0.587,0.623,0.598,0.64,0.663,-4.0917,train
161,d:\LUMOS\lumos_x\lumos_x_001_280_dcm\lumos_x_161\lumos_x_161_1.Dcm,d:\LUMOS\lumos_x\lumos_x_001_280_dcm\lumos_x_161\lumos_x_161_2.Dcm,True,True,True,4,True,49,Female,Asian,1.56,49.0,20.134779750164363,1,0.919091847,0.879,0.916,0.919,0.935,0.931,0.949,-1.6242,train
163,d:\LUMOS\lumos_x\lumos_x_001_280_dcm\lumos_x_163\lumos_x_163_1.Dcm,d:\LUMOS\lumos_x\lumos_x_001_280_dcm\lumos_x_163\lumos_x_163_2.Dcm,True,True,True,4,True,67,Female,Asian,1.52,66.0,28.566481994459835,2,0.81,0.737,0.766,0.81,0.757,0.818,0.874,-2.5333,train
167,d:\LUMOS\lumos_x\lumos_x_001_280_dcm\lumos_x_167\lumos_x_167_1.Dcm,d:\LUMOS\lumos_x\lumos_x_001_280_dcm\lumos_x_167\lumos_x_167_2.Dcm,True,True,True,4,True,60,Male,Asian,1.73,93.0,31.073540713020815,0,1.516,1.271,1.4,1.516,1.504,1.616,1.733,3.35,train
169,d:\LUMOS\lumos_x\lumos_x_001_280_dcm\lumos_x_169\lumos_x_169_1.Dcm,d:\LUMOS\lumos_x\lumos_x_001_280_dcm\lumos_x_169\lumos_x_169_2.Dcm,True,True,True,4,True,16,Female,Asian,1.46,46.0,21.580033777444175,0,1.055,0.973,1.02,1.055,1.046,1.082,1.122,-0.4917,train
170,d:\LUMOS\lumos_x\lumos_x_001_280_dcm\lumos_x_170\lumos_x_170_1.Dcm,d:\LUMOS\lumos_x\lumos_x_001_280_dcm\lumos_x_170\lumos_x_170_2.Dcm,True,True,True,4,True,69,Female,Asian,1.56,61.0,25.06574621959237,1,0.981894990947496,0.92,0.962,0.982,1.008,1.019,1.04,-1.1009,train
171,d:\LUMOS\lumos_x\lumos_x_001_280_dcm\lumos_x_171\lumos_x_171_1.Dcm,d:\LUMOS\lumos_x\lumos_x_001_280_dcm\lumos_x_171\lumos_x_171_2.Dcm,True,True,True,4,True,63,Female,Asian,1.505,38.0,16.77685676758535,1,0.885,0.865,0.869,0.885,0.876,0.894,0.901,-1.9083,train
172,d:\LUMOS\lumos_x\lumos_x_001_280_dcm\lumos_x_172\lumos_x_172_1.Dcm,d:\LUMOS\lumos_x\lumos_x_001_280_dcm\lumos_x_172\lumos_x_172_2.Dcm,True,True,True,4,True,14,Female,Asian,1.6,47.0,18.359374999999996,0,1.05,1.022,1.059,1.05,1.086,1.064,1.073,-0.5333,train
173,d:\LUMOS\lumos_x\lumos_x_001_280_dcm\lumos_x_173\lumos_x_173_1.Dcm,d:\LUMOS\lumos_x\lumos_x_001_280_dcm\lumos_x_173\lumos_x_173_2.Dcm,True,True,True,4,True,54,Male,Asian,1.69,70.0,24.508945765204302,0,1.131,1.129,1.135,1.131,1.149,1.139,1.132,0.1417,train
175,d:\LUMOS\lumos_x\lumos_x_001_280_dcm\lumos_x_175\lumos_x_175_1.Dcm,d:\LUMOS\lumos_x\lumos_x_001_280_dcm\lumos_x_175\lumos_x_175_2.Dcm,True,True,True,4,True,53,Female,Asian,1.65,58.0,21.30394857667585,0,1.282,1.263,1.286,1.282,1.311,1.296,1.297,1.4,train
176,d:\LUMOS\lumos_x\lumos_x_001_280_dcm\lumos_x_176\lumos_x_176_1.Dcm,d:\LUMOS\lumos_x\lumos_x_001_280_dcm\lumos_x_176\lumos_x_176_2.Dcm,True,True,True,4,True,65,Female,Asian,1.5,50.0,22.22222222222222,1,0.934,0.851,0.881,0.934,0.919,0.973,1.003,-1.5,train
177,d:\LUMOS\lumos_x\lumos_x_001_280_dcm\lumos_x_177\lumos_x_177_1.Dcm,d:\LUMOS\lumos_x\lumos_x_001_280_dcm\lumos_x_177\lumos_x_177_2.Dcm,True,True,True,4,True,64,Female,Asian,1.5,50.0,22.22222222222222,2,0.762553001562151,0.755,0.768,0.763,0.813,0.789,0.77,-2.9287,train
178,d:\LUMOS\lumos_x\lumos_x_001_280_dcm\lumos_x_178\lumos_x_178_1.Dcm,d:\LUMOS\lumos_x\lumos_x_001_280_dcm\lumos_x_178\lumos_x_178_2.Dcm,True,True,True,4,True,78,Male,Asian,1.71,69.0,23.59700420642249,0,1.253,1.177,1.209,1.253,1.242,1.287,1.318,1.1583,train
179,d:\LUMOS\lumos_x\lumos_x_001_280_dcm\lumos_x_179\lumos_x_179_1.Dcm,d:\LUMOS\lumos_x\lumos_x_001_280_dcm\lumos_x_179\lumos_x_179_2.Dcm,True,True,True,4,True,73,Female,Asian,1.54,89.0,37.52740765727779,1,0.897,0.903,0.918,0.897,0.955,0.915,0.891,-1.8083,train
182,d:\LUMOS\lumos_x\lumos_x_001_280_dcm\lumos_x_182\lumos_x_182_1.Dcm,d:\LUMOS\lumos_x\lumos_x_001_280_dcm\lumos_x_182\lumos_x_182_2.Dcm,True,True,True,4,True,75,Female,Asian,1.47,54.0,24.989587671803417,2,0.687,0.659,0.688,0.687,0.719,0.707,0.712,-3.5583,train
184,d:\LUMOS\lumos_x\lumos_x_001_280_dcm\lumos_x_184\lumos_x_184_1.Dcm,d:\LUMOS\lumos_x\lumos_x_001_280_dcm\lumos_x_184\lumos_x_184_2.Dcm,True,True,True,4,True,46,Male,Asian,1.72,75.0,25.351541373715524,0,1.10105757931845,1.036,1.066,1.101,1.09,1.127,1.157,-0.1079,train
185,d:\LUMOS\lumos_x\lumos_x_001_280_dcm\lumos_x_185\lumos_x_185_1.Dcm,d:\LUMOS\lumos_x\lumos_x_001_280_dcm\lumos_x_185\lumos_x_185_2.Dcm,True,True,True,4,True,51,Male,Asian,1.6,60.0,23.437499999999996,1,0.897,0.822,0.848,0.897,0.871,0.926,0.962,-1.8083,train
188,d:\LUMOS\lumos_x\lumos_x_001_280_dcm\lumos_x_188\lumos_x_188_1.Dcm,d:\LUMOS\lumos_x\lumos_x_001_280_dcm\lumos_x_188\lumos_x_188_2.Dcm,True,True,True,4,True,30,Female,Asian,1.7,58.0,20.06920415224914,1,0.835250536166894,0.913,0.918,0.915,0.92,0.916,0.917,-2.3229,train
189,d:\LUMOS\lumos_x\lumos_x_001_280_dcm\lumos_x_189\lumos_x_189_1.Dcm,d:\LUMOS\lumos_x\lumos_x_001_280_dcm\lumos_x_189\lumos_x_189_2.Dcm,True,True,True,4,True,30,Male,Asian,1.7,71.0,24.56747404844291,2,0.759,0.908,0.934,0.936,0.971,0.959,0.958,-2.9583,train
191,d:\LUMOS\lumos_x\lumos_x_001_280_dcm\lumos_x_191\lumos_x_191_1.Dcm,d:\LUMOS\lumos_x\lumos_x_001_280_dcm\lumos_x_191\lumos_x_191_2.Dcm,True,True,True,4,True,67,Male,Asian,1.63,48.0,18.06616733787497,2,0.652,0.699,0.673,0.652,0.606,0.605,0.616,-3.85,train
192,d:\LUMOS\lumos_x\lumos_x_001_280_dcm\lumos_x_192\lumos_x_192_1.Dcm,d:\LUMOS\lumos_x\lumos_x_001_280_dcm\lumos_x_192\lumos_x_192_2.Dcm,True,True,True,4,True,54,Female,Asian,1.6,52.0,20.312499999999996,2,0.803318105313777,0.77,0.767,0.803,0.77,0.815,0.83,-2.589,train
193,d:\LUMOS\lumos_x\lumos_x_001_280_dcm\lumos_x_193\lumos_x_193_1.Dcm,d:\LUMOS\lumos_x\lumos_x_001_280_dcm\lumos_x_193\lumos_x_193_2.Dcm,True,True,True,4,True,66,Female,Asian,1.46,65.0,30.49352598986677,1,0.9569222432945,0.88,0.95,0.957,0.976,0.976,1.023,-1.309,train
194,d:\LUMOS\lumos_x\lumos_x_001_280_dcm\lumos_x_194\lumos_x_194_1.Dcm,d:\LUMOS\lumos_x\lumos_x_001_280_dcm\lumos_x_194\lumos_x_194_2.Dcm,True,True,True,4,True,64,Male,Asian,1.72,88.0,29.745808545159548,0,1.433,1.424,1.428,1.433,1.477,1.465,1.44,2.6583,train
195,d:\LUMOS\lumos_x\lumos_x_001_280_dcm\lumos_x_195\lumos_x_195_1.Dcm,d:\LUMOS\lumos_x\lumos_x_001_280_dcm\lumos_x_195\lumos_x_195_2.Dcm,True,True,True,4,True,70,Female,Asian,1.62,57.0,21.719250114311837,2,0.681,0.647,0.644,0.681,0.635,0.687,0.71,-3.6083,train
197,d:\LUMOS\lumos_x\lumos_x_001_280_dcm\lumos_x_197\lumos_x_197_1.Dcm,d:\LUMOS\lumos_x\lumos_x_001_280_dcm\lumos_x_197\lumos_x_197_2.Dcm,True,True,True,4,True,67,Female,Asian,1.61,71.0,27.390918560240728,0,1.062,0.981,1.015,1.062,1.016,1.076,1.128,-0.4333,train
198,d:\LUMOS\lumos_x\lumos_x_001_280_dcm\lumos_x_198\lumos_x_198_1.Dcm,d:\LUMOS\lumos_x\lumos_x_001_280_dcm\lumos_x_198\lumos_x_198_2.Dcm,True,True,True,4,True,80,Female,Asian,1.57,69.0,27.993022029291247,1,0.918,0.865,0.898,0.924,0.902,0.934,0.969,-1.6333,train
199,d:\LUMOS\lumos_x\lumos_x_001_280_dcm\lumos_x_199\lumos_x_199_1.Dcm,d:\LUMOS\lumos_x\lumos_x_001_280_dcm\lumos_x_199\lumos_x_199_2.Dcm,True,True,True,4,True,76,Female,Asian,1.62,67.0,25.529644871208653,1,0.972847446,0.899,0.973,0.971,1.064,1.031,1.044,-1.1763,train
200,d:\LUMOS\lumos_x\lumos_x_001_280_dcm\lumos_x_200\lumos_x_200_1.Dcm,d:\LUMOS\lumos_x\lumos_x_001_280_dcm\lumos_x_200\lumos_x_200_2.Dcm,True,True,True,4,True,60,Female,Asian,1.65,75.0,27.548209366391188,0,1.056,0.949,1.003,1.056,1.039,1.096,1.155,-0.4833,train
201,d:\LUMOS\lumos_x\lumos_x_001_280_dcm\lumos_x_201\lumos_x_201_1.Dcm,d:\LUMOS\lumos_x\lumos_x_001_280_dcm\lumos_x_201\lumos_x_201_2.Dcm,True,True,True,4,True,64,Female,Asian,1.65,61.5,22.589531680440775,0,1.116,1.114,1.104,1.116,1.065,1.096,1.117,0.0167,train
202,d:\LUMOS\lumos_x\lumos_x_001_280_dcm\lumos_x_202\lumos_x_202_1.Dcm,d:\LUMOS\lumos_x\lumos_x_001_280_dcm\lumos_x_202\lumos_x_202_2.Dcm,True,True,True,4,True,66,Female,Asian,1.55,50.0,20.811654526534856,2,0.81,0.751,0.796,0.81,0.812,0.823,0.857,-2.5333,train
205,d:\LUMOS\lumos_x\lumos_x_001_280_dcm\lumos_x_205\lumos_x_205_1.Dcm,d:\LUMOS\lumos_x\lumos_x_001_280_dcm\lumos_x_205\lumos_x_205_2.Dcm,True,True,True,4,True,86,Female,Asian,1.6,65.0,25.390624999999996,2,0.797,0.727,0.743,0.797,0.768,0.83,0.865,-2.6417,train
208,d:\LUMOS\lumos_x\lumos_x_001_280_dcm\lumos_x_208\lumos_x_208_1.Dcm,d:\LUMOS\lumos_x\lumos_x_001_280_dcm\lumos_x_208\lumos_x_208_2.Dcm,True,True,True,4,True,74,Male,Asian,1.68,78.0,27.636054421768712,0,1.454,1.389,1.409,1.454,1.415,1.472,1.511,2.8333,train
209,d:\LUMOS\lumos_x\lumos_x_001_280_dcm\lumos_x_209\lumos_x_209_1.Dcm,d:\LUMOS\lumos_x\lumos_x_001_280_dcm\lumos_x_209\lumos_x_209_2.Dcm,True,True,True,4,True,59,Female,Asian,1.59,60.0,23.73323840037973,2,0.763,0.731,0.755,0.763,0.771,0.777,0.793,-2.925,train
212,d:\LUMOS\lumos_x\lumos_x_001_280_dcm\lumos_x_212\lumos_x_212_1.Dcm,d:\LUMOS\lumos_x\lumos_x_001_280_dcm\lumos_x_212\lumos_x_212_2.Dcm,True,True,True,4,True,71,Female,Asian,1.5,51.0,22.666666666666668,2,0.741,0.743,0.714,0.741,0.695,0.737,0.738,-3.1083,train
213,d:\LUMOS\lumos_x\lumos_x_001_280_dcm\lumos_x_213\lumos_x_213_1.Dcm,d:\LUMOS\lumos_x\lumos_x_001_280_dcm\lumos_x_213\lumos_x_213_2.Dcm,True,True,True,4,True,71,Male,Asian,1.76,73.0,23.56663223140496,0,1.113,1.074,1.09,1.113,1.115,1.134,1.144,-0.0083,train
214,d:\LUMOS\lumos_x\lumos_x_001_280_dcm\lumos_x_214\lumos_x_214_1.Dcm,d:\LUMOS\lumos_x\lumos_x_001_280_dcm\lumos_x_214\lumos_x_214_2.Dcm,True,True,True,4,True,75,Male,Asian,1.61,66.0,25.461980633463213,0,1.636,1.465,1.573,1.636,1.698,1.735,1.793,4.35,train
215,d:\LUMOS\lumos_x\lumos_x_001_280_dcm\lumos_x_215\lumos_x_215_1.Dcm,d:\LUMOS\lumos_x\lumos_x_001_280_dcm\lumos_x_215\lumos_x_215_2.Dcm,True,True,True,4,True,62,Female,Asian,1.56,61.0,25.06574621959237,1,0.844,0.768,0.803,0.844,0.823,0.866,0.9,-2.25,train
217,d:\LUMOS\lumos_x\lumos_x_001_280_dcm\lumos_x_217\lumos_x_217_1.Dcm,d:\LUMOS\lumos_x\lumos_x_001_280_dcm\lumos_x_217\lumos_x_217_2.Dcm,True,True,True,4,True,59,Female,Asian,1.56,60.0,24.654832347140037,0,1.06032575909914,0.999,1.043,1.06,1.061,1.076,1.112,-0.4473,train
218,d:\LUMOS\lumos_x\lumos_x_001_280_dcm\lumos_x_218\lumos_x_218_1.Dcm,d:\LUMOS\lumos_x\lumos_x_001_280_dcm\lumos_x_218\lumos_x_218_2.Dcm,True,True,True,4,True,70,Female,Asian,1.52,58.0,25.10387811634349,0,1.122,0.964,1.044,1.122,1.11,1.181,1.242,0.0667,train
219,d:\LUMOS\lumos_x\lumos_x_001_280_dcm\lumos_x_219\lumos_x_219_1.Dcm,d:\LUMOS\lumos_x\lumos_x_001_280_dcm\lumos_x_219\lumos_x_219_2.Dcm,True,True,True,4,True,71,Male,Asian,1.64,72.0,26.769779892920884,0,1.535,1.432,1.473,1.557,1.506,1.602,1.663,3.5083,train
220,d:\LUMOS\lumos_x\lumos_x_001_280_dcm\lumos_x_220\lumos_x_220_1.Dcm,d:\LUMOS\lumos_x\lumos_x_001_280_dcm\lumos_x_220\lumos_x_220_2.Dcm,True,True,True,4,True,67,Female,Asian,1.64,67.0,24.910767400356935,0,1.145,1.075,1.1,1.145,1.128,1.174,1.203,0.2583,train
222,d:\LUMOS\lumos_x\lumos_x_001_280_dcm\lumos_x_222\lumos_x_222_1.Dcm,d:\LUMOS\lumos_x\lumos_x_001_280_dcm\lumos_x_222\lumos_x_222_2.Dcm,True,True,True,4,True,67,Female,Asian,1.53,56.0,23.92242299970097,2,0.758,0.707,0.737,0.758,0.748,0.77,0.799,-2.9667,train
223,d:\LUMOS\lumos_x\lumos_x_001_280_dcm\lumos_x_223\lumos_x_223_1.Dcm,d:\LUMOS\lumos_x\lumos_x_001_280_dcm\lumos_x_223\lumos_x_223_2.Dcm,True,True,True,4,True,72,Female,Asian,1.48,72.0,32.87070854638422,0,1.206,1.059,1.114,1.206,1.159,1.26,1.328,0.7667,train
224,d:\LUMOS\lumos_x\lumos_x_001_280_dcm\lumos_x_224\lumos_x_224_1.Dcm,d:\LUMOS\lumos_x\lumos_x_001_280_dcm\lumos_x_224\lumos_x_224_2.Dcm,True,True,True,4,True,69,Female,Asian,1.49,61.0,27.476239809017613,0,1.315,0.875,1.02,1.316,1.098,1.436,1.631,1.675,train
227,d:\LUMOS\lumos_x\lumos_x_001_280_dcm\lumos_x_227\lumos_x_227_1.Dcm,d:\LUMOS\lumos_x\lumos_x_001_280_dcm\lumos_x_227\lumos_x_227_2.Dcm,True,True,True,4,True,77,Female,Asian,1.67,46.0,16.493958191401628,2,0.601,0.537,0.565,0.593,0.582,0.611,0.638,-4.275,train
230,d:\LUMOS\lumos_x\lumos_x_001_280_dcm\lumos_x_230\lumos_x_230_1.Dcm,d:\LUMOS\lumos_x\lumos_x_001_280_dcm\lumos_x_230\lumos_x_230_2.Dcm,True,True,True,4,True,58,Male,Asian,1.6,65.0,25.390624999999996,1,0.912979351032448,0.926,0.931,0.913,0.953,0.921,0.902,-1.6752,train
232,d:\LUMOS\lumos_x\lumos_x_001_280_dcm\lumos_x_232\lumos_x_232_1.Dcm,d:\LUMOS\lumos_x\lumos_x_001_280_dcm\lumos_x_232\lumos_x_232_2.Dcm,True,True,True,4,True,74,Female,Asian,1.5,44.0,19.555555555555557,0,1.023,0.705,0.913,1.023,1.039,1.147,1.35,-0.7583,train
234,d:\LUMOS\lumos_x\lumos_x_001_280_dcm\lumos_x_234\lumos_x_234_1.Dcm,d:\LUMOS\lumos_x\lumos_x_001_280_dcm\lumos_x_234\lumos_x_234_2.Dcm,True,True,True,4,True,68,Male,Asian,1.54,55.0,23.19109461966605,1,0.84,0.889,0.863,0.84,0.841,0.82,0.802,-2.2833,train
235,d:\LUMOS\lumos_x\lumos_x_001_280_dcm\lumos_x_235\lumos_x_235_1.Dcm,d:\LUMOS\lumos_x\lumos_x_001_280_dcm\lumos_x_235\lumos_x_235_2.Dcm,True,True,True,4,True,58,Female,Asian,1.62,56.0,21.338210638622158,2,0.807,0.796,0.805,0.807,0.811,0.811,0.816,-2.5583,train
236,d:\LUMOS\lumos_x\lumos_x_001_280_dcm\lumos_x_236\lumos_x_236_1.Dcm,d:\LUMOS\lumos_x\lumos_x_001_280_dcm\lumos_x_236\lumos_x_236_2.Dcm,True,True,True,4,True,60,Female,Asian,1.56,61.0,25.06574621959237,1,0.904,0.863,0.898,0.904,0.92,0.92,0.94,-1.75,train
237,d:\LUMOS\lumos_x\lumos_x_001_280_dcm\lumos_x_237\lumos_x_237_1.Dcm,d:\LUMOS\lumos_x\lumos_x_001_280_dcm\lumos_x_237\lumos_x_237_2.Dcm,True,True,True,4,True,74,Male,Asian,1.51,69.0,30.26183062146397,1,0.891,0.868,0.889,0.891,0.88,0.886,0.911,-1.8583,train
239,d:\LUMOS\lumos_x\lumos_x_001_280_dcm\lumos_x_239\lumos_x_239_1.Dcm,d:\LUMOS\lumos_x\lumos_x_001_280_dcm\lumos_x_239\lumos_x_239_2.Dcm,True,True,True,4,True,67,Female,Asian,1.63,53.0,19.94805976890361,2,0.736,0.731,0.758,0.735,0.768,0.735,0.738,-3.15,train
240,d:\LUMOS\lumos_x\lumos_x_001_280_dcm\lumos_x_240\lumos_x_240_1.Dcm,d:\LUMOS\lumos_x\lumos_x_001_280_dcm\lumos_x_240\lumos_x_240_2.Dcm,True,True,True,4,True,59,Male,Asian,1.63,60.0,22.582709172343712,1,0.852,0.852,0.86,0.852,0.841,0.838,0.852,-2.1833,train
242,d:\LUMOS\lumos_x\lumos_x_001_280_dcm\lumos_x_242\lumos_x_242_1.Dcm,d:\LUMOS\lumos_x\lumos_x_001_280_dcm\lumos_x_242\lumos_x_242_2.Dcm,True,True,True,4,True,30,Female,Asian,1.63,45.0,16.937031879257784,1,0.915,0.898,0.936,0.943,0.979,0.972,0.978,-1.6583,train
244,d:\LUMOS\lumos_x\lumos_x_001_280_dcm\lumos_x_244\lumos_x_244_1.Dcm,d:\LUMOS\lumos_x\lumos_x_001_280_dcm\lumos_x_244\lumos_x_244_2.Dcm,True,True,True,4,True,55,Male,Asian,1.78,71.0,22.408786769347305,0,1.474,1.334,1.436,1.474,1.531,1.545,1.591,3.0,train
245,d:\LUMOS\lumos_x\lumos_x_001_280_dcm\lumos_x_245\lumos_x_245_1.Dcm,d:\LUMOS\lumos_x\lumos_x_001_280_dcm\lumos_x_245\lumos_x_245_2.Dcm,True,True,True,4,True,81,Female,Asian,1.52,57.0,24.67105263157895,2,0.714117647058824,0.599,0.688,0.713,0.75,0.76,0.813,-3.3324,train
246,d:\LUMOS\lumos_x\lumos_x_001_280_dcm\lumos_x_246\lumos_x_246_1.Dcm,d:\LUMOS\lumos_x\lumos_x_001_280_dcm\lumos_x_246\lumos_x_246_2.Dcm,True,True,True,4,True,65,Female,Asian,1.44,48.0,23.14814814814815,2,0.732265910012161,0.768,0.728,0.732,0.684,0.703,0.696,-3.1811,train
247,d:\LUMOS\lumos_x\lumos_x_001_280_dcm\lumos_x_247\lumos_x_247_1.Dcm,d:\LUMOS\lumos_x\lumos_x_001_280_dcm\lumos_x_247\lumos_x_247_2.Dcm,True,True,True,4,True,69,Female,Asian,1.58,63.0,25.236340330075304,0,1.09606481481481,0.991,1.053,1.096,1.093,1.131,1.175,-0.1495,train
248,d:\LUMOS\lumos_x\lumos_x_001_280_dcm\lumos_x_248\lumos_x_248_1.Dcm,d:\LUMOS\lumos_x\lumos_x_001_280_dcm\lumos_x_248\lumos_x_248_2.Dcm,True,True,True,4,True,54,Female,Asian,1.49,56.0,25.224089004999776,1,0.985,0.903,0.934,0.985,0.972,1.022,1.052,-1.075,train
249,d:\LUMOS\lumos_x\lumos_x_001_280_dcm\lumos_x_249\lumos_x_249_1.Dcm,d:\LUMOS\lumos_x\lumos_x_001_280_dcm\lumos_x_249\lumos_x_249_2.Dcm,True,True,True,4,True,76,Female,Asian,1.55,62.0,25.806451612903224,0,1.06,1.076,1.075,1.06,1.109,1.079,1.044,-0.45,train
251,d:\LUMOS\lumos_x\lumos_x_001_280_dcm\lumos_x_251\lumos_x_251_1.Dcm,d:\LUMOS\lumos_x\lumos_x_001_280_dcm\lumos_x_251\lumos_x_251_2.Dcm,True,True,True,4,True,71,Female,Asian,1.68,64.0,22.67573696145125,0,1.061,0.962,1.026,1.061,1.062,1.093,1.145,-0.4417,train
252,d:\LUMOS\lumos_x\lumos_x_001_280_dcm\lumos_x_252\lumos_x_252_1.Dcm,d:\LUMOS\lumos_x\lumos_x_001_280_dcm\lumos_x_252\lumos_x_252_2.Dcm,True,True,True,4,True,58,Female,Asian,1.61,79.0,30.477219243084754,0,1.196,1.123,1.163,1.196,1.174,1.213,1.259,0.6833,train
253,d:\LUMOS\lumos_x\lumos_x_001_280_dcm\lumos_x_253\lumos_x_253_1.Dcm,d:\LUMOS\lumos_x\lumos_x_001_280_dcm\lumos_x_253\lumos_x_253_2.Dcm,True,True,True,4,True,68,Male,Asian,1.65,50.0,18.36547291092746,2,0.745,0.665,0.723,0.745,0.775,0.783,0.811,-3.075,train
254,d:\LUMOS\lumos_x\lumos_x_001_280_dcm\lumos_x_254\lumos_x_254_1.Dcm,d:\LUMOS\lumos_x\lumos_x_001_280_dcm\lumos_x_254\lumos_x_254_2.Dcm,True,True,True,4,True,51,Female,Asian,1.67,75.0,26.89232313815483,1,0.84,0.844,0.849,0.84,0.845,0.836,0.837,-2.2833,train
255,d:\LUMOS\lumos_x\lumos_x_001_280_dcm\lumos_x_255\lumos_x_255_1.Dcm,d:\LUMOS\lumos_x\lumos_x_001_280_dcm\lumos_x_255\lumos_x_255_2.Dcm,True,True,True,4,True,54,Male,Asian,1.65,55.0,20.202020202020204,0,1.085,1.03,1.06,1.085,1.098,1.115,1.131,-0.2417,train
257,d:\LUMOS\lumos_x\lumos_x_001_280_dcm\lumos_x_257\lumos_x_257_1.Dcm,d:\LUMOS\lumos_x\lumos_x_001_280_dcm\lumos_x_257\lumos_x_257_2.Dcm,True,True,True,4,True,72,Male,Asian,1.67,75.0,26.89232313815483,0,1.26901628373857,1.109,1.196,1.273,1.275,1.346,1.419,1.2918,train
258,d:\LUMOS\lumos_x\lumos_x_001_280_dcm\lumos_x_258\lumos_x_258_1.Dcm,d:\LUMOS\lumos_x\lumos_x_001_280_dcm\lumos_x_258\lumos_x_258_2.Dcm,True,True,True,4,True,61,Female,Asian,1.61,51.0,19.675166853130666,0,1.30515423662632,1.231,1.306,1.305,1.34,1.327,1.365,1.593,train
259,d:\LUMOS\lumos_x\lumos_x_001_280_dcm\lumos_x_259\lumos_x_259_1.Dcm,d:\LUMOS\lumos_x\lumos_x_001_280_dcm\lumos_x_259\lumos_x_259_2.Dcm,True,True,True,4,True,78,Female,Asian,1.51,46.0,20.174553747642648,2,0.59,0.549,0.562,0.59,0.568,0.6,0.623,-4.3667,train
260,d:\LUMOS\lumos_x\lumos_x_001_280_dcm\lumos_x_260\lumos_x_260_1.Dcm,d:\LUMOS\lumos_x\lumos_x_001_280_dcm\lumos_x_260\lumos_x_260_2.Dcm,True,True,True,4,True,44,Female,Asian,1.57,50.0,20.28479857195018,0,1.055,1.027,1.03,1.055,1.025,1.059,1.08,-0.4917,train
261,d:\LUMOS\lumos_x\lumos_x_001_280_dcm\lumos_x_261\lumos_x_261_1.Dcm,d:\LUMOS\lumos_x\lumos_x_001_280_dcm\lumos_x_261\lumos_x_261_2.Dcm,True,True,True,4,True,52,Female,Asian,1.645,46.0,16.999103851590434,2,0.761797752808989,0.677,0.719,0.759,0.772,0.801,0.821,-2.935,train
262,d:\LUMOS\lumos_x\lumos_x_001_280_dcm\lumos_x_262\lumos_x_262_1.Dcm,d:\LUMOS\lumos_x\lumos_x_001_280_dcm\lumos_x_262\lumos_x_262_2.Dcm,True,True,True,4,True,59,Female,Asian,1.55,67.5,28.095733610822055,0,1.212,1.11,1.149,1.212,1.199,1.262,1.301,0.8167,train
263,d:\LUMOS\lumos_x\lumos_x_001_280_dcm\lumos_x_263\lumos_x_263_1.Dcm,d:\LUMOS\lumos_x\lumos_x_001_280_dcm\lumos_x_263\lumos_x_263_2.Dcm,True,True,True,4,True,63,Female,Asian,1.46,54.0,25.333083130043164,1,0.851,0.766,0.8,0.851,0.853,0.9,0.927,-2.1917,train
264,d:\LUMOS\lumos_x\lumos_x_001_280_dcm\lumos_x_264\lumos_x_264_1.Dcm,d:\LUMOS\lumos_x\lumos_x_001_280_dcm\lumos_x_264\lumos_x_264_2.Dcm,True,True,True,4,True,86,Female,Asian,1.52,49.0,21.208448753462605,2,0.739,0.727,0.748,0.739,0.755,0.741,0.749,-3.125,train
265,d:\LUMOS\lumos_x\lumos_x_001_280_dcm\lumos_x_265\lumos_x_265_1.Dcm,d:\LUMOS\lumos_x\lumos_x_001_280_dcm\lumos_x_265\lumos_x_265_2.Dcm,True,True,True,4,True,70,Male,Asian,1.66,60.0,21.773842357381334,0,1.342,1.222,1.3,1.342,1.361,1.393,1.447,1.9,train
266,d:\LUMOS\lumos_x\lumos_x_001_280_dcm\lumos_x_266\lumos_x_266_1.Dcm,d:\LUMOS\lumos_x\lumos_x_001_280_dcm\lumos_x_266\lumos_x_266_2.Dcm,True,True,True,4,True,59,Male,Asian,1.7,68.0,23.529411764705884,0,1.075,0.977,1.019,1.075,1.049,1.114,1.17,-0.325,train
267,d:\LUMOS\lumos_x\lumos_x_001_280_dcm\lumos_x_267\lumos_x_267_1.Dcm,d:\LUMOS\lumos_x\lumos_x_001_280_dcm\lumos_x_267\lumos_x_267_2.Dcm,True,True,True,4,True,72,Female,Asian,1.53,45.0,19.223375624759708,1,0.863,0.78,0.815,0.863,0.844,0.893,0.923,-2.0917,train
268,d:\LUMOS\lumos_x\lumos_x_001_280_dcm\lumos_x_268\lumos_x_268_1.Dcm,d:\LUMOS\lumos_x\lumos_x_001_280_dcm\lumos_x_268\lumos_x_268_2.Dcm,True,True,True,4,True,51,Female,Asian,1.58,70.0,28.040378144528116,2,0.777,0.8,0.785,0.777,0.774,0.769,0.759,-2.8083,train
269,d:\LUMOS\lumos_x\lumos_x_001_280_dcm\lumos_x_269\lumos_x_269_1.Dcm,d:\LUMOS\lumos_x\lumos_x_001_280_dcm\lumos_x_269\lumos_x_269_2.Dcm,True,True,True,4,True,55,Female,Asian,1.55,65.0,27.055150884495315,0,1.281,1.241,1.276,1.281,1.333,1.319,1.317,1.3917,train
272,d:\LUMOS\lumos_x\lumos_x_001_280_dcm\lumos_x_272\lumos_x_272_1.Dcm,d:\LUMOS\lumos_x\lumos_x_001_280_dcm\lumos_x_272\lumos_x_272_2.Dcm,True,True,True,4,True,57,Male,Asian,1.66,62.0,22.49963710262738,0,0.995,1.0,1.016,0.995,1.041,1.004,0.99,-0.9917,train
273,d:\LUMOS\lumos_x\lumos_x_001_280_dcm\lumos_x_273\lumos_x_273_1.Dcm,d:\LUMOS\lumos_x\lumos_x_001_280_dcm\lumos_x_273\lumos_x_273_2.Dcm,True,True,True,4,True,73,Female,Asian,1.72,68.0,22.985397512168742,1,0.964,0.925,0.942,0.964,0.934,0.965,0.998,-1.25,train
275,d:\LUMOS\lumos_x\lumos_x_001_280_dcm\lumos_x_275\lumos_x_275_1.Dcm,d:\LUMOS\lumos_x\lumos_x_001_280_dcm\lumos_x_275\lumos_x_275_2.Dcm,True,True,True,4,True,87,Female,Asian,1.52,40.0,17.31301939058172,2,0.619,0.607,0.607,0.619,0.591,0.611,0.627,-4.125,train
276,d:\LUMOS\lumos_x\lumos_x_001_280_dcm\lumos_x_276\lumos_x_276_1.Dcm,d:\LUMOS\lumos_x\lumos_x_001_280_dcm\lumos_x_276\lumos_x_276_2.Dcm,True,True,True,4,True,63,Female,Asian,1.55,56.0,23.309053069719038,2,0.655,0.666,0.656,0.655,0.644,0.647,0.644,-3.825,train
277,d:\LUMOS\lumos_x\lumos_x_001_280_dcm\lumos_x_277\lumos_x_277_1.Dcm,d:\LUMOS\lumos_x\lumos_x_001_280_dcm\lumos_x_277\lumos_x_277_2.Dcm,True,True,True,4,True,30,Female,Asian,1.64,62.0,23.051754907792983,0,1.2276882890727,1.206,1.227,1.229,1.25,1.244,1.248,0.9474,train
278,d:\LUMOS\lumos_x\lumos_x_001_280_dcm\lumos_x_278\lumos_x_278_1.Dcm,d:\LUMOS\lumos_x\lumos_x_001_280_dcm\lumos_x_278\lumos_x_278_2.Dcm,True,True,True,4,True,71,Male,Asian,1.73,67.0,22.386314277122523,0,1.142,0.996,1.07,1.142,1.131,1.199,1.242,0.2333,train
279,d:\LUMOS\lumos_x\lumos_x_001_280_dcm\lumos_x_279\lumos_x_279_1.Dcm,d:\LUMOS\lumos_x\lumos_x_001_280_dcm\lumos_x_279\lumos_x_279_2.Dcm,True,True,True,4,True,60,Female,Asian,1.58,52.0,20.82999519307803,0,1.046,0.989,1.016,1.046,1.03,1.064,1.095,-0.5667,train
280,d:\LUMOS\lumos_x\lumos_x_001_280_dcm\lumos_x_280\lumos_x_280_1.Dcm,d:\LUMOS\lumos_x\lumos_x_001_280_dcm\lumos_x_280\lumos_x_280_2.Dcm,True,True,True,4,True,45,Male,Asian,1.75,75.0,24.489795918367346,1,0.97,0.99,0.996,0.97,1.015,0.974,0.954,-1.2,train
281,d:\LUMOS\lumos_x\lumos_x_281_540_dcm\lumos_x_281\lumos_x_281_1.Dcm,d:\LUMOS\lumos_x\lumos_x_281_540_dcm\lumos_x_281\lumos_x_281_2.Dcm,True,True,True,4,True,70,Male,Asian,1.58,38.0,15.221919564172406,1,0.886,0.853,0.865,0.886,0.88,0.902,0.917,-1.9,train
282,d:\LUMOS\lumos_x\lumos_x_281_540_dcm\lumos_x_282\lumos_x_282_1.Dcm,d:\LUMOS\lumos_x\lumos_x_281_540_dcm\lumos_x_282\lumos_x_282_2.Dcm,True,True,True,4,True,61,Female,Asian,1.51,43.0,18.85882198149204,1,0.91,0.869,0.89,0.91,0.908,0.927,0.942,-1.7,train
283,d:\LUMOS\lumos_x\lumos_x_281_540_dcm\lumos_x_283\lumos_x_283_1.Dcm,d:\LUMOS\lumos_x\lumos_x_281_540_dcm\lumos_x_283\lumos_x_283_2.Dcm,True,True,True,4,True,35,Female,Asian,1.65,54.0,19.834710743801654,0,1.029,0.999,1.036,1.029,1.073,1.051,1.054,-0.7083,train
286,d:\LUMOS\lumos_x\lumos_x_281_540_dcm\lumos_x_286\lumos_x_286_1.Dcm,d:\LUMOS\lumos_x\lumos_x_281_540_dcm\lumos_x_286\lumos_x_286_2.Dcm,True,True,True,4,True,69,Male,Asian,1.63,55.0,20.70081674131507,0,1.46388542963885,1.234,1.319,1.466,1.361,1.537,1.681,2.9157,train
287,d:\LUMOS\lumos_x\lumos_x_281_540_dcm\lumos_x_287\lumos_x_287_1.Dcm,d:\LUMOS\lumos_x\lumos_x_281_540_dcm\lumos_x_287\lumos_x_287_2.Dcm,True,True,True,4,True,55,Female,Asian,1.58,48.0,19.227687870533565,0,1.206,1.167,1.204,1.206,1.229,1.222,1.238,0.7667,train
288,d:\LUMOS\lumos_x\lumos_x_281_540_dcm\lumos_x_288\lumos_x_288_1.Dcm,d:\LUMOS\lumos_x\lumos_x_281_540_dcm\lumos_x_288\lumos_x_288_2.Dcm,True,True,True,4,True,64,Female,Asian,1.515,61.0,26.576915117254302,1,0.954,0.828,0.901,0.954,0.922,0.98,1.055,-1.3333,train
293,d:\LUMOS\lumos_x\lumos_x_281_540_dcm\lumos_x_293\lumos_x_293_1.Dcm,d:\LUMOS\lumos_x\lumos_x_281_540_dcm\lumos_x_293\lumos_x_293_2.Dcm,True,True,True,4,True,63,Female,Asian,1.6,78.0,30.468749999999993,2,0.8,0.757,0.79,0.8,0.804,0.811,0.834,-2.6167,train
294,d:\LUMOS\lumos_x\lumos_x_281_540_dcm\lumos_x_294\lumos_x_294_1.Dcm,d:\LUMOS\lumos_x\lumos_x_281_540_dcm\lumos_x_294\lumos_x_294_2.Dcm,True,True,True,4,True,52,Female,Asian,1.58,56.0,22.432302515622492,0,1.26,1.218,1.262,1.26,1.294,1.28,1.297,1.2167,train
295,d:\LUMOS\lumos_x\lumos_x_281_540_dcm\lumos_x_295\lumos_x_295_1.Dcm,d:\LUMOS\lumos_x\lumos_x_281_540_dcm\lumos_x_295\lumos_x_295_2.Dcm,True,True,True,4,True,51,Female,Asian,1.58,50.0,20.028841531805796,1,0.963,0.931,0.96,0.963,0.979,0.975,0.989,-1.2583,train
296,d:\LUMOS\lumos_x\lumos_x_281_540_dcm\lumos_x_296\lumos_x_296_1.Dcm,d:\LUMOS\lumos_x\lumos_x_281_540_dcm\lumos_x_296\lumos_x_296_2.Dcm,True,True,True,4,True,67,Female,Asian,1.57,62.0,25.153150229218223,1,0.824,0.762,0.797,0.824,0.825,0.85,0.877,-2.4167,train
297,d:\LUMOS\lumos_x\lumos_x_281_540_dcm\lumos_x_297\lumos_x_297_1.Dcm,d:\LUMOS\lumos_x\lumos_x_281_540_dcm\lumos_x_297\lumos_x_297_2.Dcm,True,True,True,4,True,56,Female,Asian,1.61,48.0,18.517804097064154,2,0.739,0.728,0.746,0.739,0.757,0.743,0.747,-3.125,train
299,d:\LUMOS\lumos_x\lumos_x_281_540_dcm\lumos_x_299\lumos_x_299_1.Dcm,d:\LUMOS\lumos_x\lumos_x_281_540_dcm\lumos_x_299\lumos_x_299_2.Dcm,True,True,True,4,True,68,Male,Asian,1.65,58.0,21.30394857667585,1,0.834,0.833,0.837,0.834,0.851,0.841,0.834,-2.3333,train
300,d:\LUMOS\lumos_x\lumos_x_281_540_dcm\lumos_x_300\lumos_x_300_1.Dcm,d:\LUMOS\lumos_x\lumos_x_281_540_dcm\lumos_x_300\lumos_x_300_2.Dcm,True,True,True,4,True,73,Female,Asian,1.55,54.0,22.476586888657646,1,0.903,0.827,0.891,0.903,0.943,0.94,0.979,-1.7583,train
302,d:\LUMOS\lumos_x\lumos_x_281_540_dcm\lumos_x_302\lumos_x_302_1.Dcm,d:\LUMOS\lumos_x\lumos_x_281_540_dcm\lumos_x_302\lumos_x_302_2.Dcm,True,True,True,4,True,56,Female,Asian,1.49,41.0,18.467636592946263,1,0.876,0.793,0.836,0.876,0.873,0.911,0.945,-1.9833,train
303,d:\LUMOS\lumos_x\lumos_x_281_540_dcm\lumos_x_303\lumos_x_303_1.Dcm,d:\LUMOS\lumos_x\lumos_x_281_540_dcm\lumos_x_303\lumos_x_303_2.Dcm,True,True,True,4,True,64,Female,Asian,1.57,55.0,22.313278429145196,2,0.729,0.683,0.718,0.729,0.719,0.733,0.767,-3.2083,train
304,d:\LUMOS\lumos_x\lumos_x_281_540_dcm\lumos_x_304\lumos_x_304_1.Dcm,d:\LUMOS\lumos_x\lumos_x_281_540_dcm\lumos_x_304\lumos_x_304_2.Dcm,True,True,True,4,True,62,Female,Asian,1.5,47.0,20.88888888888889,2,0.698,0.715,0.717,0.703,0.7,0.688,0.693,-3.4667,train
305,d:\LUMOS\lumos_x\lumos_x_281_540_dcm\lumos_x_305\lumos_x_305_1.Dcm,d:\LUMOS\lumos_x\lumos_x_281_540_dcm\lumos_x_305\lumos_x_305_2.Dcm,True,True,True,4,True,71,Female,Asian,1.56,75.0,30.818540433925047,1,0.968910891,0.843,0.895,0.969,0.939,1.018,1.081,-1.2091,train
307,d:\LUMOS\lumos_x\lumos_x_281_540_dcm\lumos_x_307\lumos_x_307_1.Dcm,d:\LUMOS\lumos_x\lumos_x_281_540_dcm\lumos_x_307\lumos_x_307_2.Dcm,True,True,True,4,True,69,Female,Asian,1.52,56.0,24.238227146814403,2,0.749,0.868,0.786,0.749,0.678,0.672,0.651,-3.0417,train
308,d:\LUMOS\lumos_x\lumos_x_281_540_dcm\lumos_x_308\lumos_x_308_1.Dcm,d:\LUMOS\lumos_x\lumos_x_281_540_dcm\lumos_x_308\lumos_x_308_2.Dcm,True,True,True,4,True,71,Female,Asian,1.5,56.0,24.88888888888889,1,0.938,0.903,0.926,0.938,0.93,0.945,0.974,-1.4667,train
309,d:\LUMOS\lumos_x\lumos_x_281_540_dcm\lumos_x_309\lumos_x_309_1.Dcm,d:\LUMOS\lumos_x\lumos_x_281_540_dcm\lumos_x_309\lumos_x_309_2.Dcm,True,True,True,4,True,60,Male,Asian,1.66,59.0,21.410944984758313,0,1.202,1.07,1.165,1.202,1.237,1.258,1.31,0.7333,train
310,d:\LUMOS\lumos_x\lumos_x_281_540_dcm\lumos_x_310\lumos_x_310_1.Dcm,d:\LUMOS\lumos_x\lumos_x_281_540_dcm\lumos_x_310\lumos_x_310_2.Dcm,True,True,True,4,True,73,Female,Asian,1.51,72.0,31.577562387614577,0,1.261,1.169,1.224,1.261,1.244,1.284,1.332,1.225,train
311,d:\LUMOS\lumos_x\lumos_x_281_540_dcm\lumos_x_311\lumos_x_311_1.Dcm,d:\LUMOS\lumos_x\lumos_x_281_540_dcm\lumos_x_311\lumos_x_311_2.Dcm,True,True,True,4,True,67,Female,Asian,1.49,45.0,20.269357236160534,2,0.796,0.762,0.78,0.796,0.789,0.806,0.823,-2.65,train
312,d:\LUMOS\lumos_x\lumos_x_281_540_dcm\lumos_x_312\lumos_x_312_1.Dcm,d:\LUMOS\lumos_x\lumos_x_281_540_dcm\lumos_x_312\lumos_x_312_2.Dcm,True,True,True,8,True,79,Female,Asian,1.63,56.0,21.077195227520797,1,0.815126050420168,0.775,0.819,0.816,0.859,0.841,0.847,-2.4906,train
313,d:\LUMOS\lumos_x\lumos_x_281_540_dcm\lumos_x_313\lumos_x_313_1.Dcm,d:\LUMOS\lumos_x\lumos_x_281_540_dcm\lumos_x_313\lumos_x_313_2.Dcm,True,True,True,4,True,49,Female,Asian,1.57,42.0,17.03923080043815,0,1.123,0.985,1.075,1.123,1.164,1.193,1.233,0.075,train
314,d:\LUMOS\lumos_x\lumos_x_281_540_dcm\lumos_x_314\lumos_x_314_1.Dcm,d:\LUMOS\lumos_x\lumos_x_281_540_dcm\lumos_x_314\lumos_x_314_2.Dcm,True,True,True,4,True,52,Female,Asian,1.52,58.0,25.10387811634349,1,0.979,0.913,0.938,0.979,0.968,1.01,1.036,-1.125,train
316,d:\LUMOS\lumos_x\lumos_x_281_540_dcm\lumos_x_316\lumos_x_316_1.Dcm,d:\LUMOS\lumos_x\lumos_x_281_540_dcm\lumos_x_316\lumos_x_316_2.Dcm,True,True,True,4,True,62,Female,Asian,1.53,57.0,24.34960912469563,0,1.017,0.946,0.985,1.017,1.016,1.047,1.08,-0.8083,train
317,d:\LUMOS\lumos_x\lumos_x_281_540_dcm\lumos_x_317\lumos_x_317_1.Dcm,d:\LUMOS\lumos_x\lumos_x_281_540_dcm\lumos_x_317\lumos_x_317_2.Dcm,True,True,True,4,True,65,Female,Asian,1.6,68.0,26.562499999999996,0,1.019,0.95,0.978,1.019,1.007,1.049,1.074,-0.7917,train
318,d:\LUMOS\lumos_x\lumos_x_281_540_dcm\lumos_x_318\lumos_x_318_1.Dcm,d:\LUMOS\lumos_x\lumos_x_281_540_dcm\lumos_x_318\lumos_x_318_2.Dcm,True,True,True,4,True,76,Female,Asian,1.6,62.0,24.218749999999996,0,1.045,0.987,1.011,1.045,1.004,1.052,1.1,-0.575,train
319,d:\LUMOS\lumos_x\lumos_x_281_540_dcm\lumos_x_319\lumos_x_319_1.Dcm,d:\LUMOS\lumos_x\lumos_x_281_540_dcm\lumos_x_319\lumos_x_319_2.Dcm,True,True,True,4,True,58,Male,Asian,1.76,65.0,20.983987603305785,1,0.931,0.926,0.938,0.931,0.954,0.938,0.934,-1.525,train
320,d:\LUMOS\lumos_x\lumos_x_281_540_dcm\lumos_x_320\lumos_x_320_1.Dcm,d:\LUMOS\lumos_x\lumos_x_281_540_dcm\lumos_x_320\lumos_x_320_2.Dcm,True,True,True,4,True,73,Female,Asian,1.53,60.0,25.63116749967961,0,1.668,1.59,1.612,1.668,1.639,1.7,1.727,4.6167,train
321,d:\LUMOS\lumos_x\lumos_x_281_540_dcm\lumos_x_321\lumos_x_321_1.Dcm,d:\LUMOS\lumos_x\lumos_x_281_540_dcm\lumos_x_321\lumos_x_321_2.Dcm,True,True,True,4,True,70,Female,Asian,1.495,49.0,21.92369212872339,2,0.77,0.712,0.746,0.77,0.779,0.798,0.819,-2.8667,train
322,d:\LUMOS\lumos_x\lumos_x_281_540_dcm\lumos_x_322\lumos_x_322_1.Dcm,d:\LUMOS\lumos_x\lumos_x_281_540_dcm\lumos_x_322\lumos_x_322_2.Dcm,True,True,True,4,True,60,Female,Asian,1.53,51.0,21.78649237472767,0,0.998804542737597,0.935,0.969,0.999,1.013,1.034,1.049,-0.96,train
324,d:\LUMOS\lumos_x\lumos_x_281_540_dcm\lumos_x_324\lumos_x_324_1.Dcm,d:\LUMOS\lumos_x\lumos_x_281_540_dcm\lumos_x_324\lumos_x_324_2.Dcm,True,True,True,4,True,56,Female,Asian,1.56,65.0,26.709401709401707,0,1.158,1.046,1.128,1.158,1.186,1.204,1.252,0.3667,train
325,d:\LUMOS\lumos_x\lumos_x_281_540_dcm\lumos_x_325\lumos_x_325_1.Dcm,d:\LUMOS\lumos_x\lumos_x_281_540_dcm\lumos_x_325\lumos_x_325_2.Dcm,True,True,True,4,True,49,Male,Asian,1.68,42.0,14.880952380952383,0,1.077,1.018,1.042,1.076,1.047,1.089,1.124,-0.3083,train
327,d:\LUMOS\lumos_x\lumos_x_281_540_dcm\lumos_x_327\lumos_x_327_1.Dcm,d:\LUMOS\lumos_x\lumos_x_281_540_dcm\lumos_x_327\lumos_x_327_2.Dcm,True,True,True,4,True,65,Female,Asian,1.5,52.0,23.11111111111111,1,0.85,0.802,0.814,0.85,0.821,0.864,0.885,-2.2,train
328,d:\LUMOS\lumos_x\lumos_x_281_540_dcm\lumos_x_328\lumos_x_328_1.Dcm,d:\LUMOS\lumos_x\lumos_x_281_540_dcm\lumos_x_328\lumos_x_328_2.Dcm,True,True,True,4,True,49,Female,Asian,1.59,48.0,18.986590720303784,0,1.098,1.026,1.079,1.098,1.122,1.129,1.157,-0.1333,train
329,d:\LUMOS\lumos_x\lumos_x_281_540_dcm\lumos_x_329\lumos_x_329_1.Dcm,d:\LUMOS\lumos_x\lumos_x_281_540_dcm\lumos_x_329\lumos_x_329_2.Dcm,True,True,True,4,True,27,Male,Asian,1.65,70.0,25.71166207529844,0,1.046,1.016,1.052,1.046,1.087,1.066,1.071,-0.5667,train
330,d:\LUMOS\lumos_x\lumos_x_281_540_dcm\lumos_x_330\lumos_x_330_1.Dcm,d:\LUMOS\lumos_x\lumos_x_281_540_dcm\lumos_x_330\lumos_x_330_2.Dcm,True,True,True,4,True,64,Female,Asian,1.58,59.0,23.634033007530842,2,0.729,0.682,0.703,0.729,0.715,0.743,0.766,-3.2083,train
331,d:\LUMOS\lumos_x\lumos_x_281_540_dcm\lumos_x_331\lumos_x_331_1.Dcm,d:\LUMOS\lumos_x\lumos_x_281_540_dcm\lumos_x_331\lumos_x_331_2.Dcm,True,True,True,4,True,55,Female,Asian,1.63,65.0,24.46460160337235,0,0.997,0.935,0.97,0.997,1.011,1.029,1.044,-0.975,train
333,d:\LUMOS\lumos_x\lumos_x_281_540_dcm\lumos_x_333\lumos_x_333_1.Dcm,d:\LUMOS\lumos_x\lumos_x_281_540_dcm\lumos_x_333\lumos_x_333_2.Dcm,True,True,True,4,True,56,Male,Asian,1.79,85.0,26.528510346119035,0,1.29,1.297,1.284,1.29,1.212,1.246,1.285,1.4667,train
335,d:\LUMOS\lumos_x\lumos_x_281_540_dcm\lumos_x_335\lumos_x_335_1.Dcm,d:\LUMOS\lumos_x\lumos_x_281_540_dcm\lumos_x_335\lumos_x_335_2.Dcm,True,True,True,4,True,61,Female,Asian,1.49,62.0,27.92666996982118,1,0.925,0.811,0.879,0.925,0.947,0.979,1.011,-1.575,train
337,d:\LUMOS\lumos_x\lumos_x_281_540_dcm\lumos_x_337\lumos_x_337_1.Dcm,d:\LUMOS\lumos_x\lumos_x_281_540_dcm\lumos_x_337\lumos_x_337_2.Dcm,True,True,True,4,True,60,Male,Asian,1.63,54.0,20.32443825510934,0,1.012,0.981,1.019,1.012,1.046,1.027,1.037,-0.85,train
339,d:\LUMOS\lumos_x\lumos_x_281_540_dcm\lumos_x_339\lumos_x_339_1.Dcm,d:\LUMOS\lumos_x\lumos_x_281_540_dcm\lumos_x_339\lumos_x_339_2.Dcm,True,True,True,4,True,71,Female,Asian,1.53,59.0,25.20398137468495,1,0.957,0.865,0.918,0.957,0.945,0.985,1.029,-1.3083,train
340,d:\LUMOS\lumos_x\lumos_x_281_540_dcm\lumos_x_340\lumos_x_340_1.Dcm,d:\LUMOS\lumos_x\lumos_x_281_540_dcm\lumos_x_340\lumos_x_340_2.Dcm,True,True,True,4,True,75,Female,Asian,1.49,59.0,26.575379487410476,1,0.961,0.864,0.91,0.961,0.908,0.974,1.032,-1.275,train
341,d:\LUMOS\lumos_x\lumos_x_281_540_dcm\lumos_x_341\lumos_x_341_1.Dcm,d:\LUMOS\lumos_x\lumos_x_281_540_dcm\lumos_x_341\lumos_x_341_2.Dcm,True,True,True,4,True,69,Female,Asian,1.55,44.0,18.314255983350673,1,0.883,0.853,0.881,0.883,0.904,0.898,0.908,-1.925,train
342,d:\LUMOS\lumos_x\lumos_x_281_540_dcm\lumos_x_342\lumos_x_342_1.Dcm,d:\LUMOS\lumos_x\lumos_x_281_540_dcm\lumos_x_342\lumos_x_342_2.Dcm,True,True,True,4,True,67,Female,Asian,1.55,52.0,21.64412070759625,1,0.839,0.796,0.833,0.839,0.881,0.871,0.873,-2.2917,train
345,d:\LUMOS\lumos_x\lumos_x_281_540_dcm\lumos_x_345\lumos_x_345_1.Dcm,d:\LUMOS\lumos_x\lumos_x_281_540_dcm\lumos_x_345\lumos_x_345_2.Dcm,True,True,True,4,True,77,Female,Asian,1.52,53.0,22.939750692520775,1,0.885,0.807,0.851,0.885,0.87,0.906,0.95,-1.9083,train
346,d:\LUMOS\lumos_x\lumos_x_281_540_dcm\lumos_x_346\lumos_x_346_1.Dcm,d:\LUMOS\lumos_x\lumos_x_281_540_dcm\lumos_x_346\lumos_x_346_2.Dcm,True,True,True,4,True,74,Female,Asian,1.57,64.0,25.96454217209623,1,0.821,0.791,0.791,0.822,0.78,0.823,0.845,-2.4417,train
348,d:\LUMOS\lumos_x\lumos_x_281_540_dcm\lumos_x_348\lumos_x_348_1.Dcm,d:\LUMOS\lumos_x\lumos_x_281_540_dcm\lumos_x_348\lumos_x_348_2.Dcm,True,True,True,4,True,69,Female,Asian,1.53,61.0,26.05835362467427,1,0.82506175611947,0.775,0.801,0.826,0.825,0.848,0.871,-2.4078,train
349,d:\LUMOS\lumos_x\lumos_x_281_540_dcm\lumos_x_349\lumos_x_349_1.Dcm,d:\LUMOS\lumos_x\lumos_x_281_540_dcm\lumos_x_349\lumos_x_349_2.Dcm,True,True,True,8,True,78,Female,Asian,1.54,52.0,21.926125822229718,2,0.814,0.768,0.79,0.814,0.807,0.831,0.853,-2.5,train
350,d:\LUMOS\lumos_x\lumos_x_281_540_dcm\lumos_x_350\lumos_x_350_1.Dcm,d:\LUMOS\lumos_x\lumos_x_281_540_dcm\lumos_x_350\lumos_x_350_2.Dcm,True,True,True,4,True,60,Female,Asian,1.52,89.0,38.52146814404432,0,1.381,1.342,1.36,1.381,1.398,1.412,1.417,2.225,train
351,d:\LUMOS\lumos_x\lumos_x_281_540_dcm\lumos_x_351\lumos_x_351_1.Dcm,d:\LUMOS\lumos_x\lumos_x_281_540_dcm\lumos_x_351\lumos_x_351_2.Dcm,True,True,True,4,True,70,Female,Asian,1.41,53.0,26.658618781751425,2,0.73,0.662,0.703,0.73,0.718,0.746,0.784,-3.2,train
352,d:\LUMOS\lumos_x\lumos_x_281_540_dcm\lumos_x_352\lumos_x_352_1.Dcm,d:\LUMOS\lumos_x\lumos_x_281_540_dcm\lumos_x_352\lumos_x_352_2.Dcm,True,True,True,4,True,67,Male,Asian,1.67,73.0,26.175194521137367,2,0.786,0.769,0.79,0.786,0.795,0.788,0.799,-2.7333,train
353,d:\LUMOS\lumos_x\lumos_x_281_540_dcm\lumos_x_353\lumos_x_353_1.Dcm,d:\LUMOS\lumos_x\lumos_x_281_540_dcm\lumos_x_353\lumos_x_353_2.Dcm,True,True,True,4,True,69,Female,Asian,1.5,55.0,24.444444444444443,1,0.817,0.75,0.805,0.817,0.831,0.837,0.867,-2.475,train
354,d:\LUMOS\lumos_x\lumos_x_281_540_dcm\lumos_x_354\lumos_x_354_1.Dcm,d:\LUMOS\lumos_x\lumos_x_281_540_dcm\lumos_x_354\lumos_x_354_2.Dcm,True,True,True,4,True,66,Male,Asian,1.62,55.0,20.957171162932475,1,0.924,0.871,0.892,0.924,0.899,0.939,0.968,-1.5833,train
356,d:\LUMOS\lumos_x\lumos_x_281_540_dcm\lumos_x_356\lumos_x_356_1.Dcm,d:\LUMOS\lumos_x\lumos_x_281_540_dcm\lumos_x_356\lumos_x_356_2.Dcm,True,True,True,4,True,59,Female,Asian,1.64,55.0,20.449137418203453,0,1.002,0.994,1.015,1.002,1.053,1.021,1.008,-0.9333,train
357,d:\LUMOS\lumos_x\lumos_x_281_540_dcm\lumos_x_357\lumos_x_357_1.Dcm,d:\LUMOS\lumos_x\lumos_x_281_540_dcm\lumos_x_357\lumos_x_357_2.Dcm,True,True,True,4,True,64,Male,Asian,1.78,90.0,28.40550435551067,0,1.146,1.027,1.089,1.146,1.154,1.204,1.249,0.2667,train
358,d:\LUMOS\lumos_x\lumos_x_281_540_dcm\lumos_x_358\lumos_x_358_1.Dcm,d:\LUMOS\lumos_x\lumos_x_281_540_dcm\lumos_x_358\lumos_x_358_2.Dcm,True,True,True,4,True,74,Male,Asian,1.75,76.0,24.816326530612244,0,1.08153946510111,0.941,1.011,1.082,1.028,1.117,1.223,-0.2705,train
360,d:\LUMOS\lumos_x\lumos_x_281_540_dcm\lumos_x_360\lumos_x_360_1.Dcm,d:\LUMOS\lumos_x\lumos_x_281_540_dcm\lumos_x_360\lumos_x_360_2.Dcm,True,True,True,4,True,51,Male,Asian,1.7,70.0,24.221453287197235,0,1.01138014527845,0.932,0.984,1.011,1.026,1.046,1.078,-0.8552,train
361,d:\LUMOS\lumos_x\lumos_x_281_540_dcm\lumos_x_361\lumos_x_361_1.Dcm,d:\LUMOS\lumos_x\lumos_x_281_540_dcm\lumos_x_361\lumos_x_361_2.Dcm,True,True,True,4,True,63,Male,Asian,1.62,47.0,17.908855357415025,1,0.839,0.795,0.82,0.839,0.855,0.865,0.875,-2.2917,train
362,d:\LUMOS\lumos_x\lumos_x_281_540_dcm\lumos_x_362\lumos_x_362_1.Dcm,d:\LUMOS\lumos_x\lumos_x_281_540_dcm\lumos_x_362\lumos_x_362_2.Dcm,True,True,True,4,True,57,Female,Asian,1.645,54.0,19.955469738823552,0,1.136,1.033,1.098,1.136,1.136,1.171,1.224,0.1833,train
365,d:\LUMOS\lumos_x\lumos_x_281_540_dcm\lumos_x_365\lumos_x_365_1.Dcm,d:\LUMOS\lumos_x\lumos_x_281_540_dcm\lumos_x_365\lumos_x_365_2.Dcm,True,True,True,4,True,63,Female,Asian,1.55,65.0,27.055150884495315,1,0.821,0.63,0.782,0.821,0.888,0.9,0.985,-2.4417,train
366,d:\LUMOS\lumos_x\lumos_x_281_540_dcm\lumos_x_366\lumos_x_366_1.Dcm,d:\LUMOS\lumos_x\lumos_x_281_540_dcm\lumos_x_366\lumos_x_366_2.Dcm,True,True,True,4,True,68,Female,Asian,1.6,65.0,25.390624999999996,1,0.926,0.917,0.924,0.926,0.943,0.939,0.934,-1.5667,train
367,d:\LUMOS\lumos_x\lumos_x_281_540_dcm\lumos_x_367\lumos_x_367_1.Dcm,d:\LUMOS\lumos_x\lumos_x_281_540_dcm\lumos_x_367\lumos_x_367_2.Dcm,True,True,True,4,True,71,Female,Asian,1.64,48.0,17.846519928613922,2,0.805,0.743,0.799,0.805,0.825,0.823,0.853,-2.575,train
368,d:\LUMOS\lumos_x\lumos_x_281_540_dcm\lumos_x_368\lumos_x_368_1.Dcm,d:\LUMOS\lumos_x\lumos_x_281_540_dcm\lumos_x_368\lumos_x_368_2.Dcm,True,True,True,4,True,58,Female,Asian,1.48,53.0,24.196493791088386,1,0.855,0.726,0.806,0.855,0.868,0.907,0.958,-2.1583,train
370,d:\LUMOS\lumos_x\lumos_x_281_540_dcm\lumos_x_370\lumos_x_370_1.Dcm,d:\LUMOS\lumos_x\lumos_x_281_540_dcm\lumos_x_370\lumos_x_370_2.Dcm,True,True,True,4,True,66,Female,Asian,1.56,68.0,27.94214332675871,1,0.866,0.739,0.779,0.866,0.808,0.906,0.97,-2.0667,train
371,d:\LUMOS\lumos_x\lumos_x_281_540_dcm\lumos_x_371\lumos_x_371_1.Dcm,d:\LUMOS\lumos_x\lumos_x_281_540_dcm\lumos_x_371\lumos_x_371_2.Dcm,True,True,True,4,True,54,Female,Asian,1.49,48.0,21.620647718571234,2,0.733,0.681,0.702,0.729,0.747,0.767,0.77,-3.175,train
373,d:\LUMOS\lumos_x\lumos_x_281_540_dcm\lumos_x_373\lumos_x_373_1.Dcm,d:\LUMOS\lumos_x\lumos_x_281_540_dcm\lumos_x_373\lumos_x_373_2.Dcm,True,True,True,4,True,76,Female,Asian,1.51,57.0,24.998903556861542,1,0.949,0.963,0.935,0.949,0.926,0.947,0.936,-1.375,train
374,d:\LUMOS\lumos_x\lumos_x_281_540_dcm\lumos_x_374\lumos_x_374_1.Dcm,d:\LUMOS\lumos_x\lumos_x_281_540_dcm\lumos_x_374\lumos_x_374_2.Dcm,True,True,True,4,True,57,Female,Asian,1.59,62.0,24.524346347059055,1,0.88,0.815,0.851,0.88,0.883,0.907,0.932,-1.95,train
375,d:\LUMOS\lumos_x\lumos_x_281_540_dcm\lumos_x_375\lumos_x_375_1.Dcm,d:\LUMOS\lumos_x\lumos_x_281_540_dcm\lumos_x_375\lumos_x_375_2.Dcm,True,True,True,4,True,66,Female,Asian,1.65,54.0,19.834710743801654,2,0.48,0.447,0.47,0.48,0.49,0.496,0.508,-5.2833,train
376,d:\LUMOS\lumos_x\lumos_x_281_540_dcm\lumos_x_376\lumos_x_376_1.Dcm,d:\LUMOS\lumos_x\lumos_x_281_540_dcm\lumos_x_376\lumos_x_376_2.Dcm,True,True,True,4,True,74,Male,Asian,1.55,58.0,24.141519250780433,2,0.742,0.721,0.721,0.742,0.732,0.755,0.761,-3.1,train
378,d:\LUMOS\lumos_x\lumos_x_281_540_dcm\lumos_x_378\lumos_x_378_1.Dcm,d:\LUMOS\lumos_x\lumos_x_281_540_dcm\lumos_x_378\lumos_x_378_2.Dcm,True,True,True,4,True,60,Female,Asian,1.6,66.0,25.781249999999996,0,1.16,1.123,1.162,1.16,1.209,1.189,1.19,0.3833,train
379,d:\LUMOS\lumos_x\lumos_x_281_540_dcm\lumos_x_379\lumos_x_379_1.Dcm,d:\LUMOS\lumos_x\lumos_x_281_540_dcm\lumos_x_379\lumos_x_379_2.Dcm,True,True,True,4,True,65,Female,Asian,1.55,60.0,24.97398543184183,1,0.864,0.777,0.826,0.864,0.848,0.889,0.937,-2.0833,train
381,d:\LUMOS\lumos_x\lumos_x_281_540_dcm\lumos_x_381\lumos_x_381_1.Dcm,d:\LUMOS\lumos_x\lumos_x_281_540_dcm\lumos_x_381\lumos_x_381_2.Dcm,True,True,True,4,True,71,Female,Asian,1.49,46.0,20.7197873969641,2,0.638,0.577,0.586,0.638,0.592,0.658,0.686,-3.9667,train
382,d:\LUMOS\lumos_x\lumos_x_281_540_dcm\lumos_x_382\lumos_x_382_1.Dcm,d:\LUMOS\lumos_x\lumos_x_281_540_dcm\lumos_x_382\lumos_x_382_2.Dcm,True,True,True,4,True,56,Female,Asian,1.53,52.0,22.21367849972233,2,0.755,0.67,0.727,0.755,0.769,0.79,0.826,-2.9917,train
383,d:\LUMOS\lumos_x\lumos_x_281_540_dcm\lumos_x_383\lumos_x_383_1.Dcm,d:\LUMOS\lumos_x\lumos_x_281_540_dcm\lumos_x_383\lumos_x_383_2.Dcm,True,True,True,4,True,27,Female,Asian,1.65,66.0,24.242424242424246,0,1.473,1.487,1.496,1.473,1.491,1.465,1.463,2.9917,train
384,d:\LUMOS\lumos_x\lumos_x_281_540_dcm\lumos_x_384\lumos_x_384_1.Dcm,d:\LUMOS\lumos_x\lumos_x_281_540_dcm\lumos_x_384\lumos_x_384_2.Dcm,True,True,True,4,True,60,Female,Asian,1.58,45.0,18.02595737862522,2,0.752,0.709,0.741,0.752,0.771,0.773,0.785,-3.0167,train
385,d:\LUMOS\lumos_x\lumos_x_281_540_dcm\lumos_x_385\lumos_x_385_1.Dcm,d:\LUMOS\lumos_x\lumos_x_281_540_dcm\lumos_x_385\lumos_x_385_2.Dcm,True,True,True,4,True,76,Female,Asian,1.52,45.0,19.47714681440443,2,0.662432966412645,0.59,0.622,0.662,0.617,0.67,0.721,-3.7631,train
386,d:\LUMOS\lumos_x\lumos_x_281_540_dcm\lumos_x_386\lumos_x_386_1.Dcm,d:\LUMOS\lumos_x\lumos_x_281_540_dcm\lumos_x_386\lumos_x_386_2.Dcm,True,True,True,4,True,66,Female,Asian,1.46,57.0,26.740476637267783,1,0.983,0.973,0.966,0.983,0.98,0.997,0.992,-1.0917,train
387,d:\LUMOS\lumos_x\lumos_x_281_540_dcm\lumos_x_387\lumos_x_387_1.Dcm,d:\LUMOS\lumos_x\lumos_x_281_540_dcm\lumos_x_387\lumos_x_387_2.Dcm,True,True,True,4,True,57,Female,Asian,1.51,46.0,20.174553747642648,1,0.893,0.851,0.88,0.893,0.897,0.907,0.926,-1.8417,train
388,d:\LUMOS\lumos_x\lumos_x_281_540_dcm\lumos_x_388\lumos_x_388_1.Dcm,d:\LUMOS\lumos_x\lumos_x_281_540_dcm\lumos_x_388\lumos_x_388_2.Dcm,True,True,True,4,True,73,Female,Asian,1.55,64.0,26.638917793964616,2,0.814,0.805,0.796,0.814,0.792,0.817,0.821,-2.5,train
389,d:\LUMOS\lumos_x\lumos_x_281_540_dcm\lumos_x_389\lumos_x_389_1.Dcm,d:\LUMOS\lumos_x\lumos_x_281_540_dcm\lumos_x_389\lumos_x_389_2.Dcm,True,True,True,4,True,65,Female,Asian,1.55,52.0,21.64412070759625,2,0.763,0.718,0.747,0.763,0.779,0.789,0.8,-2.925,train
390,d:\LUMOS\lumos_x\lumos_x_281_540_dcm\lumos_x_390\lumos_x_390_1.Dcm,d:\LUMOS\lumos_x\lumos_x_281_540_dcm\lumos_x_390\lumos_x_390_2.Dcm,True,True,True,4,True,55,Female,Asian,1.57,62.0,25.153150229218223,1,0.897,0.888,0.91,0.897,0.911,0.895,0.904,-1.8083,train
391,d:\LUMOS\lumos_x\lumos_x_281_540_dcm\lumos_x_391\lumos_x_391_1.Dcm,d:\LUMOS\lumos_x\lumos_x_281_540_dcm\lumos_x_391\lumos_x_391_2.Dcm,True,True,True,4,True,62,Male,Asian,1.63,58.0,21.829952199932254,0,1.052,0.979,1.026,1.052,1.039,1.068,1.114,-0.5167,train
392,d:\LUMOS\lumos_x\lumos_x_281_540_dcm\lumos_x_392\lumos_x_392_1.Dcm,d:\LUMOS\lumos_x\lumos_x_281_540_dcm\lumos_x_392\lumos_x_392_2.Dcm,True,True,True,4,True,65,Female,Asian,1.56,50.0,20.5456936226167,1,0.861,1.034,0.931,0.861,0.872,0.8,0.708,-2.1083,train
393,d:\LUMOS\lumos_x\lumos_x_281_540_dcm\lumos_x_393\lumos_x_393_1.Dcm,d:\LUMOS\lumos_x\lumos_x_281_540_dcm\lumos_x_393\lumos_x_393_2.Dcm,True,True,True,4,True,60,Female,Asian,1.59,54.0,21.359914560341757,1,0.837,0.802,0.812,0.837,0.808,0.842,0.867,-2.3083,train
395,d:\LUMOS\lumos_x\lumos_x_281_540_dcm\lumos_x_395\lumos_x_395_1.Dcm,d:\LUMOS\lumos_x\lumos_x_281_540_dcm\lumos_x_395\lumos_x_395_2.Dcm,True,True,True,4,True,71,Female,Asian,1.53,60.0,25.63116749967961,1,0.99,0.987,1.011,0.99,0.995,0.975,0.993,-1.0333,train
396,d:\LUMOS\lumos_x\lumos_x_281_540_dcm\lumos_x_396\lumos_x_396_1.Dcm,d:\LUMOS\lumos_x\lumos_x_281_540_dcm\lumos_x_396\lumos_x_396_2.Dcm,True,True,True,4,True,64,Female,Asian,1.58,52.0,20.82999519307803,1,0.864,0.771,0.836,0.864,0.858,0.886,0.941,-2.0833,train
397,d:\LUMOS\lumos_x\lumos_x_281_540_dcm\lumos_x_397\lumos_x_397_1.Dcm,d:\LUMOS\lumos_x\lumos_x_281_540_dcm\lumos_x_397\lumos_x_397_2.Dcm,True,True,True,4,True,62,Female,Asian,1.53,55.0,23.49523687470631,2,0.712,0.663,0.7,0.712,0.733,0.736,0.759,-3.35,train
398,d:\LUMOS\lumos_x\lumos_x_281_540_dcm\lumos_x_398\lumos_x_398_1.Dcm,d:\LUMOS\lumos_x\lumos_x_281_540_dcm\lumos_x_398\lumos_x_398_2.Dcm,True,True,True,4,True,80,Female,Asian,1.45,48.0,22.829964328180736,2,0.76,0.722,0.715,0.76,0.716,0.772,0.79,-2.95,train
400,d:\LUMOS\lumos_x\lumos_x_281_540_dcm\lumos_x_400\lumos_x_400_1.Dcm,d:\LUMOS\lumos_x\lumos_x_281_540_dcm\lumos_x_400\lumos_x_400_2.Dcm,True,True,True,4,True,67,Female,Asian,1.5,49.0,21.77777777777778,2,0.747,0.683,0.704,0.747,0.706,0.759,0.796,-3.0583,train
402,d:\LUMOS\lumos_x\lumos_x_281_540_dcm\lumos_x_402\lumos_x_402_1.Dcm,d:\LUMOS\lumos_x\lumos_x_281_540_dcm\lumos_x_402\lumos_x_402_2.Dcm,True,True,True,4,True,79,Female,Asian,1.45,45.0,21.40309155766944,0,1.243,1.01,1.266,1.243,1.42,1.332,1.436,1.075,train
403,d:\LUMOS\lumos_x\lumos_x_281_540_dcm\lumos_x_403\lumos_x_403_1.Dcm,d:\LUMOS\lumos_x\lumos_x_281_540_dcm\lumos_x_403\lumos_x_403_2.Dcm,True,True,True,4,True,78,Female,Asian,1.5,60.0,26.666666666666668,2,0.797,0.884,0.846,0.797,0.787,0.747,0.723,-2.6417,train
404,d:\LUMOS\lumos_x\lumos_x_281_540_dcm\lumos_x_404\lumos_x_404_1.Dcm,d:\LUMOS\lumos_x\lumos_x_281_540_dcm\lumos_x_404\lumos_x_404_2.Dcm,True,True,True,4,True,66,Female,Asian,1.53,48.0,20.504933999743688,0,1.02854446803491,0.914,0.991,1.029,1.032,1.066,1.121,-0.7121,train
409,d:\LUMOS\lumos_x\lumos_x_281_540_dcm\lumos_x_409\lumos_x_409_1.Dcm,d:\LUMOS\lumos_x\lumos_x_281_540_dcm\lumos_x_409\lumos_x_409_2.Dcm,True,True,True,4,True,83,Female,Asian,1.6,55.0,21.484374999999996,0,1.059,0.969,1.029,1.059,1.091,1.107,1.137,-0.4583,train
410,d:\LUMOS\lumos_x\lumos_x_281_540_dcm\lumos_x_410\lumos_x_410_1.Dcm,d:\LUMOS\lumos_x\lumos_x_281_540_dcm\lumos_x_410\lumos_x_410_2.Dcm,True,True,True,4,True,63,Female,Asian,1.6,56.0,21.874999999999996,1,0.960635359,0.871,0.929,0.961,0.973,0.999,1.038,-1.278,train
412,d:\LUMOS\lumos_x\lumos_x_281_540_dcm\lumos_x_412\lumos_x_412_1.Dcm,d:\LUMOS\lumos_x\lumos_x_281_540_dcm\lumos_x_412\lumos_x_412_2.Dcm,True,True,True,4,True,64,Female,Asian,1.63,53.0,19.94805976890361,2,0.745,0.657,0.706,0.745,0.755,0.788,0.82,-3.075,train
413,d:\LUMOS\lumos_x\lumos_x_281_540_dcm\lumos_x_413\lumos_x_413_1.Dcm,d:\LUMOS\lumos_x\lumos_x_281_540_dcm\lumos_x_413\lumos_x_413_2.Dcm,True,True,True,4,True,69,Female,Asian,1.53,48.0,20.504933999743688,2,0.76420581655481,0.754,0.75,0.764,0.74,0.762,0.771,-2.915,train
414,d:\LUMOS\lumos_x\lumos_x_281_540_dcm\lumos_x_414\lumos_x_414_1.Dcm,d:\LUMOS\lumos_x\lumos_x_281_540_dcm\lumos_x_414\lumos_x_414_2.Dcm,True,True,True,4,True,49,Female,Asian,1.565,52.0,21.231205789586504,1,0.853,0.81,0.825,0.853,0.82,0.858,0.891,-2.175,train
415,d:\LUMOS\lumos_x\lumos_x_281_540_dcm\lumos_x_415\lumos_x_415_1.Dcm,d:\LUMOS\lumos_x\lumos_x_281_540_dcm\lumos_x_415\lumos_x_415_2.Dcm,True,True,True,4,True,55,Female,Asian,1.67,59.0,21.15529420201513,1,0.987,0.945,0.979,0.987,1.009,1.008,1.021,-1.0583,train
416,d:\LUMOS\lumos_x\lumos_x_281_540_dcm\lumos_x_416\lumos_x_416_1.Dcm,d:\LUMOS\lumos_x\lumos_x_281_540_dcm\lumos_x_416\lumos_x_416_2.Dcm,True,True,True,4,True,39,Female,Asian,1.62,51.0,19.43301326017375,1,0.943,0.917,0.942,0.943,0.959,0.954,0.965,-1.425,train
417,d:\LUMOS\lumos_x\lumos_x_281_540_dcm\lumos_x_417\lumos_x_417_1.Dcm,d:\LUMOS\lumos_x\lumos_x_281_540_dcm\lumos_x_417\lumos_x_417_2.Dcm,True,True,True,4,True,44,Male,Asian,1.65,60.0,22.03856749311295,2,0.778,0.728,0.756,0.778,0.771,0.794,0.821,-2.8,train
419,d:\LUMOS\lumos_x\lumos_x_281_540_dcm\lumos_x_419\lumos_x_419_1.Dcm,d:\LUMOS\lumos_x\lumos_x_281_540_dcm\lumos_x_419\lumos_x_419_2.Dcm,True,True,True,4,True,68,Female,Asian,1.56,60.0,24.654832347140037,0,1.031,0.901,0.992,1.031,1.036,1.07,1.141,-0.6917,train
420,d:\LUMOS\lumos_x\lumos_x_281_540_dcm\lumos_x_420\lumos_x_420_1.Dcm,d:\LUMOS\lumos_x\lumos_x_281_540_dcm\lumos_x_420\lumos_x_420_2.Dcm,True,True,True,4,True,30,Female,Asian,1.57,45.0,18.25631871475516,0,1.016,0.974,1.0,1.015,1.012,1.026,1.047,-0.8167,train
421,d:\LUMOS\lumos_x\lumos_x_281_540_dcm\lumos_x_421\lumos_x_421_1.Dcm,d:\LUMOS\lumos_x\lumos_x_281_540_dcm\lumos_x_421\lumos_x_421_2.Dcm,True,True,True,4,True,66,Female,Asian,1.54,96.0,40.47900151796256,1,0.861271676,0.85,0.837,0.861,0.825,0.861,0.871,-2.1061,train
423,d:\LUMOS\lumos_x\lumos_x_281_540_dcm\lumos_x_423\lumos_x_423_1.Dcm,d:\LUMOS\lumos_x\lumos_x_281_540_dcm\lumos_x_423\lumos_x_423_2.Dcm,True,True,True,4,True,41,Male,Asian,1.7,85.0,29.411764705882355,0,1.178,1.1,1.147,1.178,1.224,1.237,1.248,0.5333,train
425,d:\LUMOS\lumos_x\lumos_x_281_540_dcm\lumos_x_425\lumos_x_425_1.Dcm,d:\LUMOS\lumos_x\lumos_x_281_540_dcm\lumos_x_425\lumos_x_425_2.Dcm,True,True,True,4,True,63,Female,Asian,1.55,75.0,31.217481789802285,1,0.935,0.97,0.946,0.935,0.919,0.916,0.909,-1.4917,train
427,d:\LUMOS\lumos_x\lumos_x_281_540_dcm\lumos_x_427\lumos_x_427_1.Dcm,d:\LUMOS\lumos_x\lumos_x_281_540_dcm\lumos_x_427\lumos_x_427_2.Dcm,True,True,True,4,True,62,Female,Asian,1.6,56.0,21.874999999999996,0,1.102,1.036,1.063,1.102,1.091,1.131,1.156,-0.1,train
429,d:\LUMOS\lumos_x\lumos_x_281_540_dcm\lumos_x_429\lumos_x_429_1.Dcm,d:\LUMOS\lumos_x\lumos_x_281_540_dcm\lumos_x_429\lumos_x_429_2.Dcm,True,True,True,4,True,64,Female,Asian,1.6,65.0,25.390624999999996,1,0.932,0.888,0.906,0.932,0.917,0.945,0.967,-1.5167,train
430,d:\LUMOS\lumos_x\lumos_x_281_540_dcm\lumos_x_430\lumos_x_430_1.Dcm,d:\LUMOS\lumos_x\lumos_x_281_540_dcm\lumos_x_430\lumos_x_430_2.Dcm,True,True,True,4,True,63,Female,Asian,1.52,55.0,23.80540166204986,1,0.976,0.928,0.957,0.976,0.975,0.992,1.017,-1.15,train
431,d:\LUMOS\lumos_x\lumos_x_281_540_dcm\lumos_x_431\lumos_x_431_1.Dcm,d:\LUMOS\lumos_x\lumos_x_281_540_dcm\lumos_x_431\lumos_x_431_2.Dcm,True,True,True,4,True,52,Male,Asian,1.56,64.0,26.298487836949374,0,1.176,1.133,1.154,1.176,1.192,1.206,1.211,0.5167,train
432,d:\LUMOS\lumos_x\lumos_x_281_540_dcm\lumos_x_432\lumos_x_432_1.Dcm,d:\LUMOS\lumos_x\lumos_x_281_540_dcm\lumos_x_432\lumos_x_432_2.Dcm,True,True,True,4,True,74,Female,Asian,1.58,55.0,22.031725684986377,2,0.791,0.726,0.776,0.791,0.809,0.818,0.854,-2.6917,train
433,d:\LUMOS\lumos_x\lumos_x_281_540_dcm\lumos_x_433\lumos_x_433_1.Dcm,d:\LUMOS\lumos_x\lumos_x_281_540_dcm\lumos_x_433\lumos_x_433_2.Dcm,True,True,True,4,True,79,Female,Asian,1.52,55.0,23.80540166204986,0,1.027,0.952,0.967,1.027,1.019,1.076,1.089,-0.725,train
434,d:\LUMOS\lumos_x\lumos_x_281_540_dcm\lumos_x_434\lumos_x_434_1.Dcm,d:\LUMOS\lumos_x\lumos_x_281_540_dcm\lumos_x_434\lumos_x_434_2.Dcm,True,True,True,4,True,30,Female,Asian,1.66,54.0,19.5964581216432,2,0.811,0.895,0.942,0.957,0.974,0.982,1.012,-2.525,train
435,d:\LUMOS\lumos_x\lumos_x_281_540_dcm\lumos_x_435\lumos_x_435_1.Dcm,d:\LUMOS\lumos_x\lumos_x_281_540_dcm\lumos_x_435\lumos_x_435_2.Dcm,True,True,True,4,True,78,Female,Asian,1.61,58.0,22.375679950619187,2,0.651,0.625,0.636,0.651,0.639,0.656,0.671,-3.8583,train
436,d:\LUMOS\lumos_x\lumos_x_281_540_dcm\lumos_x_436\lumos_x_436_1.Dcm,d:\LUMOS\lumos_x\lumos_x_281_540_dcm\lumos_x_436\lumos_x_436_2.Dcm,True,True,True,4,True,75,Female,Asian,1.51,54.0,23.683171790710933,1,0.909,0.82,0.869,0.909,0.909,0.945,0.982,-1.7083,train
437,d:\LUMOS\lumos_x\lumos_x_281_540_dcm\lumos_x_437\lumos_x_437_1.Dcm,d:\LUMOS\lumos_x\lumos_x_281_540_dcm\lumos_x_437\lumos_x_437_2.Dcm,True,True,True,4,True,60,Female,Asian,1.55,60.0,24.97398543184183,1,0.822,0.723,0.764,0.822,0.767,0.839,0.901,-2.4333,train
438,d:\LUMOS\lumos_x\lumos_x_281_540_dcm\lumos_x_438\lumos_x_438_1.Dcm,d:\LUMOS\lumos_x\lumos_x_281_540_dcm\lumos_x_438\lumos_x_438_2.Dcm,True,True,True,4,True,65,Female,Asian,1.5,47.0,20.88888888888889,2,0.602,0.584,0.625,0.602,0.612,0.587,0.616,-4.2667,train
439,d:\LUMOS\lumos_x\lumos_x_281_540_dcm\lumos_x_439\lumos_x_439_1.Dcm,d:\LUMOS\lumos_x\lumos_x_281_540_dcm\lumos_x_439\lumos_x_439_2.Dcm,True,True,True,4,True,69,Male,Asian,1.68,55.0,19.48696145124717,0,1.279,1.22,1.271,1.276,1.323,1.312,1.323,1.375,train
440,d:\LUMOS\lumos_x\lumos_x_281_540_dcm\lumos_x_440\lumos_x_440_1.Dcm,d:\LUMOS\lumos_x\lumos_x_281_540_dcm\lumos_x_440\lumos_x_440_2.Dcm,True,True,True,4,True,67,Female,Asian,1.66,71.0,25.76571345623458,1,0.99,0.947,0.974,0.99,0.987,1.003,1.025,-1.0333,train
441,d:\LUMOS\lumos_x\lumos_x_281_540_dcm\lumos_x_441\lumos_x_441_1.Dcm,d:\LUMOS\lumos_x\lumos_x_281_540_dcm\lumos_x_441\lumos_x_441_2.Dcm,True,True,True,4,True,73,Female,Asian,1.52,50.0,21.641274238227147,1,0.823,0.771,0.759,0.823,0.767,0.843,0.86,-2.425,train
443,d:\LUMOS\lumos_x\lumos_x_281_540_dcm\lumos_x_443\lumos_x_443_1.Dcm,d:\LUMOS\lumos_x\lumos_x_281_540_dcm\lumos_x_443\lumos_x_443_2.Dcm,True,True,True,4,True,73,Female,Asian,1.55,65.0,27.055150884495315,1,0.879,0.772,0.833,0.879,0.862,0.91,0.967,-1.9583,train
444,d:\LUMOS\lumos_x\lumos_x_281_540_dcm\lumos_x_444\lumos_x_444_1.Dcm,d:\LUMOS\lumos_x\lumos_x_281_540_dcm\lumos_x_444\lumos_x_444_2.Dcm,True,True,True,4,True,55,Male,Asian,1.74,61.0,20.147971991015986,0,1.507,1.396,1.446,1.516,1.509,1.573,1.609,3.275,train
445,d:\LUMOS\lumos_x\lumos_x_281_540_dcm\lumos_x_445\lumos_x_445_1.Dcm,d:\LUMOS\lumos_x\lumos_x_281_540_dcm\lumos_x_445\lumos_x_445_2.Dcm,True,True,True,4,True,70,Female,Asian,1.52,53.0,22.939750692520775,1,0.86,0.822,0.838,0.86,0.863,0.882,0.891,-2.1167,train
446,d:\LUMOS\lumos_x\lumos_x_281_540_dcm\lumos_x_446\lumos_x_446_1.Dcm,d:\LUMOS\lumos_x\lumos_x_281_540_dcm\lumos_x_446\lumos_x_446_2.Dcm,True,True,True,4,True,73,Female,Asian,1.6,60.0,23.437499999999996,1,0.941,0.834,0.892,0.941,0.945,0.987,1.029,-1.4417,train
447,d:\LUMOS\lumos_x\lumos_x_281_540_dcm\lumos_x_447\lumos_x_447_1.Dcm,d:\LUMOS\lumos_x\lumos_x_281_540_dcm\lumos_x_447\lumos_x_447_2.Dcm,True,True,True,4,True,28,Female,Asian,1.68,69.0,24.44727891156463,0,1.206,1.158,1.202,1.206,1.241,1.232,1.247,0.7667,train
448,d:\LUMOS\lumos_x\lumos_x_281_540_dcm\lumos_x_448\lumos_x_448_1.Dcm,d:\LUMOS\lumos_x\lumos_x_281_540_dcm\lumos_x_448\lumos_x_448_2.Dcm,True,True,True,4,True,71,Male,Asian,1.73,64.0,21.383941996057334,0,1.03,0.829,0.952,1.03,1.01,1.093,1.219,-0.7,train
449,d:\LUMOS\lumos_x\lumos_x_281_540_dcm\lumos_x_449\lumos_x_449_1.Dcm,d:\LUMOS\lumos_x\lumos_x_281_540_dcm\lumos_x_449\lumos_x_449_2.Dcm,True,True,True,4,True,68,Female,Asian,1.57,62.0,25.153150229218223,0,1.009,0.892,0.962,1.009,0.975,1.029,1.105,-0.875,train
451,d:\LUMOS\lumos_x\lumos_x_281_540_dcm\lumos_x_451\lumos_x_451_1.Dcm,d:\LUMOS\lumos_x\lumos_x_281_540_dcm\lumos_x_451\lumos_x_451_2.Dcm,True,True,True,4,True,93,Female,Asian,1.52,70.0,30.297783933518005,1,0.991,0.919,0.956,0.991,0.993,1.022,1.047,-1.025,train
452,d:\LUMOS\lumos_x\lumos_x_281_540_dcm\lumos_x_452\lumos_x_452_1.Dcm,d:\LUMOS\lumos_x\lumos_x_281_540_dcm\lumos_x_452\lumos_x_452_2.Dcm,True,True,True,4,True,68,Male,Asian,1.7,57.0,19.723183391003463,0,1.047,0.974,1.013,1.047,1.045,1.079,1.115,-0.5583,train
453,d:\LUMOS\lumos_x\lumos_x_281_540_dcm\lumos_x_453\lumos_x_453_1.Dcm,d:\LUMOS\lumos_x\lumos_x_281_540_dcm\lumos_x_453\lumos_x_453_2.Dcm,True,True,True,4,True,30,Female,Asian,1.65,82.0,30.119375573921033,1,0.89,0.915,0.947,0.959,0.986,0.989,0.999,-1.8667,train
454,d:\LUMOS\lumos_x\lumos_x_281_540_dcm\lumos_x_454\lumos_x_454_1.Dcm,d:\LUMOS\lumos_x\lumos_x_281_540_dcm\lumos_x_454\lumos_x_454_2.Dcm,True,True,True,4,True,63,Female,Asian,1.47,53.5,24.7582026007682,2,0.737,0.685,0.718,0.737,0.737,0.754,0.778,-3.1417,train
455,d:\LUMOS\lumos_x\lumos_x_281_540_dcm\lumos_x_455\lumos_x_455_1.Dcm,d:\LUMOS\lumos_x\lumos_x_281_540_dcm\lumos_x_455\lumos_x_455_2.Dcm,True,True,True,4,True,40,Female,Asian,1.42,40.0,19.837333862328904,0,1.456,1.354,1.419,1.456,1.468,1.498,1.541,2.85,train
456,d:\LUMOS\lumos_x\lumos_x_281_540_dcm\lumos_x_456\lumos_x_456_1.Dcm,d:\LUMOS\lumos_x\lumos_x_281_540_dcm\lumos_x_456\lumos_x_456_2.Dcm,True,True,True,4,True,65,Female,Asian,1.54,120.0,50.5987518974532,1,0.842,0.772,0.808,0.842,0.827,0.864,0.905,-2.2667,train
459,d:\LUMOS\lumos_x\lumos_x_281_540_dcm\lumos_x_459\lumos_x_459_1.Dcm,d:\LUMOS\lumos_x\lumos_x_281_540_dcm\lumos_x_459\lumos_x_459_2.Dcm,True,True,True,4,True,59,Male,Asian,1.68,89.0,31.533446712018144,0,1.399,1.414,1.397,1.399,1.41,1.408,1.387,2.375,train
461,d:\LUMOS\lumos_x\lumos_x_281_540_dcm\lumos_x_461\lumos_x_461_1.Dcm,d:\LUMOS\lumos_x\lumos_x_281_540_dcm\lumos_x_461\lumos_x_461_2.Dcm,True,True,True,4,True,71,Female,Asian,1.58,43.0,17.224803717352987,2,0.795,0.723,0.755,0.795,0.788,0.827,0.853,-2.6583,train
463,d:\LUMOS\lumos_x\lumos_x_281_540_dcm\lumos_x_463\lumos_x_463_1.Dcm,d:\LUMOS\lumos_x\lumos_x_281_540_dcm\lumos_x_463\lumos_x_463_2.Dcm,True,True,True,4,True,67,Male,Asian,1.69,72.0,25.209201358495854,1,0.853773584905661,0.857,0.866,0.853,0.866,0.849,0.849,-2.1686,train
464,d:\LUMOS\lumos_x\lumos_x_281_540_dcm\lumos_x_464\lumos_x_464_1.Dcm,d:\LUMOS\lumos_x\lumos_x_281_540_dcm\lumos_x_464\lumos_x_464_2.Dcm,True,True,True,4,True,70,Female,Asian,1.56,60.0,24.654832347140037,2,0.626,0.584,0.582,0.626,0.576,0.632,0.656,-4.0667,train
466,d:\LUMOS\lumos_x\lumos_x_281_540_dcm\lumos_x_466\lumos_x_466_1.Dcm,d:\LUMOS\lumos_x\lumos_x_281_540_dcm\lumos_x_466\lumos_x_466_2.Dcm,True,True,True,4,True,62,Female,Asian,1.59,60.0,23.73323840037973,1,0.975,0.88,0.94,0.975,0.988,1.015,1.054,-1.1583,train
467,d:\LUMOS\lumos_x\lumos_x_281_540_dcm\lumos_x_467\lumos_x_467_1.Dcm,d:\LUMOS\lumos_x\lumos_x_281_540_dcm\lumos_x_467\lumos_x_467_2.Dcm,True,True,True,4,True,76,Female,Asian,1.51,56.0,24.560326301478007,1,0.978,0.978,0.99,0.978,0.98,0.967,0.977,-1.1333,train
469,d:\LUMOS\lumos_x\lumos_x_281_540_dcm\lumos_x_469\lumos_x_469_1.Dcm,d:\LUMOS\lumos_x\lumos_x_281_540_dcm\lumos_x_469\lumos_x_469_2.Dcm,True,True,True,4,True,30,Female,Asian,1.62,46.0,17.527815881725342,2,0.652,0.944,0.969,0.961,0.997,0.975,0.974,-3.85,train
476,d:\LUMOS\lumos_x\lumos_x_281_540_dcm\lumos_x_476\lumos_x_476_1.Dcm,d:\LUMOS\lumos_x\lumos_x_281_540_dcm\lumos_x_476\lumos_x_476_2.Dcm,True,True,True,4,True,77,Female,Asian,1.5,60.0,26.666666666666668,1,0.879,0.753,0.828,0.879,0.873,0.919,0.976,-1.9583,train
477,d:\LUMOS\lumos_x\lumos_x_281_540_dcm\lumos_x_477\lumos_x_477_1.Dcm,d:\LUMOS\lumos_x\lumos_x_281_540_dcm\lumos_x_477\lumos_x_477_2.Dcm,True,True,True,4,True,72,Female,Asian,1.56,47.0,19.312952005259696,2,0.701,0.617,0.659,0.701,0.67,0.72,0.771,-3.4417,train
478,d:\LUMOS\lumos_x\lumos_x_281_540_dcm\lumos_x_478\lumos_x_478_1.Dcm,d:\LUMOS\lumos_x\lumos_x_281_540_dcm\lumos_x_478\lumos_x_478_2.Dcm,True,True,True,4,True,53,Female,Asian,1.62,82.0,31.24523700655387,0,1.491,1.39,1.465,1.491,1.515,1.531,1.572,3.1417,train
481,d:\LUMOS\lumos_x\lumos_x_281_540_dcm\lumos_x_481\lumos_x_481_1.Dcm,d:\LUMOS\lumos_x\lumos_x_281_540_dcm\lumos_x_481\lumos_x_481_2.Dcm,True,True,True,4,True,61,Male,Asian,1.72,78.0,26.365603028664147,0,1.087,1.024,1.067,1.087,1.13,1.134,1.144,-0.225,train
482,d:\LUMOS\lumos_x\lumos_x_281_540_dcm\lumos_x_482\lumos_x_482_1.Dcm,d:\LUMOS\lumos_x\lumos_x_281_540_dcm\lumos_x_482\lumos_x_482_2.Dcm,True,True,True,4,True,58,Female,Asian,1.58,52.0,20.82999519307803,1,0.916,0.805,0.845,0.916,0.839,0.931,1.006,-1.65,train
483,d:\LUMOS\lumos_x\lumos_x_281_540_dcm\lumos_x_483\lumos_x_483_1.Dcm,d:\LUMOS\lumos_x\lumos_x_281_540_dcm\lumos_x_483\lumos_x_483_2.Dcm,True,True,True,4,True,68,Female,Asian,1.59,63.0,24.919900320398717,0,1.038,0.901,0.972,1.038,1.021,1.088,1.148,-0.6333,train
484,d:\LUMOS\lumos_x\lumos_x_281_540_dcm\lumos_x_484\lumos_x_484_1.Dcm,d:\LUMOS\lumos_x\lumos_x_281_540_dcm\lumos_x_484\lumos_x_484_2.Dcm,True,True,True,4,True,58,Female,Asian,1.51,61.0,26.753212578395683,2,0.587,0.552,0.572,0.587,0.625,0.626,0.618,-4.3917,train
486,d:\LUMOS\lumos_x\lumos_x_281_540_dcm\lumos_x_486\lumos_x_486_1.Dcm,d:\LUMOS\lumos_x\lumos_x_281_540_dcm\lumos_x_486\lumos_x_486_2.Dcm,True,True,True,4,True,66,Female,Asian,1.53,58.0,24.77679524969029,1,0.868,0.854,0.87,0.868,0.881,0.875,0.88,-2.05,train
487,d:\LUMOS\lumos_x\lumos_x_281_540_dcm\lumos_x_487\lumos_x_487_1.Dcm,d:\LUMOS\lumos_x\lumos_x_281_540_dcm\lumos_x_487\lumos_x_487_2.Dcm,True,True,True,4,True,61,Female,Asian,1.6,70.0,27.343749999999996,0,1.16770990718757,1.13,1.136,1.167,1.119,1.164,1.195,0.4476,train
488,d:\LUMOS\lumos_x\lumos_x_281_540_dcm\lumos_x_488\lumos_x_488_1.Dcm,d:\LUMOS\lumos_x\lumos_x_281_540_dcm\lumos_x_488\lumos_x_488_2.Dcm,True,True,True,4,True,75,Female,Asian,1.5,55.0,24.444444444444443,1,0.881,0.746,0.818,0.881,0.858,0.925,1.003,-1.9417,train
489,d:\LUMOS\lumos_x\lumos_x_281_540_dcm\lumos_x_489\lumos_x_489_1.Dcm,d:\LUMOS\lumos_x\lumos_x_281_540_dcm\lumos_x_489\lumos_x_489_2.Dcm,True,True,True,4,True,70,Female,Asian,1.61,72.0,27.776706145596233,1,0.819082672706682,0.723,0.765,0.819,0.793,0.853,0.906,-2.4576,train
490,d:\LUMOS\lumos_x\lumos_x_281_540_dcm\lumos_x_490\lumos_x_490_1.Dcm,d:\LUMOS\lumos_x\lumos_x_281_540_dcm\lumos_x_490\lumos_x_490_2.Dcm,True,True,True,4,True,64,Male,Asian,1.57,70.0,28.398718000730252,1,0.961,0.911,0.941,0.961,1.001,1.004,1.004,-1.275,train
491,d:\LUMOS\lumos_x\lumos_x_281_540_dcm\lumos_x_491\lumos_x_491_1.Dcm,d:\LUMOS\lumos_x\lumos_x_281_540_dcm\lumos_x_491\lumos_x_491_2.Dcm,True,True,True,4,True,50,Female,Asian,1.58,56.0,22.432302515622492,0,1.22,1.111,1.174,1.22,1.231,1.268,1.313,0.8833,train
493,d:\LUMOS\lumos_x\lumos_x_281_540_dcm\lumos_x_493\lumos_x_493_1.Dcm,d:\LUMOS\lumos_x\lumos_x_281_540_dcm\lumos_x_493\lumos_x_493_2.Dcm,True,True,True,4,True,67,Female,Asian,1.62,46.0,17.527815881725342,1,0.977,0.922,0.948,0.977,0.959,0.991,1.019,-1.1417,train
494,d:\LUMOS\lumos_x\lumos_x_281_540_dcm\lumos_x_494\lumos_x_494_1.Dcm,d:\LUMOS\lumos_x\lumos_x_281_540_dcm\lumos_x_494\lumos_x_494_2.Dcm,True,True,True,4,True,59,Female,Asian,1.47,53.0,24.526817529732984,2,0.737,0.666,0.703,0.737,0.703,0.746,0.8,-3.1417,train
495,d:\LUMOS\lumos_x\lumos_x_281_540_dcm\lumos_x_495\lumos_x_495_1.Dcm,d:\LUMOS\lumos_x\lumos_x_281_540_dcm\lumos_x_495\lumos_x_495_2.Dcm,True,True,True,4,True,56,Female,Asian,1.5,48.0,21.333333333333332,2,0.705,0.695,0.718,0.705,0.739,0.715,0.714,-3.4083,train
496,d:\LUMOS\lumos_x\lumos_x_281_540_dcm\lumos_x_496\lumos_x_496_1.Dcm,d:\LUMOS\lumos_x\lumos_x_281_540_dcm\lumos_x_496\lumos_x_496_2.Dcm,True,True,True,4,True,52,Female,Asian,1.56,73.0,29.996712689020377,0,1.233,1.119,1.19,1.233,1.265,1.292,1.33,0.9917,train
497,d:\LUMOS\lumos_x\lumos_x_281_540_dcm\lumos_x_497\lumos_x_497_1.Dcm,d:\LUMOS\lumos_x\lumos_x_281_540_dcm\lumos_x_497\lumos_x_497_2.Dcm,True,True,True,4,True,78,Female,Asian,1.48,52.5,23.968224981738498,1,0.933,0.922,0.95,0.933,0.947,0.926,0.943,-1.5083,train
499,d:\LUMOS\lumos_x\lumos_x_281_540_dcm\lumos_x_499\lumos_x_499_1.Dcm,d:\LUMOS\lumos_x\lumos_x_281_540_dcm\lumos_x_499\lumos_x_499_2.Dcm,True,True,True,4,True,66,Female,Asian,1.5,50.0,22.22222222222222,2,0.671,0.614,0.66,0.671,0.69,0.694,0.718,-3.6917,train
504,d:\LUMOS\lumos_x\lumos_x_281_540_dcm\lumos_x_504\lumos_x_504_1.Dcm,d:\LUMOS\lumos_x\lumos_x_281_540_dcm\lumos_x_504\lumos_x_504_2.Dcm,True,True,True,4,True,63,Female,Asian,1.64,67.0,24.910767400356935,1,0.905,0.85,0.873,0.905,0.889,0.925,0.952,-1.7417,train
507,d:\LUMOS\lumos_x\lumos_x_281_540_dcm\lumos_x_507\lumos_x_507_1.Dcm,d:\LUMOS\lumos_x\lumos_x_281_540_dcm\lumos_x_507\lumos_x_507_2.Dcm,True,True,True,4,True,51,Female,Asian,1.47,62.0,28.691748808366885,0,1.178,1.143,1.198,1.178,1.242,1.2,1.207,0.5333,train
510,d:\LUMOS\lumos_x\lumos_x_281_540_dcm\lumos_x_510\lumos_x_510_1.Dcm,d:\LUMOS\lumos_x\lumos_x_281_540_dcm\lumos_x_510\lumos_x_510_2.Dcm,True,True,True,4,True,58,Female,Asian,1.655,64.0,23.365978769817726,0,0.994,0.867,0.941,0.994,0.979,1.035,1.112,-1.0,train
513,d:\LUMOS\lumos_x\lumos_x_281_540_dcm\lumos_x_513\lumos_x_513_1.Dcm,d:\LUMOS\lumos_x\lumos_x_281_540_dcm\lumos_x_513\lumos_x_513_2.Dcm,True,True,True,4,True,60,Female,Asian,1.58,58.0,23.233456176894723,0,1.046,0.92,0.966,1.046,1.013,1.098,1.155,-0.5667,train
514,d:\LUMOS\lumos_x\lumos_x_281_540_dcm\lumos_x_514\lumos_x_514_1.Dcm,d:\LUMOS\lumos_x\lumos_x_281_540_dcm\lumos_x_514\lumos_x_514_2.Dcm,True,True,True,4,True,70,Female,Asian,1.54,60.0,25.2993759487266,2,0.778,0.754,0.785,0.778,0.807,0.791,0.797,-2.8,train
515,d:\LUMOS\lumos_x\lumos_x_281_540_dcm\lumos_x_515\lumos_x_515_1.Dcm,d:\LUMOS\lumos_x\lumos_x_281_540_dcm\lumos_x_515\lumos_x_515_2.Dcm,True,True,True,4,True,30,Male,Asian,1.63,58.0,21.829952199932254,0,1.002,0.912,0.954,1.002,0.978,1.032,1.086,-0.9333,train
516,d:\LUMOS\lumos_x\lumos_x_281_540_dcm\lumos_x_516\lumos_x_516_1.Dcm,d:\LUMOS\lumos_x\lumos_x_281_540_dcm\lumos_x_516\lumos_x_516_2.Dcm,True,True,True,4,True,58,Female,Asian,1.52,53.0,22.939750692520775,2,0.764,0.737,0.766,0.764,0.795,0.781,0.79,-2.9167,train
521,d:\LUMOS\lumos_x\lumos_x_281_540_dcm\lumos_x_521\lumos_x_521_1.Dcm,d:\LUMOS\lumos_x\lumos_x_281_540_dcm\lumos_x_521\lumos_x_521_2.Dcm,True,True,True,4,True,56,Female,Asian,1.62,58.0,22.10028959000152,1,0.965,0.877,0.911,0.965,0.957,1.009,1.029,-1.2417,train
522,d:\LUMOS\lumos_x\lumos_x_281_540_dcm\lumos_x_522\lumos_x_522_1.Dcm,d:\LUMOS\lumos_x\lumos_x_281_540_dcm\lumos_x_522\lumos_x_522_2.Dcm,True,True,True,4,True,70,Male,Asian,1.54,51.0,21.504469556417607,0,1.154,1.097,1.116,1.154,1.152,1.19,1.206,0.3333,train
523,d:\LUMOS\lumos_x\lumos_x_281_540_dcm\lumos_x_523\lumos_x_523_1.Dcm,d:\LUMOS\lumos_x\lumos_x_281_540_dcm\lumos_x_523\lumos_x_523_2.Dcm,True,True,True,4,True,76,Male,Asian,1.64,72.0,26.769779892920884,0,1.371,1.326,1.347,1.371,1.363,1.389,1.415,2.1417,train
524,d:\LUMOS\lumos_x\lumos_x_281_540_dcm\lumos_x_524\lumos_x_524_1.Dcm,d:\LUMOS\lumos_x\lumos_x_281_540_dcm\lumos_x_524\lumos_x_524_2.Dcm,True,True,True,4,True,79,Male,Asian,1.72,63.0,21.29529475392104,1,0.844,0.814,0.827,0.844,0.846,0.863,0.875,-2.25,train
525,d:\LUMOS\lumos_x\lumos_x_281_540_dcm\lumos_x_525\lumos_x_525_1.Dcm,d:\LUMOS\lumos_x\lumos_x_281_540_dcm\lumos_x_525\lumos_x_525_2.Dcm,True,True,True,4,True,56,Female,Asian,1.58,60.0,24.034609838166958,1,0.982,0.944,0.977,0.982,1.015,1.009,1.017,-1.1,train
526,d:\LUMOS\lumos_x\lumos_x_281_540_dcm\lumos_x_526\lumos_x_526_1.Dcm,d:\LUMOS\lumos_x\lumos_x_281_540_dcm\lumos_x_526\lumos_x_526_2.Dcm,True,True,True,4,True,74,Female,Asian,1.58,63.0,25.236340330075304,1,0.82427258805513,0.732,0.804,0.824,0.853,0.861,0.9,-2.4144,train
527,d:\LUMOS\lumos_x\lumos_x_281_540_dcm\lumos_x_527\lumos_x_527_1.Dcm,d:\LUMOS\lumos_x\lumos_x_281_540_dcm\lumos_x_527\lumos_x_527_2.Dcm,True,True,True,4,True,61,Female,Asian,1.65,71.0,26.07897153351699,0,1.15,1.033,1.111,1.15,1.192,1.213,1.249,0.3,train
528,d:\LUMOS\lumos_x\lumos_x_281_540_dcm\lumos_x_528\lumos_x_528_1.Dcm,d:\LUMOS\lumos_x\lumos_x_281_540_dcm\lumos_x_528\lumos_x_528_2.Dcm,True,True,True,4,True,26,Female,Asian,1.76,90.0,29.054752066115704,0,1.068,0.954,1.024,1.068,1.093,1.122,1.161,-0.3833,train
530,d:\LUMOS\lumos_x\lumos_x_281_540_dcm\lumos_x_530\lumos_x_530_1.Dcm,d:\LUMOS\lumos_x\lumos_x_281_540_dcm\lumos_x_530\lumos_x_530_2.Dcm,True,True,True,4,True,72,Female,Asian,1.46,45.0,21.110902608369305,0,1.113,0.961,1.046,1.113,1.107,1.167,1.221,-0.0083,train
531,d:\LUMOS\lumos_x\lumos_x_281_540_dcm\lumos_x_531\lumos_x_531_1.Dcm,d:\LUMOS\lumos_x\lumos_x_281_540_dcm\lumos_x_531\lumos_x_531_2.Dcm,True,True,True,4,True,62,Female,Asian,1.57,62.0,25.153150229218223,1,0.912,0.859,0.886,0.912,0.921,0.94,0.954,-1.6833,train
532,d:\LUMOS\lumos_x\lumos_x_281_540_dcm\lumos_x_532\lumos_x_532_1.Dcm,d:\LUMOS\lumos_x\lumos_x_281_540_dcm\lumos_x_532\lumos_x_532_2.Dcm,True,True,True,4,True,82,Female,Asian,1.54,49.0,20.66115702479339,1,0.844,0.746,0.809,0.844,0.847,0.879,0.927,-2.25,train
534,d:\LUMOS\lumos_x\lumos_x_281_540_dcm\lumos_x_534\lumos_x_534_1.Dcm,d:\LUMOS\lumos_x\lumos_x_281_540_dcm\lumos_x_534\lumos_x_534_2.Dcm,True,True,True,4,True,66,Female,Asian,1.57,53.0,21.50188648626719,1,0.932,0.908,0.928,0.932,0.945,0.944,0.95,-1.5167,train
535,d:\LUMOS\lumos_x\lumos_x_281_540_dcm\lumos_x_535\lumos_x_535_1.Dcm,d:\LUMOS\lumos_x\lumos_x_281_540_dcm\lumos_x_535\lumos_x_535_2.Dcm,True,True,True,4,True,87,Male,Asian,1.66,56.0,20.322252866889244,0,1.48,1.304,1.435,1.48,1.593,1.593,1.626,3.05,train
536,d:\LUMOS\lumos_x\lumos_x_281_540_dcm\lumos_x_536\lumos_x_536_1.Dcm,d:\LUMOS\lumos_x\lumos_x_281_540_dcm\lumos_x_536\lumos_x_536_2.Dcm,True,True,True,4,True,64,Female,Asian,1.55,60.0,24.97398543184183,2,0.637,0.607,0.61,0.637,0.619,0.65,0.661,-3.975,train
537,d:\LUMOS\lumos_x\lumos_x_281_540_dcm\lumos_x_537\lumos_x_537_1.Dcm,d:\LUMOS\lumos_x\lumos_x_281_540_dcm\lumos_x_537\lumos_x_537_2.Dcm,True,True,True,4,True,73,Female,Asian,1.5,60.0,26.666666666666668,0,1.022,0.931,0.979,1.022,1.031,1.068,1.09,-0.7667,train
538,d:\LUMOS\lumos_x\lumos_x_281_540_dcm\lumos_x_538\lumos_x_538_1.Dcm,d:\LUMOS\lumos_x\lumos_x_281_540_dcm\lumos_x_538\lumos_x_538_2.Dcm,True,True,True,4,True,67,Male,Asian,1.73,65.0,21.71806608974573,1,0.972,0.905,0.948,0.972,0.977,0.996,1.021,-1.1833,train
539,d:\LUMOS\lumos_x\lumos_x_281_540_dcm\lumos_x_539\lumos_x_539_1.Dcm,d:\LUMOS\lumos_x\lumos_x_281_540_dcm\lumos_x_539\lumos_x_539_2.Dcm,True,True,True,4,True,67,Female,Asian,1.59,65.0,25.71100826707804,2,0.784,0.767,0.769,0.784,0.783,0.796,0.796,-2.75,train
540,d:\LUMOS\lumos_x\lumos_x_281_540_dcm\lumos_x_540\lumos_x_540_1.Dcm,d:\LUMOS\lumos_x\lumos_x_281_540_dcm\lumos_x_540\lumos_x_540_2.Dcm,True,True,True,4,True,65,Female,Asian,1.62,56.0,21.338210638622158,1,0.889,0.843,0.866,0.889,0.883,0.908,0.934,-1.875,train
541,d:\LUMOS\lumos_x\lumos_x_541_670_dcm\lumos_x_541\lumos_x_541_1.Dcm,d:\LUMOS\lumos_x\lumos_x_541_670_dcm\lumos_x_541\lumos_x_541_2.Dcm,True,True,True,4,True,76,Female,Asian,1.52,53.0,22.939750692520775,0,1.376,1.313,1.323,1.376,1.376,1.426,1.433,2.1833,train
542,d:\LUMOS\lumos_x\lumos_x_541_670_dcm\lumos_x_542\lumos_x_542_1.Dcm,d:\LUMOS\lumos_x\lumos_x_541_670_dcm\lumos_x_542\lumos_x_542_2.Dcm,True,True,True,4,True,59,Female,Asian,1.54,45.0,18.974531961544947,1,0.831,0.77,0.791,0.831,0.813,0.855,0.878,-2.3583,train
545,d:\LUMOS\lumos_x\lumos_x_541_670_dcm\lumos_x_545\lumos_x_545_1.Dcm,d:\LUMOS\lumos_x\lumos_x_541_670_dcm\lumos_x_545\lumos_x_545_2.Dcm,True,True,True,4,True,56,Female,Asian,1.59,57.0,22.54657648036074,2,0.805,0.743,0.793,0.806,0.845,0.841,0.855,-2.575,train
547,d:\LUMOS\lumos_x\lumos_x_541_670_dcm\lumos_x_547\lumos_x_547_1.Dcm,d:\LUMOS\lumos_x\lumos_x_541_670_dcm\lumos_x_547\lumos_x_547_2.Dcm,True,True,True,4,True,70,Female,Asian,1.53,65.0,27.76709812465291,1,0.833,0.843,0.843,0.833,0.855,0.839,0.824,-2.3417,train
548,d:\LUMOS\lumos_x\lumos_x_541_670_dcm\lumos_x_548\lumos_x_548_1.Dcm,d:\LUMOS\lumos_x\lumos_x_541_670_dcm\lumos_x_548\lumos_x_548_2.Dcm,True,True,True,4,True,84,Female,Asian,1.47,67.0,31.005599518719055,0,1.142,1.147,1.154,1.142,1.128,1.122,1.137,0.2333,train
551,d:\LUMOS\lumos_x\lumos_x_541_670_dcm\lumos_x_551\lumos_x_551_1.Dcm,d:\LUMOS\lumos_x\lumos_x_541_670_dcm\lumos_x_551\lumos_x_551_2.Dcm,True,True,True,4,True,66,Male,Asian,1.65,54.0,19.834710743801654,1,0.964817320703654,0.928,0.974,0.965,0.999,0.978,0.995,-1.2432,train
554,d:\LUMOS\lumos_x\lumos_x_541_670_dcm\lumos_x_554\lumos_x_554_1.Dcm,d:\LUMOS\lumos_x\lumos_x_541_670_dcm\lumos_x_554\lumos_x_554_2.Dcm,True,True,True,4,True,80,Female,Asian,1.4,45.0,22.95918367346939,2,0.74,0.704,0.723,0.741,0.717,0.741,0.773,-3.1167,train
556,d:\LUMOS\lumos_x\lumos_x_541_670_dcm\lumos_x_556\lumos_x_556_1.Dcm,d:\LUMOS\lumos_x\lumos_x_541_670_dcm\lumos_x_556\lumos_x_556_2.Dcm,True,True,True,4,True,90,Female,Asian,1.42,48.0,23.804800634794685,0,1.21,1.089,1.146,1.21,1.159,1.237,1.31,0.8,train
557,d:\LUMOS\lumos_x\lumos_x_541_670_dcm\lumos_x_557\lumos_x_557_1.Dcm,d:\LUMOS\lumos_x\lumos_x_541_670_dcm\lumos_x_557\lumos_x_557_2.Dcm,True,True,True,4,True,60,Female,Asian,1.5,68.0,30.22222222222222,0,1.159,1.096,1.156,1.159,1.252,1.222,1.218,0.375,train
558,d:\LUMOS\lumos_x\lumos_x_541_670_dcm\lumos_x_558\lumos_x_558_1.Dcm,d:\LUMOS\lumos_x\lumos_x_541_670_dcm\lumos_x_558\lumos_x_558_2.Dcm,True,True,True,4,True,70,Female,Asian,1.445,55.0,26.340680786867974,1,0.815,0.742,0.787,0.815,0.838,0.854,0.871,-2.4917,train
563,d:\LUMOS\lumos_x\lumos_x_541_670_dcm\lumos_x_563\lumos_x_563_1.Dcm,d:\LUMOS\lumos_x\lumos_x_541_670_dcm\lumos_x_563\lumos_x_563_2.Dcm,True,True,True,4,True,78,Female,Asian,1.55,52.0,21.64412070759625,2,0.795,0.672,0.725,0.795,0.758,0.835,0.9,-2.6583,train
566,d:\LUMOS\lumos_x\lumos_x_541_670_dcm\lumos_x_566\lumos_x_566_1.Dcm,d:\LUMOS\lumos_x\lumos_x_541_670_dcm\lumos_x_566\lumos_x_566_2.Dcm,True,True,True,4,True,87,Male,Asian,1.65,50.0,18.36547291092746,0,1.178,1.176,1.202,1.181,1.21,1.178,1.186,0.5333,train
567,d:\LUMOS\lumos_x\lumos_x_541_670_dcm\lumos_x_567\lumos_x_567_1.Dcm,d:\LUMOS\lumos_x\lumos_x_541_670_dcm\lumos_x_567\lumos_x_567_2.Dcm,True,True,True,4,True,67,Male,Asian,1.58,60.0,24.034609838166958,0,1.277,1.103,1.184,1.278,1.214,1.325,1.435,1.3583,train
569,d:\LUMOS\lumos_x\lumos_x_541_670_dcm\lumos_x_569\lumos_x_569_1.Dcm,d:\LUMOS\lumos_x\lumos_x_541_670_dcm\lumos_x_569\lumos_x_569_2.Dcm,True,True,True,4,True,79,Male,Asian,1.63,33.0,12.420490044789041,1,0.852728468113083,0.829,0.843,0.854,0.861,0.868,0.871,-2.1773,train
570,d:\LUMOS\lumos_x\lumos_x_541_670_dcm\lumos_x_570\lumos_x_570_1.Dcm,d:\LUMOS\lumos_x\lumos_x_541_670_dcm\lumos_x_570\lumos_x_570_2.Dcm,True,True,True,4,True,60,Female,Asian,1.65,66.0,24.242424242424246,1,0.94,0.903,0.926,0.94,0.935,0.95,0.97,-1.45,train
571,d:\LUMOS\lumos_x\lumos_x_541_670_dcm\lumos_x_571\lumos_x_571_1.Dcm,d:\LUMOS\lumos_x\lumos_x_541_670_dcm\lumos_x_571\lumos_x_571_2.Dcm,True,True,True,4,True,67,Female,Asian,1.55,70.0,29.1363163371488,1,0.936,0.829,0.894,0.936,0.947,0.982,1.028,-1.4833,train
572,d:\LUMOS\lumos_x\lumos_x_541_670_dcm\lumos_x_572\lumos_x_572_1.Dcm,d:\LUMOS\lumos_x\lumos_x_541_670_dcm\lumos_x_572\lumos_x_572_2.Dcm,True,True,True,4,True,56,Female,Asian,1.62,60.0,22.86236854138088,1,0.986,0.957,0.974,0.986,0.99,1.0,1.011,-1.0667,train
573,d:\LUMOS\lumos_x\lumos_x_541_670_dcm\lumos_x_573\lumos_x_573_1.Dcm,d:\LUMOS\lumos_x\lumos_x_541_670_dcm\lumos_x_573\lumos_x_573_2.Dcm,True,True,True,4,True,59,Female,Asian,1.56,45.0,18.49112426035503,2,0.64,0.602,0.615,0.64,0.631,0.656,0.669,-3.95,train
574,d:\LUMOS\lumos_x\lumos_x_541_670_dcm\lumos_x_574\lumos_x_574_1.Dcm,d:\LUMOS\lumos_x\lumos_x_541_670_dcm\lumos_x_574\lumos_x_574_2.Dcm,True,True,True,4,True,53,Female,Asian,1.48,46.0,21.00073046018992,1,0.842,0.758,0.815,0.842,0.858,0.876,0.91,-2.2667,train
575,d:\LUMOS\lumos_x\lumos_x_541_670_dcm\lumos_x_575\lumos_x_575_1.Dcm,d:\LUMOS\lumos_x\lumos_x_541_670_dcm\lumos_x_575\lumos_x_575_2.Dcm,True,True,True,4,True,30,Female,Asian,1.51,48.0,21.051708258409718,1,0.881,0.913,0.959,0.977,0.993,1.004,1.028,-1.9417,train
576,d:\LUMOS\lumos_x\lumos_x_541_670_dcm\lumos_x_576\lumos_x_576_1.Dcm,d:\LUMOS\lumos_x\lumos_x_541_670_dcm\lumos_x_576\lumos_x_576_2.Dcm,True,True,True,4,True,68,Female,Asian,1.59,61.0,24.128792373719392,2,0.617,0.615,0.6,0.617,0.59,0.615,0.619,-4.1417,train
577,d:\LUMOS\lumos_x\lumos_x_541_670_dcm\lumos_x_577\lumos_x_577_1.Dcm,d:\LUMOS\lumos_x\lumos_x_541_670_dcm\lumos_x_577\lumos_x_577_2.Dcm,True,True,True,4,True,70,Female,Asian,1.65,60.0,22.03856749311295,1,0.839,0.767,0.823,0.839,0.862,0.867,0.894,-2.2917,train
579,d:\LUMOS\lumos_x\lumos_x_541_670_dcm\lumos_x_579\lumos_x_579_1.Dcm,d:\LUMOS\lumos_x\lumos_x_541_670_dcm\lumos_x_579\lumos_x_579_2.Dcm,True,True,True,4,True,57,Female,Asian,1.59,64.0,25.315454293738377,1,0.895,0.852,0.881,0.895,0.892,0.906,0.931,-1.825,train
580,d:\LUMOS\lumos_x\lumos_x_541_670_dcm\lumos_x_580\lumos_x_580_1.Dcm,d:\LUMOS\lumos_x\lumos_x_541_670_dcm\lumos_x_580\lumos_x_580_2.Dcm,True,True,True,4,True,60,Female,Asian,1.515,62.0,27.012602250324043,0,1.095,1.061,1.089,1.095,1.121,1.119,1.131,-0.1583,train
581,d:\LUMOS\lumos_x\lumos_x_541_670_dcm\lumos_x_581\lumos_x_581_1.Dcm,d:\LUMOS\lumos_x\lumos_x_541_670_dcm\lumos_x_581\lumos_x_581_2.Dcm,True,True,True,4,True,76,Female,Asian,1.52,68.0,29.43213296398892,2,0.747,0.749,0.746,0.747,0.708,0.724,0.745,-3.0583,train
582,d:\LUMOS\lumos_x\lumos_x_541_670_dcm\lumos_x_582\lumos_x_582_1.Dcm,d:\LUMOS\lumos_x\lumos_x_541_670_dcm\lumos_x_582\lumos_x_582_2.Dcm,True,True,True,4,True,60,Female,Asian,1.5,46.0,20.444444444444443,1,0.974,0.922,0.95,0.974,0.97,0.995,1.018,-1.1667,train
583,d:\LUMOS\lumos_x\lumos_x_541_670_dcm\lumos_x_583\lumos_x_583_1.Dcm,d:\LUMOS\lumos_x\lumos_x_541_670_dcm\lumos_x_583\lumos_x_583_2.Dcm,True,True,True,4,True,65,Female,Asian,1.55,55.0,22.892819979188342,1,0.92,0.919,0.923,0.92,0.937,0.928,0.921,-1.6167,train
584,d:\LUMOS\lumos_x\lumos_x_541_670_dcm\lumos_x_584\lumos_x_584_1.Dcm,d:\LUMOS\lumos_x\lumos_x_541_670_dcm\lumos_x_584\lumos_x_584_2.Dcm,True,True,True,4,True,60,Female,Asian,1.53,57.0,24.34960912469563,2,0.778,0.719,0.763,0.778,0.788,0.797,0.829,-2.8,train
585,d:\LUMOS\lumos_x\lumos_x_541_670_dcm\lumos_x_585\lumos_x_585_1.Dcm,d:\LUMOS\lumos_x\lumos_x_541_670_dcm\lumos_x_585\lumos_x_585_2.Dcm,True,True,True,4,True,34,Female,Asian,1.675,57.0,20.316328803742483,0,1.063,0.974,1.023,1.063,1.038,1.083,1.137,-0.425,train
586,d:\LUMOS\lumos_x\lumos_x_541_670_dcm\lumos_x_586\lumos_x_586_1.Dcm,d:\LUMOS\lumos_x\lumos_x_541_670_dcm\lumos_x_586\lumos_x_586_2.Dcm,True,True,True,4,True,58,Female,Asian,1.5,48.0,21.333333333333332,1,0.829759068043421,0.765,0.796,0.83,0.808,0.847,0.882,-2.3687,train
587,d:\LUMOS\lumos_x\lumos_x_541_670_dcm\lumos_x_587\lumos_x_587_1.Dcm,d:\LUMOS\lumos_x\lumos_x_541_670_dcm\lumos_x_587\lumos_x_587_2.Dcm,True,True,True,4,True,64,Male,Asian,1.65,47.0,17.263544536271812,0,1.127,1.086,1.112,1.127,1.144,1.151,1.159,0.1083,train
588,d:\LUMOS\lumos_x\lumos_x_541_670_dcm\lumos_x_588\lumos_x_588_1.Dcm,d:\LUMOS\lumos_x\lumos_x_541_670_dcm\lumos_x_588\lumos_x_588_2.Dcm,True,True,True,4,True,72,Female,Asian,1.51,56.0,24.560326301478007,1,0.857,0.701,0.756,0.857,0.808,0.917,0.978,-2.1417,train
589,d:\LUMOS\lumos_x\lumos_x_541_670_dcm\lumos_x_589\lumos_x_589_1.Dcm,d:\LUMOS\lumos_x\lumos_x_541_670_dcm\lumos_x_589\lumos_x_589_2.Dcm,True,True,True,4,True,14,Female,Asian,1.67,48.0,17.21108680841909,1,0.976,0.928,0.951,0.976,0.972,0.997,1.016,-1.15,train
591,d:\LUMOS\lumos_x\lumos_x_541_670_dcm\lumos_x_591\lumos_x_591_1.Dcm,d:\LUMOS\lumos_x\lumos_x_541_670_dcm\lumos_x_591\lumos_x_591_2.Dcm,True,True,True,4,True,57,Female,Asian,1.62,95.0,36.19875019051973,0,1.298,1.161,1.235,1.298,1.273,1.338,1.408,1.5333,train
592,d:\LUMOS\lumos_x\lumos_x_541_670_dcm\lumos_x_592\lumos_x_592_1.Dcm,d:\LUMOS\lumos_x\lumos_x_541_670_dcm\lumos_x_592\lumos_x_592_2.Dcm,True,True,True,4,True,75,Female,Asian,1.48,54.0,24.653031409788166,1,0.937566816335258,0.85,0.899,0.939,0.922,0.966,1.013,-1.4703,train
593,d:\LUMOS\lumos_x\lumos_x_541_670_dcm\lumos_x_593\lumos_x_593_1.Dcm,d:\LUMOS\lumos_x\lumos_x_541_670_dcm\lumos_x_593\lumos_x_593_2.Dcm,True,True,True,4,True,64,Female,Asian,1.58,60.0,24.034609838166958,1,0.891211401425178,0.901,0.866,0.891,0.867,0.9,0.883,-1.8566,train
594,d:\LUMOS\lumos_x\lumos_x_541_670_dcm\lumos_x_594\lumos_x_594_1.Dcm,d:\LUMOS\lumos_x\lumos_x_541_670_dcm\lumos_x_594\lumos_x_594_2.Dcm,True,True,True,4,True,57,Female,Asian,1.58,54.0,21.63114885435026,0,1.299,1.211,1.266,1.299,1.298,1.328,1.372,1.5417,train
595,d:\LUMOS\lumos_x\lumos_x_541_670_dcm\lumos_x_595\lumos_x_595_1.Dcm,d:\LUMOS\lumos_x\lumos_x_541_670_dcm\lumos_x_595\lumos_x_595_2.Dcm,True,True,True,4,True,76,Female,Asian,1.47,62.0,28.691748808366885,1,0.977,0.912,0.955,0.977,0.951,0.98,1.034,-1.1417,train
596,d:\LUMOS\lumos_x\lumos_x_541_670_dcm\lumos_x_596\lumos_x_596_1.Dcm,d:\LUMOS\lumos_x\lumos_x_541_670_dcm\lumos_x_596\lumos_x_596_2.Dcm,True,True,True,4,True,57,Female,Asian,1.54,64.0,26.986001011975038,1,0.984,0.943,0.972,0.984,1.012,1.012,1.017,-1.0833,train
597,d:\LUMOS\lumos_x\lumos_x_541_670_dcm\lumos_x_597\lumos_x_597_1.Dcm,d:\LUMOS\lumos_x\lumos_x_541_670_dcm\lumos_x_597\lumos_x_597_2.Dcm,True,True,True,4,True,65,Female,Asian,1.58,51.0,20.429418362441915,2,0.799,0.751,0.774,0.799,0.81,0.829,0.838,-2.625,train
599,d:\LUMOS\lumos_x\lumos_x_541_670_dcm\lumos_x_599\lumos_x_599_1.Dcm,d:\LUMOS\lumos_x\lumos_x_541_670_dcm\lumos_x_599\lumos_x_599_2.Dcm,True,True,True,4,True,62,Female,Asian,1.58,55.0,22.031725684986377,1,0.97,0.935,0.979,0.97,1.043,1.008,1.001,-1.2,train
602,d:\LUMOS\lumos_x\lumos_x_541_670_dcm\lumos_x_602\lumos_x_602_1.Dcm,d:\LUMOS\lumos_x\lumos_x_541_670_dcm\lumos_x_602\lumos_x_602_2.Dcm,True,True,True,4,True,49,Female,Asian,1.57,55.0,22.313278429145196,0,1.26,1.18,1.227,1.26,1.251,1.285,1.326,1.2167,train
603,d:\LUMOS\lumos_x\lumos_x_541_670_dcm\lumos_x_603\lumos_x_603_1.Dcm,d:\LUMOS\lumos_x\lumos_x_541_670_dcm\lumos_x_603\lumos_x_603_2.Dcm,True,True,True,4,True,63,Female,Asian,1.5,64.0,28.444444444444443,1,0.949592449592449,0.83,0.89,0.95,0.934,0.995,1.049,-1.3701,train
604,d:\LUMOS\lumos_x\lumos_x_541_670_dcm\lumos_x_604\lumos_x_604_1.Dcm,d:\LUMOS\lumos_x\lumos_x_541_670_dcm\lumos_x_604\lumos_x_604_2.Dcm,True,True,True,4,True,74,Female,Asian,1.58,60.0,24.034609838166958,1,0.846,0.806,0.825,0.846,0.838,0.86,0.877,-2.2333,train
606,d:\LUMOS\lumos_x\lumos_x_541_670_dcm\lumos_x_606\lumos_x_606_1.Dcm,d:\LUMOS\lumos_x\lumos_x_541_670_dcm\lumos_x_606\lumos_x_606_2.Dcm,True,True,True,4,True,56,Male,Asian,1.77,86.0,27.450604870886398,0,1.362,1.328,1.342,1.362,1.359,1.378,1.39,2.0667,train
607,d:\LUMOS\lumos_x\lumos_x_541_670_dcm\lumos_x_607\lumos_x_607_1.Dcm,d:\LUMOS\lumos_x\lumos_x_541_670_dcm\lumos_x_607\lumos_x_607_2.Dcm,True,True,True,4,True,64,Female,Asian,1.56,63.0,25.88757396449704,0,1.051,0.99,1.045,1.051,1.073,1.07,1.098,-0.525,train
608,d:\LUMOS\lumos_x\lumos_x_541_670_dcm\lumos_x_608\lumos_x_608_1.Dcm,d:\LUMOS\lumos_x\lumos_x_541_670_dcm\lumos_x_608\lumos_x_608_2.Dcm,True,True,True,4,True,63,Male,Asian,1.64,53.0,19.705532421177875,1,0.921,0.846,0.9,0.921,0.93,0.946,0.982,-1.6083,train
609,d:\LUMOS\lumos_x\lumos_x_541_670_dcm\lumos_x_609\lumos_x_609_1.Dcm,d:\LUMOS\lumos_x\lumos_x_541_670_dcm\lumos_x_609\lumos_x_609_2.Dcm,True,True,True,4,True,58,Female,Asian,1.65,60.0,22.03856749311295,2,0.679,0.621,0.674,0.679,0.69,0.69,0.723,-3.625,train
611,d:\LUMOS\lumos_x\lumos_x_541_670_dcm\lumos_x_611\lumos_x_611_1.Dcm,d:\LUMOS\lumos_x\lumos_x_541_670_dcm\lumos_x_611\lumos_x_611_2.Dcm,True,True,True,4,True,72,Female,Asian,1.48,55.0,25.10956902848795,0,1.168,1.094,1.148,1.168,1.158,1.18,1.225,0.45,train
612,d:\LUMOS\lumos_x\lumos_x_541_670_dcm\lumos_x_612\lumos_x_612_1.Dcm,d:\LUMOS\lumos_x\lumos_x_541_670_dcm\lumos_x_612\lumos_x_612_2.Dcm,True,True,True,4,True,82,Male,Asian,1.65,85.0,31.22130394857668,0,1.00481134464421,1.017,1.011,1.004,0.999,0.996,0.995,-0.9099,train
613,d:\LUMOS\lumos_x\lumos_x_541_670_dcm\lumos_x_613\lumos_x_613_1.Dcm,d:\LUMOS\lumos_x\lumos_x_541_670_dcm\lumos_x_613\lumos_x_613_2.Dcm,True,True,True,4,True,67,Female,Asian,1.55,59.0,24.55775234131113,2,0.552,0.52,0.539,0.552,0.543,0.558,0.577,-4.6833,train
614,d:\LUMOS\lumos_x\lumos_x_541_670_dcm\lumos_x_614\lumos_x_614_1.Dcm,d:\LUMOS\lumos_x\lumos_x_541_670_dcm\lumos_x_614\lumos_x_614_2.Dcm,True,True,True,4,True,68,Female,Asian,1.55,45.0,18.730489073881373,2,0.617,0.531,0.558,0.613,0.569,0.634,0.675,-4.1417,train
615,d:\LUMOS\lumos_x\lumos_x_541_670_dcm\lumos_x_615\lumos_x_615_1.Dcm,d:\LUMOS\lumos_x\lumos_x_541_670_dcm\lumos_x_615\lumos_x_615_2.Dcm,True,True,True,4,True,65,Female,Asian,1.53,60.0,25.63116749967961,2,0.681,0.66,0.669,0.682,0.674,0.689,0.7,-3.6083,train
619,d:\LUMOS\lumos_x\lumos_x_541_670_dcm\lumos_x_619\lumos_x_619_1.Dcm,d:\LUMOS\lumos_x\lumos_x_541_670_dcm\lumos_x_619\lumos_x_619_2.Dcm,True,True,True,4,True,69,Female,Asian,1.55,69.0,28.720083246618103,0,1.234,1.199,1.227,1.234,1.225,1.234,1.261,1.0,train
620,d:\LUMOS\lumos_x\lumos_x_541_670_dcm\lumos_x_620\lumos_x_620_1.Dcm,d:\LUMOS\lumos_x\lumos_x_541_670_dcm\lumos_x_620\lumos_x_620_2.Dcm,True,True,True,4,True,32,Male,Asian,1.64,71.0,26.397977394408095,0,1.233,1.157,1.182,1.233,1.227,1.276,1.296,0.9917,train
621,d:\LUMOS\lumos_x\lumos_x_541_670_dcm\lumos_x_621\lumos_x_621_1.Dcm,d:\LUMOS\lumos_x\lumos_x_541_670_dcm\lumos_x_621\lumos_x_621_2.Dcm,True,True,True,4,True,64,Female,Asian,1.54,56.0,23.61275088547816,1,0.987,0.909,0.932,0.987,0.982,1.035,1.055,-1.0583,train
622,d:\LUMOS\lumos_x\lumos_x_541_670_dcm\lumos_x_622\lumos_x_622_1.Dcm,d:\LUMOS\lumos_x\lumos_x_541_670_dcm\lumos_x_622\lumos_x_622_2.Dcm,True,True,True,4,True,60,Female,Asian,1.6,55.0,21.484374999999996,1,0.871,0.87,0.874,0.871,0.86,0.862,0.872,-2.025,train
624,d:\LUMOS\lumos_x\lumos_x_541_670_dcm\lumos_x_624\lumos_x_624_1.Dcm,d:\LUMOS\lumos_x\lumos_x_541_670_dcm\lumos_x_624\lumos_x_624_2.Dcm,True,True,True,4,True,51,Male,Asian,1.63,63.0,23.711844630960897,0,1.06,1.033,1.064,1.06,1.082,1.069,1.081,-0.45,train
625,d:\LUMOS\lumos_x\lumos_x_541_670_dcm\lumos_x_625\lumos_x_625_1.Dcm,d:\LUMOS\lumos_x\lumos_x_541_670_dcm\lumos_x_625\lumos_x_625_2.Dcm,True,True,True,4,True,58,Female,Asian,1.72,75.0,25.351541373715524,0,1.277,1.139,1.238,1.277,1.316,1.337,1.386,1.3583,train
626,d:\LUMOS\lumos_x\lumos_x_541_670_dcm\lumos_x_626\lumos_x_626_1.Dcm,d:\LUMOS\lumos_x\lumos_x_541_670_dcm\lumos_x_626\lumos_x_626_2.Dcm,True,True,True,4,True,57,Female,Asian,1.54,48.0,20.23950075898128,2,0.806,0.753,0.803,0.806,0.838,0.828,0.849,-2.5667,train
627,d:\LUMOS\lumos_x\lumos_x_541_670_dcm\lumos_x_627\lumos_x_627_1.Dcm,d:\LUMOS\lumos_x\lumos_x_541_670_dcm\lumos_x_627\lumos_x_627_2.Dcm,True,True,True,4,True,80,Female,Asian,1.55,75.0,31.217481789802285,2,0.712,0.694,0.686,0.712,0.653,0.699,0.729,-3.35,train
628,d:\LUMOS\lumos_x\lumos_x_541_670_dcm\lumos_x_628\lumos_x_628_1.Dcm,d:\LUMOS\lumos_x\lumos_x_541_670_dcm\lumos_x_628\lumos_x_628_2.Dcm,True,True,True,4,True,61,Male,Asian,1.7,60.0,20.761245674740486,0,1.207,1.153,1.19,1.207,1.214,1.227,1.25,0.775,train
629,d:\LUMOS\lumos_x\lumos_x_541_670_dcm\lumos_x_629\lumos_x_629_1.Dcm,d:\LUMOS\lumos_x\lumos_x_541_670_dcm\lumos_x_629\lumos_x_629_2.Dcm,True,True,True,4,True,67,Female,Asian,1.62,51.0,19.43301326017375,2,0.658,0.609,0.654,0.658,0.684,0.677,0.693,-3.8,train
630,d:\LUMOS\lumos_x\lumos_x_541_670_dcm\lumos_x_630\lumos_x_630_1.Dcm,d:\LUMOS\lumos_x\lumos_x_541_670_dcm\lumos_x_630\lumos_x_630_2.Dcm,True,True,True,4,True,53,Female,Asian,1.58,57.0,22.832879346258608,1,0.927,0.899,0.933,0.927,0.948,0.935,0.949,-1.5583,train
633,d:\LUMOS\lumos_x\lumos_x_541_670_dcm\lumos_x_633\lumos_x_633_1.Dcm,d:\LUMOS\lumos_x\lumos_x_541_670_dcm\lumos_x_633\lumos_x_633_2.Dcm,True,True,True,4,True,67,Female,Asian,1.51,38.0,16.66593570457436,2,0.537,0.423,0.506,0.537,0.539,0.565,0.625,-4.8083,train
636,d:\LUMOS\lumos_x\lumos_x_541_670_dcm\lumos_x_636\lumos_x_636_1.Dcm,d:\LUMOS\lumos_x\lumos_x_541_670_dcm\lumos_x_636\lumos_x_636_2.Dcm,True,True,True,4,True,65,Female,Asian,1.52,59.0,25.536703601108034,0,0.995,0.968,0.99,0.995,1.007,1.008,1.017,-0.9917,train
639,d:\LUMOS\lumos_x\lumos_x_541_670_dcm\lumos_x_639\lumos_x_639_1.Dcm,d:\LUMOS\lumos_x\lumos_x_541_670_dcm\lumos_x_639\lumos_x_639_2.Dcm,True,True,True,6,True,90,Female,Asian,1.47,56.0,25.915127955944286,1,0.952,0.984,0.955,0.952,0.923,0.932,0.927,-1.35,train
640,d:\LUMOS\lumos_x\lumos_x_541_670_dcm\lumos_x_640\lumos_x_640_1.Dcm,d:\LUMOS\lumos_x\lumos_x_541_670_dcm\lumos_x_640\lumos_x_640_2.Dcm,True,True,True,4,True,65,Female,Asian,1.55,60.0,24.97398543184183,1,0.897,0.854,0.891,0.897,0.905,0.907,0.932,-1.8083,train
641,d:\LUMOS\lumos_x\lumos_x_541_670_dcm\lumos_x_641\lumos_x_641_1.Dcm,d:\LUMOS\lumos_x\lumos_x_541_670_dcm\lumos_x_641\lumos_x_641_2.Dcm,True,True,True,4,True,56,Female,Asian,1.58,66.0,26.43807082198365,1,0.878,0.851,0.861,0.878,0.889,0.902,0.902,-1.9667,train
644,d:\LUMOS\lumos_x\lumos_x_541_670_dcm\lumos_x_644\lumos_x_644_1.Dcm,d:\LUMOS\lumos_x\lumos_x_541_670_dcm\lumos_x_644\lumos_x_644_2.Dcm,True,True,True,4,True,67,Female,Asian,1.48,43.0,19.631117604090576,2,0.718,0.699,0.714,0.718,0.719,0.723,0.735,-3.3,train
647,d:\LUMOS\lumos_x\lumos_x_541_670_dcm\lumos_x_647\lumos_x_647_1.Dcm,d:\LUMOS\lumos_x\lumos_x_541_670_dcm\lumos_x_647\lumos_x_647_2.Dcm,True,True,True,4,True,60,Female,Asian,1.63,50.0,18.818924310286427,0,1.031,1.01,1.027,1.031,1.062,1.054,1.048,-0.6917,train
648,d:\LUMOS\lumos_x\lumos_x_541_670_dcm\lumos_x_648\lumos_x_648_1.Dcm,d:\LUMOS\lumos_x\lumos_x_541_670_dcm\lumos_x_648\lumos_x_648_2.Dcm,True,True,True,4,True,57,Female,Asian,1.605,48.0,18.63335953649518,1,0.903,0.827,0.863,0.903,0.885,0.927,0.963,-1.7583,train
651,d:\LUMOS\lumos_x\lumos_x_541_670_dcm\lumos_x_651\lumos_x_651_1.Dcm,d:\LUMOS\lumos_x\lumos_x_541_670_dcm\lumos_x_651\lumos_x_651_2.Dcm,True,True,True,4,True,73,Female,Asian,1.55,45.0,18.730489073881373,0,0.995,0.927,0.969,0.995,1.041,1.049,1.055,-0.9917,train
652,d:\LUMOS\lumos_x\lumos_x_541_670_dcm\lumos_x_652\lumos_x_652_1.Dcm,d:\LUMOS\lumos_x\lumos_x_541_670_dcm\lumos_x_652\lumos_x_652_2.Dcm,True,True,True,4,True,68,Female,Asian,1.53,49.0,20.932120124738347,2,0.709,0.641,0.682,0.709,0.697,0.726,0.766,-3.375,train
653,d:\LUMOS\lumos_x\lumos_x_541_670_dcm\lumos_x_653\lumos_x_653_1.Dcm,d:\LUMOS\lumos_x\lumos_x_541_670_dcm\lumos_x_653\lumos_x_653_2.Dcm,True,True,True,4,True,60,Female,Asian,1.66,56.0,20.322252866889244,1,0.842,0.84,0.844,0.842,0.862,0.852,0.843,-2.2667,train
655,d:\LUMOS\lumos_x\lumos_x_541_670_dcm\lumos_x_655\lumos_x_655_1.Dcm,d:\LUMOS\lumos_x\lumos_x_541_670_dcm\lumos_x_655\lumos_x_655_2.Dcm,True,True,True,4,True,58,Female,Asian,1.6,48.0,18.749999999999996,2,0.787,0.794,0.798,0.787,0.8,0.785,0.781,-2.725,train
656,d:\LUMOS\lumos_x\lumos_x_541_670_dcm\lumos_x_656\lumos_x_656_1.Dcm,d:\LUMOS\lumos_x\lumos_x_541_670_dcm\lumos_x_656\lumos_x_656_2.Dcm,True,True,True,4,True,33,Female,Asian,1.59,58.0,22.942130453700404,0,1.147,1.094,1.133,1.147,1.143,1.157,1.19,0.275,train
660,d:\LUMOS\lumos_x\lumos_x_541_670_dcm\lumos_x_660\lumos_x_660_1.Dcm,d:\LUMOS\lumos_x\lumos_x_541_670_dcm\lumos_x_660\lumos_x_660_2.Dcm,True,True,True,4,True,72,Female,Asian,1.5,48.0,21.333333333333332,0,1.05,0.949,1.0,1.05,1.03,1.083,1.133,-0.5333,train
662,d:\LUMOS\lumos_x\lumos_x_541_670_dcm\lumos_x_662\lumos_x_662_1.Dcm,d:\LUMOS\lumos_x\lumos_x_541_670_dcm\lumos_x_662\lumos_x_662_2.Dcm,True,True,True,4,True,60,Female,Asian,1.63,60.0,22.582709172343712,0,1.056,0.992,1.056,1.056,1.083,1.073,1.105,-0.4833,train
663,d:\LUMOS\lumos_x\lumos_x_541_670_dcm\lumos_x_663\lumos_x_663_1.Dcm,d:\LUMOS\lumos_x\lumos_x_541_670_dcm\lumos_x_663\lumos_x_663_2.Dcm,True,True,True,4,True,63,Female,Asian,1.62,61.0,23.243408017070564,1,0.875,0.834,0.857,0.875,0.883,0.896,0.906,-1.9917,train
666,d:\LUMOS\lumos_x\lumos_x_541_670_dcm\lumos_x_666\lumos_x_666_1.Dcm,d:\LUMOS\lumos_x\lumos_x_541_670_dcm\lumos_x_666\lumos_x_666_2.Dcm,True,True,True,4,True,56,Female,Asian,1.6,52.5,20.507812499999996,1,0.841,0.788,0.809,0.842,0.831,0.865,0.887,-2.275,train
667,d:\LUMOS\lumos_x\lumos_x_541_670_dcm\lumos_x_667\lumos_x_667_1.Dcm,d:\LUMOS\lumos_x\lumos_x_541_670_dcm\lumos_x_667\lumos_x_667_2.Dcm,True,True,True,4,True,66,Female,Asian,1.55,56.0,23.309053069719038,2,0.72,0.709,0.725,0.72,0.73,0.722,0.729,-3.2833,train
668,d:\LUMOS\lumos_x\lumos_x_541_670_dcm\lumos_x_668\lumos_x_668_1.Dcm,d:\LUMOS\lumos_x\lumos_x_541_670_dcm\lumos_x_668\lumos_x_668_2.Dcm,True,True,True,4,True,74,Female,Asian,1.55,57.0,23.725286160249738,2,0.752,0.707,0.726,0.752,0.728,0.76,0.787,-3.0167,train
670,d:\LUMOS\lumos_x\lumos_x_541_670_dcm\lumos_x_670\lumos_x_670_1.Dcm,d:\LUMOS\lumos_x\lumos_x_541_670_dcm\lumos_x_670\lumos_x_670_2.Dcm,True,True,True,4,True,65,Female,Asian,1.53,68.0,29.04865649963689,0,1.08,1.073,1.081,1.08,1.07,1.074,1.086,-0.2833,train
672,d:\LUMOS\lumos_x\lumos_x_671_740_dcm\lumos_x_672\lumos_x_672_1.Dcm,d:\LUMOS\lumos_x\lumos_x_671_740_dcm\lumos_x_672\lumos_x_672_2.Dcm,True,True,True,4,True,67,Female,Asian,1.55,50.0,20.811654526534856,0,1.021,1.01,1.023,1.021,1.027,1.023,1.03,-0.775,train
673,d:\LUMOS\lumos_x\lumos_x_671_740_dcm\lumos_x_673\lumos_x_673_1.Dcm,d:\LUMOS\lumos_x\lumos_x_671_740_dcm\lumos_x_673\lumos_x_673_2.Dcm,True,True,True,4,True,68,Female,Asian,1.54,46.0,19.396188227357058,2,0.65,0.596,0.621,0.65,0.643,0.671,0.691,-3.8667,train
674,d:\LUMOS\lumos_x\lumos_x_671_740_dcm\lumos_x_674\lumos_x_674_1.Dcm,d:\LUMOS\lumos_x\lumos_x_671_740_dcm\lumos_x_674\lumos_x_674_2.Dcm,True,True,True,4,True,61,Female,Asian,1.69,64.0,22.40817898532965,0,1.023,0.982,1.009,1.023,1.014,1.031,1.057,-0.7583,train
676,d:\LUMOS\lumos_x\lumos_x_671_740_dcm\lumos_x_676\lumos_x_676_1.Dcm,d:\LUMOS\lumos_x\lumos_x_671_740_dcm\lumos_x_676\lumos_x_676_2.Dcm,True,True,True,4,True,67,Female,Asian,1.56,48.0,19.72386587771203,2,0.712,0.686,0.718,0.712,0.724,0.714,0.732,-3.35,train
677,d:\LUMOS\lumos_x\lumos_x_671_740_dcm\lumos_x_677\lumos_x_677_1.Dcm,d:\LUMOS\lumos_x\lumos_x_671_740_dcm\lumos_x_677\lumos_x_677_2.Dcm,True,True,True,4,True,68,Female,Asian,1.54,69.0,29.094282341035587,1,0.95,0.873,0.915,0.95,0.943,0.978,1.016,-1.3667,train
678,d:\LUMOS\lumos_x\lumos_x_671_740_dcm\lumos_x_678\lumos_x_678_1.Dcm,d:\LUMOS\lumos_x\lumos_x_671_740_dcm\lumos_x_678\lumos_x_678_2.Dcm,True,True,True,4,True,68,Male,Asian,1.6,41.0,16.015624999999996,1,0.841,0.781,0.835,0.841,0.883,0.874,0.89,-2.275,train
679,d:\LUMOS\lumos_x\lumos_x_671_740_dcm\lumos_x_679\lumos_x_679_1.Dcm,d:\LUMOS\lumos_x\lumos_x_671_740_dcm\lumos_x_679\lumos_x_679_2.Dcm,True,True,True,4,True,57,Female,Asian,1.57,43.0,17.444926771877153,2,0.652,0.582,0.615,0.652,0.631,0.672,0.709,-3.85,train
680,d:\LUMOS\lumos_x\lumos_x_671_740_dcm\lumos_x_680\lumos_x_680_1.Dcm,d:\LUMOS\lumos_x\lumos_x_671_740_dcm\lumos_x_680\lumos_x_680_2.Dcm,True,True,True,4,True,69,Female,Asian,1.63,82.0,30.863035868869737,0,1.07496947496948,1.05,1.063,1.075,1.086,1.094,1.099,-0.3253,train
682,d:\LUMOS\lumos_x\lumos_x_671_740_dcm\lumos_x_682\lumos_x_682_1.Dcm,d:\LUMOS\lumos_x\lumos_x_671_740_dcm\lumos_x_682\lumos_x_682_2.Dcm,True,True,True,4,True,30,Female,Asian,1.65,68.0,24.977043158861342,0,1.059,0.984,1.032,1.062,1.075,1.098,1.127,-0.4583,train
684,d:\LUMOS\lumos_x\lumos_x_671_740_dcm\lumos_x_684\lumos_x_684_1.Dcm,d:\LUMOS\lumos_x\lumos_x_671_740_dcm\lumos_x_684\lumos_x_684_2.Dcm,True,True,True,4,True,70,Female,Asian,1.57,74.0,30.021501886486266,1,0.836,0.764,0.791,0.836,0.818,0.867,0.903,-2.3167,train
685,d:\LUMOS\lumos_x\lumos_x_671_740_dcm\lumos_x_685\lumos_x_685_1.Dcm,d:\LUMOS\lumos_x\lumos_x_671_740_dcm\lumos_x_685\lumos_x_685_2.Dcm,True,True,True,4,True,73,Female,Asian,1.58,59.0,23.634033007530842,2,0.745,0.671,0.699,0.745,0.721,0.774,0.812,-3.075,train
686,d:\LUMOS\lumos_x\lumos_x_671_740_dcm\lumos_x_686\lumos_x_686_1.Dcm,d:\LUMOS\lumos_x\lumos_x_671_740_dcm\lumos_x_686\lumos_x_686_2.Dcm,True,True,True,4,True,60,Female,Asian,1.49,50.0,22.52150804017837,2,0.716,0.67,0.697,0.716,0.694,0.721,0.755,-3.3167,train
687,d:\LUMOS\lumos_x\lumos_x_671_740_dcm\lumos_x_687\lumos_x_687_1.Dcm,d:\LUMOS\lumos_x\lumos_x_671_740_dcm\lumos_x_687\lumos_x_687_2.Dcm,True,True,True,4,True,60,Female,Asian,1.54,57.0,24.034407151290267,1,0.949,0.873,0.914,0.949,0.952,0.983,1.013,-1.375,train
688,d:\LUMOS\lumos_x\lumos_x_671_740_dcm\lumos_x_688\lumos_x_688_1.Dcm,d:\LUMOS\lumos_x\lumos_x_671_740_dcm\lumos_x_688\lumos_x_688_2.Dcm,True,True,True,4,True,82,Female,Asian,1.54,52.0,21.926125822229718,0,1.137,1.112,1.119,1.137,1.141,1.156,1.157,0.1917,train
689,d:\LUMOS\lumos_x\lumos_x_671_740_dcm\lumos_x_689\lumos_x_689_1.Dcm,d:\LUMOS\lumos_x\lumos_x_671_740_dcm\lumos_x_689\lumos_x_689_2.Dcm,True,True,True,4,True,87,Female,Asian,1.5,39.0,17.333333333333332,1,0.905806887238353,0.81,0.842,0.898,0.861,0.925,0.968,-1.7349,train
690,d:\LUMOS\lumos_x\lumos_x_671_740_dcm\lumos_x_690\lumos_x_690_1.Dcm,d:\LUMOS\lumos_x\lumos_x_671_740_dcm\lumos_x_690\lumos_x_690_2.Dcm,True,True,True,4,True,66,Female,Asian,1.39,40.0,20.702862170695102,2,0.575,0.54,0.551,0.575,0.57,0.592,0.602,-4.4917,train
691,d:\LUMOS\lumos_x\lumos_x_671_740_dcm\lumos_x_691\lumos_x_691_1.Dcm,d:\LUMOS\lumos_x\lumos_x_671_740_dcm\lumos_x_691\lumos_x_691_2.Dcm,True,True,True,4,True,60,Female,Asian,1.57,58.0,23.53036634346221,1,0.893,0.848,0.882,0.893,0.898,0.906,0.926,-1.8417,train
692,d:\LUMOS\lumos_x\lumos_x_671_740_dcm\lumos_x_692\lumos_x_692_1.Dcm,d:\LUMOS\lumos_x\lumos_x_671_740_dcm\lumos_x_692\lumos_x_692_2.Dcm,True,True,True,4,True,66,Female,Asian,1.61,54.0,20.832529609197174,1,0.924,0.809,0.872,0.924,0.914,0.964,1.013,-1.5833,train
694,d:\LUMOS\lumos_x\lumos_x_671_740_dcm\lumos_x_694\lumos_x_694_1.Dcm,d:\LUMOS\lumos_x\lumos_x_671_740_dcm\lumos_x_694\lumos_x_694_2.Dcm,True,True,True,4,True,57,Female,Asian,1.61,68.0,26.23355580417422,0,1.246,1.162,1.237,1.245,1.314,1.295,1.31,1.1,train
696,d:\LUMOS\lumos_x\lumos_x_671_740_dcm\lumos_x_696\lumos_x_696_1.Dcm,d:\LUMOS\lumos_x\lumos_x_671_740_dcm\lumos_x_696\lumos_x_696_2.Dcm,True,True,True,4,True,63,Male,Asian,1.71,65.0,22.229061933586404,0,1.287,1.164,1.228,1.287,1.293,1.346,1.403,1.4417,train
698,d:\LUMOS\lumos_x\lumos_x_671_740_dcm\lumos_x_698\lumos_x_698_1.Dcm,d:\LUMOS\lumos_x\lumos_x_671_740_dcm\lumos_x_698\lumos_x_698_2.Dcm,True,True,True,4,True,47,Female,Asian,1.63,63.0,23.711844630960897,1,0.88,0.859,0.878,0.882,0.894,0.893,0.902,-1.95,train
699,d:\LUMOS\lumos_x\lumos_x_671_740_dcm\lumos_x_699\lumos_x_699_1.Dcm,d:\LUMOS\lumos_x\lumos_x_671_740_dcm\lumos_x_699\lumos_x_699_2.Dcm,True,True,True,4,True,60,Female,Asian,1.56,56.0,23.011176857330703,1,0.855,0.797,0.821,0.855,0.827,0.869,0.907,-2.1583,train
700,d:\LUMOS\lumos_x\lumos_x_671_740_dcm\lumos_x_700\lumos_x_700_1.Dcm,d:\LUMOS\lumos_x\lumos_x_671_740_dcm\lumos_x_700\lumos_x_700_2.Dcm,True,True,True,4,True,82,Female,Asian,1.47,50.0,23.138507103521682,1,0.915,0.841,0.9,0.915,0.958,0.953,0.973,-1.6583,train
701,d:\LUMOS\lumos_x\lumos_x_671_740_dcm\lumos_x_701\lumos_x_701_1.Dcm,d:\LUMOS\lumos_x\lumos_x_671_740_dcm\lumos_x_701\lumos_x_701_2.Dcm,True,True,True,4,True,74,Female,Asian,1.53,57.0,24.34960912469563,2,0.735309017223911,0.752,0.716,0.735,0.678,0.716,0.722,-3.1558,train
704,d:\LUMOS\lumos_x\lumos_x_671_740_dcm\lumos_x_704\lumos_x_704_1.Dcm,d:\LUMOS\lumos_x\lumos_x_671_740_dcm\lumos_x_704\lumos_x_704_2.Dcm,True,True,True,4,True,68,Female,Asian,1.595,59.0,23.19159599453622,1,0.815464587394412,0.8,0.826,0.815,0.818,0.806,0.828,-2.4878,train
705,d:\LUMOS\lumos_x\lumos_x_671_740_dcm\lumos_x_705\lumos_x_705_1.Dcm,d:\LUMOS\lumos_x\lumos_x_671_740_dcm\lumos_x_705\lumos_x_705_2.Dcm,True,True,True,4,True,61,Female,Asian,1.615,47.0,18.019917760162564,1,0.829,0.828,0.836,0.829,0.85,0.837,0.831,-2.375,train
706,d:\LUMOS\lumos_x\lumos_x_671_740_dcm\lumos_x_706\lumos_x_706_1.Dcm,d:\LUMOS\lumos_x\lumos_x_671_740_dcm\lumos_x_706\lumos_x_706_2.Dcm,True,True,True,4,True,83,Female,Asian,1.57,59.0,23.93606231490121,1,0.833,0.724,0.769,0.833,0.818,0.88,0.92,-2.3417,train
707,d:\LUMOS\lumos_x\lumos_x_671_740_dcm\lumos_x_707\lumos_x_707_1.Dcm,d:\LUMOS\lumos_x\lumos_x_671_740_dcm\lumos_x_707\lumos_x_707_2.Dcm,True,True,True,4,True,66,Female,Asian,1.62,52.0,19.81405273586343,2,0.762,0.74,0.794,0.762,0.847,0.787,0.781,-2.9333,train
708,d:\LUMOS\lumos_x\lumos_x_671_740_dcm\lumos_x_708\lumos_x_708_1.Dcm,d:\LUMOS\lumos_x\lumos_x_671_740_dcm\lumos_x_708\lumos_x_708_2.Dcm,True,True,True,4,True,80,Female,Asian,1.6,60.0,23.437499999999996,1,0.883,0.795,0.843,0.883,0.876,0.915,0.953,-1.925,train
709,d:\LUMOS\lumos_x\lumos_x_671_740_dcm\lumos_x_709\lumos_x_709_1.Dcm,d:\LUMOS\lumos_x\lumos_x_671_740_dcm\lumos_x_709\lumos_x_709_2.Dcm,True,True,True,4,True,87,Female,Asian,1.45,48.0,22.829964328180736,2,0.597,0.551,0.577,0.597,0.567,0.596,0.636,-4.3083,train
711,d:\LUMOS\lumos_x\lumos_x_671_740_dcm\lumos_x_711\lumos_x_711_1.Dcm,d:\LUMOS\lumos_x\lumos_x_671_740_dcm\lumos_x_711\lumos_x_711_2.Dcm,True,True,True,4,True,73,Female,Asian,1.53,54.0,23.06805074971165,2,0.74,0.621,0.709,0.74,0.779,0.794,0.852,-3.1167,train
712,d:\LUMOS\lumos_x\lumos_x_671_740_dcm\lumos_x_712\lumos_x_712_1.Dcm,d:\LUMOS\lumos_x\lumos_x_671_740_dcm\lumos_x_712\lumos_x_712_2.Dcm,True,True,True,4,True,70,Female,Asian,1.53,46.0,19.650561749754367,2,0.759,0.671,0.698,0.759,0.707,0.782,0.83,-2.9583,train
714,d:\LUMOS\lumos_x\lumos_x_671_740_dcm\lumos_x_714\lumos_x_714_1.Dcm,d:\LUMOS\lumos_x\lumos_x_671_740_dcm\lumos_x_714\lumos_x_714_2.Dcm,True,True,True,4,True,57,Male,Asian,1.61,65.0,25.076193048107708,0,1.16,1.029,1.108,1.16,1.14,1.197,1.282,0.3833,train
715,d:\LUMOS\lumos_x\lumos_x_671_740_dcm\lumos_x_715\lumos_x_715_1.Dcm,d:\LUMOS\lumos_x\lumos_x_671_740_dcm\lumos_x_715\lumos_x_715_2.Dcm,True,True,True,4,True,68,Female,Asian,1.52,52.0,22.506925207756233,2,0.78694942903752,0.674,0.743,0.786,0.774,0.817,0.875,-2.7254,train
716,d:\LUMOS\lumos_x\lumos_x_671_740_dcm\lumos_x_716\lumos_x_716_1.Dcm,d:\LUMOS\lumos_x\lumos_x_671_740_dcm\lumos_x_716\lumos_x_716_2.Dcm,True,True,True,4,True,30,Male,Asian,1.7,72.0,24.913494809688583,1,0.962,0.919,0.966,0.992,1.006,1.025,1.052,-1.2667,train
717,d:\LUMOS\lumos_x\lumos_x_671_740_dcm\lumos_x_717\lumos_x_717_1.Dcm,d:\LUMOS\lumos_x\lumos_x_671_740_dcm\lumos_x_717\lumos_x_717_2.Dcm,True,True,True,4,True,64,Female,Asian,1.53,63.0,26.91272587466359,0,1.397,1.284,1.359,1.397,1.404,1.436,1.488,2.3583,train
718,d:\LUMOS\lumos_x\lumos_x_671_740_dcm\lumos_x_718\lumos_x_718_1.Dcm,d:\LUMOS\lumos_x\lumos_x_671_740_dcm\lumos_x_718\lumos_x_718_2.Dcm,True,True,True,4,True,75,Female,Asian,1.6,63.0,24.609374999999996,2,0.768,0.663,0.718,0.768,0.729,0.788,0.845,-2.8833,train
719,d:\LUMOS\lumos_x\lumos_x_671_740_dcm\lumos_x_719\lumos_x_719_1.Dcm,d:\LUMOS\lumos_x\lumos_x_671_740_dcm\lumos_x_719\lumos_x_719_2.Dcm,True,True,True,4,True,76,Male,Asian,1.58,66.0,26.43807082198365,0,1.348,1.18,1.276,1.348,1.363,1.425,1.498,1.95,train
720,d:\LUMOS\lumos_x\lumos_x_671_740_dcm\lumos_x_720\lumos_x_720_1.Dcm,d:\LUMOS\lumos_x\lumos_x_671_740_dcm\lumos_x_720\lumos_x_720_2.Dcm,True,True,True,4,True,74,Female,Asian,1.55,52.0,21.64412070759625,2,0.697,0.651,0.662,0.697,0.66,0.704,0.733,-3.475,train
721,d:\LUMOS\lumos_x\lumos_x_671_740_dcm\lumos_x_721\lumos_x_721_1.Dcm,d:\LUMOS\lumos_x\lumos_x_671_740_dcm\lumos_x_721\lumos_x_721_2.Dcm,True,True,True,4,True,49,Female,Asian,1.58,67.0,26.83864765261977,1,0.92,0.927,0.949,0.92,0.989,0.937,0.915,-1.6167,train
722,d:\LUMOS\lumos_x\lumos_x_671_740_dcm\lumos_x_722\lumos_x_722_1.Dcm,d:\LUMOS\lumos_x\lumos_x_671_740_dcm\lumos_x_722\lumos_x_722_2.Dcm,True,True,True,4,True,64,Female,Asian,1.55,74.0,30.80124869927159,0,1.222,1.139,1.204,1.222,1.28,1.278,1.295,0.9,train
723,d:\LUMOS\lumos_x\lumos_x_671_740_dcm\lumos_x_723\lumos_x_723_1.Dcm,d:\LUMOS\lumos_x\lumos_x_671_740_dcm\lumos_x_723\lumos_x_723_2.Dcm,True,True,True,4,True,36,Female,Asian,1.46,40.0,18.765246762994934,1,0.991,0.943,0.983,0.99,1.018,1.013,1.025,-1.025,train
724,d:\LUMOS\lumos_x\lumos_x_671_740_dcm\lumos_x_724\lumos_x_724_1.Dcm,d:\LUMOS\lumos_x\lumos_x_671_740_dcm\lumos_x_724\lumos_x_724_2.Dcm,True,True,True,4,True,55,Female,Asian,1.6,57.0,22.265624999999996,1,0.974,0.915,0.953,0.974,0.964,0.987,1.023,-1.1667,train
726,d:\LUMOS\lumos_x\lumos_x_671_740_dcm\lumos_x_726\lumos_x_726_1.Dcm,d:\LUMOS\lumos_x\lumos_x_671_740_dcm\lumos_x_726\lumos_x_726_2.Dcm,True,True,True,4,True,59,Female,Asian,1.6,55.0,21.484374999999996,1,0.949,0.905,0.945,0.949,0.968,0.966,0.988,-1.375,train
727,d:\LUMOS\lumos_x\lumos_x_671_740_dcm\lumos_x_727\lumos_x_727_1.Dcm,d:\LUMOS\lumos_x\lumos_x_671_740_dcm\lumos_x_727\lumos_x_727_2.Dcm,True,True,True,4,True,73,Female,Asian,1.5,47.0,20.88888888888889,1,0.96,0.899,0.936,0.96,0.975,0.993,1.015,-1.2833,train
728,d:\LUMOS\lumos_x\lumos_x_671_740_dcm\lumos_x_728\lumos_x_728_1.Dcm,d:\LUMOS\lumos_x\lumos_x_671_740_dcm\lumos_x_728\lumos_x_728_2.Dcm,True,True,True,4,True,87,Female,Asian,1.5,43.0,19.11111111111111,1,0.836,0.846,0.844,0.836,0.917,0.882,0.826,-2.3167,train
730,d:\LUMOS\lumos_x\lumos_x_671_740_dcm\lumos_x_730\lumos_x_730_1.Dcm,d:\LUMOS\lumos_x\lumos_x_671_740_dcm\lumos_x_730\lumos_x_730_2.Dcm,True,True,True,4,True,63,Female,Asian,1.55,51.0,21.227887617065555,2,0.808,0.828,0.813,0.808,0.802,0.8,0.791,-2.55,train
732,d:\LUMOS\lumos_x\lumos_x_671_740_dcm\lumos_x_732\lumos_x_732_1.Dcm,d:\LUMOS\lumos_x\lumos_x_671_740_dcm\lumos_x_732\lumos_x_732_2.Dcm,True,True,True,4,True,67,Male,Asian,1.7,120.0,41.52249134948097,1,0.984,0.915,0.957,0.984,1.023,1.035,1.046,-1.0833,train
734,d:\LUMOS\lumos_x\lumos_x_671_740_dcm\lumos_x_734\lumos_x_734_1.Dcm,d:\LUMOS\lumos_x\lumos_x_671_740_dcm\lumos_x_734\lumos_x_734_2.Dcm,True,True,True,4,True,63,Male,Asian,1.76,74.0,23.889462809917354,0,1.084,0.977,1.012,1.084,1.019,1.11,1.177,-0.25,train
735,d:\LUMOS\lumos_x\lumos_x_671_740_dcm\lumos_x_735\lumos_x_735_1.Dcm,d:\LUMOS\lumos_x\lumos_x_671_740_dcm\lumos_x_735\lumos_x_735_2.Dcm,True,True,True,4,True,67,Female,Asian,1.63,55.0,20.70081674131507,2,0.558,0.593,0.562,0.558,0.535,0.541,0.532,-4.6333,train
736,d:\LUMOS\lumos_x\lumos_x_671_740_dcm\lumos_x_736\lumos_x_736_1.Dcm,d:\LUMOS\lumos_x\lumos_x_671_740_dcm\lumos_x_736\lumos_x_736_2.Dcm,True,True,True,4,True,58,Male,Asian,1.79,80.0,24.968009737523797,0,1.159,1.044,1.107,1.159,1.161,1.207,1.251,0.375,train
738,d:\LUMOS\lumos_x\lumos_x_671_740_dcm\lumos_x_738\lumos_x_738_1.Dcm,d:\LUMOS\lumos_x\lumos_x_671_740_dcm\lumos_x_738\lumos_x_738_2.Dcm,True,True,True,4,True,55,Male,Asian,1.74,70.0,23.120623596247853,0,1.002,0.959,0.987,1.002,1.014,1.023,1.036,-0.9333,train
739,d:\LUMOS\lumos_x\lumos_x_671_740_dcm\lumos_x_739\lumos_x_739_1.Dcm,d:\LUMOS\lumos_x\lumos_x_671_740_dcm\lumos_x_739\lumos_x_739_2.Dcm,True,True,True,4,True,79,Female,Asian,1.52,57.0,24.67105263157895,2,0.674,0.588,0.664,0.674,0.713,0.707,0.751,-3.6667,train
740,d:\LUMOS\lumos_x\lumos_x_671_740_dcm\lumos_x_740\lumos_x_740_1.Dcm,d:\LUMOS\lumos_x\lumos_x_671_740_dcm\lumos_x_740\lumos_x_740_2.Dcm,True,True,True,4,True,65,Female,Asian,1.62,57.0,21.719250114311837,1,0.924,0.811,0.876,0.924,0.928,0.97,1.012,-1.5833,train
741,d:\LUMOS\lumos_x\lumos_x_741_670_dcm\lumos_x_741\lumos_x_741_1.Dcm,d:\LUMOS\lumos_x\lumos_x_741_670_dcm\lumos_x_741\lumos_x_741_2.Dcm,True,True,True,4,True,66,Female,Asian,1.53,70.0,29.903028749626213,1,0.988,0.915,0.963,0.988,0.99,1.013,1.052,-1.05,train
744,d:\LUMOS\lumos_x\lumos_x_741_670_dcm\lumos_x_744\lumos_x_744_1.Dcm,d:\LUMOS\lumos_x\lumos_x_741_670_dcm\lumos_x_744\lumos_x_744_2.Dcm,True,True,True,4,True,73,Female,Asian,1.6,50.0,19.531249999999996,1,0.909,0.784,0.861,0.909,0.925,0.964,1.018,-1.7083,train
745,d:\LUMOS\lumos_x\lumos_x_741_670_dcm\lumos_x_745\lumos_x_745_1.Dcm,d:\LUMOS\lumos_x\lumos_x_741_670_dcm\lumos_x_745\lumos_x_745_2.Dcm,True,True,True,4,True,60,Female,Asian,1.58,72.0,28.841531805800347,0,1.132,1.026,1.075,1.132,1.092,1.159,1.219,0.15,train
746,d:\LUMOS\lumos_x\lumos_x_741_670_dcm\lumos_x_746\lumos_x_746_1.Dcm,d:\LUMOS\lumos_x\lumos_x_741_670_dcm\lumos_x_746\lumos_x_746_2.Dcm,True,True,True,4,True,64,Female,Asian,1.58,52.0,20.82999519307803,1,0.917,0.841,0.895,0.917,0.917,0.936,0.978,-1.6417,train
747,d:\LUMOS\lumos_x\lumos_x_741_670_dcm\lumos_x_747\lumos_x_747_1.Dcm,d:\LUMOS\lumos_x\lumos_x_741_670_dcm\lumos_x_747\lumos_x_747_2.Dcm,True,True,True,4,True,66,Female,Asian,1.635,49.0,18.329919853360643,1,0.818,0.739,0.775,0.818,0.797,0.844,0.883,-2.4667,train
749,d:\LUMOS\lumos_x\lumos_x_741_670_dcm\lumos_x_749\lumos_x_749_1.Dcm,d:\LUMOS\lumos_x\lumos_x_741_670_dcm\lumos_x_749\lumos_x_749_2.Dcm,True,True,True,4,True,76,Female,Asian,1.58,59.0,23.634033007530842,2,0.702,0.665,0.662,0.702,0.636,0.698,0.732,-3.4333,train
750,d:\LUMOS\lumos_x\lumos_x_741_670_dcm\lumos_x_750\lumos_x_750_1.Dcm,d:\LUMOS\lumos_x\lumos_x_741_670_dcm\lumos_x_750\lumos_x_750_2.Dcm,True,True,True,4,True,63,Female,Asian,1.58,64.0,25.63691716071142,1,0.91,0.895,0.897,0.91,0.926,0.933,0.924,-1.7,train
752,d:\LUMOS\lumos_x\lumos_x_741_670_dcm\lumos_x_752\lumos_x_752_1.Dcm,d:\LUMOS\lumos_x\lumos_x_741_670_dcm\lumos_x_752\lumos_x_752_2.Dcm,True,True,True,4,True,65,Female,Asian,1.56,65.0,26.709401709401707,1,0.961,0.918,0.93,0.961,0.949,0.982,0.995,-1.275,train
753,d:\LUMOS\lumos_x\lumos_x_741_670_dcm\lumos_x_753\lumos_x_753_1.Dcm,d:\LUMOS\lumos_x\lumos_x_741_670_dcm\lumos_x_753\lumos_x_753_2.Dcm,True,True,True,4,True,65,Female,Asian,1.5,62.0,27.555555555555557,2,0.609966084,0.547,0.581,0.611,0.591,0.626,0.663,-4.2003,train
754,d:\LUMOS\lumos_x\lumos_x_741_670_dcm\lumos_x_754\lumos_x_754_1.Dcm,d:\LUMOS\lumos_x\lumos_x_741_670_dcm\lumos_x_754\lumos_x_754_2.Dcm,True,True,True,4,True,65,Female,Asian,1.58,54.0,21.63114885435026,2,0.643,0.624,0.649,0.644,0.673,0.657,0.66,-3.925,train
755,d:\LUMOS\lumos_x\lumos_x_741_670_dcm\lumos_x_755\lumos_x_755_1.Dcm,d:\LUMOS\lumos_x\lumos_x_741_670_dcm\lumos_x_755\lumos_x_755_2.Dcm,True,True,True,4,True,47,Female,Asian,1.62,64.0,24.38652644413961,0,1.088,0.999,1.048,1.088,1.097,1.13,1.165,-0.2167,train
756,d:\LUMOS\lumos_x\lumos_x_741_670_dcm\lumos_x_756\lumos_x_756_1.Dcm,d:\LUMOS\lumos_x\lumos_x_741_670_dcm\lumos_x_756\lumos_x_756_2.Dcm,True,True,True,4,True,62,Female,Asian,1.59,58.0,22.942130453700404,2,0.803,0.759,0.778,0.803,0.784,0.814,0.838,-2.5917,train
757,d:\LUMOS\lumos_x\lumos_x_741_670_dcm\lumos_x_757\lumos_x_757_1.Dcm,d:\LUMOS\lumos_x\lumos_x_741_670_dcm\lumos_x_757\lumos_x_757_2.Dcm,True,True,True,4,True,59,Male,Asian,1.64,47.0,17.474717430101133,1,0.866487016,0.796,0.84,0.866,0.888,0.904,0.925,-2.0626,train
758,d:\LUMOS\lumos_x\lumos_x_741_670_dcm\lumos_x_758\lumos_x_758_1.Dcm,d:\LUMOS\lumos_x\lumos_x_741_670_dcm\lumos_x_758\lumos_x_758_2.Dcm,True,True,True,4,True,65,Female,Asian,1.64,61.0,22.679952409280194,2,0.814,0.762,0.779,0.814,0.803,0.838,0.853,-2.5,train
759,d:\LUMOS\lumos_x\lumos_x_741_670_dcm\lumos_x_759\lumos_x_759_1.Dcm,d:\LUMOS\lumos_x\lumos_x_741_670_dcm\lumos_x_759\lumos_x_759_2.Dcm,True,True,True,4,True,68,Female,Asian,1.64,59.0,21.936347412254616,1,0.843,0.707,0.787,0.843,0.818,0.878,0.956,-2.2583,train
760,d:\LUMOS\lumos_x\lumos_x_741_670_dcm\lumos_x_760\lumos_x_760_1.Dcm,d:\LUMOS\lumos_x\lumos_x_741_670_dcm\lumos_x_760\lumos_x_760_2.Dcm,True,True,True,4,True,64,Female,Asian,1.57,63.0,25.558846200657225,2,0.802,0.785,0.831,0.802,0.846,0.804,0.815,-2.6,train
761,d:\LUMOS\lumos_x\lumos_x_741_670_dcm\lumos_x_761\lumos_x_761_1.Dcm,d:\LUMOS\lumos_x\lumos_x_741_670_dcm\lumos_x_761\lumos_x_761_2.Dcm,True,True,True,4,True,65,Male,Asian,1.69,64.0,22.40817898532965,1,0.92,0.85,0.875,0.92,0.914,0.96,0.989,-1.6167,train
762,d:\LUMOS\lumos_x\lumos_x_741_670_dcm\lumos_x_762\lumos_x_762_1.Dcm,d:\LUMOS\lumos_x\lumos_x_741_670_dcm\lumos_x_762\lumos_x_762_2.Dcm,True,True,True,4,True,36,Male,Asian,1.7,68.0,23.529411764705884,0,1.233,1.219,1.227,1.233,1.259,1.255,1.245,0.9917,train
763,d:\LUMOS\lumos_x\lumos_x_741_670_dcm\lumos_x_763\lumos_x_763_1.Dcm,d:\LUMOS\lumos_x\lumos_x_741_670_dcm\lumos_x_763\lumos_x_763_2.Dcm,True,True,True,4,True,30,Male,Asian,1.68,67.0,23.738662131519277,2,0.663,0.996,1.012,0.998,1.033,1.007,0.999,-3.7583,train
764,d:\LUMOS\lumos_x\lumos_x_741_670_dcm\lumos_x_764\lumos_x_764_1.Dcm,d:\LUMOS\lumos_x\lumos_x_741_670_dcm\lumos_x_764\lumos_x_764_2.Dcm,True,True,True,4,True,82,Female,Asian,1.62,59.0,22.481329065691202,2,0.689,0.728,0.72,0.689,0.733,0.688,0.658,-3.5417,train
765,d:\LUMOS\lumos_x\lumos_x_741_670_dcm\lumos_x_765\lumos_x_765_1.Dcm,d:\LUMOS\lumos_x\lumos_x_741_670_dcm\lumos_x_765\lumos_x_765_2.Dcm,True,True,True,4,True,68,Female,Asian,1.58,46.0,18.426534209261334,2,0.541800339686733,0.53,0.518,0.539,0.508,0.539,0.547,-4.7683,train
768,d:\LUMOS\lumos_x\lumos_x_741_670_dcm\lumos_x_768\lumos_x_768_1.Dcm,d:\LUMOS\lumos_x\lumos_x_741_670_dcm\lumos_x_768\lumos_x_768_2.Dcm,True,True,True,4,True,73,Female,Asian,1.49,51.0,22.97193820098194,2,0.79,0.709,0.763,0.79,0.789,0.812,0.851,-2.7,train
770,d:\LUMOS\lumos_x\lumos_x_741_670_dcm\lumos_x_770\lumos_x_770_1.Dcm,d:\LUMOS\lumos_x\lumos_x_741_670_dcm\lumos_x_770\lumos_x_770_2.Dcm,True,True,True,4,True,74,Female,Asian,1.54,64.0,26.986001011975038,1,0.931,0.836,0.899,0.931,0.95,0.97,1.005,-1.525,train
771,d:\LUMOS\lumos_x\lumos_x_771_780_dcm\lumos_x_771\lumos_x_771_1.Dcm,d:\LUMOS\lumos_x\lumos_x_771_780_dcm\lumos_x_771\lumos_x_771_2.Dcm,True,True,True,4,True,54,Female,Asian,1.58,46.0,18.426534209261334,0,1.081,1.027,1.052,1.081,1.068,1.099,1.128,-0.275,train
774,d:\LUMOS\lumos_x\lumos_x_771_780_dcm\lumos_x_774\lumos_x_774_1.Dcm,d:\LUMOS\lumos_x\lumos_x_771_780_dcm\lumos_x_774\lumos_x_774_2.Dcm,True,True,True,4,True,53,Female,Asian,1.51,48.0,21.051708258409718,1,0.855,0.781,0.837,0.856,0.855,0.873,0.916,-2.1583,train
776,d:\LUMOS\lumos_x\lumos_x_771_780_dcm\lumos_x_776\lumos_x_776_1.Dcm,d:\LUMOS\lumos_x\lumos_x_771_780_dcm\lumos_x_776\lumos_x_776_2.Dcm,True,True,True,4,True,69,Female,Asian,1.59,54.0,21.359914560341757,2,0.787,0.743,0.769,0.787,0.789,0.804,0.821,-2.725,train
777,d:\LUMOS\lumos_x\lumos_x_771_780_dcm\lumos_x_777\lumos_x_777_1.Dcm,d:\LUMOS\lumos_x\lumos_x_771_780_dcm\lumos_x_777\lumos_x_777_2.Dcm,True,True,True,4,True,64,Female,Asian,1.5,59.0,26.22222222222222,1,0.986270022883295,0.962,0.967,0.986,0.959,0.987,1.008,-1.0644,train
780,d:\LUMOS\lumos_x\lumos_x_771_780_dcm\lumos_x_780\lumos_x_780_1.Dcm,d:\LUMOS\lumos_x\lumos_x_771_780_dcm\lumos_x_780\lumos_x_780_2.Dcm,True,True,True,4,True,61,Female,Asian,1.63,51.0,19.195302796492154,1,0.935,0.891,0.93,0.935,0.942,0.943,0.967,-1.4917,train
783,d:\LUMOS\lumos_x\lumos_x_781_790_dcm\lumos_x_783\lumos_x_783_1.Dcm,d:\LUMOS\lumos_x\lumos_x_781_790_dcm\lumos_x_783\lumos_x_783_2.Dcm,True,True,True,4,True,55,Female,Asian,1.63,55.0,20.70081674131507,0,1.109,1.055,1.108,1.109,1.162,1.143,1.152,-0.0417,train
784,d:\LUMOS\lumos_x\lumos_x_781_790_dcm\lumos_x_784\lumos_x_784_1.Dcm,d:\LUMOS\lumos_x\lumos_x_781_790_dcm\lumos_x_784\lumos_x_784_2.Dcm,True,True,True,4,True,82,Female,Asian,1.5,41.0,18.22222222222222,2,0.502,0.524,0.502,0.502,0.461,0.476,0.483,-5.1,train
785,d:\LUMOS\lumos_x\lumos_x_781_790_dcm\lumos_x_785\lumos_x_785_1.Dcm,d:\LUMOS\lumos_x\lumos_x_781_790_dcm\lumos_x_785\lumos_x_785_2.Dcm,True,True,True,4,True,61,Female,Asian,1.59,52.0,20.56880661366243,0,1.217,1.172,1.196,1.217,1.229,1.242,1.25,0.8583,train
786,d:\LUMOS\lumos_x\lumos_x_781_790_dcm\lumos_x_786\lumos_x_786_1.Dcm,d:\LUMOS\lumos_x\lumos_x_781_790_dcm\lumos_x_786\lumos_x_786_2.Dcm,True,True,True,4,True,55,Female,Asian,1.5,56.0,24.88888888888889,2,0.737,0.701,0.725,0.737,0.731,0.744,0.768,-3.1417,train
787,d:\LUMOS\lumos_x\lumos_x_781_790_dcm\lumos_x_787\lumos_x_787_1.Dcm,d:\LUMOS\lumos_x\lumos_x_781_790_dcm\lumos_x_787\lumos_x_787_2.Dcm,True,True,True,4,True,56,Male,Asian,1.66,61.0,22.136739730004358,1,0.951,0.918,0.957,0.951,0.987,0.97,0.984,-1.3583,train
789,d:\LUMOS\lumos_x\lumos_x_781_790_dcm\lumos_x_789\lumos_x_789_1.Dcm,d:\LUMOS\lumos_x\lumos_x_781_790_dcm\lumos_x_789\lumos_x_789_2.Dcm,True,True,True,4,True,61,Female,Asian,1.5,48.0,21.333333333333332,1,0.9,0.855,0.881,0.9,0.96,0.956,0.938,-1.7833,train
790,d:\LUMOS\lumos_x\lumos_x_781_790_dcm\lumos_x_790\lumos_x_790_1.Dcm,d:\LUMOS\lumos_x\lumos_x_781_790_dcm\lumos_x_790\lumos_x_790_2.Dcm,True,True,True,4,True,68,Female,Asian,1.55,57.0,23.725286160249738,0,1.126,1.106,1.122,1.126,1.111,1.12,1.145,0.1,train
792,d:\LUMOS\lumos_x\lumos_x_791_803_dcm\lumos_x_792\lumos_x_792_1.Dcm,d:\LUMOS\lumos_x\lumos_x_791_803_dcm\lumos_x_792\lumos_x_792_2.Dcm,True,True,True,4,True,72,Female,Asian,1.46,34.0,15.950459748545695,2,0.78,0.715,0.765,0.78,0.797,0.805,0.839,-2.7833,train
793,d:\LUMOS\lumos_x\lumos_x_791_803_dcm\lumos_x_793\lumos_x_793_1.Dcm,d:\LUMOS\lumos_x\lumos_x_791_803_dcm\lumos_x_793\lumos_x_793_2.Dcm,True,True,True,4,True,50,Female,Asian,1.505,46.0,20.308826613392792,0,1.068,1.018,1.072,1.068,1.111,1.09,1.108,-0.3833,train
794,d:\LUMOS\lumos_x\lumos_x_791_803_dcm\lumos_x_794\lumos_x_794_1.Dcm,d:\LUMOS\lumos_x\lumos_x_791_803_dcm\lumos_x_794\lumos_x_794_2.Dcm,True,True,True,4,True,69,Female,Asian,1.55,55.0,22.892819979188342,2,0.559,0.511,0.532,0.551,0.532,0.556,0.58,-4.625,train
795,d:\LUMOS\lumos_x\lumos_x_791_803_dcm\lumos_x_795\lumos_x_795_1.Dcm,d:\LUMOS\lumos_x\lumos_x_791_803_dcm\lumos_x_795\lumos_x_795_2.Dcm,True,True,True,4,True,72,Female,Asian,1.49,51.0,22.97193820098194,1,0.939,0.851,0.893,0.939,0.934,0.979,1.016,-1.4583,train
797,d:\LUMOS\lumos_x\lumos_x_791_803_dcm\lumos_x_797\lumos_x_797_1.Dcm,d:\LUMOS\lumos_x\lumos_x_791_803_dcm\lumos_x_797\lumos_x_797_2.Dcm,True,True,True,4,True,72,Female,Asian,1.56,59.0,24.243918474687703,2,0.803,0.771,0.769,0.803,0.812,0.84,0.831,-2.5917,train
798,d:\LUMOS\lumos_x\lumos_x_791_803_dcm\lumos_x_798\lumos_x_798_1.Dcm,d:\LUMOS\lumos_x\lumos_x_791_803_dcm\lumos_x_798\lumos_x_798_2.Dcm,True,True,True,4,True,76,Female,Asian,1.58,69.0,27.639801313892,0,1.38159706287288,1.216,1.301,1.384,1.328,1.423,1.518,2.23,train
799,d:\LUMOS\lumos_x\lumos_x_791_803_dcm\lumos_x_799\lumos_x_799_1.Dcm,d:\LUMOS\lumos_x\lumos_x_791_803_dcm\lumos_x_799\lumos_x_799_2.Dcm,True,True,True,4,True,75,Female,Asian,1.53,59.0,25.20398137468495,1,0.903,0.739,0.774,0.903,0.808,0.959,1.042,-1.7583,train
800,d:\LUMOS\lumos_x\lumos_x_791_803_dcm\lumos_x_800\lumos_x_800_1.Dcm,d:\LUMOS\lumos_x\lumos_x_791_803_dcm\lumos_x_800\lumos_x_800_2.Dcm,True,True,True,4,True,64,Female,Asian,1.53,50.0,21.35930624973301,0,1.001,1.024,0.986,1.001,0.875,0.936,0.982,-0.9417,train
801,d:\LUMOS\lumos_x\lumos_x_791_803_dcm\lumos_x_801\lumos_x_801_1.Dcm,d:\LUMOS\lumos_x\lumos_x_791_803_dcm\lumos_x_801\lumos_x_801_2.Dcm,True,True,True,4,True,60,Female,Asian,1.615,53.0,20.320332793374806,2,0.68,0.634,0.656,0.679,0.649,0.681,0.717,-3.6167,train
802,d:\LUMOS\lumos_x\lumos_x_791_803_dcm\lumos_x_802\lumos_x_802_1.Dcm,d:\LUMOS\lumos_x\lumos_x_791_803_dcm\lumos_x_802\lumos_x_802_2.Dcm,True,True,True,4,True,51,Female,Asian,1.55,54.0,22.476586888657646,0,1.038,0.936,0.986,1.038,1.022,1.076,1.125,-0.6333,train
